NAME	SYMBOL	TITLE	RANK IN GENE LIST	RANK METRIC SCORE	RUNNING ES	CORE ENRICHMENT	
row_0	Pomc	pro-opiomelanocortin-alpha [Source:MGI Symbol;Acc:MGI:97742]	1230	0.5155611634254456	-0.07676432	No	
row_1	Kctd9	potassium channel tetramerisation domain containing 9 [Source:MGI Symbol;Acc:MGI:2145579]	3527	0.20979303121566772	-0.22522318	No	
row_2	Igf2	insulin-like growth factor 2 [Source:MGI Symbol;Acc:MGI:96434]	4427	0.15720532834529877	-0.28283715	No	
row_3	Tusc2	tumor suppressor 2, mitochondrial calcium regulator [Source:MGI Symbol;Acc:MGI:1931086]	5592	0.10633917152881622	-0.35810128	No	
row_4	Dao	D-amino acid oxidase [Source:MGI Symbol;Acc:MGI:94859]	5667	0.10353121161460876	-0.3622219	No	
row_5	Hspa8	heat shock protein 8 [Source:MGI Symbol;Acc:MGI:105384]	5674	0.10325077176094055	-0.36190495	No	
row_6	Cadm1	cell adhesion molecule 1 [Source:MGI Symbol;Acc:MGI:1889272]	5681	0.10294981300830841	-0.36159006	No	
row_7	Rasgrp1	RAS guanyl releasing protein 1 [Source:MGI Symbol;Acc:MGI:1314635]	5924	0.09335950762033463	-0.3767487	No	
row_8	Crk	v-crk avian sarcoma virus CT10 oncogene homolog [Source:MGI Symbol;Acc:MGI:88508]	6219	0.08166471123695374	-0.39538255	No	
row_9	Hprt1	hypoxanthine phosphoribosyltransferase 1 [Source:MGI Symbol;Acc:MGI:96217]	6309	0.0781039446592331	-0.40065703	No	
row_10	Kif5b	kinesin family member 5B [Source:MGI Symbol;Acc:MGI:1098268]	6509	0.07109063118696213	-0.4131612	No	
row_11	Ppp3cb	protein phosphatase 3, catalytic subunit, beta isoform [Source:MGI Symbol;Acc:MGI:107163]	6995	0.05269104987382889	-0.4444637	No	
row_12	Stat5b	signal transducer and activator of transcription 5B [Source:MGI Symbol;Acc:MGI:103035]	7007	0.052116189152002335	-0.44482416	No	
row_13	Emp2	epithelial membrane protein 2 [Source:MGI Symbol;Acc:MGI:1098726]	7785	0.020889833569526672	-0.4954087	No	
row_14	Arl8b	ADP-ribosylation factor-like 8B [Source:MGI Symbol;Acc:MGI:1914416]	7898	0.016360748559236526	-0.5026086	No	
row_15	Ap1g1	adaptor protein complex AP-1, gamma 1 subunit [Source:MGI Symbol;Acc:MGI:101919]	7899	0.016353324055671692	-0.5024963	No	
row_16	Cx3cr1	C-X3-C motif chemokine receptor 1 [Source:MGI Symbol;Acc:MGI:1333815]	7966	0.013490796089172363	-0.5067127	No	
row_17	Mr1	major histocompatibility complex, class I-related [Source:MGI Symbol;Acc:MGI:1195463]	7982	0.012948499992489815	-0.5076031	No	
row_18	Grb2	growth factor receptor bound protein 2 [Source:MGI Symbol;Acc:MGI:95805]	8335	-0.0027091987431049347	-0.5305655	No	
row_19	Ebag9	estrogen receptor-binding fragment-associated gene 9 [Source:MGI Symbol;Acc:MGI:1859920]	8360	-0.0037415989208966494	-0.5321067	No	
row_20	Pcyox1l	prenylcysteine oxidase 1 like [Source:MGI Symbol;Acc:MGI:3606062]	8382	-0.004373962990939617	-0.53344774	No	
row_21	Plekhm2	pleckstrin homology domain containing, family M (with RUN domain) member 2 [Source:MGI Symbol;Acc:MGI:1916832]	8436	-0.006547974888235331	-0.53686297	No	
row_22	Crtam	cytotoxic and regulatory T cell molecule [Source:MGI Symbol;Acc:MGI:1859822]	8607	-0.013651235960423946	-0.5478681	No	
row_23	H2-T13	histocompatibility 2, T region locus 13 [Source:MGI Symbol;Acc:MGI:95945]	9822	-0.07124589383602142	-0.6266374	No	
row_24	Cebpg	CCAAT/enhancer binding protein gamma [Source:MGI Symbol;Acc:MGI:104982]	9825	-0.07134270668029785	-0.6262783	No	
row_25	Stx7	syntaxin 7 [Source:MGI Symbol;Acc:MGI:1858210]	10056	-0.08486060798168182	-0.64071184	No	
row_26	Lyst	lysosomal trafficking regulator [Source:MGI Symbol;Acc:MGI:107448]	10231	-0.09465184807777405	-0.65142214	No	
row_27	Cyrib	CYFIP related Rac1 interactor B [Source:MGI Symbol;Acc:MGI:1923520]	10406	-0.10513588786125183	-0.66206044	No	
row_28	Pik3cb	phosphatidylinositol-4,5-bisphosphate 3-kinase catalytic subunit beta [Source:MGI Symbol;Acc:MGI:1922019]	10466	-0.10859617590904236	-0.66516703	No	
row_29	Gfus	GDP-L-fucose synthase [Source:MGI Symbol;Acc:MGI:98857]	10544	-0.11300797760486603	-0.66941845	No	
row_30	Pik3r1	phosphoinositide-3-kinase regulatory subunit 1 [Source:MGI Symbol;Acc:MGI:97583]	10779	-0.12955646216869354	-0.68380636	No	
row_31	Gfer	growth factor, augmenter of liver regeneration [Source:MGI Symbol;Acc:MGI:107757]	11308	-0.17510312795639038	-0.71707606	No	
row_32	Il18	interleukin 18 [Source:MGI Symbol;Acc:MGI:107936]	11397	-0.1832057386636734	-0.7215638	No	
row_33	Prdx1	peroxiredoxin 1 [Source:MGI Symbol;Acc:MGI:99523]	11449	-0.18814972043037415	-0.72360206	No	
row_34	Pik3r6	phosphoinositide-3-kinase regulatory subunit 5 [Source:MGI Symbol;Acc:MGI:2144613]	11461	-0.18987949192523956	-0.723017	No	
row_35	Coro1a	coronin, actin binding protein 1A [Source:MGI Symbol;Acc:MGI:1345961]	11901	-0.23673555254936218	-0.7500531	No	
row_36	Stxbp2	syntaxin binding protein 2 [Source:MGI Symbol;Acc:MGI:107370]	12693	-0.3439672887325287	-0.79933417	No	
row_37	Arrb2	arrestin, beta 2 [Source:MGI Symbol;Acc:MGI:99474]	12825	-0.3717876076698303	-0.805335	No	
row_38	H2-T24	histocompatibility 2, T region locus 24 [Source:MGI Symbol;Acc:MGI:95958]	13078	-0.42471209168434143	-0.8188722	No	
row_39	Lamp1	lysosomal-associated membrane protein 1 [Source:MGI Symbol;Acc:MGI:96745]	13126	-0.43872785568237305	-0.81892943	No	
row_40	Rnf19b	ring finger protein 19B [Source:MGI Symbol;Acc:MGI:1922484]	13332	-0.4984840154647827	-0.8288919	No	
row_41	Pvr	poliovirus receptor [Source:MGI Symbol;Acc:MGI:107741]	13340	-0.5014012455940247	-0.82590747	No	
row_42	Rab27a	RAB27A, member RAS oncogene family [Source:MGI Symbol;Acc:MGI:1861441]	13483	-0.5529008507728577	-0.83138335	No	
row_43	Ager	advanced glycosylation end product-specific receptor [Source:MGI Symbol;Acc:MGI:893592]	13621	-0.6114444732666016	-0.8361309	No	
row_44	Stap1	signal transducing adaptor family member 1 [Source:MGI Symbol;Acc:MGI:1926193]	13846	-0.7126943469047546	-0.8458635	No	
row_45	Ceacam1	CEA cell adhesion molecule 1 [Source:MGI Symbol;Acc:MGI:1347245]	13971	-0.7821909189224243	-0.8485905	Yes	
row_46	P2rx7	purinergic receptor P2X, ligand-gated ion channel, 7 [Source:MGI Symbol;Acc:MGI:1339957]	14045	-0.830166757106781	-0.84765846	Yes	
row_47	Nectin2	nectin cell adhesion molecule 2 [Source:MGI Symbol;Acc:MGI:97822]	14052	-0.8350293636322021	-0.8423189	Yes	
row_48	Nectin4	nectin cell adhesion molecule 4 [Source:MGI Symbol;Acc:MGI:1918990]	14168	-0.917297899723053	-0.8435309	Yes	
row_49	Fadd	Fas associated via death domain [Source:MGI Symbol;Acc:MGI:109324]	14215	-0.9544616937637329	-0.83998305	Yes	
row_50	Unc13d	unc-13 homolog D [Source:MGI Symbol;Acc:MGI:1917700]	14365	-1.1171257495880127	-0.8420433	Yes	
row_51	B2m	beta-2 microglobulin [Source:MGI Symbol;Acc:MGI:88127]	14367	-1.118391513824463	-0.8344324	Yes	
row_52	Ctsh	cathepsin H [Source:MGI Symbol;Acc:MGI:107285]	14388	-1.1514723300933838	-0.8278349	Yes	
row_53	Itgam	integrin alpha M [Source:MGI Symbol;Acc:MGI:96607]	14429	-1.188663125038147	-0.82228786	Yes	
row_54	Fcgr3	Fc receptor, IgG, low affinity III [Source:MGI Symbol;Acc:MGI:95500]	14430	-1.1911050081253052	-0.81411254	Yes	
row_55	Tgfb1	transforming growth factor, beta 1 [Source:MGI Symbol;Acc:MGI:98725]	14447	-1.212853193283081	-0.8068326	Yes	
row_56	Nckap1l	NCK associated protein 1 like [Source:MGI Symbol;Acc:MGI:1926063]	14486	-1.265770435333252	-0.8006258	Yes	
row_57	Tyrobp	TYRO protein tyrosine kinase binding protein [Source:MGI Symbol;Acc:MGI:1277211]	14501	-1.2893348932266235	-0.7926903	Yes	
row_58	H2-D1	histocompatibility 2, D region locus 1 [Source:MGI Symbol;Acc:MGI:95896]	14527	-1.3243019580841064	-0.78523296	Yes	
row_59	Inpp5d	inositol polyphosphate-5-phosphatase D [Source:MGI Symbol;Acc:MGI:107357]	14567	-1.3713209629058838	-0.778367	Yes	
row_60	H2-T22	histocompatibility 2, T region locus 22 [Source:MGI Symbol;Acc:MGI:95956]	14598	-1.4313725233078003	-0.7705012	Yes	
row_61	Tap2	transporter 2, ATP-binding cassette, sub-family B (MDR/TAP) [Source:MGI Symbol;Acc:MGI:98484]	14651	-1.5208073854446411	-0.7634579	Yes	
row_62	Serpinb9	serine (or cysteine) peptidase inhibitor, clade B, member 9 [Source:MGI Symbol;Acc:MGI:106603]	14662	-1.5375686883926392	-0.7535575	Yes	
row_63	H2-K1	histocompatibility 2, K1, K region [Source:MGI Symbol;Acc:MGI:95904]	14674	-1.5491504669189453	-0.7436429	Yes	
row_64	Myd88	myeloid differentiation primary response gene 88 [Source:MGI Symbol;Acc:MGI:108005]	14676	-1.5513466596603394	-0.73306036	Yes	
row_65	Stat5a	signal transducer and activator of transcription 5A [Source:MGI Symbol;Acc:MGI:103036]	14753	-1.7267537117004395	-0.7261704	Yes	
row_66	Ctsc	cathepsin C [Source:MGI Symbol;Acc:MGI:109553]	14767	-1.7535220384597778	-0.71498364	Yes	
row_67	Hcst	hematopoietic cell signal transducer [Source:MGI Symbol;Acc:MGI:1344360]	14792	-1.824895977973938	-0.70402515	Yes	
row_68	Arg1	arginase, liver [Source:MGI Symbol;Acc:MGI:88070]	14815	-1.8745911121368408	-0.69259506	Yes	
row_69	Ncf1	neutrophil cytosolic factor 1 [Source:MGI Symbol;Acc:MGI:97283]	14822	-1.8886833190917969	-0.68002355	Yes	
row_70	Ccl2	C-C motif chemokine ligand 2 [Source:MGI Symbol;Acc:MGI:98259]	14858	-1.9816153049468994	-0.6687076	Yes	
row_71	Trem1	triggering receptor expressed on myeloid cells 1 [Source:MGI Symbol;Acc:MGI:1930005]	14861	-1.992090106010437	-0.65516526	Yes	
row_72	Gzmc	granzyme C [Source:MGI Symbol;Acc:MGI:109256]	14868	-2.002321243286133	-0.6418138	Yes	
row_73	Cd1d1	CD1d1 antigen [Source:MGI Symbol;Acc:MGI:107674]	14872	-2.011352062225342	-0.6282046	Yes	
row_74	Gimap3	GTPase, IMAP family member 3 [Source:MGI Symbol;Acc:MGI:1932723]	14884	-2.031559467315674	-0.6149789	Yes	
row_75	Ptpn6	protein tyrosine phosphatase, non-receptor type 6 [Source:MGI Symbol;Acc:MGI:96055]	14896	-2.0592994689941406	-0.60156286	Yes	
row_76	Vav1	vav 1 oncogene [Source:MGI Symbol;Acc:MGI:98923]	14899	-2.0627310276031494	-0.5875356	Yes	
row_77	Tap1	transporter 1, ATP-binding cassette, sub-family B (MDR/TAP) [Source:MGI Symbol;Acc:MGI:98483]	14919	-2.113363265991211	-0.5742708	Yes	
row_78	Clec2d	C-type lectin domain family 2, member d [Source:MGI Symbol;Acc:MGI:2135589]	14922	-2.1317644119262695	-0.55976975	Yes	
row_79	Havcr2	hepatitis A virus cellular receptor 2 [Source:MGI Symbol;Acc:MGI:2159682]	14929	-2.150355339050293	-0.5454023	Yes	
row_80	Ripk3	receptor-interacting serine-threonine kinase 3 [Source:MGI Symbol;Acc:MGI:2154952]	14951	-2.203356981277466	-0.53165036	Yes	
row_81	Slamf6	SLAM family member 6 [Source:MGI Symbol;Acc:MGI:1353620]	14959	-2.2255918979644775	-0.51683176	Yes	
row_82	Lgals9	lectin, galactose binding, soluble 9 [Source:MGI Symbol;Acc:MGI:109496]	14971	-2.265756130218506	-0.50199866	Yes	
row_83	Gimap5	GTPase, IMAP family member 5 [Source:MGI Symbol;Acc:MGI:2442232]	15011	-2.338693857192993	-0.488493	Yes	
row_84	Ptprc	protein tyrosine phosphatase receptor type C [Source:MGI Symbol;Acc:MGI:97810]	15038	-2.397634506225586	-0.47373405	Yes	
row_85	H2-Q7	histocompatibility 2, Q region locus 7 [Source:MGI Symbol;Acc:MGI:95936]	15066	-2.4679741859436035	-0.45855758	Yes	
row_86	H2-Q4	histocompatibility 2, Q region locus 4 [Source:MGI Symbol;Acc:MGI:95933]	15088	-2.5195188522338867	-0.44263563	Yes	
row_87	Stx11	syntaxin 11 [Source:MGI Symbol;Acc:MGI:1921982]	15136	-2.640815496444702	-0.4275786	Yes	
row_88	Spi1	Spi-1 proto-oncogene [Source:MGI Symbol;Acc:MGI:98282]	15143	-2.6677331924438477	-0.40966004	Yes	
row_89	Klrd1	killer cell lectin-like receptor, subfamily D, member 1 [Source:MGI Symbol;Acc:MGI:1196275]	15156	-2.69734525680542	-0.39192998	Yes	
row_90	Il7r	interleukin 7 receptor [Source:MGI Symbol;Acc:MGI:96562]	15157	-2.6980695724487305	-0.3734115	Yes	
row_91	Fcgr2b	Fc receptor, IgG, low affinity IIb [Source:MGI Symbol;Acc:MGI:95499]	15178	-2.755366563796997	-0.3558055	Yes	
row_92	H2-M3	histocompatibility 2, M region locus 3 [Source:MGI Symbol;Acc:MGI:95915]	15183	-2.7687342166900635	-0.33706313	Yes	
row_93	Cd2	CD2 antigen [Source:MGI Symbol;Acc:MGI:88320]	15220	-2.8780975341796875	-0.31965932	Yes	
row_94	Nkg7	natural killer cell group 7 sequence [Source:MGI Symbol;Acc:MGI:1931250]	15226	-2.903459072113037	-0.30005756	Yes	
row_95	Fcgr4	Fc receptor, IgG, low affinity IV [Source:MGI Symbol;Acc:MGI:2179523]	15278	-3.108071804046631	-0.28205463	Yes	
row_96	Prf1	perforin 1 (pore forming protein) [Source:MGI Symbol;Acc:MGI:97551]	15286	-3.156561851501465	-0.26084623	Yes	
row_97	Gzmb	granzyme B [Source:MGI Symbol;Acc:MGI:109267]	15296	-3.2067456245422363	-0.23942398	Yes	
row_98	Fcgr1	Fc receptor, IgG, high affinity I [Source:MGI Symbol;Acc:MGI:95498]	15299	-3.2211050987243652	-0.21744616	Yes	
row_99	Klrk1	killer cell lectin-like receptor subfamily K, member 1 [Source:MGI Symbol;Acc:MGI:1196250]	15300	-3.2218995094299316	-0.19533232	Yes	
row_100	Cxcl5	C-X-C motif chemokine ligand 5 [Source:MGI Symbol;Acc:MGI:1096868]	15308	-3.2467052936553955	-0.17350522	Yes	
row_101	H2-Q6	histocompatibility 2, Q region locus 6 [Source:MGI Symbol;Acc:MGI:95935]	15334	-3.4526796340942383	-0.15143956	Yes	
row_102	Dnase1l3	deoxyribonuclease 1-like 3 [Source:MGI Symbol;Acc:MGI:1314633]	15357	-3.6645095348358154	-0.12772413	Yes	
row_103	Cxcl1	C-X-C motif chemokine ligand 1 [Source:MGI Symbol;Acc:MGI:108068]	15364	-3.713824987411499	-0.10262561	Yes	
row_104	Klrc1	killer cell lectin-like receptor subfamily C, member 1 [Source:MGI Symbol;Acc:MGI:1336161]	15367	-3.7327613830566406	-0.07713598	Yes	
row_105	Il18rap	interleukin 18 receptor accessory protein [Source:MGI Symbol;Acc:MGI:1338888]	15372	-3.793020725250244	-0.051363334	Yes	
row_106	H2-T23	histocompatibility 2, T region locus 23 [Source:MGI Symbol;Acc:MGI:95957]	15377	-3.80800199508667	-0.025487857	Yes	
row_107	Il12b	interleukin 12b [Source:MGI Symbol;Acc:MGI:96540]	15398	-4.15106201171875	0.0016976573	Yes	
