NAME	SYMBOL	TITLE	RANK IN GENE LIST	RANK METRIC SCORE	RUNNING ES	CORE ENRICHMENT	
row_0	APOA2	apolipoprotein A2 [Source:HGNC Symbol;Acc:HGNC:601]	428	0.7409022450447083	-0.02488005	No	
row_1	PLA2G5	phospholipase A2 group V [Source:HGNC Symbol;Acc:HGNC:9038]	690	0.5835901498794556	-0.038738664	No	
row_2	MFGE8	milk fat globule-EGF factor 8 protein [Source:HGNC Symbol;Acc:HGNC:7036]	1443	0.366447776556015	-0.09177645	No	
row_3	PRKCG	protein kinase C gamma [Source:HGNC Symbol;Acc:HGNC:9402]	1548	0.3489622175693512	-0.09613818	No	
row_4	ABCA7	ATP binding cassette subfamily A member 7 [Source:HGNC Symbol;Acc:HGNC:37]	2067	0.27676326036453247	-0.13242954	No	
row_5	APPL2	adaptor protein, phosphotyrosine interacting with PH domain and leucine zipper 2 [Source:HGNC Symbol;Acc:HGNC:18242]	2522	0.23336371779441833	-0.16432877	No	
row_6	SYT7	synaptotagmin 7 [Source:HGNC Symbol;Acc:HGNC:11514]	2557	0.23082295060157776	-0.16459107	No	
row_7	APPL1	adaptor protein, phosphotyrosine interacting with PH domain and leucine zipper 1 [Source:HGNC Symbol;Acc:HGNC:24035]	4337	0.12290007621049881	-0.29747832	No	
row_8	SIRPA	signal regulatory protein alpha [Source:HGNC Symbol;Acc:HGNC:9662]	4959	0.0953734815120697	-0.34334257	No	
row_9	CAMK1D	calcium/calmodulin dependent protein kinase ID [Source:HGNC Symbol;Acc:HGNC:19341]	5210	0.0844682976603508	-0.36134717	No	
row_10	SYT11	synaptotagmin 11 [Source:HGNC Symbol;Acc:HGNC:19239]	5445	0.0753982812166214	-0.37823603	No	
row_11	GAS6	growth arrest specific 6 [Source:HGNC Symbol;Acc:HGNC:4168]	5732	0.06350692361593246	-0.39916348	No	
row_12	BCR	BCR activator of RhoGEF and GTPase [Source:HGNC Symbol;Acc:HGNC:1014]	5960	0.05380901321768761	-0.4157398	No	
row_13	CALR	calreticulin [Source:HGNC Symbol;Acc:HGNC:1455]	7096	0.002841582987457514	-0.501275	No	
row_14	ATG5	autophagy related 5 [Source:HGNC Symbol;Acc:HGNC:589]	7332	-0.007538876961916685	-0.51891565	No	
row_15	LMAN2	lectin, mannose binding 2 [Source:HGNC Symbol;Acc:HGNC:16986]	7661	-0.022666597738862038	-0.54341644	No	
row_16	SOD1	superoxide dismutase 1 [Source:HGNC Symbol;Acc:HGNC:11179]	7731	-0.0260501466691494	-0.54835844	No	
row_17	ITGAV	integrin subunit alpha V [Source:HGNC Symbol;Acc:HGNC:6150]	7747	-0.026826756075024605	-0.5492218	No	
row_18	MYO18A	myosin XVIIIA [Source:HGNC Symbol;Acc:HGNC:31104]	7817	-0.030521465465426445	-0.5541192	No	
row_19	PIP4P2	phosphatidylinositol-4,5-bisphosphate 4-phosphatase 2 [Source:HGNC Symbol;Acc:HGNC:25452]	8494	-0.06752441823482513	-0.6044073	No	
row_20	LYAR	Ly1 antibody reactive [Source:HGNC Symbol;Acc:HGNC:26021]	8593	-0.07382623851299286	-0.6110593	No	
row_21	ATG3	autophagy related 3 [Source:HGNC Symbol;Acc:HGNC:20962]	8836	-0.08963748812675476	-0.62840927	No	
row_22	SNX3	sorting nexin 3 [Source:HGNC Symbol;Acc:HGNC:11174]	8961	-0.09794196486473083	-0.6367809	No	
row_23	PTPRJ	protein tyrosine phosphatase receptor type J [Source:HGNC Symbol;Acc:HGNC:9673]	8966	-0.09800480306148529	-0.63610554	No	
row_24	RACK1	receptor for activated C kinase 1 [Source:HGNC Symbol;Acc:HGNC:4399]	9004	-0.10092588514089584	-0.6378888	No	
row_25	CD47	CD47 molecule [Source:HGNC Symbol;Acc:HGNC:1682]	9645	-0.15214423835277557	-0.6846195	No	
row_26	SCARB1	scavenger receptor class B member 1 [Source:HGNC Symbol;Acc:HGNC:1664]	9654	-0.15317080914974213	-0.6836958	No	
row_27	TUB	tubby bipartite transcription factor [Source:HGNC Symbol;Acc:HGNC:12406]	9930	-0.18270042538642883	-0.7026059	No	
row_28	RAB31	RAB31, member RAS oncogene family [Source:HGNC Symbol;Acc:HGNC:9771]	10092	-0.20070309937000275	-0.71274245	No	
row_29	MERTK	MER proto-oncogene, tyrosine kinase [Source:HGNC Symbol;Acc:HGNC:7027]	10608	-0.268105149269104	-0.748894	No	
row_30	ANO6	anoctamin 6 [Source:HGNC Symbol;Acc:HGNC:25240]	10634	-0.27379968762397766	-0.7480494	No	
row_31	CSK	C-terminal Src kinase [Source:HGNC Symbol;Acc:HGNC:2444]	10856	-0.3086056113243103	-0.76163363	No	
row_32	DNM2	dynamin 2 [Source:HGNC Symbol;Acc:HGNC:2974]	10947	-0.32236790657043457	-0.765205	No	
row_33	CNN2	calponin 2 [Source:HGNC Symbol;Acc:HGNC:2156]	11621	-0.5028946995735168	-0.81092715	No	
row_34	TREM2	triggering receptor expressed on myeloid cells 2 [Source:HGNC Symbol;Acc:HGNC:17761]	11625	-0.5038224458694458	-0.80613124	No	
row_35	RAB27A	RAB27A, member RAS oncogene family [Source:HGNC Symbol;Acc:HGNC:9766]	11731	-0.5529008507728577	-0.8085355	No	
row_36	STAP1	signal transducing adaptor family member 1 [Source:HGNC Symbol;Acc:HGNC:24133]	12035	-0.7126943469047546	-0.8242734	No	
row_37	CD300A	CD300a molecule [Source:HGNC Symbol;Acc:HGNC:19319]	12421	-1.0459003448486328	-0.84287167	Yes	
row_38	NCKAP1L	NCK associated protein 1 like [Source:HGNC Symbol;Acc:HGNC:4862]	12583	-1.265770435333252	-0.84239167	Yes	
row_39	DYSF	dysferlin [Source:HGNC Symbol;Acc:HGNC:3097]	12626	-1.3285480737686157	-0.8323149	Yes	
row_40	GATA2	GATA binding protein 2 [Source:HGNC Symbol;Acc:HGNC:4171]	12649	-1.3658682107925415	-0.82035846	Yes	
row_41	SPHK1	sphingosine kinase 1 [Source:HGNC Symbol;Acc:HGNC:11240]	12753	-1.5762616395950317	-0.81241107	Yes	
row_42	C4A	complement C4A (Rodgers blood group) [Source:HGNC Symbol;Acc:HGNC:1323]	12788	-1.6785578727722168	-0.79824233	Yes	
row_43	TGM2	transglutaminase 2 [Source:HGNC Symbol;Acc:HGNC:11778]	12848	-1.8538559675216675	-0.7842109	Yes	
row_44	PLSCR1	phospholipid scramblase 1 [Source:HGNC Symbol;Acc:HGNC:9092]	12860	-1.8749125003814697	-0.76635104	Yes	
row_45	NOD2	nucleotide binding oligomerization domain containing 2 [Source:HGNC Symbol;Acc:HGNC:5331]	12865	-1.8870857954025269	-0.74784213	Yes	
row_46	PYCARD	PYD and CARD domain containing [Source:HGNC Symbol;Acc:HGNC:16608]	12886	-1.946400761604309	-0.7299481	Yes	
row_47	FCER1G	Fc fragment of IgE receptor Ig [Source:HGNC Symbol;Acc:HGNC:3611]	12890	-1.9575062990188599	-0.7106618	Yes	
row_48	CYBA	cytochrome b-245 alpha chain [Source:HGNC Symbol;Acc:HGNC:2577]	12892	-1.9694020748138428	-0.69110626	Yes	
row_49	CCL2	C-C motif chemokine ligand 2 [Source:HGNC Symbol;Acc:HGNC:10618]	12897	-1.9816153049468994	-0.67165506	Yes	
row_50	CD36	CD36 molecule [Source:HGNC Symbol;Acc:HGNC:1663]	12913	-2.0263617038726807	-0.65258706	Yes	
row_51	IL15RA	interleukin 15 receptor subunit alpha [Source:HGNC Symbol;Acc:HGNC:5978]	12924	-2.0445668697357178	-0.6329607	Yes	
row_52	SLC11A1	solute carrier family 11 member 1 [Source:HGNC Symbol;Acc:HGNC:10907]	12928	-2.0568742752075195	-0.61268395	Yes	
row_53	IL15	interleukin 15 [Source:HGNC Symbol;Acc:HGNC:5977]	12930	-2.0606555938720703	-0.5922187	Yes	
row_54	SYK	spleen associated tyrosine kinase [Source:HGNC Symbol;Acc:HGNC:11491]	12934	-2.071566104888916	-0.5717955	Yes	
row_55	DOCK2	dedicator of cytokinesis 2 [Source:HGNC Symbol;Acc:HGNC:2988]	12975	-2.193920612335205	-0.552942	Yes	
row_56	CD300LF	CD300 molecule like family member f [Source:HGNC Symbol;Acc:HGNC:29883]	13031	-2.359280586242676	-0.53357095	Yes	
row_57	PTPRC	protein tyrosine phosphatase receptor type C [Source:HGNC Symbol;Acc:HGNC:9666]	13047	-2.397634506225586	-0.5108021	Yes	
row_58	C2	complement C2 [Source:HGNC Symbol;Acc:HGNC:1248]	13049	-2.4040307998657227	-0.48691413	Yes	
row_59	PTX3	pentraxin 3 [Source:HGNC Symbol;Acc:HGNC:9692]	13063	-2.4457359313964844	-0.46351504	Yes	
row_60	HCK	HCK proto-oncogene, Src family tyrosine kinase [Source:HGNC Symbol;Acc:HGNC:4840]	13144	-2.7148704528808594	-0.44248414	Yes	
row_61	FCGR2B	Fc fragment of IgG receptor IIb [Source:HGNC Symbol;Acc:HGNC:3618]	13158	-2.755366563796997	-0.41599867	Yes	
row_62	IL1B	interleukin 1 beta [Source:HGNC Symbol;Acc:HGNC:5992]	13160	-2.7633743286132812	-0.38852876	Yes	
row_63	C3	complement C3 [Source:HGNC Symbol;Acc:HGNC:1318]	13187	-2.885869026184082	-0.36172247	Yes	
row_64	SIRPG	signal regulatory protein gamma [Source:HGNC Symbol;Acc:HGNC:15757]	13192	-2.915574073791504	-0.33296156	Yes	
row_65	PLCG2	phospholipase C gamma 2 [Source:NCBI gene;Acc:5336]	13222	-3.042161464691162	-0.30482352	Yes	
row_66	IFNG	interferon gamma [Source:HGNC Symbol;Acc:HGNC:5438]	13245	-3.171190023422241	-0.2748716	Yes	
row_67	IL2RB	interleukin 2 receptor subunit beta [Source:HGNC Symbol;Acc:HGNC:6009]	13248	-3.206148147583008	-0.2430635	Yes	
row_68	TLR2	toll like receptor 2 [Source:HGNC Symbol;Acc:HGNC:11848]	13308	-3.8438563346862793	-0.20919575	Yes	
row_69	IL2RG	interleukin 2 receptor subunit gamma [Source:HGNC Symbol;Acc:HGNC:6010]	13315	-3.993579149246216	-0.16984007	Yes	
row_70	FPR2	formyl peptide receptor 2 [Source:HGNC Symbol;Acc:HGNC:3827]	13320	-4.141956329345703	-0.12885462	Yes	
row_71	FGR	FGR proto-oncogene, Src family tyrosine kinase [Source:HGNC Symbol;Acc:HGNC:3697]	13322	-4.204682350158691	-0.08701774	Yes	
row_72	CLEC7A	C-type lectin domain containing 7A [Source:HGNC Symbol;Acc:HGNC:14558]	13326	-4.382608890533447	-0.04355806	Yes	
row_73	TNF	tumor necrosis factor [Source:HGNC Symbol;Acc:HGNC:11892]	13331	-4.453005790710449	5.2794325E-4	Yes	
