NAME	SYMBOL	TITLE	RANK IN GENE LIST	RANK METRIC SCORE	RUNNING ES	CORE ENRICHMENT	
row_0	NR4A3	nuclear receptor subfamily 4 group A member 3 [Source:HGNC Symbol;Acc:HGNC:7982]	324	0.8380746841430664	-0.020222355	No	
row_1	CD46	CD46 molecule [Source:HGNC Symbol;Acc:HGNC:6953]	470	0.7108524441719055	-0.027518708	No	
row_2	RBP4	retinol binding protein 4 [Source:HGNC Symbol;Acc:HGNC:9922]	664	0.5975260138511658	-0.03905132	No	
row_3	PLA2G5	phospholipase A2 group V [Source:HGNC Symbol;Acc:HGNC:9038]	690	0.5835901498794556	-0.03790142	No	
row_4	IL4	interleukin 4 [Source:HGNC Symbol;Acc:HGNC:6014]	987	0.47648885846138	-0.057886403	No	
row_5	KMT5C	lysine methyltransferase 5C [Source:HGNC Symbol;Acc:HGNC:28405]	1009	0.46825796365737915	-0.05703517	No	
row_6	SHLD1	shieldin complex subunit 1 [Source:HGNC Symbol;Acc:HGNC:26318]	1216	0.41480594873428345	-0.07050912	No	
row_7	EPHB2	EPH receptor B2 [Source:HGNC Symbol;Acc:HGNC:3393]	1479	0.3605872094631195	-0.08851801	No	
row_8	MSH2	mutS homolog 2 [Source:HGNC Symbol;Acc:HGNC:7325]	2497	0.23531974852085114	-0.16450407	No	
row_9	SOCS5	suppressor of cytokine signaling 5 [Source:HGNC Symbol;Acc:HGNC:16852]	2512	0.23403799533843994	-0.16434465	No	
row_10	APPL2	adaptor protein, phosphotyrosine interacting with PH domain and leucine zipper 2 [Source:HGNC Symbol;Acc:HGNC:18242]	2522	0.23336371779441833	-0.16380915	No	
row_11	PRKCZ	protein kinase C zeta [Source:HGNC Symbol;Acc:HGNC:9412]	2570	0.23019728064537048	-0.1661753	No	
row_12	FER	FER tyrosine kinase [Source:HGNC Symbol;Acc:HGNC:3655]	2632	0.22449909150600433	-0.16963416	No	
row_13	PDPK1	3-phosphoinositide dependent protein kinase 1 [Source:HGNC Symbol;Acc:HGNC:8816]	2974	0.1985515058040619	-0.19448738	No	
row_14	CD55	CD55 molecule (Cromer blood group) [Source:HGNC Symbol;Acc:HGNC:2665]	3309	0.1763404905796051	-0.21892512	No	
row_15	MLH1	mutL homolog 1 [Source:HGNC Symbol;Acc:HGNC:7127]	3434	0.16988244652748108	-0.22745247	No	
row_16	SHLD2	shieldin complex subunit 2 [Source:HGNC Symbol;Acc:HGNC:28773]	3494	0.16610905528068542	-0.23106444	No	
row_17	GPRC5B	G protein-coupled receptor class C group 5 member B [Source:HGNC Symbol;Acc:HGNC:13308]	3623	0.15806768834590912	-0.2399572	No	
row_18	RIF1	replication timing regulatory factor 1 [Source:HGNC Symbol;Acc:HGNC:23207]	4339	0.12283960729837418	-0.29360154	No	
row_19	ZBTB1	zinc finger and BTB domain containing 1 [Source:HGNC Symbol;Acc:HGNC:20259]	4444	0.11796639859676361	-0.30088156	No	
row_20	NSD2	nuclear receptor binding SET domain protein 2 [Source:HGNC Symbol;Acc:HGNC:12766]	4450	0.11771050840616226	-0.3006464	No	
row_21	HMCES	5-hydroxymethylcytosine binding, ES cell specific [Source:HGNC Symbol;Acc:HGNC:24446]	4547	0.11319224536418915	-0.30734396	No	
row_22	GPI	glucose-6-phosphate isomerase [Source:HGNC Symbol;Acc:HGNC:4458]	4585	0.11165819317102432	-0.30956998	No	
row_23	CAMK4	calcium/calmodulin dependent protein kinase IV [Source:HGNC Symbol;Acc:HGNC:1464]	4639	0.10947391390800476	-0.3130222	No	
row_24	CADM1	cell adhesion molecule 1 [Source:HGNC Symbol;Acc:HGNC:5951]	4780	0.10294981300830841	-0.32311392	No	
row_25	C12orf4	chromosome 12 open reading frame 4 [Source:HGNC Symbol;Acc:HGNC:1184]	4977	0.0946074053645134	-0.337501	No	
row_26	RASGRP1	RAS guanyl releasing protein 1 [Source:HGNC Symbol;Acc:HGNC:9878]	5006	0.09335950762033463	-0.33913925	No	
row_27	DDX1	DEAD-box helicase 1 [Source:HGNC Symbol;Acc:HGNC:2734]	5378	0.07770732045173645	-0.36690137	No	
row_28	TFRC	transferrin receptor [Source:HGNC Symbol;Acc:HGNC:11763]	5457	0.07494381070137024	-0.37243202	No	
row_29	PHB	prohibitin [Source:HGNC Symbol;Acc:HGNC:8912]	5558	0.07078352570533752	-0.3796548	No	
row_30	SEMA7A	semaphorin 7A (John Milton Hagen blood group) [Source:HGNC Symbol;Acc:HGNC:10741]	5865	0.057941555976867676	-0.40258503	No	
row_31	DHX36	DEAH-box helicase 36 [Source:HGNC Symbol;Acc:HGNC:14410]	6304	0.03847242146730423	-0.43563896	No	
row_32	ANKRD17	ankyrin repeat domain 17 [Source:HGNC Symbol;Acc:HGNC:23575]	6433	0.03276115655899048	-0.44518617	No	
row_33	STXBP1	syntaxin binding protein 1 [Source:HGNC Symbol;Acc:HGNC:11444]	6795	0.017181282863020897	-0.47250515	No	
row_34	AP1G1	adaptor related protein complex 1 subunit gamma 1 [Source:HGNC Symbol;Acc:HGNC:555]	6820	0.016353324055671692	-0.4742419	No	
row_35	MR1	major histocompatibility complex, class I-related [Source:HGNC Symbol;Acc:HGNC:4975]	6899	0.012948499992489815	-0.4800964	No	
row_36	PAXIP1	PAX interacting protein 1 [Source:HGNC Symbol;Acc:HGNC:8624]	6954	0.00983131118118763	-0.48414496	No	
row_37	STX4	syntaxin 4 [Source:HGNC Symbol;Acc:HGNC:11439]	6960	0.00970086082816124	-0.4844739	No	
row_38	MAP3K7	mitogen-activated protein kinase kinase kinase 7 [Source:HGNC Symbol;Acc:HGNC:6859]	7212	-0.002356388373300433	-0.50351864	No	
row_39	IL2	interleukin 2 [Source:HGNC Symbol;Acc:HGNC:6001]	7324	-0.007063490804284811	-0.51190937	No	
row_40	TP53BP1	tumor protein p53 binding protein 1 [Source:HGNC Symbol;Acc:HGNC:11999]	7408	-0.011310144327580929	-0.518152	No	
row_41	CRTAM	cytotoxic and regulatory T cell molecule [Source:HGNC Symbol;Acc:HGNC:24313]	7467	-0.013651235960423946	-0.5224843	No	
row_42	KIT	KIT proto-oncogene, receptor tyrosine kinase [Source:HGNC Symbol;Acc:HGNC:6342]	7604	-0.020402859896421432	-0.53270346	No	
row_43	MYO18A	myosin XVIIIA [Source:HGNC Symbol;Acc:HGNC:31104]	7817	-0.030521465465426445	-0.54864	No	
row_44	ATAD5	ATPase family AAA domain containing 5 [Source:HGNC Symbol;Acc:HGNC:25752]	8252	-0.053510796278715134	-0.5813117	No	
row_45	HK1	hexokinase 1 [Source:HGNC Symbol;Acc:HGNC:4922]	8254	-0.05358447879552841	-0.5811078	No	
row_46	KMT5B	lysine methyltransferase 5B [Source:HGNC Symbol;Acc:HGNC:24283]	8277	-0.05491992458701134	-0.5824913	No	
row_47	GATA3	GATA binding protein 3 [Source:HGNC Symbol;Acc:HGNC:4172]	8309	-0.05682508647441864	-0.5845481	No	
row_48	MAVS	mitochondrial antiviral signaling protein [Source:HGNC Symbol;Acc:HGNC:29233]	8311	-0.05702131241559982	-0.58432627	No	
row_49	CD81	CD81 molecule [Source:HGNC Symbol;Acc:HGNC:1701]	8440	-0.0650256797671318	-0.59370494	No	
row_50	PHB2	prohibitin 2 [Source:HGNC Symbol;Acc:HGNC:30306]	8677	-0.07978861033916473	-0.6112064	No	
row_51	STX7	syntaxin 7 [Source:HGNC Symbol;Acc:HGNC:11442]	8760	-0.08486060798168182	-0.61698896	No	
row_52	RABGEF1	RAB guanine nucleotide exchange factor 1 [Source:HGNC Symbol;Acc:HGNC:17676]	8813	-0.08836833387613297	-0.6204755	No	
row_53	PTPRJ	protein tyrosine phosphatase receptor type J [Source:HGNC Symbol;Acc:HGNC:9673]	8966	-0.09800480306148529	-0.6315041	No	
row_54	WNT5A	Wnt family member 5A [Source:HGNC Symbol;Acc:HGNC:12784]	9052	-0.10429193824529648	-0.637413	No	
row_55	SPHK2	sphingosine kinase 2 [Source:HGNC Symbol;Acc:HGNC:18859]	9303	-0.12072138488292694	-0.65576357	No	
row_56	XBP1	X-box binding protein 1 [Source:HGNC Symbol;Acc:HGNC:12801]	9413	-0.13093045353889465	-0.6633555	No	
row_57	RARA	retinoic acid receptor alpha [Source:HGNC Symbol;Acc:HGNC:9864]	9728	-0.1622963696718216	-0.68634814	No	
row_58	MIF	macrophage migration inhibitory factor [Source:HGNC Symbol;Acc:HGNC:7097]	9774	-0.16628685593605042	-0.68889624	No	
row_59	DNAJB9	DnaJ heat shock protein family (Hsp40) member B9 [Source:HGNC Symbol;Acc:HGNC:6968]	9806	-0.1694701611995697	-0.6903648	No	
row_60	SNX4	sorting nexin 4 [Source:HGNC Symbol;Acc:HGNC:11175]	9882	-0.17782345414161682	-0.69513035	No	
row_61	IL18	interleukin 18 [Source:HGNC Symbol;Acc:HGNC:5986]	9936	-0.1832057386636734	-0.6981975	No	
row_62	SIRT1	sirtuin 1 [Source:HGNC Symbol;Acc:HGNC:14929]	10093	-0.20096233487129211	-0.70899206	No	
row_63	EXOSC3	exosome component 3 [Source:HGNC Symbol;Acc:HGNC:17944]	10194	-0.21316932141780853	-0.71547115	No	
row_64	FBXO38	F-box protein 38 [Source:HGNC Symbol;Acc:HGNC:28844]	10281	-0.22501645982265472	-0.72082543	No	
row_65	CR1	complement C3b/C4b receptor 1 (Knops blood group) [Source:HGNC Symbol;Acc:HGNC:2334]	10295	-0.22655810415744781	-0.72062916	No	
row_66	RPS19	ribosomal protein S19 [Source:HGNC Symbol;Acc:HGNC:10402]	10554	-0.2597241699695587	-0.73886114	No	
row_67	VAMP3	vesicle associated membrane protein 3 [Source:HGNC Symbol;Acc:HGNC:12644]	10686	-0.2815931737422943	-0.74733657	No	
row_68	DENND1B	DENN domain containing 1B [Source:HGNC Symbol;Acc:HGNC:28404]	10770	-0.29408881068229675	-0.75210226	No	
row_69	SLC7A5	solute carrier family 7 member 5 [Source:HGNC Symbol;Acc:HGNC:11063]	10847	-0.3062543272972107	-0.75627303	No	
row_70	TRAF2	TNF receptor associated factor 2 [Source:HGNC Symbol;Acc:HGNC:12032]	10885	-0.3134261667728424	-0.7574452	No	
row_71	DDX21	DExD-box helicase 21 [Source:HGNC Symbol;Acc:HGNC:2744]	10979	-0.32710686326026917	-0.7627978	No	
row_72	STXBP2	syntaxin binding protein 2 [Source:HGNC Symbol;Acc:HGNC:11445]	11074	-0.3439672887325287	-0.7681382	No	
row_73	BCL10	BCL10 immune signaling adaptor [Source:HGNC Symbol;Acc:HGNC:989]	11283	-0.3952125906944275	-0.7818663	No	
row_74	MAD2L2	mitotic arrest deficient 2 like 2 [Source:HGNC Symbol;Acc:HGNC:6764]	11403	-0.4283888041973114	-0.78866386	No	
row_75	PLA2G3	phospholipase A2 group III [Source:HGNC Symbol;Acc:HGNC:17934]	11417	-0.4342503547668457	-0.78738284	No	
row_76	LAMP1	lysosomal associated membrane protein 1 [Source:HGNC Symbol;Acc:HGNC:6499]	11439	-0.43872785568237305	-0.7866859	No	
row_77	TBX21	T-box 21 [Source:HGNC Symbol;Acc:HGNC:11599]	11514	-0.46224460005760193	-0.78989005	No	
row_78	PVR	PVR cell adhesion molecule [Source:HGNC Symbol;Acc:HGNC:9705]	11618	-0.5014012455940247	-0.7950915	No	
row_79	TREM2	triggering receptor expressed on myeloid cells 2 [Source:HGNC Symbol;Acc:HGNC:17761]	11625	-0.5038224458694458	-0.79291564	No	
row_80	GAB2	GRB2 associated binding protein 2 [Source:HGNC Symbol;Acc:HGNC:14458]	11881	-0.634711503982544	-0.8089614	Yes	
row_81	ADORA2B	adenosine A2b receptor [Source:HGNC Symbol;Acc:HGNC:264]	11903	-0.6444120407104492	-0.8071901	Yes	
row_82	TRAF6	TNF receptor associated factor 6 [Source:HGNC Symbol;Acc:HGNC:12036]	11923	-0.6538277268409729	-0.8052178	Yes	
row_83	PTPN22	protein tyrosine phosphatase non-receptor type 22 [Source:HGNC Symbol;Acc:HGNC:9652]	11980	-0.6843134760856628	-0.8058955	Yes	
row_84	STAP1	signal transducing adaptor family member 1 [Source:HGNC Symbol;Acc:HGNC:24133]	12035	-0.7126943469047546	-0.8062731	Yes	
row_85	VAMP8	vesicle associated membrane protein 8 [Source:HGNC Symbol;Acc:HGNC:12647]	12039	-0.7152400612831116	-0.8027653	Yes	
row_86	NFKBID	NFKB inhibitor delta [Source:HGNC Symbol;Acc:HGNC:15671]	12099	-0.7558355927467346	-0.8032972	Yes	
row_87	INAVA	innate immunity activator [Source:HGNC Symbol;Acc:HGNC:25599]	12124	-0.7741163969039917	-0.8010763	Yes	
row_88	HLX	H2.0 like homeobox [Source:HGNC Symbol;Acc:HGNC:4978]	12154	-0.7970489263534546	-0.79911524	Yes	
row_89	LBP	lipopolysaccharide binding protein [Source:HGNC Symbol;Acc:HGNC:6517]	12167	-0.8066551089286804	-0.79581326	Yes	
row_90	P2RX7	purinergic receptor P2X 7 [Source:HGNC Symbol;Acc:HGNC:8537]	12203	-0.830166757106781	-0.7941348	Yes	
row_91	NECTIN2	nectin cell adhesion molecule 2 [Source:HGNC Symbol;Acc:HGNC:9707]	12209	-0.8350293636322021	-0.7901532	Yes	
row_92	TICAM1	toll like receptor adaptor molecule 1 [Source:HGNC Symbol;Acc:HGNC:18348]	12234	-0.8556047677993774	-0.78750664	Yes	
row_93	LAPTM5	lysosomal protein transmembrane 5 [Source:HGNC Symbol;Acc:HGNC:29612]	12319	-0.9294797778129578	-0.7890298	Yes	
row_94	FADD	Fas associated via death domain [Source:HGNC Symbol;Acc:HGNC:3573]	12345	-0.9544616937637329	-0.78594285	Yes	
row_95	FZD5	frizzled class receptor 5 [Source:HGNC Symbol;Acc:HGNC:4043]	12349	-0.9562937021255493	-0.78117603	Yes	
row_96	MYB	MYB proto-oncogene, transcription factor [Source:HGNC Symbol;Acc:HGNC:7545]	12419	-1.0431121587753296	-0.7809668	Yes	
row_97	CD300A	CD300a molecule [Source:HGNC Symbol;Acc:HGNC:19319]	12421	-1.0459003448486328	-0.77558017	Yes	
row_98	CD28	CD28 molecule [Source:HGNC Symbol;Acc:HGNC:1653]	12423	-1.046858549118042	-0.77018845	Yes	
row_99	RIPK2	receptor interacting serine/threonine kinase 2 [Source:HGNC Symbol;Acc:HGNC:10020]	12458	-1.0947935581207275	-0.76705194	Yes	
row_100	SLAMF1	signaling lymphocytic activation molecule family member 1 [Source:HGNC Symbol;Acc:HGNC:10903]	12463	-1.1003212928771973	-0.76160884	Yes	
row_101	UNC13D	unc-13 homolog D [Source:HGNC Symbol;Acc:HGNC:23147]	12471	-1.1171257495880127	-0.7563057	Yes	
row_102	B2M	beta-2-microglobulin [Source:HGNC Symbol;Acc:HGNC:914]	12473	-1.118391513824463	-0.75054044	Yes	
row_103	MALT1	MALT1 paracaspase [Source:HGNC Symbol;Acc:HGNC:6819]	12490	-1.142586588859558	-0.7457877	Yes	
row_104	LYN	LYN proto-oncogene, Src family tyrosine kinase [Source:HGNC Symbol;Acc:HGNC:6735]	12499	-1.154542088508606	-0.740365	Yes	
row_105	ITGAM	integrin subunit alpha M [Source:HGNC Symbol;Acc:HGNC:6149]	12532	-1.188663125038147	-0.7365864	Yes	
row_106	TGFB1	transforming growth factor beta 1 [Source:HGNC Symbol;Acc:HGNC:11766]	12548	-1.212853193283081	-0.7313907	Yes	
row_107	IL1R1	interleukin 1 receptor type 1 [Source:HGNC Symbol;Acc:HGNC:5993]	12568	-1.2378168106079102	-0.7263683	Yes	
row_108	FOXF1	forkhead box F1 [Source:HGNC Symbol;Acc:HGNC:3809]	12586	-1.271178960800171	-0.72101986	Yes	
row_109	TYROBP	TYRO protein tyrosine kinase binding protein [Source:HGNC Symbol;Acc:HGNC:12449]	12598	-1.2893348932266235	-0.71512103	Yes	
row_110	GATA2	GATA binding protein 2 [Source:HGNC Symbol;Acc:HGNC:4171]	12649	-1.3658682107925415	-0.7117835	Yes	
row_111	CD80	CD80 molecule [Source:HGNC Symbol;Acc:HGNC:1700]	12658	-1.3855133056640625	-0.70515454	Yes	
row_112	STAT6	signal transducer and activator of transcription 6 [Source:HGNC Symbol;Acc:HGNC:11368]	12659	-1.3939892053604126	-0.69787395	Yes	
row_113	ARID5A	AT-rich interaction domain 5A [Source:HGNC Symbol;Acc:HGNC:17361]	12678	-1.4312337636947632	-0.6917655	Yes	
row_114	NFKBIZ	NFKB inhibitor zeta [Source:HGNC Symbol;Acc:HGNC:29805]	12727	-1.5256743431091309	-0.68744147	Yes	
row_115	HPX	hemopexin [Source:HGNC Symbol;Acc:HGNC:5171]	12748	-1.561322808265686	-0.6808054	Yes	
row_116	TNFRSF4	TNF receptor superfamily member 4 [Source:HGNC Symbol;Acc:HGNC:11918]	12765	-1.621773362159729	-0.6735499	Yes	
row_117	LACC1	laccase domain containing 1 [Source:HGNC Symbol;Acc:HGNC:26789]	12771	-1.6358959674835205	-0.6653854	Yes	
row_118	BTK	Bruton tyrosine kinase [Source:HGNC Symbol;Acc:HGNC:1133]	12793	-1.687743902206421	-0.65816504	Yes	
row_119	ANXA1	annexin A1 [Source:HGNC Symbol;Acc:HGNC:533]	12799	-1.7074098587036133	-0.6496271	Yes	
row_120	NLRP3	NLR family pyrin domain containing 3 [Source:HGNC Symbol;Acc:HGNC:16400]	12833	-1.8187140226364136	-0.6426337	Yes	
row_121	FES	FES proto-oncogene, tyrosine kinase [Source:HGNC Symbol;Acc:HGNC:3657]	12857	-1.8652138710021973	-0.6346382	Yes	
row_122	FFAR2	free fatty acid receptor 2 [Source:HGNC Symbol;Acc:HGNC:4501]	12858	-1.8681418895721436	-0.62488115	Yes	
row_123	ARG1	arginase 1 [Source:HGNC Symbol;Acc:HGNC:663]	12859	-1.8745911121368408	-0.6150904	Yes	
row_124	NOD2	nucleotide binding oligomerization domain containing 2 [Source:HGNC Symbol;Acc:HGNC:5331]	12865	-1.8870857954025269	-0.60561407	Yes	
row_125	IL4R	interleukin 4 receptor [Source:HGNC Symbol;Acc:HGNC:6015]	12880	-1.922226071357727	-0.59663755	Yes	
row_126	CD1D	CD1d molecule [Source:HGNC Symbol;Acc:HGNC:1637]	12909	-2.011352062225342	-0.5882584	Yes	
row_127	RSAD2	radical S-adenosyl methionine domain containing 2 [Source:HGNC Symbol;Acc:HGNC:30908]	12911	-2.018421173095703	-0.5777924	Yes	
row_128	CD36	CD36 molecule [Source:HGNC Symbol;Acc:HGNC:1663]	12913	-2.0263617038726807	-0.56728494	Yes	
row_129	PTPN6	protein tyrosine phosphatase non-receptor type 6 [Source:HGNC Symbol;Acc:HGNC:9658]	12929	-2.0592994689941406	-0.5576684	Yes	
row_130	VAV1	vav guanine nucleotide exchange factor 1 [Source:HGNC Symbol;Acc:HGNC:12657]	12932	-2.0627310276031494	-0.54704684	Yes	
row_131	SYK	spleen associated tyrosine kinase [Source:HGNC Symbol;Acc:HGNC:11491]	12934	-2.071566104888916	-0.5363033	Yes	
row_132	HMOX1	heme oxygenase 1 [Source:HGNC Symbol;Acc:HGNC:5013]	12936	-2.079866647720337	-0.5255164	Yes	
row_133	TRIM6	tripartite motif containing 6 [Source:HGNC Symbol;Acc:HGNC:16277]	12976	-2.20326828956604	-0.5169701	Yes	
row_134	SLAMF6	SLAM family member 6 [Source:HGNC Symbol;Acc:HGNC:21392]	12985	-2.2255918979644775	-0.5059535	Yes	
row_135	DDX58	DExD/H-box helicase 58 [Source:HGNC Symbol;Acc:HGNC:19102]	13009	-2.3021128177642822	-0.49567616	Yes	
row_136	IL6	interleukin 6 [Source:HGNC Symbol;Acc:HGNC:6018]	13013	-2.304513931274414	-0.4838678	Yes	
row_137	CLCF1	cardiotrophin like cytokine factor 1 [Source:HGNC Symbol;Acc:HGNC:17412]	13020	-2.3279359340667725	-0.47216487	Yes	
row_138	CD74	CD74 molecule [Source:HGNC Symbol;Acc:HGNC:1697]	13023	-2.3369808197021484	-0.460111	Yes	
row_139	DDX60	DExD/H-box helicase 60 [Source:HGNC Symbol;Acc:HGNC:25942]	13035	-2.364609718322754	-0.44859615	Yes	
row_140	PTPRC	protein tyrosine phosphatase receptor type C [Source:HGNC Symbol;Acc:HGNC:9666]	13047	-2.397634506225586	-0.4369088	Yes	
row_141	RAC2	Rac family small GTPase 2 [Source:HGNC Symbol;Acc:HGNC:9802]	13104	-2.565918445587158	-0.42775914	Yes	
row_142	SPI1	Spi-1 proto-oncogene [Source:HGNC Symbol;Acc:HGNC:11241]	13133	-2.6677331924438477	-0.41595185	Yes	
row_143	CD40	CD40 molecule [Source:HGNC Symbol;Acc:HGNC:11919]	13139	-2.693387508392334	-0.4022643	Yes	
row_144	KLRD1	killer cell lectin like receptor D1 [Source:HGNC Symbol;Acc:HGNC:6378]	13141	-2.69734525680542	-0.38825235	Yes	
row_145	CD86	CD86 molecule [Source:HGNC Symbol;Acc:HGNC:1705]	13143	-2.7075791358947754	-0.374187	Yes	
row_146	PTAFR	platelet activating factor receptor [Source:HGNC Symbol;Acc:HGNC:9582]	13147	-2.7209060192108154	-0.36020386	Yes	
row_147	IL1B	interleukin 1 beta [Source:HGNC Symbol;Acc:HGNC:5992]	13160	-2.7633743286132812	-0.34668225	Yes	
row_148	DHX58	DExH-box helicase 58 [Source:HGNC Symbol;Acc:HGNC:29517]	13162	-2.7815897464752197	-0.33223033	Yes	
row_149	CD84	CD84 molecule [Source:HGNC Symbol;Acc:HGNC:1704]	13168	-2.8030569553375244	-0.31796998	Yes	
row_150	TLR4	toll like receptor 4 [Source:HGNC Symbol;Acc:HGNC:11850]	13184	-2.874952554702759	-0.30409336	Yes	
row_151	C3	complement C3 [Source:HGNC Symbol;Acc:HGNC:1318]	13187	-2.885869026184082	-0.28917274	Yes	
row_152	CCR2	C-C motif chemokine receptor 2 [Source:HGNC Symbol;Acc:HGNC:1603]	13202	-2.941856861114502	-0.27487078	Yes	
row_153	NOS2	nitric oxide synthase 2 [Source:HGNC Symbol;Acc:HGNC:7873]	13217	-3.02119779586792	-0.26015443	Yes	
row_154	PLCG2	phospholipase C gamma 2 [Source:NCBI gene;Acc:5336]	13222	-3.042161464691162	-0.24456936	Yes	
row_155	HLA-DMB	major histocompatibility complex, class II, DM beta [Source:HGNC Symbol;Acc:HGNC:4935]	13227	-3.0603208541870117	-0.22888944	Yes	
row_156	IFNG	interferon gamma [Source:HGNC Symbol;Acc:HGNC:5438]	13245	-3.171190023422241	-0.21361749	Yes	
row_157	SASH3	SAM and SH3 domain containing 3 [Source:HGNC Symbol;Acc:HGNC:15975]	13246	-3.185924530029297	-0.19697785	Yes	
row_158	KLRK1	killer cell lectin like receptor K1 [Source:HGNC Symbol;Acc:HGNC:18788]	13253	-3.2218995094299316	-0.18060587	Yes	
row_159	ITGB2	integrin subunit beta 2 [Source:HGNC Symbol;Acc:HGNC:6155]	13273	-3.344736337661743	-0.16457936	Yes	
row_160	KLK7	kallikrein related peptidase 7 [Source:HGNC Symbol;Acc:HGNC:6368]	13275	-3.3562138080596924	-0.14712626	Yes	
row_161	CD244	CD244 molecule [Source:HGNC Symbol;Acc:HGNC:18171]	13285	-3.4986789226531982	-0.12953648	Yes	
row_162	IL12RB1	interleukin 12 receptor subunit beta 1 [Source:HGNC Symbol;Acc:HGNC:5971]	13309	-3.862640857696533	-0.11110872	Yes	
row_163	IL12B	interleukin 12B [Source:HGNC Symbol;Acc:HGNC:5970]	13321	-4.15106201171875	-0.090263486	Yes	
row_164	FGR	FGR proto-oncogene, Src family tyrosine kinase [Source:HGNC Symbol;Acc:HGNC:3697]	13322	-4.204682350158691	-0.068303026	Yes	
row_165	CLEC7A	C-type lectin domain containing 7A [Source:HGNC Symbol;Acc:HGNC:14558]	13326	-4.382608890533447	-0.04564106	Yes	
row_166	SCIMP	SLP adaptor and CSK interacting membrane protein [Source:HGNC Symbol;Acc:HGNC:33504]	13328	-4.431081771850586	-0.022574076	Yes	
row_167	TNF	tumor necrosis factor [Source:HGNC Symbol;Acc:HGNC:11892]	13331	-4.453005790710449	5.314893E-4	Yes	
