NAME	SYMBOL	TITLE	RANK IN GENE LIST	RANK METRIC SCORE	RUNNING ES	CORE ENRICHMENT	
row_0	Nr4a3	nuclear receptor subfamily 4, group A, member 3 [Source:MGI Symbol;Acc:MGI:1352457]	474	0.8380746841430664	-0.024828905	No	
row_1	Apoa2	apolipoprotein A-II [Source:MGI Symbol;Acc:MGI:88050]	628	0.7409022450447083	-0.029413365	No	
row_2	Trpm4	transient receptor potential cation channel, subfamily M, member 4 [Source:MGI Symbol;Acc:MGI:1915917]	1028	0.5763267874717712	-0.05125531	No	
row_3	Il4	interleukin 4 [Source:MGI Symbol;Acc:MGI:96556]	1379	0.47648885846138	-0.07062682	No	
row_4	Prkcz	protein kinase C, zeta [Source:MGI Symbol;Acc:MGI:97602]	3256	0.23019728064537048	-0.19140258	No	
row_5	Cd55	CD55 molecule, decay accelerating factor for complement [Source:MGI Symbol;Acc:MGI:104850]	4075	0.1763404905796051	-0.243511	No	
row_6	Gprc5b	G protein-coupled receptor, family C, group 5, member B [Source:MGI Symbol;Acc:MGI:1927596]	4414	0.15806768834590912	-0.26442108	No	
row_7	Smad7	SMAD family member 7 [Source:MGI Symbol;Acc:MGI:1100518]	5135	0.12548799812793732	-0.31050342	No	
row_8	Tek	TEK receptor tyrosine kinase [Source:MGI Symbol;Acc:MGI:98664]	5781	0.09889744967222214	-0.35188413	No	
row_9	Ddx1	DEAD box helicase 1 [Source:MGI Symbol;Acc:MGI:2144727]	6323	0.07770732045173645	-0.38663083	No	
row_10	Card9	caspase recruitment domain family, member 9 [Source:MGI Symbol;Acc:MGI:2685628]	6355	0.07664771378040314	-0.3880954	No	
row_11	Cuedc2	CUE domain containing 2 [Source:MGI Symbol;Acc:MGI:1914366]	6430	0.07425659149885178	-0.39238426	No	
row_12	Rtn4	reticulon 4 [Source:MGI Symbol;Acc:MGI:1915835]	6693	0.06403952836990356	-0.4090191	No	
row_13	Tgfb2	transforming growth factor, beta 2 [Source:MGI Symbol;Acc:MGI:98726]	6771	0.06148901209235191	-0.41359687	No	
row_14	Atg9a	autophagy related 9A [Source:MGI Symbol;Acc:MGI:2138446]	6794	0.060511864721775055	-0.41459164	No	
row_15	Sema7a	sema domain, immunoglobulin domain (Ig), and GPI membrane anchor, (semaphorin) 7A [Source:MGI Symbol;Acc:MGI:1306826]	6860	0.057941555976867676	-0.41841197	No	
row_16	Dhx36	DEAH-box helicase 36 [Source:MGI Symbol;Acc:MGI:1919412]	7340	0.03847242146730423	-0.44939777	No	
row_17	Map3k7	mitogen-activated protein kinase kinase kinase 7 [Source:MGI Symbol;Acc:MGI:1346877]	8323	-0.002356388373300433	-0.51347977	No	
row_18	Tgfb3	transforming growth factor, beta 3 [Source:MGI Symbol;Acc:MGI:98727]	8326	-0.0024513504467904568	-0.5135925	No	
row_19	Atg5	autophagy related 5 [Source:MGI Symbol;Acc:MGI:1277186]	8454	-0.007538876961916685	-0.52182734	No	
row_20	Kit	KIT proto-oncogene receptor tyrosine kinase [Source:MGI Symbol;Acc:MGI:96677]	8765	-0.020402859896421432	-0.5419135	No	
row_21	Hk1	hexokinase 1 [Source:MGI Symbol;Acc:MGI:96103]	9485	-0.05358447879552841	-0.5884549	No	
row_22	Tril	TLR4 interactor with leucine-rich repeats [Source:MGI Symbol;Acc:MGI:1914123]	9523	-0.05528021603822708	-0.590467	No	
row_23	Gata3	GATA binding protein 3 [Source:MGI Symbol;Acc:MGI:95663]	9548	-0.05682508647441864	-0.5916192	No	
row_24	Mavs	mitochondrial antiviral signaling protein [Source:MGI Symbol;Acc:MGI:2444773]	9551	-0.05702131241559982	-0.591334	No	
row_25	Cd81	CD81 antigen [Source:MGI Symbol;Acc:MGI:1096398]	9704	-0.0650256797671318	-0.6007815	No	
row_26	Rabgef1	RAB guanine nucleotide exchange factor (GEF) 1 [Source:MGI Symbol;Acc:MGI:1929459]	10117	-0.08836833387613297	-0.6270301	No	
row_27	Panx1	pannexin 1 [Source:MGI Symbol;Acc:MGI:1860055]	10193	-0.09243489801883698	-0.63125163	No	
row_28	Wnt5a	wingless-type MMTV integration site family, member 5A [Source:MGI Symbol;Acc:MGI:98958]	10388	-0.10429193824529648	-0.6431543	No	
row_29	Ube2j1	ubiquitin-conjugating enzyme E2J 1 [Source:MGI Symbol;Acc:MGI:1926245]	10522	-0.11169470846652985	-0.65102136	No	
row_30	Sphk2	sphingosine kinase 2 [Source:MGI Symbol;Acc:MGI:1861380]	10664	-0.12072138488292694	-0.65934473	No	
row_31	Mif	macrophage migration inhibitory factor (glycosylation-inhibiting factor) [Source:MGI Symbol;Acc:MGI:96982]	11220	-0.16628685593605042	-0.69435936	No	
row_32	Il18	interleukin 18 [Source:MGI Symbol;Acc:MGI:107936]	11397	-0.1832057386636734	-0.7045117	No	
row_33	Sirt1	sirtuin 1 [Source:MGI Symbol;Acc:MGI:2135607]	11575	-0.20096233487129211	-0.71459985	No	
row_34	Bcl6	B cell leukemia/lymphoma 6 [Source:MGI Symbol;Acc:MGI:107187]	12176	-0.27032357454299927	-0.7517932	No	
row_35	Dennd1b	DENN domain containing 1B [Source:MGI Symbol;Acc:MGI:2447812]	12348	-0.29408881068229675	-0.7608107	No	
row_36	Vsir	V-set immunoregulatory receptor [Source:MGI Symbol;Acc:MGI:1921298]	12380	-0.29802560806274414	-0.76066107	No	
row_37	Traf2	TNF receptor-associated factor 2 [Source:MGI Symbol;Acc:MGI:101835]	12482	-0.3134261667728424	-0.7649683	No	
row_38	Ddx21	DExD box helicase 21 [Source:MGI Symbol;Acc:MGI:1860494]	12585	-0.32710686326026917	-0.7692411	No	
row_39	Nlrx1	NLR family member X1 [Source:MGI Symbol;Acc:MGI:2429611]	12723	-0.3495851159095764	-0.7756345	No	
row_40	Tbx21	T-box 21 [Source:MGI Symbol;Acc:MGI:1888984]	13216	-0.46224460005760193	-0.80437887	No	
row_41	Mapkapk2	MAP kinase-activated protein kinase 2 [Source:MGI Symbol;Acc:MGI:109298]	13555	-0.5824083089828491	-0.8221947	No	
row_42	Traf6	TNF receptor-associated factor 6 [Source:MGI Symbol;Acc:MGI:108072]	13714	-0.6538277268409729	-0.8277405	No	
row_43	Angpt1	angiopoietin 1 [Source:MGI Symbol;Acc:MGI:108448]	13951	-0.7729238867759705	-0.8375092	Yes	
row_44	Inava	innate immunity activator [Source:MGI Symbol;Acc:MGI:1921579]	13954	-0.7741163969039917	-0.83199507	Yes	
row_45	Litaf	LPS-induced TN factor [Source:MGI Symbol;Acc:MGI:1929512]	13979	-0.7880257368087769	-0.82781553	Yes	
row_46	Axl	AXL receptor tyrosine kinase [Source:MGI Symbol;Acc:MGI:1347244]	13985	-0.7958182692527771	-0.822339	Yes	
row_47	P2rx7	purinergic receptor P2X, ligand-gated ion channel, 7 [Source:MGI Symbol;Acc:MGI:1339957]	14045	-0.830166757106781	-0.8201368	Yes	
row_48	Ticam1	TIR domain containing adaptor molecule 1 [Source:MGI Symbol;Acc:MGI:2147032]	14082	-0.8556047677993774	-0.8162478	Yes	
row_49	Laptm5	lysosomal-associated protein transmembrane 5 [Source:MGI Symbol;Acc:MGI:108046]	14185	-0.9294797778129578	-0.8161282	Yes	
row_50	Pkp3	plakophilin 3 [Source:MGI Symbol;Acc:MGI:1891830]	14192	-0.9340769052505493	-0.8097088	Yes	
row_51	Fzd5	frizzled class receptor 5 [Source:MGI Symbol;Acc:MGI:108571]	14219	-0.9562937021255493	-0.80443287	Yes	
row_52	Ripk2	receptor (TNFRSF)-interacting serine-threonine kinase 2 [Source:MGI Symbol;Acc:MGI:1891456]	14349	-1.0947935581207275	-0.80487025	Yes	
row_53	Slamf1	signaling lymphocytic activation molecule family member 1 [Source:MGI Symbol;Acc:MGI:1351314]	14354	-1.1003212928771973	-0.79710805	Yes	
row_54	B2m	beta-2 microglobulin [Source:MGI Symbol;Acc:MGI:88127]	14367	-1.118391513824463	-0.78973633	Yes	
row_55	Jak3	Janus kinase 3 [Source:MGI Symbol;Acc:MGI:99928]	14370	-1.1279429197311401	-0.78164214	Yes	
row_56	Malt1	MALT1 paracaspase [Source:MGI Symbol;Acc:MGI:2445027]	14384	-1.142586588859558	-0.77415925	Yes	
row_57	Hfe	homeostatic iron regulator [Source:MGI Symbol;Acc:MGI:109191]	14391	-1.152908205986023	-0.76614416	Yes	
row_58	Tgfb1	transforming growth factor, beta 1 [Source:MGI Symbol;Acc:MGI:98725]	14447	-1.212853193283081	-0.7608904	Yes	
row_59	Il1r1	interleukin 1 receptor, type I [Source:MGI Symbol;Acc:MGI:96545]	14470	-1.2378168106079102	-0.75330055	Yes	
row_60	Tirap	toll-interleukin 1 receptor (TIR) domain-containing adaptor protein [Source:MGI Symbol;Acc:MGI:2152213]	14495	-1.2793903350830078	-0.7455381	Yes	
row_61	Nod1	nucleotide-binding oligomerization domain containing 1 [Source:MGI Symbol;Acc:MGI:1341839]	14513	-1.3084510564804077	-0.73710686	Yes	
row_62	Arid5a	AT-rich interaction domain 5A [Source:MGI Symbol;Acc:MGI:2443039]	14597	-1.4312337636947632	-0.7320884	Yes	
row_63	Tlr3	toll-like receptor 3 [Source:MGI Symbol;Acc:MGI:2156367]	14643	-1.505021572113037	-0.7240515	Yes	
row_64	Myd88	myeloid differentiation primary response gene 88 [Source:MGI Symbol;Acc:MGI:108005]	14676	-1.5513466596603394	-0.7148282	Yes	
row_65	Lacc1	laccase domain containing 1 [Source:MGI Symbol;Acc:MGI:2445077]	14713	-1.6358959674835205	-0.7052495	Yes	
row_66	Nlrp3	NLR family, pyrin domain containing 3 [Source:MGI Symbol;Acc:MGI:2653833]	14789	-1.8187140226364136	-0.69688344	Yes	
row_67	Ffar2	free fatty acid receptor 2 [Source:MGI Symbol;Acc:MGI:2441731]	14814	-1.8681418895721436	-0.684828	Yes	
row_68	Arg1	arginase, liver [Source:MGI Symbol;Acc:MGI:88070]	14815	-1.8745911121368408	-0.6711589	Yes	
row_69	Nod2	nucleotide-binding oligomerization domain containing 2 [Source:MGI Symbol;Acc:MGI:2429397]	14821	-1.8870857954025269	-0.6577251	Yes	
row_70	Pycard	PYD and CARD domain containing [Source:MGI Symbol;Acc:MGI:1931465]	14845	-1.946400761604309	-0.64503366	Yes	
row_71	Fcer1g	Fc receptor, IgE, high affinity I, gamma polypeptide [Source:MGI Symbol;Acc:MGI:95496]	14849	-1.9575062990188599	-0.6309558	Yes	
row_72	Rsad2	radical S-adenosyl methionine domain containing 2 [Source:MGI Symbol;Acc:MGI:1929628]	14874	-2.018421173095703	-0.6178045	Yes	
row_73	Cd36	CD36 molecule [Source:MGI Symbol;Acc:MGI:107899]	14876	-2.0263617038726807	-0.6030941	Yes	
row_74	Gimap3	GTPase, IMAP family member 3 [Source:MGI Symbol;Acc:MGI:1932723]	14884	-2.031559467315674	-0.58873737	Yes	
row_75	Bst2	bone marrow stromal cell antigen 2 [Source:MGI Symbol;Acc:MGI:1916800]	14885	-2.0329341888427734	-0.5739137	Yes	
row_76	Syk	spleen tyrosine kinase [Source:MGI Symbol;Acc:MGI:99515]	14902	-2.071566104888916	-0.55985266	Yes	
row_77	Hmox1	heme oxygenase 1 [Source:MGI Symbol;Acc:MGI:96163]	14904	-2.079866647720337	-0.54475206	Yes	
row_78	Irak3	interleukin-1 receptor-associated kinase 3 [Source:MGI Symbol;Acc:MGI:1921164]	14908	-2.0854570865631104	-0.5297412	Yes	
row_79	Trim6	tripartite motif-containing 6 [Source:MGI Symbol;Acc:MGI:2137352]	14950	-2.20326828956604	-0.51635176	Yes	
row_80	Lilrb4b	leukocyte immunoglobulin-like receptor, subfamily B, member 4B [Source:MGI Symbol;Acc:MGI:102702]	14956	-2.218184232711792	-0.50050366	Yes	
row_81	Casp1	caspase 1 [Source:MGI Symbol;Acc:MGI:96544]	14968	-2.260185956954956	-0.4847409	Yes	
row_82	Rigi	RNA sensor RIG-I [Source:MGI Symbol;Acc:MGI:2442858]	14993	-2.3021128177642822	-0.46952102	Yes	
row_83	Il6	interleukin 6 [Source:MGI Symbol;Acc:MGI:96559]	14997	-2.304513931274414	-0.45291287	Yes	
row_84	Cd74	CD74 antigen (invariant polypeptide of major histocompatibility complex, class II antigen-associated) [Source:MGI Symbol;Acc:MGI:96534]	15010	-2.3369808197021484	-0.43665546	Yes	
row_85	Gimap5	GTPase, IMAP family member 5 [Source:MGI Symbol;Acc:MGI:2442232]	15011	-2.338693857192993	-0.41960225	Yes	
row_86	Irf5	interferon regulatory factor 5 [Source:MGI Symbol;Acc:MGI:1350924]	15057	-2.4426302909851074	-0.4047285	Yes	
row_87	Ifnb1	interferon beta 1, fibroblast [Source:MGI Symbol;Acc:MGI:107657]	15104	-2.5572633743286133	-0.38908416	Yes	
row_88	Casp4	caspase 4, apoptosis-related cysteine peptidase [Source:MGI Symbol;Acc:MGI:107700]	15130	-2.620363235473633	-0.37160894	Yes	
row_89	Tlr7	toll-like receptor 7 [Source:MGI Symbol;Acc:MGI:2176882]	15150	-2.6877198219299316	-0.35325092	Yes	
row_90	Il1b	interleukin 1 beta [Source:MGI Symbol;Acc:MGI:96543]	15181	-2.7633743286132812	-0.3350593	Yes	
row_91	H2-M3	histocompatibility 2, M region locus 3 [Source:MGI Symbol;Acc:MGI:95915]	15183	-2.7687342166900635	-0.3149356	Yes	
row_92	Tnfrsf1b	tumor necrosis factor receptor superfamily, member 1b [Source:MGI Symbol;Acc:MGI:1314883]	15213	-2.8627378940582275	-0.29595414	Yes	
row_93	Tlr4	toll-like receptor 4 [Source:MGI Symbol;Acc:MGI:96824]	15219	-2.874952554702759	-0.27531704	Yes	
row_94	Ccr2	C-C motif chemokine receptor 2 [Source:MGI Symbol;Acc:MGI:106185]	15238	-2.941856861114502	-0.25504065	Yes	
row_95	Plcg2	phospholipase C, gamma 2 [Source:MGI Symbol;Acc:MGI:97616]	15264	-3.042161464691162	-0.23448977	Yes	
row_96	Acp5	acid phosphatase 5, tartrate resistant [Source:MGI Symbol;Acc:MGI:87883]	15277	-3.0996084213256836	-0.21267144	Yes	
row_97	Calhm6	calcium homeostasis modulator family member 6 [Source:MGI Symbol;Acc:MGI:2443082]	15282	-3.134615182876587	-0.19007567	Yes	
row_98	Ifng	interferon gamma [Source:MGI Symbol;Acc:MGI:107656]	15290	-3.171190023422241	-0.16740902	Yes	
row_99	Sash3	SAM and SH3 domain containing 3 [Source:MGI Symbol;Acc:MGI:1921381]	15292	-3.185924530029297	-0.14424329	Yes	
row_100	H2-T23	histocompatibility 2, T region locus 23 [Source:MGI Symbol;Acc:MGI:95957]	15377	-3.80800199508667	-0.121959254	Yes	
row_101	Tlr2	toll-like receptor 2 [Source:MGI Symbol;Acc:MGI:1346060]	15378	-3.8438563346862793	-0.09393076	Yes	
row_102	Clec7a	C-type lectin domain family 7, member a [Source:MGI Symbol;Acc:MGI:1861431]	15405	-4.382608890533447	-0.06367093	Yes	
row_103	Scimp	SLP adaptor and CSK interacting membrane protein [Source:MGI Symbol;Acc:MGI:3610314]	15408	-4.431081771850586	-0.031491082	Yes	
row_104	Tnf	tumor necrosis factor [Source:MGI Symbol;Acc:MGI:104798]	15411	-4.453005790710449	8.48638E-4	Yes	
