NAME	SYMBOL	TITLE	RANK IN GENE LIST	RANK METRIC SCORE	RUNNING ES	CORE ENRICHMENT	
row_0	Gbx2	gastrulation brain homeobox 2 [Source:MGI Symbol;Acc:MGI:95668]	88	1.4167084693908691	0.10779334	Yes	
row_1	Pax7	paired box 7 [Source:MGI Symbol;Acc:MGI:97491]	204	1.135860800743103	0.19132817	Yes	
row_2	En1	engrailed 1 [Source:MGI Symbol;Acc:MGI:95389]	471	0.8404632806777954	0.24137677	Yes	
row_3	Gli2	GLI-Kruppel family member GLI2 [Source:MGI Symbol;Acc:MGI:95728]	578	0.7694270610809326	0.296136	Yes	
row_4	Bmp4	bone morphogenetic protein 4 [Source:MGI Symbol;Acc:MGI:88180]	840	0.6470739245414734	0.33101422	Yes	
row_5	Tmem107	transmembrane protein 107 [Source:MGI Symbol;Acc:MGI:1914160]	923	0.6149824857711792	0.37495884	Yes	
row_6	Smo	smoothened, frizzled class receptor [Source:MGI Symbol;Acc:MGI:108075]	1013	0.5793691277503967	0.41559482	Yes	
row_7	Shh	sonic hedgehog [Source:MGI Symbol;Acc:MGI:98297]	1165	0.5332115292549133	0.44850144	Yes	
row_8	Ift140	intraflagellar transport 140 [Source:MGI Symbol;Acc:MGI:2146906]	1454	0.4579659402370453	0.46647185	Yes	
row_9	Rpgrip1l	Rpgrip1-like [Source:MGI Symbol;Acc:MGI:1920563]	1770	0.39681336283683777	0.47778696	Yes	
row_10	Gas1	growth arrest specific 1 [Source:MGI Symbol;Acc:MGI:95655]	1818	0.3880307376384735	0.5058225	Yes	
row_11	Traf3ip1	TRAF3 interacting protein 1 [Source:MGI Symbol;Acc:MGI:1921269]	2022	0.3576070964336395	0.52127784	Yes	
row_12	Dzip1l	DAZ interacting protein 1-like [Source:MGI Symbol;Acc:MGI:1919757]	2059	0.35142821073532104	0.5470957	Yes	
row_13	Kif3a	kinesin family member 3A [Source:MGI Symbol;Acc:MGI:107689]	2787	0.26887047290802	0.52137303	No	
row_14	Cdk20	cyclin dependent kinase 20 [Source:MGI Symbol;Acc:MGI:2145349]	2836	0.26482248306274414	0.5394714	No	
row_15	Ift122	intraflagellar transport 122 [Source:MGI Symbol;Acc:MGI:1932386]	3572	0.20691758394241333	0.50826454	No	
row_16	Ssbp3	single-stranded DNA binding protein 3 [Source:MGI Symbol;Acc:MGI:1919725]	4159	0.171947181224823	0.48394296	No	
row_17	Tbc1d32	TBC1 domain family, member 32 [Source:MGI Symbol;Acc:MGI:2442827]	4578	0.15117576718330383	0.46887964	No	
row_18	Ptch1	patched 1 [Source:MGI Symbol;Acc:MGI:105373]	4949	0.13333795964717865	0.45550779	No	
row_19	Lrp6	low density lipoprotein receptor-related protein 6 [Source:MGI Symbol;Acc:MGI:1298218]	5282	0.11874602735042572	0.4434373	No	
row_20	Pax6	paired box 6 [Source:MGI Symbol;Acc:MGI:97490]	5635	0.10456127673387527	0.42892995	No	
row_21	Wdr19	WD repeat domain 19 [Source:MGI Symbol;Acc:MGI:2443231]	5919	0.09363401681184769	0.41803312	No	
row_22	Prkaca	protein kinase, cAMP dependent, catalytic, alpha [Source:MGI Symbol;Acc:MGI:97592]	6026	0.08953005820512772	0.41831517	No	
row_23	Prkacb	protein kinase, cAMP dependent, catalytic, beta [Source:MGI Symbol;Acc:MGI:97594]	6473	0.07226625084877014	0.39510873	No	
row_24	Sox17	SRY (sex determining region Y)-box 17 [Source:MGI Symbol;Acc:MGI:107543]	6629	0.06662056595087051	0.3903694	No	
row_25	Rab23	RAB23, member RAS oncogene family [Source:MGI Symbol;Acc:MGI:99833]	7122	0.04760660603642464	0.36219636	No	
row_26	Arl13b	ADP-ribosylation factor-like 13B [Source:MGI Symbol;Acc:MGI:1915396]	7642	0.025947529822587967	0.3305325	No	
row_27	Hes3	hes family bHLH transcription factor 3 [Source:MGI Symbol;Acc:MGI:104877]	8027	0.010731092654168606	0.30642647	No	
row_28	Fkbp8	FK506 binding protein 8 [Source:MGI Symbol;Acc:MGI:1341070]	8069	0.008433072827756405	0.30443656	No	
row_29	Atp6ap2	ATPase, H+ transporting, lysosomal accessory protein 2 [Source:MGI Symbol;Acc:MGI:1917745]	8392	-0.004737646318972111	0.28388125	No	
row_30	Gpr161	G protein-coupled receptor 161 [Source:MGI Symbol;Acc:MGI:2685054]	8655	-0.015780532732605934	0.26811165	No	
row_31	Rnf220	ring finger protein 220 [Source:MGI Symbol;Acc:MGI:1913993]	8918	-0.026566825807094574	0.25320634	No	
row_32	Gli3	GLI-Kruppel family member GLI3 [Source:MGI Symbol;Acc:MGI:95729]	9666	-0.06332819163799286	0.20971414	No	
row_33	Psen1	presenilin 1 [Source:MGI Symbol;Acc:MGI:1202717]	9934	-0.07733799517154694	0.19855182	No	
row_34	Bmi1	Bmi1 polycomb ring finger oncogene [Source:MGI Symbol;Acc:MGI:88174]	10043	-0.08396489173173904	0.19825791	No	
row_35	Hes1	hes family bHLH transcription factor 1 [Source:MGI Symbol;Acc:MGI:104853]	10180	-0.09162396192550659	0.19675726	No	
row_36	Gorab	golgin, RAB6-interacting [Source:MGI Symbol;Acc:MGI:2138271]	10903	-0.1382148712873459	0.16089079	No	
row_37	Tctn1	tectonic family member 1 [Source:MGI Symbol;Acc:MGI:3603820]	11019	-0.14762957394123077	0.16524294	No	
row_38	Kdm2b	lysine (K)-specific demethylase 2B [Source:MGI Symbol;Acc:MGI:1354737]	11180	-0.16318048536777496	0.16791543	No	
row_39	Tmed2	transmembrane p24 trafficking protein 2 [Source:MGI Symbol;Acc:MGI:1929269]	11478	-0.19150467216968536	0.16395034	No	
row_40	Tulp3	TUB like protein 3 [Source:MGI Symbol;Acc:MGI:1329045]	11914	-0.23849642276763916	0.15477838	No	
row_41	Psen2	presenilin 2 [Source:MGI Symbol;Acc:MGI:109284]	12044	-0.25287115573883057	0.16665286	No	
row_42	Mks1	MKS transition zone complex subunit 1 [Source:MGI Symbol;Acc:MGI:3584243]	12045	-0.25302281975746155	0.18692648	No	
row_43	Sufu	SUFU negative regulator of hedgehog signaling [Source:MGI Symbol;Acc:MGI:1345643]	13005	-0.40804722905158997	0.15727188	No	
