NAME	SYMBOL	TITLE	RANK IN GENE LIST	RANK METRIC SCORE	RUNNING ES	CORE ENRICHMENT	
row_0	PLA2G5	phospholipase A2 group V [Source:HGNC Symbol;Acc:HGNC:9038]	690	0.5835901498794556	-0.049243994	No	
row_1	DRD2	dopamine receptor D2 [Source:HGNC Symbol;Acc:HGNC:3023]	836	0.525939404964447	-0.05741152	No	
row_2	PPARG	peroxisome proliferator activated receptor gamma [Source:HGNC Symbol;Acc:HGNC:9236]	1156	0.4286375939846039	-0.07931906	No	
row_3	IRF3	interferon regulatory factor 3 [Source:HGNC Symbol;Acc:HGNC:6118]	1382	0.37732234597206116	-0.09436557	No	
row_4	TYRO3	TYRO3 protein tyrosine kinase [Source:HGNC Symbol;Acc:HGNC:12446]	1552	0.34829652309417725	-0.105316296	No	
row_5	PRKDC	protein kinase, DNA-activated, catalytic subunit [Source:HGNC Symbol;Acc:HGNC:9413]	1957	0.2920975387096405	-0.13441722	No	
row_6	TKFC	triokinase and FMN cyclase [Source:HGNC Symbol;Acc:HGNC:24552]	2371	0.2458161860704422	-0.16445188	No	
row_7	APPL2	adaptor protein, phosphotyrosine interacting with PH domain and leucine zipper 2 [Source:HGNC Symbol;Acc:HGNC:18242]	2522	0.23336371779441833	-0.17458121	No	
row_8	USP29	ubiquitin specific peptidase 29 [Source:HGNC Symbol;Acc:HGNC:18563]	2687	0.21994227170944214	-0.18584631	No	
row_9	SFPQ	splicing factor proline and glutamine rich [Source:HGNC Symbol;Acc:HGNC:10774]	3210	0.1835232973098755	-0.22449547	No	
row_10	HEXIM1	HEXIM P-TEFb complex subunit 1 [Source:HGNC Symbol;Acc:HGNC:24953]	3351	0.1739577203989029	-0.23418663	No	
row_11	XRCC6	X-ray repair cross complementing 6 [Source:HGNC Symbol;Acc:HGNC:4055]	3615	0.1584256887435913	-0.2533026	No	
row_12	PSPC1	paraspeckle component 1 [Source:HGNC Symbol;Acc:HGNC:20320]	3617	0.15833738446235657	-0.25252235	No	
row_13	HSP90AA1	heat shock protein 90 alpha family class A member 1 [Source:HGNC Symbol;Acc:HGNC:5253]	3671	0.15572668612003326	-0.25570515	No	
row_14	PAK3	p21 (RAC1) activated kinase 3 [Source:HGNC Symbol;Acc:HGNC:8592]	3842	0.14690861105918884	-0.26782084	No	
row_15	LRP8	LDL receptor related protein 8 [Source:HGNC Symbol;Acc:HGNC:6700]	4021	0.1383722871541977	-0.2805902	No	
row_16	FAM3A	family with sequence similarity 3 member A [Source:HGNC Symbol;Acc:HGNC:13749]	4274	0.12628741562366486	-0.2990446	No	
row_17	SUSD4	sushi domain containing 4 [Source:HGNC Symbol;Acc:HGNC:25470]	4289	0.12542270123958588	-0.29942957	No	
row_18	APPL1	adaptor protein, phosphotyrosine interacting with PH domain and leucine zipper 1 [Source:HGNC Symbol;Acc:HGNC:24035]	4337	0.12290007621049881	-0.30233425	No	
row_19	CREBBP	CREB binding protein [Source:HGNC Symbol;Acc:HGNC:2348]	4543	0.1134248822927475	-0.31728894	No	
row_20	CADM1	cell adhesion molecule 1 [Source:HGNC Symbol;Acc:HGNC:5951]	4780	0.10294981300830841	-0.33465448	No	
row_21	RASGRP1	RAS guanyl releasing protein 1 [Source:HGNC Symbol;Acc:HGNC:9878]	5006	0.09335950762033463	-0.35123652	No	
row_22	CRK	CRK proto-oncogene, adaptor protein [Source:HGNC Symbol;Acc:HGNC:2362]	5279	0.08166471123695374	-0.37145105	No	
row_23	HSP90AB1	heat shock protein 90 alpha family class B member 1 [Source:HGNC Symbol;Acc:HGNC:5258]	5391	0.07705908268690109	-0.37946388	No	
row_24	CARD9	caspase recruitment domain family member 9 [Source:HGNC Symbol;Acc:HGNC:16391]	5407	0.07664771378040314	-0.38018852	No	
row_25	PQBP1	polyglutamine binding protein 1 [Source:HGNC Symbol;Acc:HGNC:9330]	5461	0.07487288117408752	-0.38380858	No	
row_26	SRC	SRC proto-oncogene, non-receptor tyrosine kinase [Source:HGNC Symbol;Acc:HGNC:11283]	5518	0.07220746576786041	-0.38767084	No	
row_27	MATR3	matrin 3 [Source:HGNC Symbol;Acc:HGNC:6912]	5945	0.05463186278939247	-0.41972658	No	
row_28	APOE	apolipoprotein E [Source:HGNC Symbol;Acc:HGNC:613]	6033	0.05103692039847374	-0.42605752	No	
row_29	USP15	ubiquitin specific peptidase 15 [Source:HGNC Symbol;Acc:HGNC:12613]	6105	0.0477544441819191	-0.43119115	No	
row_30	CNOT7	CCR4-NOT transcription complex subunit 7 [Source:HGNC Symbol;Acc:HGNC:14101]	6164	0.044984858483076096	-0.4353525	No	
row_31	POLR3B	RNA polymerase III subunit B [Source:HGNC Symbol;Acc:HGNC:30348]	6209	0.04254738241434097	-0.43846387	No	
row_32	FYN	FYN proto-oncogene, Src family tyrosine kinase [Source:HGNC Symbol;Acc:HGNC:4037]	6245	0.040975913405418396	-0.44090024	No	
row_33	TTLL12	tubulin tyrosine ligase like 12 [Source:HGNC Symbol;Acc:HGNC:28974]	6272	0.03970516473054886	-0.44266003	No	
row_34	IKBKB	inhibitor of nuclear factor kappa B kinase subunit beta [Source:HGNC Symbol;Acc:HGNC:5960]	6589	0.025427047163248062	-0.4665201	No	
row_35	EP300	E1A binding protein p300 [Source:HGNC Symbol;Acc:HGNC:3373]	6729	0.019705791026353836	-0.47696942	No	
row_36	COCH	cochlin [Source:HGNC Symbol;Acc:HGNC:2180]	6769	0.01819094642996788	-0.4798328	No	
row_37	AP1G1	adaptor related protein complex 1 subunit gamma 1 [Source:HGNC Symbol;Acc:HGNC:555]	6820	0.016353324055671692	-0.48354146	No	
row_38	PAK1	p21 (RAC1) activated kinase 1 [Source:HGNC Symbol;Acc:HGNC:8590]	7000	0.007522960659116507	-0.49709433	No	
row_39	XRCC5	X-ray repair cross complementing 5 [Source:HGNC Symbol;Acc:HGNC:12833]	7003	0.0073735774494707584	-0.49720633	No	
row_40	PTPN11	protein tyrosine phosphatase non-receptor type 11 [Source:HGNC Symbol;Acc:HGNC:9644]	7078	0.0038902198430150747	-0.502805	No	
row_41	MAP3K7	mitogen-activated protein kinase kinase kinase 7 [Source:HGNC Symbol;Acc:HGNC:6859]	7212	-0.002356388373300433	-0.5128925	No	
row_42	SIN3A	SIN3 transcription regulator family member A [Source:HGNC Symbol;Acc:HGNC:19353]	7274	-0.004680459387600422	-0.5174996	No	
row_43	UBE2K	ubiquitin conjugating enzyme E2 K [Source:HGNC Symbol;Acc:HGNC:4914]	7431	-0.012234127148985863	-0.52928036	No	
row_44	CRTAM	cytotoxic and regulatory T cell molecule [Source:HGNC Symbol;Acc:HGNC:24313]	7467	-0.013651235960423946	-0.5318645	No	
row_45	AKIRIN2	akirin 2 [Source:HGNC Symbol;Acc:HGNC:21407]	7690	-0.024124056100845337	-0.5485931	No	
row_46	POLR3D	RNA polymerase III subunit D [Source:HGNC Symbol;Acc:HGNC:1080]	7786	-0.02878306433558464	-0.5556519	No	
row_47	MED1	mediator complex subunit 1 [Source:HGNC Symbol;Acc:HGNC:9234]	7872	-0.03352471441030502	-0.5619257	No	
row_48	CACTIN	cactin, spliceosome C complex subunit [Source:HGNC Symbol;Acc:HGNC:29938]	8009	-0.040019016712903976	-0.57203734	No	
row_49	MUL1	mitochondrial E3 ubiquitin protein ligase 1 [Source:HGNC Symbol;Acc:HGNC:25762]	8027	-0.040738217532634735	-0.5731081	No	
row_50	MAVS	mitochondrial antiviral signaling protein [Source:HGNC Symbol;Acc:HGNC:29233]	8311	-0.05702131241559982	-0.5942912	No	
row_51	DHX9	DExH-box helicase 9 [Source:HGNC Symbol;Acc:HGNC:2750]	8493	-0.06751791387796402	-0.60767156	No	
row_52	PAK2	p21 (RAC1) activated kinase 2 [Source:HGNC Symbol;Acc:HGNC:8591]	8531	-0.0704568549990654	-0.6101004	No	
row_53	LYAR	Ly1 antibody reactive [Source:HGNC Symbol;Acc:HGNC:26021]	8593	-0.07382623851299286	-0.6143336	No	
row_54	YTHDF2	YTH N6-methyladenosine RNA binding protein 2 [Source:HGNC Symbol;Acc:HGNC:31675]	8705	-0.0817827358841896	-0.6223209	No	
row_55	RNF185	ring finger protein 185 [Source:HGNC Symbol;Acc:HGNC:26783]	8825	-0.0889887660741806	-0.6308768	No	
row_56	TOMM70	translocase of outer mitochondrial membrane 70 [Source:HGNC Symbol;Acc:HGNC:11985]	8893	-0.09333007037639618	-0.6354602	No	
row_57	CDC37	cell division cycle 37 [Source:HGNC Symbol;Acc:HGNC:1735]	8925	-0.09531385451555252	-0.63729894	No	
row_58	NR1H2	nuclear receptor subfamily 1 group H member 2 [Source:NCBI gene;Acc:7376]	8934	-0.09581375867128372	-0.6373884	No	
row_59	LSM14A	LSM14A mRNA processing body assembly factor [Source:HGNC Symbol;Acc:HGNC:24489]	9006	-0.10102862864732742	-0.6422339	No	
row_60	USP27X	ubiquitin specific peptidase 27 X-linked [Source:HGNC Symbol;Acc:HGNC:13486]	9018	-0.10152212530374527	-0.6425203	No	
row_61	WNT5A	Wnt family member 5A [Source:HGNC Symbol;Acc:HGNC:12784]	9052	-0.10429193824529648	-0.6444624	No	
row_62	RBM14	RNA binding motif protein 14 [Source:HGNC Symbol;Acc:HGNC:14219]	9106	-0.10720554739236832	-0.6479076	No	
row_63	METTL3	methyltransferase like 3 [Source:HGNC Symbol;Acc:HGNC:17563]	9194	-0.1132756695151329	-0.653902	No	
row_64	DUSP10	dual specificity phosphatase 10 [Source:HGNC Symbol;Acc:HGNC:3065]	9486	-0.1371394842863083	-0.6752595	No	
row_65	ZCCHC3	zinc finger CCHC-type containing 3 [Source:HGNC Symbol;Acc:HGNC:16230]	9671	-0.15487781167030334	-0.6883952	No	
row_66	SLC15A4	solute carrier family 15 member 4 [Source:HGNC Symbol;Acc:HGNC:23090]	9853	-0.17477574944496155	-0.70119554	No	
row_67	GFER	growth factor, augmenter of liver regeneration [Source:HGNC Symbol;Acc:HGNC:4236]	9855	-0.17510312795639038	-0.70032465	No	
row_68	PIK3R6	phosphoinositide-3-kinase regulatory subunit 6 [Source:HGNC Symbol;Acc:HGNC:27101]	9994	-0.18987949192523956	-0.70977783	No	
row_69	PTPN2	protein tyrosine phosphatase non-receptor type 2 [Source:HGNC Symbol;Acc:HGNC:9650]	10059	-0.19716961681842804	-0.7135719	No	
row_70	NONO	non-POU domain containing octamer binding [Source:HGNC Symbol;Acc:HGNC:7871]	10063	-0.19767099618911743	-0.7127308	No	
row_71	YTHDF3	YTH N6-methyladenosine RNA binding protein 3 [Source:HGNC Symbol;Acc:HGNC:26465]	10152	-0.20816954970359802	-0.718288	No	
row_72	BANF1	barrier to autointegration factor 1 [Source:HGNC Symbol;Acc:HGNC:17397]	10220	-0.21636570990085602	-0.7222061	No	
row_73	BIRC2	baculoviral IAP repeat containing 2 [Source:HGNC Symbol;Acc:HGNC:590]	10240	-0.2188042849302292	-0.7224658	No	
row_74	CR1	complement C3b/C4b receptor 1 (Knops blood group) [Source:HGNC Symbol;Acc:HGNC:2334]	10295	-0.22655810415744781	-0.72534156	No	
row_75	RIOK3	RIO kinase 3 [Source:HGNC Symbol;Acc:HGNC:11451]	10309	-0.22821156680583954	-0.72509474	No	
row_76	POLR3C	RNA polymerase III subunit C [Source:HGNC Symbol;Acc:HGNC:30076]	10359	-0.23422332108020782	-0.7275493	No	
row_77	TRIM62	tripartite motif containing 62 [Source:HGNC Symbol;Acc:HGNC:25574]	10540	-0.25772079825401306	-0.7398252	No	
row_78	RPS19	ribosomal protein S19 [Source:HGNC Symbol;Acc:HGNC:10402]	10554	-0.2597241699695587	-0.73940796	No	
row_79	POLR3F	RNA polymerase III subunit F [Source:HGNC Symbol;Acc:HGNC:15763]	11011	-0.33221787214279175	-0.77224094	No	
row_80	NLRX1	NLR family member X1 [Source:HGNC Symbol;Acc:HGNC:29890]	11100	-0.3495851159095764	-0.7770334	No	
row_81	TRIM41	tripartite motif containing 41 [Source:HGNC Symbol;Acc:HGNC:19013]	11109	-0.3512493073940277	-0.7757415	No	
row_82	TBK1	TANK binding kinase 1 [Source:HGNC Symbol;Acc:HGNC:11584]	11170	-0.3692692518234253	-0.77830124	No	
row_83	ARRB2	arrestin beta 2 [Source:HGNC Symbol;Acc:HGNC:712]	11184	-0.3717876076698303	-0.777278	No	
row_84	PTPN1	protein tyrosine phosphatase non-receptor type 1 [Source:HGNC Symbol;Acc:HGNC:9642]	11245	-0.38466665148735046	-0.77975446	No	
row_85	NLRC3	NLR family CARD domain containing 3 [Source:HGNC Symbol;Acc:HGNC:29889]	11427	-0.4365720748901367	-0.7911391	No	
row_86	LAMP1	lysosomal associated membrane protein 1 [Source:HGNC Symbol;Acc:HGNC:6499]	11439	-0.43872785568237305	-0.78960204	No	
row_87	PVR	PVR cell adhesion molecule [Source:HGNC Symbol;Acc:HGNC:9705]	11618	-0.5014012455940247	-0.80040836	No	
row_88	TREM2	triggering receptor expressed on myeloid cells 2 [Source:HGNC Symbol;Acc:HGNC:17761]	11625	-0.5038224458694458	-0.7981396	No	
row_89	ADAR	adenosine deaminase RNA specific [Source:HGNC Symbol;Acc:HGNC:225]	11730	-0.5521957874298096	-0.80305153	No	
row_90	CASP6	caspase 6 [Source:HGNC Symbol;Acc:HGNC:1507]	11784	-0.5802222490310669	-0.80393887	No	
row_91	TRAF6	TNF receptor associated factor 6 [Source:HGNC Symbol;Acc:HGNC:12036]	11923	-0.6538277268409729	-0.8108833	No	
row_92	PTPN22	protein tyrosine phosphatase non-receptor type 22 [Source:HGNC Symbol;Acc:HGNC:9652]	11980	-0.6843134760856628	-0.8114356	No	
row_93	A2M	alpha-2-macroglobulin [Source:HGNC Symbol;Acc:HGNC:7]	12068	-0.7322744131088257	-0.81408274	Yes	
row_94	NFE2L2	nuclear factor, erythroid 2 like 2 [Source:HGNC Symbol;Acc:HGNC:7782]	12082	-0.7397729158401489	-0.8110696	Yes	
row_95	CEACAM1	carcinoembryonic antigen related cell adhesion molecule 1 [Source:HGNC Symbol;Acc:HGNC:1814]	12140	-0.7821909189224243	-0.8111686	Yes	
row_96	CGAS	cyclic GMP-AMP synthase [Source:HGNC Symbol;Acc:HGNC:21367]	12155	-0.7976584434509277	-0.8079185	Yes	
row_97	LBP	lipopolysaccharide binding protein [Source:HGNC Symbol;Acc:HGNC:6517]	12167	-0.8066551089286804	-0.80439186	Yes	
row_98	NECTIN2	nectin cell adhesion molecule 2 [Source:HGNC Symbol;Acc:HGNC:9707]	12209	-0.8350293636322021	-0.80299	Yes	
row_99	ZNFX1	zinc finger NFX1-type containing 1 [Source:HGNC Symbol;Acc:HGNC:29271]	12284	-0.8929374814033508	-0.80378115	Yes	
row_100	GRN	granulin precursor [Source:HGNC Symbol;Acc:HGNC:4601]	12330	-0.9392642974853516	-0.80211943	Yes	
row_101	FADD	Fas associated via death domain [Source:HGNC Symbol;Acc:HGNC:3573]	12345	-0.9544616937637329	-0.7980214	Yes	
row_102	TRAFD1	TRAF-type zinc finger domain containing 1 [Source:HGNC Symbol;Acc:HGNC:24808]	12367	-0.9755862951278687	-0.79434067	Yes	
row_103	NR1H3	nuclear receptor subfamily 1 group H member 3 [Source:HGNC Symbol;Acc:HGNC:7966]	12438	-1.064737319946289	-0.793899	Yes	
row_104	LYN	LYN proto-oncogene, Src family tyrosine kinase [Source:HGNC Symbol;Acc:HGNC:6735]	12499	-1.154542088508606	-0.79221237	Yes	
row_105	STAT2	signal transducer and activator of transcription 2 [Source:HGNC Symbol;Acc:HGNC:11363]	12500	-1.1547363996505737	-0.7859681	Yes	
row_106	HMGB2	high mobility group box 2 [Source:HGNC Symbol;Acc:HGNC:5000]	12517	-1.1749645471572876	-0.78082955	Yes	
row_107	SAMHD1	SAM and HD domain containing deoxynucleoside triphosphate triphosphohydrolase 1 [Source:HGNC Symbol;Acc:HGNC:15925]	12526	-1.1817749738693237	-0.77504665	Yes	
row_108	TIRAP	TIR domain containing adaptor protein [Source:HGNC Symbol;Acc:HGNC:17192]	12592	-1.2793903350830078	-0.77306455	Yes	
row_109	TYROBP	TYRO protein tyrosine kinase binding protein [Source:HGNC Symbol;Acc:HGNC:12449]	12598	-1.2893348932266235	-0.76647216	Yes	
row_110	MICA	MHC class I polypeptide-related sequence A [Source:HGNC Symbol;Acc:HGNC:7090]	12650	-1.366855502128601	-0.76295394	Yes	
row_111	TRIM56	tripartite motif containing 56 [Source:HGNC Symbol;Acc:HGNC:19028]	12654	-1.3731642961502075	-0.7557564	Yes	
row_112	ADAM8	ADAM metallopeptidase domain 8 [Source:HGNC Symbol;Acc:HGNC:215]	12730	-1.5315771102905273	-0.75317	Yes	
row_113	SERPINB9	serpin family B member 9 [Source:HGNC Symbol;Acc:HGNC:8955]	12732	-1.5375686883926392	-0.7449315	Yes	
row_114	HPX	hemopexin [Source:HGNC Symbol;Acc:HGNC:5171]	12748	-1.561322808265686	-0.7376278	Yes	
row_115	CLEC6A	C-type lectin domain containing 6A [Source:HGNC Symbol;Acc:HGNC:14556]	12802	-1.7152905464172363	-0.7323773	Yes	
row_116	ISG15	ISG15 ubiquitin like modifier [Source:HGNC Symbol;Acc:HGNC:4053]	12828	-1.8063654899597168	-0.7245079	Yes	
row_117	IRF1	interferon regulatory factor 1 [Source:HGNC Symbol;Acc:HGNC:6116]	12854	-1.8624831438064575	-0.71633506	Yes	
row_118	FFAR2	free fatty acid receptor 2 [Source:HGNC Symbol;Acc:HGNC:4501]	12858	-1.8681418895721436	-0.7064609	Yes	
row_119	ARG1	arginase 1 [Source:HGNC Symbol;Acc:HGNC:663]	12859	-1.8745911121368408	-0.69632405	Yes	
row_120	PLSCR1	phospholipid scramblase 1 [Source:HGNC Symbol;Acc:HGNC:9092]	12860	-1.8749125003814697	-0.6861855	Yes	
row_121	NOD2	nucleotide binding oligomerization domain containing 2 [Source:HGNC Symbol;Acc:HGNC:5331]	12865	-1.8870857954025269	-0.67628485	Yes	
row_122	NCF1	neutrophil cytosolic factor 1 [Source:HGNC Symbol;Acc:HGNC:7660]	12866	-1.8886833190917969	-0.6660718	Yes	
row_123	IKBKE	inhibitor of nuclear factor kappa B kinase subunit epsilon [Source:HGNC Symbol;Acc:HGNC:14552]	12882	-1.9334088563919067	-0.656756	Yes	
row_124	PYCARD	PYD and CARD domain containing [Source:HGNC Symbol;Acc:HGNC:16608]	12886	-1.946400761604309	-0.6464587	Yes	
row_125	TXK	TXK tyrosine kinase [Source:HGNC Symbol;Acc:HGNC:12434]	12887	-1.9520033597946167	-0.6359032	Yes	
row_126	ERAP1	endoplasmic reticulum aminopeptidase 1 [Source:HGNC Symbol;Acc:HGNC:18173]	12908	-2.0068156719207764	-0.62657017	Yes	
row_127	CD1D	CD1d molecule [Source:HGNC Symbol;Acc:HGNC:1637]	12909	-2.011352062225342	-0.6156938	Yes	
row_128	SERPING1	serpin family G member 1 [Source:HGNC Symbol;Acc:HGNC:1228]	12912	-2.0194497108459473	-0.6049255	Yes	
row_129	PTPN6	protein tyrosine phosphatase non-receptor type 6 [Source:HGNC Symbol;Acc:HGNC:9658]	12929	-2.0592994689941406	-0.5950049	Yes	
row_130	VAV1	vav guanine nucleotide exchange factor 1 [Source:HGNC Symbol;Acc:HGNC:12657]	12932	-2.0627310276031494	-0.58400255	Yes	
row_131	SYK	spleen associated tyrosine kinase [Source:HGNC Symbol;Acc:HGNC:11491]	12934	-2.071566104888916	-0.5728765	Yes	
row_132	NMI	N-myc and STAT interactor [Source:HGNC Symbol;Acc:HGNC:7854]	12937	-2.080019235610962	-0.5617807	Yes	
row_133	IRAK3	interleukin 1 receptor associated kinase 3 [Source:HGNC Symbol;Acc:HGNC:17020]	12940	-2.0854570865631104	-0.5506555	Yes	
row_134	HAVCR2	hepatitis A virus cellular receptor 2 [Source:HGNC Symbol;Acc:HGNC:18437]	12958	-2.150355339050293	-0.5403184	Yes	
row_135	IRGM	immunity related GTPase M [Source:HGNC Symbol;Acc:HGNC:29597]	12973	-2.189880847930908	-0.5295398	Yes	
row_136	TRIM6	tripartite motif containing 6 [Source:HGNC Symbol;Acc:HGNC:16277]	12976	-2.20326828956604	-0.51777756	Yes	
row_137	SLAMF6	SLAM family member 6 [Source:HGNC Symbol;Acc:HGNC:21392]	12985	-2.2255918979644775	-0.5063502	Yes	
row_138	TNFAIP3	TNF alpha induced protein 3 [Source:HGNC Symbol;Acc:HGNC:11896]	13008	-2.3014543056488037	-0.49557582	Yes	
row_139	GBP5	guanylate binding protein 5 [Source:HGNC Symbol;Acc:HGNC:19895]	13015	-2.319401741027832	-0.4834893	Yes	
row_140	CCL5	C-C motif chemokine ligand 5 [Source:HGNC Symbol;Acc:HGNC:10632]	13016	-2.320327043533325	-0.47094214	Yes	
row_141	TRIM5	tripartite motif containing 5 [Source:HGNC Symbol;Acc:HGNC:16276]	13019	-2.3257625102996826	-0.45851746	Yes	
row_142	CASP8	caspase 8 [Source:HGNC Symbol;Acc:HGNC:1509]	13026	-2.351742744445801	-0.44625607	Yes	
row_143	PARP9	poly(ADP-ribose) polymerase family member 9 [Source:HGNC Symbol;Acc:HGNC:24118]	13045	-2.3888864517211914	-0.4347051	Yes	
row_144	IFI35	interferon induced protein 35 [Source:HGNC Symbol;Acc:HGNC:5399]	13054	-2.4258947372436523	-0.42219463	Yes	
row_145	AIM2	absent in melanoma 2 [Source:HGNC Symbol;Acc:HGNC:357]	13067	-2.460636615753174	-0.40980002	Yes	
row_146	MNDA	myeloid cell nuclear differentiation antigen [Source:HGNC Symbol;Acc:HGNC:7183]	13084	-2.5153844356536865	-0.39741316	Yes	
row_147	IRF7	interferon regulatory factor 7 [Source:HGNC Symbol;Acc:HGNC:6122]	13088	-2.53041410446167	-0.38395777	Yes	
row_148	IFNB1	interferon beta 1 [Source:HGNC Symbol;Acc:HGNC:5434]	13099	-2.5572633743286133	-0.37088877	Yes	
row_149	BIRC3	baculoviral IAP repeat containing 3 [Source:HGNC Symbol;Acc:HGNC:591]	13100	-2.560978412628174	-0.3570403	Yes	
row_150	PARP14	poly(ADP-ribose) polymerase family member 14 [Source:HGNC Symbol;Acc:HGNC:29232]	13109	-2.582247018814087	-0.34368432	Yes	
row_151	SPI1	Spi-1 proto-oncogene [Source:HGNC Symbol;Acc:HGNC:11241]	13133	-2.6677331924438477	-0.33100522	Yes	
row_152	KLRD1	killer cell lectin like receptor D1 [Source:HGNC Symbol;Acc:HGNC:6378]	13141	-2.69734525680542	-0.31695092	Yes	
row_153	HCK	HCK proto-oncogene, Src family tyrosine kinase [Source:HGNC Symbol;Acc:HGNC:4840]	13144	-2.7148704528808594	-0.30242214	Yes	
row_154	FCGR2B	Fc fragment of IgG receptor IIb [Source:HGNC Symbol;Acc:HGNC:3618]	13158	-2.755366563796997	-0.28850973	Yes	
row_155	ZBP1	Z-DNA binding protein 1 [Source:HGNC Symbol;Acc:HGNC:16176]	13159	-2.755458116531372	-0.2736096	Yes	
row_156	DHX58	DExH-box helicase 58 [Source:HGNC Symbol;Acc:HGNC:29517]	13162	-2.7815897464752197	-0.25872004	Yes	
row_157	TLR4	toll like receptor 4 [Source:HGNC Symbol;Acc:HGNC:11850]	13184	-2.874952554702759	-0.24476852	Yes	
row_158	PYHIN1	pyrin and HIN domain family member 1 [Source:HGNC Symbol;Acc:HGNC:28894]	13210	-2.9802963733673096	-0.23055111	Yes	
row_159	PLCG2	phospholipase C gamma 2 [Source:NCBI gene;Acc:5336]	13222	-3.042161464691162	-0.21493597	Yes	
row_160	NLRC5	NLR family CARD domain containing 5 [Source:HGNC Symbol;Acc:HGNC:29933]	13251	-3.2144079208374023	-0.19968043	Yes	
row_161	KLRK1	killer cell lectin like receptor K1 [Source:HGNC Symbol;Acc:HGNC:18788]	13253	-3.2218995094299316	-0.18233396	Yes	
row_162	TRIM21	tripartite motif containing 21 [Source:HGNC Symbol;Acc:HGNC:11312]	13263	-3.2677388191223145	-0.16534713	Yes	
row_163	ACOD1	aconitate decarboxylase 1 [Source:HGNC Symbol;Acc:HGNC:33904]	13270	-3.3143413066864014	-0.14788048	Yes	
row_164	OAS3	2'-5'-oligoadenylate synthetase 3 [Source:HGNC Symbol;Acc:HGNC:8088]	13294	-3.5899810791015625	-0.13021432	Yes	
row_165	SOCS1	suppressor of cytokine signaling 1 [Source:HGNC Symbol;Acc:HGNC:19383]	13295	-3.596463203430176	-0.11076645	Yes	
row_166	SLAMF8	SLAM family member 8 [Source:HGNC Symbol;Acc:HGNC:21391]	13319	-4.137258529663086	-0.09014089	Yes	
row_167	FPR2	formyl peptide receptor 2 [Source:HGNC Symbol;Acc:HGNC:3827]	13320	-4.141956329345703	-0.06774326	Yes	
row_168	IL12B	interleukin 12B [Source:HGNC Symbol;Acc:HGNC:5970]	13321	-4.15106201171875	-0.045296393	Yes	
row_169	FGR	FGR proto-oncogene, Src family tyrosine kinase [Source:HGNC Symbol;Acc:HGNC:3697]	13322	-4.204682350158691	-0.022559576	Yes	
row_170	CLEC7A	C-type lectin domain containing 7A [Source:HGNC Symbol;Acc:HGNC:14558]	13326	-4.382608890533447	9.115548E-4	Yes	
