NAME	SYMBOL	TITLE	RANK IN GENE LIST	RANK METRIC SCORE	RUNNING ES	CORE ENRICHMENT	
row_0	ASIC4	acid sensing ion channel subunit family member 4 [Source:HGNC Symbol;Acc:HGNC:21263]	224	0.9611433744430542	0.10367648	Yes	
row_1	DBH	dopamine beta-hydroxylase [Source:HGNC Symbol;Acc:HGNC:2689]	297	0.8666535019874573	0.20692971	Yes	
row_2	HTR1A	5-hydroxytryptamine receptor 1A [Source:HGNC Symbol;Acc:HGNC:5286]	863	0.5180127620697021	0.22941512	Yes	
row_3	NPAS2	neuronal PAS domain protein 2 [Source:HGNC Symbol;Acc:HGNC:7895]	871	0.5141639113426208	0.29335707	Yes	
row_4	HTR2C	5-hydroxytryptamine receptor 2C [Source:HGNC Symbol;Acc:HGNC:5295]	1410	0.372694730758667	0.2996512	Yes	
row_5	ADRB1	adrenoceptor beta 1 [Source:HGNC Symbol;Acc:HGNC:285]	1438	0.3677467703819275	0.34373155	Yes	
row_6	EPHB2	EPH receptor B2 [Source:HGNC Symbol;Acc:HGNC:3393]	1479	0.3605872094631195	0.38593712	Yes	
row_7	ASIC1	acid sensing ion channel subunit 1 [Source:HGNC Symbol;Acc:HGNC:100]	1488	0.35899367928504944	0.430348	Yes	
row_8	NR2E1	nuclear receptor subfamily 2 group E member 1 [Source:HGNC Symbol;Acc:HGNC:7973]	1568	0.3460460901260376	0.46779913	Yes	
row_9	ADRA2A	adrenoceptor alpha 2A [Source:HGNC Symbol;Acc:HGNC:281]	1659	0.33229005336761475	0.5026987	Yes	
row_10	LYPD1	LY6/PLAUR domain containing 1 [Source:HGNC Symbol;Acc:HGNC:28431]	2023	0.2829657196998596	0.5108952	Yes	
row_11	DRD1	dopamine receptor D1 [Source:HGNC Symbol;Acc:HGNC:3020]	2340	0.2490902841091156	0.5183767	Yes	
row_12	GABRA5	gamma-aminobutyric acid type A receptor alpha5 subunit [Source:HGNC Symbol;Acc:HGNC:4079]	2388	0.2440633326768875	0.5454459	Yes	
row_13	ALS2	alsin Rho guanine nucleotide exchange factor ALS2 [Source:HGNC Symbol;Acc:HGNC:443]	2716	0.21791256964206696	0.5481915	Yes	
row_14	MEF2C	myocyte enhancer factor 2C [Source:HGNC Symbol;Acc:HGNC:6996]	2719	0.2177361398935318	0.5753419	Yes	
row_15	USP46	ubiquitin specific peptidase 46 [Source:HGNC Symbol;Acc:HGNC:20075]	2758	0.21478037536144257	0.5994159	Yes	
row_16	ATP1A2	ATPase Na+/K+ transporting subunit alpha 2 [Source:HGNC Symbol;Acc:HGNC:800]	3743	0.1525045782327652	0.5445804	No	
row_17	GRM7	glutamate metabotropic receptor 7 [Source:HGNC Symbol;Acc:HGNC:4599]	3853	0.14641709625720978	0.5547464	No	
row_18	GRIK2	glutamate ionotropic receptor kainate type subunit 2 [Source:HGNC Symbol;Acc:HGNC:4580]	4068	0.1358218938112259	0.55569214	No	
row_19	NEUROD2	neuronal differentiation 2 [Source:HGNC Symbol;Acc:HGNC:7763]	4807	0.10197097063064575	0.51300985	No	
row_20	RPS6KB1	ribosomal protein S6 kinase B1 [Source:HGNC Symbol;Acc:HGNC:10436]	4871	0.0991152971982956	0.52070224	No	
row_21	FBXL20	F-box and leucine rich repeat protein 20 [Source:HGNC Symbol;Acc:HGNC:24679]	5347	0.07888564467430115	0.49489242	No	
row_22	SLC1A1	solute carrier family 1 member 1 [Source:HGNC Symbol;Acc:HGNC:10939]	5761	0.0625220537185669	0.47169074	No	
row_23	EXT1	exostosin glycosyltransferase 1 [Source:HGNC Symbol;Acc:HGNC:3512]	5964	0.05367487296462059	0.46323848	No	
row_24	APOE	apolipoprotein E [Source:HGNC Symbol;Acc:HGNC:613]	6033	0.05103692039847374	0.46452683	No	
row_25	MECP2	methyl-CpG binding protein 2 [Source:HGNC Symbol;Acc:HGNC:6990]	6075	0.04904519021511078	0.46759477	No	
row_26	EIF4G1	eukaryotic translation initiation factor 4 gamma 1 [Source:HGNC Symbol;Acc:HGNC:3296]	6166	0.0448826365172863	0.466458	No	
row_27	MAPK8IP2	mitogen-activated protein kinase 8 interacting protein 2 [Source:HGNC Symbol;Acc:HGNC:6883]	6462	0.03156266361474991	0.44824332	No	
row_28	PENK	proenkephalin [Source:HGNC Symbol;Acc:HGNC:8831]	6543	0.02798636630177498	0.4457396	No	
row_29	EIF4E	eukaryotic translation initiation factor 4E [Source:HGNC Symbol;Acc:HGNC:3287]	6719	0.020509693771600723	0.43515825	No	
row_30	BRINP1	BMP/retinoic acid inducible neural specific 1 [Source:HGNC Symbol;Acc:HGNC:2687]	6763	0.01845989003777504	0.43424097	No	
row_31	BCL2	BCL2 apoptosis regulator [Source:HGNC Symbol;Acc:HGNC:990]	6943	0.010574852116405964	0.4221133	No	
row_32	MDK	midkine [Source:HGNC Symbol;Acc:HGNC:6972]	10300	-0.2271706908941269	0.19836093	No	
row_33	DPP4	dipeptidyl peptidase 4 [Source:HGNC Symbol;Acc:HGNC:3009]	10390	-0.23846042156219482	0.22157091	No	
