NAME	SYMBOL	TITLE	RANK IN GENE LIST	RANK METRIC SCORE	RUNNING ES	CORE ENRICHMENT	
row_0	CACNA1I	calcium voltage-gated channel subunit alpha1 I [Source:HGNC Symbol;Acc:HGNC:1396]	592	0.6319621801376343	0.036759276	Yes	
row_1	HCN4	hyperpolarization activated cyclic nucleotide gated potassium channel 4 [Source:HGNC Symbol;Acc:HGNC:16882]	678	0.5898553133010864	0.10620277	Yes	
row_2	TRPM4	transient receptor potential cation channel subfamily M member 4 [Source:HGNC Symbol;Acc:HGNC:17993]	713	0.5763267874717712	0.17773934	Yes	
row_3	PTPN3	protein tyrosine phosphatase non-receptor type 3 [Source:HGNC Symbol;Acc:HGNC:9655]	1037	0.46088749170303345	0.21271901	Yes	
row_4	SCN9A	sodium voltage-gated channel alpha subunit 9 [Source:HGNC Symbol;Acc:HGNC:10597]	1558	0.34762170910835266	0.21833432	Yes	
row_5	SLC8A1	solute carrier family 8 member A1 [Source:HGNC Symbol;Acc:HGNC:11068]	1580	0.34426572918891907	0.26101443	Yes	
row_6	KCNH2	potassium voltage-gated channel subfamily H member 2 [Source:HGNC Symbol;Acc:HGNC:6251]	1620	0.3381902873516083	0.30156094	Yes	
row_7	SCN3B	sodium voltage-gated channel beta subunit 3 [Source:HGNC Symbol;Acc:HGNC:20665]	1624	0.3374679982662201	0.3447197	Yes	
row_8	SCN5A	sodium voltage-gated channel alpha subunit 5 [Source:HGNC Symbol;Acc:HGNC:10593]	1846	0.3048788905143738	0.36730778	Yes	
row_9	CACNA1G	calcium voltage-gated channel subunit alpha1 G [Source:HGNC Symbol;Acc:HGNC:1394]	2259	0.2576092481613159	0.3694667	Yes	
row_10	CACNA2D1	calcium voltage-gated channel auxiliary subunit alpha2delta 1 [Source:HGNC Symbol;Acc:HGNC:1399]	2348	0.24823734164237976	0.39476702	Yes	
row_11	HCN2	hyperpolarization activated cyclic nucleotide gated potassium and sodium channel 2 [Source:HGNC Symbol;Acc:HGNC:4846]	2364	0.24708928167819977	0.4254052	Yes	
row_12	CACNA1C	calcium voltage-gated channel subunit alpha1 C [Source:HGNC Symbol;Acc:HGNC:1390]	2633	0.22447963058948517	0.43412557	Yes	
row_13	SCN4B	sodium voltage-gated channel beta subunit 4 [Source:HGNC Symbol;Acc:HGNC:10592]	2682	0.2204207181930542	0.45885557	Yes	
row_14	SCN8A	sodium voltage-gated channel alpha subunit 8 [Source:HGNC Symbol;Acc:HGNC:10596]	2830	0.20849600434303284	0.47461343	Yes	
row_15	SCN2A	sodium voltage-gated channel alpha subunit 2 [Source:HGNC Symbol;Acc:HGNC:10588]	3020	0.19559630751609802	0.4855569	Yes	
row_16	SCN7A	sodium voltage-gated channel alpha subunit 7 [Source:HGNC Symbol;Acc:HGNC:10594]	3063	0.19313573837280273	0.50723004	Yes	
row_17	SCN1A	sodium voltage-gated channel alpha subunit 1 [Source:HGNC Symbol;Acc:HGNC:10585]	3117	0.18913733959197998	0.5275626	Yes	
row_18	SCN3A	sodium voltage-gated channel alpha subunit 3 [Source:HGNC Symbol;Acc:HGNC:10590]	3182	0.18473482131958008	0.5465026	Yes	
row_19	ANK3	ankyrin 3 [Source:HGNC Symbol;Acc:HGNC:494]	3282	0.17809756100177765	0.5619593	Yes	
row_20	ATP1A2	ATPase Na+/K+ transporting subunit alpha 2 [Source:HGNC Symbol;Acc:HGNC:800]	3743	0.1525045782327652	0.54699934	Yes	
row_21	SLMAP	sarcolemma associated protein [Source:HGNC Symbol;Acc:HGNC:16643]	3890	0.1445445716381073	0.55461085	Yes	
row_22	SCN1B	sodium voltage-gated channel beta subunit 1 [Source:HGNC Symbol;Acc:HGNC:10586]	4016	0.1386246681213379	0.56303936	Yes	
row_23	ANK2	ankyrin 2 [Source:HGNC Symbol;Acc:HGNC:493]	4316	0.12455417960882187	0.55658406	Yes	
row_24	CACNA1D	calcium voltage-gated channel subunit alpha1 D [Source:HGNC Symbol;Acc:HGNC:1391]	4356	0.12180548161268234	0.5693126	Yes	
row_25	SCN2B	sodium voltage-gated channel beta subunit 2 [Source:HGNC Symbol;Acc:HGNC:10589]	5307	0.0805201604962349	0.5082785	No	
row_26	YWHAH	tyrosine 3-monooxygenase/tryptophan 5-monooxygenase activation protein eta [Source:HGNC Symbol;Acc:HGNC:12853]	6035	0.05099240317940712	0.46020517	No	
row_27	CACNA1H	calcium voltage-gated channel subunit alpha1 H [Source:HGNC Symbol;Acc:HGNC:1395]	7037	0.005600370466709137	0.3857072	No	
row_28	KCNJ2	potassium voltage-gated channel subfamily J member 2 [Source:HGNC Symbol;Acc:HGNC:6263]	7134	0.0015146945370361209	0.37868825	No	
row_29	CACNB2	calcium voltage-gated channel auxiliary subunit beta 2 [Source:HGNC Symbol;Acc:HGNC:1402]	10132	-0.20494839549064636	0.1798331	No	
row_30	RANGRF	RAN guanine nucleotide release factor [Source:HGNC Symbol;Acc:HGNC:17679]	11549	-0.4744889438152313	0.13443029	No	
