NAME	SYMBOL	TITLE	RANK IN GENE LIST	RANK METRIC SCORE	RUNNING ES	CORE ENRICHMENT	
row_0	AGBL4	ATP/GTP binding protein like 4 [Source:HGNC Symbol;Acc:HGNC:25892]	717	0.5748801827430725	-0.051873628	No	
row_1	AGBL5	ATP/GTP binding protein like 5 [Source:HGNC Symbol;Acc:HGNC:26147]	843	0.5244437456130981	-0.058899544	No	
row_2	IL4	interleukin 4 [Source:HGNC Symbol;Acc:HGNC:6014]	987	0.47648885846138	-0.06752444	No	
row_3	IRF3	interferon regulatory factor 3 [Source:HGNC Symbol;Acc:HGNC:6118]	1382	0.37732234597206116	-0.0957375	No	
row_4	TRAF3IP1	TRAF3 interacting protein 1 [Source:HGNC Symbol;Acc:HGNC:17861]	1497	0.3576070964336395	-0.10271912	No	
row_5	CLPB	ClpB homolog, mitochondrial AAA ATPase chaperonin [Source:HGNC Symbol;Acc:HGNC:30664]	1940	0.2942616045475006	-0.13498297	No	
row_6	OPRK1	opioid receptor kappa 1 [Source:HGNC Symbol;Acc:HGNC:8154]	2014	0.2837921977043152	-0.13919304	No	
row_7	ZDHHC1	zinc finger DHHC-type containing 1 [Source:HGNC Symbol;Acc:HGNC:17916]	2196	0.2640053629875183	-0.15172265	No	
row_8	TSPAN6	tetraspanin 6 [Source:HGNC Symbol;Acc:HGNC:11858]	2226	0.26047083735466003	-0.15269253	No	
row_9	TKFC	triokinase and FMN cyclase [Source:HGNC Symbol;Acc:HGNC:24552]	2371	0.2458161860704422	-0.16249067	No	
row_10	BNIP3L	BCL2 interacting protein 3 like [Source:HGNC Symbol;Acc:HGNC:1085]	2467	0.23779772222042084	-0.16859503	No	
row_11	ADARB1	adenosine deaminase RNA specific B1 [Source:HGNC Symbol;Acc:HGNC:226]	2551	0.23142562806606293	-0.17381577	No	
row_12	USP29	ubiquitin specific peptidase 29 [Source:HGNC Symbol;Acc:HGNC:18563]	2687	0.21994227170944214	-0.18305153	No	
row_13	AKAP1	A-kinase anchoring protein 1 [Source:HGNC Symbol;Acc:HGNC:367]	2774	0.21369394659996033	-0.18858507	No	
row_14	TTC4	tetratricopeptide repeat domain 4 [Source:HGNC Symbol;Acc:HGNC:12394]	3483	0.16707926988601685	-0.24171276	No	
row_15	HSP90AA1	heat shock protein 90 alpha family class A member 1 [Source:HGNC Symbol;Acc:HGNC:5253]	3671	0.15572668612003326	-0.2552143	No	
row_16	BPIFA1	BPI fold containing family A member 1 [Source:HGNC Symbol;Acc:HGNC:15749]	3744	0.15245556831359863	-0.25997284	No	
row_17	RNF26	ring finger protein 26 [Source:HGNC Symbol;Acc:HGNC:14646]	4169	0.13157574832439423	-0.29163954	No	
row_18	POLR3H	RNA polymerase III subunit H [Source:HGNC Symbol;Acc:HGNC:30349]	4314	0.12458670139312744	-0.30201426	No	
row_19	RNF216	ring finger protein 216 [Source:HGNC Symbol;Acc:HGNC:21698]	4461	0.11710479110479355	-0.31257686	No	
row_20	ZMYND11	zinc finger MYND-type containing 11 [Source:HGNC Symbol;Acc:HGNC:16966]	4535	0.11359988898038864	-0.31759638	No	
row_21	ABCF3	ATP binding cassette subfamily F member 3 [Source:HGNC Symbol;Acc:HGNC:72]	4625	0.11002110689878464	-0.3238515	No	
row_22	ELMOD2	ELMO domain containing 2 [Source:HGNC Symbol;Acc:HGNC:28111]	4689	0.10687819123268127	-0.32814133	No	
row_23	TRAF3	TNF receptor associated factor 3 [Source:HGNC Symbol;Acc:HGNC:12033]	4750	0.10407471656799316	-0.33221605	No	
row_24	TRIM32	tripartite motif containing 32 [Source:HGNC Symbol;Acc:HGNC:16380]	4798	0.102329321205616	-0.33530897	No	
row_25	ABCC9	ATP binding cassette subfamily C member 9 [Source:HGNC Symbol;Acc:HGNC:60]	4883	0.09854239970445633	-0.34123784	No	
row_26	ATG16L1	autophagy related 16 like 1 [Source:HGNC Symbol;Acc:HGNC:21498]	5076	0.09031012654304504	-0.35543132	No	
row_27	SERINC5	serine incorporator 5 [Source:HGNC Symbol;Acc:HGNC:18825]	5188	0.08524314314126968	-0.36347982	No	
row_28	TRIM8	tripartite motif containing 8 [Source:HGNC Symbol;Acc:HGNC:15579]	5293	0.08114884793758392	-0.37101468	No	
row_29	EXOC1	exocyst complex component 1 [Source:HGNC Symbol;Acc:HGNC:30380]	5322	0.07993961125612259	-0.372767	No	
row_30	ATG7	autophagy related 7 [Source:HGNC Symbol;Acc:HGNC:16935]	5334	0.07955393940210342	-0.37322643	No	
row_31	DDX1	DEAD-box helicase 1 [Source:HGNC Symbol;Acc:HGNC:2734]	5378	0.07770732045173645	-0.3761318	No	
row_32	CARD9	caspase recruitment domain family member 9 [Source:HGNC Symbol;Acc:HGNC:16391]	5407	0.07664771378040314	-0.37789977	No	
row_33	EXOSC5	exosome component 5 [Source:HGNC Symbol;Acc:HGNC:24662]	5409	0.07655856758356094	-0.37761182	No	
row_34	PQBP1	polyglutamine binding protein 1 [Source:HGNC Symbol;Acc:HGNC:9330]	5461	0.07487288117408752	-0.38113996	No	
row_35	PHB	prohibitin [Source:HGNC Symbol;Acc:HGNC:8912]	5558	0.07078352570533752	-0.3881148	No	
row_36	NCBP1	nuclear cap binding protein subunit 1 [Source:HGNC Symbol;Acc:HGNC:7658]	5570	0.07038449496030807	-0.38861784	No	
row_37	CCDC92	coiled-coil domain containing 92 [Source:HGNC Symbol;Acc:HGNC:29563]	5609	0.06859060376882553	-0.39118576	No	
row_38	TRIM44	tripartite motif containing 44 [Source:HGNC Symbol;Acc:HGNC:19016]	5617	0.06822424381971359	-0.3913944	No	
row_39	SENP7	SUMO specific peptidase 7 [Source:HGNC Symbol;Acc:HGNC:30402]	5688	0.0651308074593544	-0.39641595	No	
row_40	PUM1	pumilio RNA binding family member 1 [Source:HGNC Symbol;Acc:HGNC:14957]	5874	0.05745076760649681	-0.41023257	No	
row_41	NDUFAF4	NADH:ubiquinone oxidoreductase complex assembly factor 4 [Source:HGNC Symbol;Acc:HGNC:21034]	5885	0.057159435003995895	-0.41072235	No	
row_42	TRIM27	tripartite motif containing 27 [Source:HGNC Symbol;Acc:HGNC:9975]	5983	0.05295974761247635	-0.41785812	No	
row_43	ATG12	autophagy related 12 [Source:HGNC Symbol;Acc:HGNC:588]	5994	0.052497126162052155	-0.41837007	No	
row_44	USP15	ubiquitin specific peptidase 15 [Source:HGNC Symbol;Acc:HGNC:12613]	6105	0.0477544441819191	-0.4265207	No	
row_45	CNOT7	CCR4-NOT transcription complex subunit 7 [Source:HGNC Symbol;Acc:HGNC:14101]	6164	0.044984858483076096	-0.4307241	No	
row_46	POLR3B	RNA polymerase III subunit B [Source:HGNC Symbol;Acc:HGNC:30348]	6209	0.04254738241434097	-0.43387288	No	
row_47	DHX36	DEAH-box helicase 36 [Source:HGNC Symbol;Acc:HGNC:14410]	6304	0.03847242146730423	-0.44084907	No	
row_48	POLR3K	RNA polymerase III subunit K [Source:HGNC Symbol;Acc:HGNC:14121]	6324	0.03772974759340286	-0.4421167	No	
row_49	ANKRD17	ankyrin repeat domain 17 [Source:HGNC Symbol;Acc:HGNC:23575]	6433	0.03276115655899048	-0.4501863	No	
row_50	KCNJ8	potassium voltage-gated channel subfamily J member 8 [Source:HGNC Symbol;Acc:HGNC:6269]	6478	0.03092506341636181	-0.45339033	No	
row_51	DDX17	DEAD-box helicase 17 [Source:HGNC Symbol;Acc:HGNC:2740]	6924	0.011557931080460548	-0.48722723	No	
row_52	BCL2	BCL2 apoptosis regulator [Source:HGNC Symbol;Acc:HGNC:990]	6943	0.010574852116405964	-0.48854783	No	
row_53	TRIM11	tripartite motif containing 11 [Source:HGNC Symbol;Acc:HGNC:16281]	6955	0.009806524962186813	-0.48933896	No	
row_54	TRIM13	tripartite motif containing 13 [Source:HGNC Symbol;Acc:HGNC:9976]	7128	0.001744033768773079	-0.50243044	No	
row_55	EIF2AK4	eukaryotic translation initiation factor 2 alpha kinase 4 [Source:HGNC Symbol;Acc:HGNC:19687]	7209	-0.002228036057204008	-0.5085128	No	
row_56	SIN3A	SIN3 transcription regulator family member A [Source:HGNC Symbol;Acc:HGNC:19353]	7274	-0.004680459387600422	-0.51336485	No	
row_57	ILF3	interleukin enhancer binding factor 3 [Source:HGNC Symbol;Acc:HGNC:6038]	7314	-0.006285025272518396	-0.51630527	No	
row_58	SETD2	SET domain containing 2, histone lysine methyltransferase [Source:HGNC Symbol;Acc:HGNC:18420]	7322	-0.006767557933926582	-0.5168062	No	
row_59	HYAL2	hyaluronidase 2 [Source:HGNC Symbol;Acc:HGNC:5321]	7328	-0.007384639233350754	-0.5171519	No	
row_60	ATG5	autophagy related 5 [Source:HGNC Symbol;Acc:HGNC:589]	7332	-0.007538876961916685	-0.51734453	No	
row_61	PUM2	pumilio RNA binding family member 2 [Source:HGNC Symbol;Acc:HGNC:14958]	7337	-0.007882177829742432	-0.5176117	No	
row_62	NCBP3	nuclear cap binding subunit 3 [Source:HGNC Symbol;Acc:HGNC:24612]	7344	-0.008056668564677238	-0.51803035	No	
row_63	G3BP1	G3BP stress granule assembly factor 1 [Source:HGNC Symbol;Acc:HGNC:30292]	7354	-0.008715876378118992	-0.5186743	No	
row_64	ATAD3A	ATPase family AAA domain containing 3A [Source:HGNC Symbol;Acc:HGNC:25567]	7418	-0.011707408353686333	-0.5234168	No	
row_65	ILRUN	inflammation and lipid regulator with UBA-like and NBR1-like domains [Source:HGNC Symbol;Acc:HGNC:21215]	7570	-0.019226567819714546	-0.53482574	No	
row_66	ITCH	itchy E3 ubiquitin protein ligase [Source:HGNC Symbol;Acc:HGNC:13890]	7678	-0.02345556765794754	-0.5428635	No	
row_67	POLR3D	RNA polymerase III subunit D [Source:HGNC Symbol;Acc:HGNC:1080]	7786	-0.02878306433558464	-0.55087584	No	
row_68	CHMP3	charged multivesicular body protein 3 [Source:HGNC Symbol;Acc:HGNC:29865]	7911	-0.03551758825778961	-0.560151	No	
row_69	SELENOK	selenoprotein K [Source:HGNC Symbol;Acc:HGNC:30394]	8010	-0.04002238065004349	-0.5674244	No	
row_70	MUL1	mitochondrial E3 ubiquitin protein ligase 1 [Source:HGNC Symbol;Acc:HGNC:25762]	8027	-0.040738217532634735	-0.56844926	No	
row_71	SEC14L1	SEC14 like lipid binding 1 [Source:HGNC Symbol;Acc:HGNC:10698]	8206	-0.05110497772693634	-0.58176297	No	
row_72	MAVS	mitochondrial antiviral signaling protein [Source:HGNC Symbol;Acc:HGNC:29233]	8311	-0.05702131241559982	-0.58941257	No	
row_73	TRIM28	tripartite motif containing 28 [Source:HGNC Symbol;Acc:HGNC:16384]	8363	-0.06006850674748421	-0.5930111	No	
row_74	DHX9	DExH-box helicase 9 [Source:HGNC Symbol;Acc:HGNC:2750]	8493	-0.06751791387796402	-0.6025148	No	
row_75	EXOSC4	exosome component 4 [Source:HGNC Symbol;Acc:HGNC:18189]	8507	-0.06853179633617401	-0.603179	No	
row_76	PHB2	prohibitin 2 [Source:HGNC Symbol;Acc:HGNC:30306]	8677	-0.07978861033916473	-0.6156708	No	
row_77	C1QBP	complement C1q binding protein [Source:HGNC Symbol;Acc:HGNC:1243]	8709	-0.0819370299577713	-0.6176421	No	
row_78	DNAJC3	DnaJ heat shock protein family (Hsp40) member C3 [Source:HGNC Symbol;Acc:HGNC:9439]	8744	-0.08390331268310547	-0.6198325	No	
row_79	RNF185	ring finger protein 185 [Source:HGNC Symbol;Acc:HGNC:26783]	8825	-0.0889887660741806	-0.6255022	No	
row_80	TOMM70	translocase of outer mitochondrial membrane 70 [Source:HGNC Symbol;Acc:HGNC:11985]	8893	-0.09333007037639618	-0.63016117	No	
row_81	LYST	lysosomal trafficking regulator [Source:HGNC Symbol;Acc:HGNC:1968]	8913	-0.09465184807777405	-0.63115805	No	
row_82	TARBP2	TARBP2 subunit of RISC loading complex [Source:HGNC Symbol;Acc:HGNC:11569]	8928	-0.09546048939228058	-0.6317703	No	
row_83	LSM14A	LSM14A mRNA processing body assembly factor [Source:HGNC Symbol;Acc:HGNC:24489]	9006	-0.10102862864732742	-0.6371542	No	
row_84	USP27X	ubiquitin specific peptidase 27 X-linked [Source:HGNC Symbol;Acc:HGNC:13486]	9018	-0.10152212530374527	-0.63750917	No	
row_85	BNIP3	BCL2 interacting protein 3 [Source:HGNC Symbol;Acc:HGNC:1084]	9126	-0.10868633538484573	-0.64514154	No	
row_86	POLR3A	RNA polymerase III subunit A [Source:HGNC Symbol;Acc:HGNC:30074]	9259	-0.11748252809047699	-0.6546361	No	
row_87	SKP2	S-phase kinase associated protein 2 [Source:HGNC Symbol;Acc:HGNC:10901]	9261	-0.11754603683948517	-0.6541532	No	
row_88	TRIM35	tripartite motif containing 35 [Source:HGNC Symbol;Acc:HGNC:16285]	9320	-0.12261388450860977	-0.6579874	No	
row_89	MID2	midline 2 [Source:HGNC Symbol;Acc:HGNC:7096]	9429	-0.13206346333026886	-0.66558474	No	
row_90	CRCP	CGRP receptor component [Source:HGNC Symbol;Acc:HGNC:17888]	9482	-0.13618068397045135	-0.66889745	No	
row_91	HTRA1	HtrA serine peptidase 1 [Source:HGNC Symbol;Acc:HGNC:9476]	9485	-0.13697494566440582	-0.6683983	No	
row_92	NOP53	NOP53 ribosome biogenesis factor [Source:HGNC Symbol;Acc:HGNC:4333]	9560	-0.1437317579984665	-0.6733507	No	
row_93	ZCCHC3	zinc finger CCHC-type containing 3 [Source:HGNC Symbol;Acc:HGNC:16230]	9671	-0.15487781167030334	-0.6809919	No	
row_94	UFD1	ubiquitin recognition factor in ER associated degradation 1 [Source:HGNC Symbol;Acc:HGNC:12520]	9678	-0.15627823770046234	-0.68070555	No	
row_95	ZMPSTE24	zinc metallopeptidase STE24 [Source:HGNC Symbol;Acc:HGNC:12877]	9821	-0.17130796611309052	-0.6907058	No	
row_96	NPLOC4	NPL4 homolog, ubiquitin recognition factor [Source:HGNC Symbol;Acc:HGNC:18261]	9883	-0.17782855033874512	-0.6945059	No	
row_97	SERINC3	serine incorporator 3 [Source:HGNC Symbol;Acc:HGNC:11699]	9932	-0.1828213781118393	-0.6972921	No	
row_98	BIRC2	baculoviral IAP repeat containing 2 [Source:HGNC Symbol;Acc:HGNC:590]	10240	-0.2188042849302292	-0.71963304	No	
row_99	RIOK3	RIO kinase 3 [Source:HGNC Symbol;Acc:HGNC:11451]	10309	-0.22821156680583954	-0.72372663	No	
row_100	IFNGR2	interferon gamma receptor 2 [Source:HGNC Symbol;Acc:HGNC:5440]	10315	-0.22875599563121796	-0.7230195	No	
row_101	POLR3C	RNA polymerase III subunit C [Source:HGNC Symbol;Acc:HGNC:30076]	10359	-0.23422332108020782	-0.72518045	No	
row_102	GPAM	glycerol-3-phosphate acyltransferase, mitochondrial [Source:HGNC Symbol;Acc:HGNC:24865]	10374	-0.23615595698356628	-0.7251235	No	
row_103	BCL2L1	BCL2 like 1 [Source:HGNC Symbol;Acc:HGNC:992]	10381	-0.23708151280879974	-0.7244529	No	
row_104	ARMC5	armadillo repeat containing 5 [Source:HGNC Symbol;Acc:HGNC:25781]	10613	-0.2689826488494873	-0.74076694	No	
row_105	POLR3E	RNA polymerase III subunit E [Source:HGNC Symbol;Acc:HGNC:30347]	10828	-0.3034515678882599	-0.75562227	No	
row_106	PCBP2	poly(rC) binding protein 2 [Source:HGNC Symbol;Acc:HGNC:8648]	10871	-0.3108959197998047	-0.7573424	No	
row_107	DDX21	DExD-box helicase 21 [Source:HGNC Symbol;Acc:HGNC:2744]	10979	-0.32710686326026917	-0.763936	No	
row_108	GPATCH3	G-patch domain containing 3 [Source:HGNC Symbol;Acc:HGNC:25720]	11003	-0.3307168185710907	-0.7641148	No	
row_109	BECN1	beclin 1 [Source:HGNC Symbol;Acc:HGNC:1034]	11007	-0.33183181285858154	-0.76276505	No	
row_110	POLR3F	RNA polymerase III subunit F [Source:HGNC Symbol;Acc:HGNC:15763]	11011	-0.33221787214279175	-0.7614135	No	
row_111	NLRX1	NLR family member X1 [Source:HGNC Symbol;Acc:HGNC:29890]	11100	-0.3495851159095764	-0.7664531	No	
row_112	TRIM41	tripartite motif containing 41 [Source:HGNC Symbol;Acc:HGNC:19013]	11109	-0.3512493073940277	-0.7653918	No	
row_113	PDE12	phosphodiesterase 12 [Source:HGNC Symbol;Acc:HGNC:25386]	11191	-0.3729657828807831	-0.7697871	No	
row_114	IRF2	interferon regulatory factor 2 [Source:HGNC Symbol;Acc:HGNC:6117]	11222	-0.3798767626285553	-0.7702652	No	
row_115	DDIT4	DNA damage inducible transcript 4 [Source:HGNC Symbol;Acc:HGNC:24944]	11303	-0.4008311331272125	-0.7744518	No	
row_116	RNASEL	ribonuclease L [Source:HGNC Symbol;Acc:HGNC:10050]	11304	-0.4013919234275818	-0.7725428	No	
row_117	NT5C3A	5'-nucleotidase, cytosolic IIIA [Source:HGNC Symbol;Acc:HGNC:17820]	11580	-0.4859841465950012	-0.7911758	No	
row_118	IFNAR2	interferon alpha and beta receptor subunit 2 [Source:HGNC Symbol;Acc:HGNC:5433]	11692	-0.5319105386734009	-0.79709995	No	
row_119	ADAR	adenosine deaminase RNA specific [Source:HGNC Symbol;Acc:HGNC:225]	11730	-0.5521957874298096	-0.79729164	No	
row_120	IFNGR1	interferon gamma receptor 1 [Source:HGNC Symbol;Acc:HGNC:5439]	11818	-0.5971054434776306	-0.80107784	No	
row_121	RELA	RELA proto-oncogene, NF-kB subunit [Source:HGNC Symbol;Acc:HGNC:9955]	11847	-0.612684428691864	-0.8002964	No	
row_122	PTPN22	protein tyrosine phosphatase non-receptor type 22 [Source:HGNC Symbol;Acc:HGNC:9652]	11980	-0.6843134760856628	-0.80709517	No	
row_123	VAMP8	vesicle associated membrane protein 8 [Source:HGNC Symbol;Acc:HGNC:12647]	12039	-0.7152400612831116	-0.80811083	No	
row_124	MAP3K14	mitogen-activated protein kinase kinase kinase 14 [Source:HGNC Symbol;Acc:HGNC:6853]	12103	-0.7592806220054626	-0.8092978	Yes	
row_125	TRIM26	tripartite motif containing 26 [Source:HGNC Symbol;Acc:HGNC:12962]	12111	-0.7640314698219299	-0.8061972	Yes	
row_126	CGAS	cyclic GMP-AMP synthase [Source:HGNC Symbol;Acc:HGNC:21367]	12155	-0.7976584434509277	-0.8056785	Yes	
row_127	IL10RB	interleukin 10 receptor subunit beta [Source:HGNC Symbol;Acc:HGNC:5965]	12207	-0.8327741622924805	-0.805602	Yes	
row_128	TICAM1	toll like receptor adaptor molecule 1 [Source:HGNC Symbol;Acc:HGNC:18348]	12234	-0.8556047677993774	-0.80351293	Yes	
row_129	ZNFX1	zinc finger NFX1-type containing 1 [Source:HGNC Symbol;Acc:HGNC:29271]	12284	-0.8929374814033508	-0.802998	Yes	
row_130	TRAF3IP2	TRAF3 interacting protein 2 [Source:HGNC Symbol;Acc:HGNC:1343]	12314	-0.9277524352073669	-0.8007943	Yes	
row_131	FADD	Fas associated via death domain [Source:HGNC Symbol;Acc:HGNC:3573]	12345	-0.9544616937637329	-0.7985397	Yes	
row_132	UNC13D	unc-13 homolog D [Source:HGNC Symbol;Acc:HGNC:23147]	12471	-1.1171257495880127	-0.8027468	Yes	
row_133	STAT2	signal transducer and activator of transcription 2 [Source:HGNC Symbol;Acc:HGNC:11363]	12500	-1.1547363996505737	-0.79938734	Yes	
row_134	SAMHD1	SAM and HD domain containing deoxynucleoside triphosphate triphosphohydrolase 1 [Source:HGNC Symbol;Acc:HGNC:15925]	12526	-1.1817749738693237	-0.79567087	Yes	
row_135	MICA	MHC class I polypeptide-related sequence A [Source:HGNC Symbol;Acc:HGNC:7090]	12650	-1.366855502128601	-0.7985379	Yes	
row_136	TRIM56	tripartite motif containing 56 [Source:HGNC Symbol;Acc:HGNC:19028]	12654	-1.3731642961502075	-0.7922356	Yes	
row_137	IRF9	interferon regulatory factor 9 [Source:HGNC Symbol;Acc:HGNC:6131]	12656	-1.384881854057312	-0.78572524	Yes	
row_138	TSPAN32	tetraspanin 32 [Source:HGNC Symbol;Acc:HGNC:13410]	12703	-1.4758557081222534	-0.78220946	Yes	
row_139	UNC93B1	unc-93 homolog B1, TLR signaling regulator [Source:HGNC Symbol;Acc:HGNC:13481]	12706	-1.4811433553695679	-0.77531743	Yes	
row_140	TLR3	toll like receptor 3 [Source:HGNC Symbol;Acc:HGNC:11849]	12716	-1.505021572113037	-0.76884496	Yes	
row_141	PML	promyelocytic leukemia [Source:HGNC Symbol;Acc:HGNC:9113]	12737	-1.542829155921936	-0.76303047	Yes	
row_142	STAT1	signal transducer and activator of transcription 1 [Source:HGNC Symbol;Acc:HGNC:11362]	12739	-1.5451865196228027	-0.7557577	Yes	
row_143	MYD88	MYD88 innate immune signal transduction adaptor [Source:HGNC Symbol;Acc:HGNC:7562]	12742	-1.5513466596603394	-0.74853176	Yes	
row_144	MOV10	Mov10 RISC complex RNA helicase [Source:HGNC Symbol;Acc:HGNC:7200]	12749	-1.5672293901443481	-0.74153495	Yes	
row_145	IFITM3	interferon induced transmembrane protein 3 [Source:HGNC Symbol;Acc:HGNC:5414]	12770	-1.6358919143676758	-0.73527783	Yes	
row_146	ISG15	ISG15 ubiquitin like modifier [Source:HGNC Symbol;Acc:HGNC:4053]	12828	-1.8063654899597168	-0.7310279	Yes	
row_147	IRF1	interferon regulatory factor 1 [Source:HGNC Symbol;Acc:HGNC:6116]	12854	-1.8624831438064575	-0.72407395	Yes	
row_148	PLSCR1	phospholipid scramblase 1 [Source:HGNC Symbol;Acc:HGNC:9092]	12860	-1.8749125003814697	-0.7155376	Yes	
row_149	IFIT1B	interferon induced protein with tetratricopeptide repeats 1B [Source:HGNC Symbol;Acc:HGNC:23442]	12869	-1.8987250328063965	-0.70711654	Yes	
row_150	TRIM25	tripartite motif containing 25 [Source:HGNC Symbol;Acc:HGNC:12932]	12871	-1.904001235961914	-0.6981372	Yes	
row_151	RNF125	ring finger protein 125 [Source:HGNC Symbol;Acc:HGNC:21150]	12873	-1.907199501991272	-0.6891427	Yes	
row_152	GBP3	guanylate binding protein 3 [Source:HGNC Symbol;Acc:HGNC:4184]	12885	-1.9389517307281494	-0.6807588	Yes	
row_153	PYCARD	PYD and CARD domain containing [Source:HGNC Symbol;Acc:HGNC:16608]	12886	-1.946400761604309	-0.67150164	Yes	
row_154	CXCL10	C-X-C motif chemokine ligand 10 [Source:HGNC Symbol;Acc:HGNC:10637]	12903	-1.9963130950927734	-0.6632257	Yes	
row_155	IFITM1	interferon induced transmembrane protein 1 [Source:HGNC Symbol;Acc:HGNC:5412]	12904	-1.9979737997055054	-0.6537233	Yes	
row_156	RSAD2	radical S-adenosyl methionine domain containing 2 [Source:HGNC Symbol;Acc:HGNC:30908]	12911	-2.018421173095703	-0.6445806	Yes	
row_157	BST2	bone marrow stromal cell antigen 2 [Source:HGNC Symbol;Acc:HGNC:1119]	12920	-2.0329341888427734	-0.63552123	Yes	
row_158	ZC3HAV1	zinc finger CCCH-type containing, antiviral 1 [Source:HGNC Symbol;Acc:HGNC:23721]	12923	-2.0419869422912598	-0.6259618	Yes	
row_159	IL15	interleukin 15 [Source:HGNC Symbol;Acc:HGNC:5977]	12930	-2.0606555938720703	-0.6166183	Yes	
row_160	IFIT3	interferon induced protein with tetratricopeptide repeats 3 [Source:HGNC Symbol;Acc:HGNC:5411]	12931	-2.060908794403076	-0.60681653	Yes	
row_161	ITGAX	integrin subunit alpha X [Source:HGNC Symbol;Acc:HGNC:6152]	12957	-2.1485540866851807	-0.598502	Yes	
row_162	TRIM6	tripartite motif containing 6 [Source:HGNC Symbol;Acc:HGNC:16277]	12976	-2.20326828956604	-0.5893941	Yes	
row_163	RIPK3	receptor interacting serine/threonine kinase 3 [Source:HGNC Symbol;Acc:HGNC:10021]	12977	-2.203356981277466	-0.5789149	Yes	
row_164	IFITM2	interferon induced transmembrane protein 2 [Source:HGNC Symbol;Acc:HGNC:5413]	12998	-2.2766151428222656	-0.5696105	Yes	
row_165	DTX3L	deltex E3 ubiquitin ligase 3L [Source:HGNC Symbol;Acc:HGNC:30323]	13002	-2.2925052642822266	-0.55893576	Yes	
row_166	EIF2AK2	eukaryotic translation initiation factor 2 alpha kinase 2 [Source:HGNC Symbol;Acc:HGNC:9437]	13003	-2.2941997051239014	-0.5480245	Yes	
row_167	TNFAIP3	TNF alpha induced protein 3 [Source:HGNC Symbol;Acc:HGNC:11896]	13008	-2.3014543056488037	-0.5373834	Yes	
row_168	DDX58	DExD/H-box helicase 58 [Source:HGNC Symbol;Acc:HGNC:19102]	13009	-2.3021128177642822	-0.5264345	Yes	
row_169	RTP4	receptor transporter protein 4 [Source:HGNC Symbol;Acc:HGNC:23992]	13012	-2.3041794300079346	-0.51562804	Yes	
row_170	IL6	interleukin 6 [Source:HGNC Symbol;Acc:HGNC:6018]	13013	-2.304513931274414	-0.5046677	Yes	
row_171	TRIM5	tripartite motif containing 5 [Source:HGNC Symbol;Acc:HGNC:16276]	13019	-2.3257625102996826	-0.49398714	Yes	
row_172	PMAIP1	phorbol-12-myristate-13-acetate-induced protein 1 [Source:HGNC Symbol;Acc:HGNC:9108]	13025	-2.348163604736328	-0.48320004	Yes	
row_173	IFIH1	interferon induced with helicase C domain 1 [Source:HGNC Symbol;Acc:HGNC:18873]	13030	-2.357480049133301	-0.47229245	Yes	
row_174	DDX60	DExD/H-box helicase 60 [Source:HGNC Symbol;Acc:HGNC:25942]	13035	-2.364609718322754	-0.46135095	Yes	
row_175	PARP9	poly(ADP-ribose) polymerase family member 9 [Source:HGNC Symbol;Acc:HGNC:24118]	13045	-2.3888864517211914	-0.4506748	Yes	
row_176	PTPRC	protein tyrosine phosphatase receptor type C [Source:HGNC Symbol;Acc:HGNC:9666]	13047	-2.397634506225586	-0.43934777	Yes	
row_177	APOBEC3H	apolipoprotein B mRNA editing enzyme catalytic subunit 3H [Source:HGNC Symbol;Acc:HGNC:24100]	13056	-2.433757781982422	-0.42838204	Yes	
row_178	ZC3H12A	zinc finger CCCH-type containing 12A [Source:HGNC Symbol;Acc:HGNC:26259]	13061	-2.4416534900665283	-0.41707414	Yes	
row_179	IRF5	interferon regulatory factor 5 [Source:HGNC Symbol;Acc:HGNC:6120]	13062	-2.4426302909851074	-0.40545693	Yes	
row_180	MX1	MX dynamin like GTPase 1 [Source:HGNC Symbol;Acc:HGNC:7532]	13066	-2.4572179317474365	-0.39399883	Yes	
row_181	AIM2	absent in melanoma 2 [Source:HGNC Symbol;Acc:HGNC:357]	13067	-2.460636615753174	-0.38229597	Yes	
row_182	SLFN13	schlafen family member 13 [Source:HGNC Symbol;Acc:HGNC:26481]	13070	-2.469101905822754	-0.3707052	Yes	
row_183	TRIM34	tripartite motif containing 34 [Source:HGNC Symbol;Acc:HGNC:10063]	13079	-2.503077745437622	-0.35940978	Yes	
row_184	IRF7	interferon regulatory factor 7 [Source:HGNC Symbol;Acc:HGNC:6122]	13088	-2.53041410446167	-0.34798437	Yes	
row_185	IFNB1	interferon beta 1 [Source:HGNC Symbol;Acc:HGNC:5434]	13099	-2.5572633743286133	-0.33658358	Yes	
row_186	BIRC3	baculoviral IAP repeat containing 3 [Source:HGNC Symbol;Acc:HGNC:591]	13100	-2.560978412628174	-0.32440352	Yes	
row_187	IFIT2	interferon induced protein with tetratricopeptide repeats 2 [Source:HGNC Symbol;Acc:HGNC:5409]	13102	-2.5637428760528564	-0.31228647	Yes	
row_188	TLR7	toll like receptor 7 [Source:HGNC Symbol;Acc:HGNC:15631]	13136	-2.6877198219299316	-0.3020169	Yes	
row_189	CD40	CD40 molecule [Source:HGNC Symbol;Acc:HGNC:11919]	13139	-2.693387508392334	-0.28935942	Yes	
row_190	ZBP1	Z-DNA binding protein 1 [Source:HGNC Symbol;Acc:HGNC:16176]	13159	-2.755458116531372	-0.27770147	Yes	
row_191	IL1B	interleukin 1 beta [Source:HGNC Symbol;Acc:HGNC:5992]	13160	-2.7633743286132812	-0.2645588	Yes	
row_192	DHX58	DExH-box helicase 58 [Source:HGNC Symbol;Acc:HGNC:29517]	13162	-2.7815897464752197	-0.25140566	Yes	
row_193	OASL	2'-5'-oligoadenylate synthetase like [Source:HGNC Symbol;Acc:HGNC:8090]	13167	-2.798686981201172	-0.23839968	Yes	
row_194	OAS2	2'-5'-oligoadenylate synthetase 2 [Source:HGNC Symbol;Acc:HGNC:8087]	13208	-2.9717226028442383	-0.22731256	Yes	
row_195	CXCL9	C-X-C motif chemokine ligand 9 [Source:HGNC Symbol;Acc:HGNC:7098]	13213	-3.0131638050079346	-0.21328653	Yes	
row_196	FGL2	fibrinogen like 2 [Source:HGNC Symbol;Acc:HGNC:3696]	13218	-3.023555040359497	-0.19921108	Yes	
row_197	PRF1	perforin 1 [Source:HGNC Symbol;Acc:HGNC:9360]	13242	-3.156561851501465	-0.18595012	Yes	
row_198	IFNG	interferon gamma [Source:HGNC Symbol;Acc:HGNC:5438]	13245	-3.171190023422241	-0.17102018	Yes	
row_199	NLRC5	NLR family CARD domain containing 5 [Source:HGNC Symbol;Acc:HGNC:29933]	13251	-3.2144079208374023	-0.15611319	Yes	
row_200	TRIM21	tripartite motif containing 21 [Source:HGNC Symbol;Acc:HGNC:11312]	13263	-3.2677388191223145	-0.14140952	Yes	
row_201	ISG20	interferon stimulated exonuclease gene 20 [Source:HGNC Symbol;Acc:HGNC:6130]	13269	-3.3070926666259766	-0.12606172	Yes	
row_202	ACOD1	aconitate decarboxylase 1 [Source:HGNC Symbol;Acc:HGNC:33904]	13270	-3.3143413066864014	-0.11029863	Yes	
row_203	OAS3	2'-5'-oligoadenylate synthetase 3 [Source:HGNC Symbol;Acc:HGNC:8088]	13294	-3.5899810791015625	-0.09497631	Yes	
row_204	RNASE6	ribonuclease A family member k6 [Source:HGNC Symbol;Acc:HGNC:10048]	13302	-3.7366790771484375	-0.07773771	Yes	
row_205	TLR2	toll like receptor 2 [Source:HGNC Symbol;Acc:HGNC:11848]	13308	-3.8438563346862793	-0.059837043	Yes	
row_206	IL12RB1	interleukin 12 receptor subunit beta 1 [Source:HGNC Symbol;Acc:HGNC:5971]	13309	-3.862640857696533	-0.041466232	Yes	
row_207	IL12B	interleukin 12B [Source:HGNC Symbol;Acc:HGNC:5970]	13321	-4.15106201171875	-0.02256146	Yes	
row_208	MLKL	mixed lineage kinase domain like pseudokinase [Source:HGNC Symbol;Acc:HGNC:26617]	13337	-5.0	7.623405E-5	Yes	
