NAME	SYMBOL	TITLE	RANK IN GENE LIST	RANK METRIC SCORE	RUNNING ES	CORE ENRICHMENT	
row_0	Arc	activity regulated cytoskeletal-associated protein [Source:MGI Symbol;Acc:MGI:88067]	258	1.067368984222412	0.16789474	Yes	
row_1	Npy1r	neuropeptide Y receptor Y1 [Source:MGI Symbol;Acc:MGI:104963]	751	0.6821511387825012	0.25396132	Yes	
row_2	Oprm1	opioid receptor, mu 1 [Source:MGI Symbol;Acc:MGI:97441]	807	0.6595636010169983	0.36448798	Yes	
row_3	Cartpt	CART prepropeptide [Source:MGI Symbol;Acc:MGI:1351330]	979	0.5921784043312073	0.45582774	Yes	
row_4	Drd2	dopamine receptor D2 [Source:MGI Symbol;Acc:MGI:94924]	1192	0.525939404964447	0.53304744	Yes	
row_5	Adcy8	adenylate cyclase 8 [Source:MGI Symbol;Acc:MGI:1341110]	1545	0.43906480073928833	0.5861509	Yes	
row_6	Prkcg	protein kinase C, gamma [Source:MGI Symbol;Acc:MGI:97597]	2078	0.3489622175693512	0.61198306	Yes	
row_7	Adra2a	adrenergic receptor, alpha 2a [Source:MGI Symbol;Acc:MGI:87934]	2217	0.33229005336761475	0.66050726	Yes	
row_8	Fosb	FBJ osteosarcoma oncogene B [Source:MGI Symbol;Acc:MGI:95575]	2811	0.26697424054145813	0.66819674	Yes	
row_9	Ppp1r9b	protein phosphatase 1, regulatory subunit 9B [Source:MGI Symbol;Acc:MGI:2387581]	4984	0.13218851387500763	0.55007064	No	
row_10	Prkce	protein kinase C, epsilon [Source:MGI Symbol;Acc:MGI:97599]	5355	0.11544531583786011	0.5460232	No	
row_11	Grin1	glutamate receptor, ionotropic, NMDA1 (zeta 1) [Source:MGI Symbol;Acc:MGI:95819]	5510	0.10977210104465485	0.55501574	No	
row_12	Gria1	glutamate receptor, ionotropic, AMPA1 (alpha 1) [Source:MGI Symbol;Acc:MGI:95808]	5612	0.1055392175912857	0.5667165	No	
row_13	Ppp5c	protein phosphatase 5, catalytic subunit [Source:MGI Symbol;Acc:MGI:102666]	6092	0.08639178425073624	0.55056745	No	
row_14	Slc1a1	solute carrier family 1 (neuronal/epithelial high affinity glutamate transporter, system Xag), member 1 [Source:MGI Symbol;Acc:MGI:105083]	6745	0.0625220537185669	0.5190591	No	
row_15	Mecp2	methyl CpG binding protein 2 [Source:MGI Symbol;Acc:MGI:99918]	7083	0.04904519021511078	0.5056674	No	
row_16	Ppp1r1b	protein phosphatase 1, regulatory inhibitor subunit 1B [Source:MGI Symbol;Acc:MGI:94860]	8264	5.58221887331456E-4	0.42916545	No	
row_17	Abcb1a	ATP-binding cassette, sub-family B member 1A [Source:MGI Symbol;Acc:MGI:97570]	8878	-0.024939093738794327	0.39368734	No	
row_18	Ppp2r2a	protein phosphatase 2, regulatory subunit B, alpha [Source:MGI Symbol;Acc:MGI:1919228]	10071	-0.08573231101036072	0.33114058	No	
row_19	Adra1b	adrenergic receptor, alpha 1b [Source:MGI Symbol;Acc:MGI:104774]	10222	-0.09410487860441208	0.33768252	No	
