NAME	SYMBOL	TITLE	RANK IN GENE LIST	RANK METRIC SCORE	RUNNING ES	CORE ENRICHMENT	
row_0	HCRTR2	hypocretin receptor 2 [Source:HGNC Symbol;Acc:HGNC:4849]	11	1.955335021018982	0.06816788	Yes	
row_1	NTSR1	neurotensin receptor 1 [Source:HGNC Symbol;Acc:HGNC:8039]	32	1.5379160642623901	0.12092889	Yes	
row_2	PROKR2	prokineticin receptor 2 [Source:HGNC Symbol;Acc:HGNC:15836]	51	1.425147294998169	0.16986133	Yes	
row_3	HCRTR1	hypocretin receptor 1 [Source:HGNC Symbol;Acc:HGNC:4848]	70	1.3457467555999756	0.21599205	Yes	
row_4	GPR139	G protein-coupled receptor 139 [Source:HGNC Symbol;Acc:HGNC:19995]	116	1.1846530437469482	0.25440508	Yes	
row_5	GRP	gastrin releasing peptide [Source:HGNC Symbol;Acc:HGNC:4605]	185	1.0170964002609253	0.28517365	Yes	
row_6	KISS1R	KISS1 receptor [Source:HGNC Symbol;Acc:HGNC:4510]	271	0.8989160656929016	0.31049186	Yes	
row_7	NPY5R	neuropeptide Y receptor Y5 [Source:HGNC Symbol;Acc:HGNC:7958]	287	0.8813082575798035	0.34046024	Yes	
row_8	NPFFR1	neuropeptide FF receptor 1 [Source:HGNC Symbol;Acc:HGNC:17425]	330	0.8322482705116272	0.3666642	Yes	
row_9	SSTR2	somatostatin receptor 2 [Source:HGNC Symbol;Acc:HGNC:11331]	331	0.8314430117607117	0.39600262	Yes	
row_10	SSTR3	somatostatin receptor 3 [Source:HGNC Symbol;Acc:HGNC:11332]	467	0.7120211720466614	0.41096067	Yes	
row_11	NPY1R	neuropeptide Y receptor Y1 [Source:HGNC Symbol;Acc:HGNC:7956]	513	0.6821511387825012	0.43164235	Yes	
row_12	OPRM1	opioid receptor mu 1 [Source:HGNC Symbol;Acc:HGNC:8156]	544	0.6595636010169983	0.45265663	Yes	
row_13	CARTPT	CART prepropeptide [Source:HGNC Symbol;Acc:HGNC:24323]	673	0.5921784043312073	0.46391305	Yes	
row_14	HCRT	hypocretin neuropeptide precursor [Source:HGNC Symbol;Acc:HGNC:4847]	766	0.5520056486129761	0.47646296	Yes	
row_15	QRFPR	pyroglutamylated RFamide peptide receptor [Source:HGNC Symbol;Acc:HGNC:15565]	774	0.5474849939346313	0.49525446	Yes	
row_16	POMC	proopiomelanocortin [Source:HGNC Symbol;Acc:HGNC:9201]	867	0.5155611634254456	0.5065184	Yes	
row_17	GLRA2	glycine receptor alpha 2 [Source:HGNC Symbol;Acc:HGNC:4327]	1004	0.4698556363582611	0.51285607	Yes	
row_18	NTSR2	neurotensin receptor 2 [Source:HGNC Symbol;Acc:HGNC:8040]	1056	0.4534541070461273	0.52501607	Yes	
row_19	SSTR1	somatostatin receptor 1 [Source:HGNC Symbol;Acc:HGNC:11330]	1183	0.4207300543785095	0.53037333	Yes	
row_20	ADCYAP1	adenylate cyclase activating polypeptide 1 [Source:HGNC Symbol;Acc:HGNC:241]	1264	0.4051445424556732	0.5386448	Yes	
row_21	GLRA1	glycine receptor alpha 1 [Source:HGNC Symbol;Acc:HGNC:4326]	1269	0.40417248010635376	0.5526053	Yes	
row_22	PNOC	prepronociceptin [Source:HGNC Symbol;Acc:HGNC:9163]	1496	0.3579314649105072	0.5482159	Yes	
row_23	TYRO3	TYRO3 protein tyrosine kinase [Source:HGNC Symbol;Acc:HGNC:12446]	1552	0.34829652309417725	0.5563641	Yes	
row_24	NXPH3	neurexophilin 3 [Source:HGNC Symbol;Acc:HGNC:8077]	1670	0.33103302121162415	0.5592341	Yes	
row_25	GPR37	G protein-coupled receptor 37 [Source:HGNC Symbol;Acc:HGNC:4494]	1779	0.31532078981399536	0.56222737	Yes	
row_26	OPRL1	opioid related nociceptin receptor 1 [Source:HGNC Symbol;Acc:HGNC:8155]	1971	0.2911563217639923	0.55811757	Yes	
row_27	OPRK1	opioid receptor kappa 1 [Source:HGNC Symbol;Acc:HGNC:8154]	2014	0.2837921977043152	0.5649686	Yes	
row_28	SORT1	sortilin 1 [Source:HGNC Symbol;Acc:HGNC:11186]	2621	0.2250135987997055	0.5272725	No	
row_29	SORCS3	sortilin related VPS10 domain containing receptor 3 [Source:HGNC Symbol;Acc:HGNC:16699]	2656	0.22263604402542114	0.53256804	No	
row_30	GLRA3	glycine receptor alpha 3 [Source:HGNC Symbol;Acc:HGNC:4328]	3677	0.1554291695356369	0.46123955	No	
row_31	SORCS1	sortilin related VPS10 domain containing receptor 1 [Source:HGNC Symbol;Acc:HGNC:16697]	3790	0.15001921355724335	0.45809877	No	
row_32	GPR83	G protein-coupled receptor 83 [Source:HGNC Symbol;Acc:HGNC:4523]	3946	0.14185048639774323	0.45143157	No	
row_33	GLRB	glycine receptor beta [Source:HGNC Symbol;Acc:HGNC:4329]	4051	0.1364881992340088	0.4484158	No	
row_34	NPY	neuropeptide Y [Source:HGNC Symbol;Acc:HGNC:7955]	4260	0.1270381659269333	0.43723464	No	
row_35	CPE	carboxypeptidase E [Source:HGNC Symbol;Acc:HGNC:2303]	4478	0.11635074019432068	0.42499864	No	
row_36	TAC1	tachykinin precursor 1 [Source:HGNC Symbol;Acc:HGNC:11517]	4572	0.11212199181318283	0.42195144	No	
row_37	PCSK1N	proprotein convertase subtilisin/kexin type 1 inhibitor [Source:HGNC Symbol;Acc:HGNC:17301]	4588	0.11158350855112076	0.42475918	No	
row_38	SCG5	secretogranin V [Source:HGNC Symbol;Acc:HGNC:10816]	4606	0.11074390262365341	0.4273867	No	
row_39	SORCS2	sortilin related VPS10 domain containing receptor 2 [Source:HGNC Symbol;Acc:HGNC:16698]	4863	0.09947795420885086	0.41161832	No	
row_40	SORL1	sortilin related receptor 1 [Source:HGNC Symbol;Acc:HGNC:11185]	5271	0.08198117464780807	0.38386124	No	
row_41	NPB	neuropeptide B [Source:HGNC Symbol;Acc:HGNC:30099]	5679	0.0654299408197403	0.3555201	No	
row_42	PDYN	prodynorphin [Source:HGNC Symbol;Acc:HGNC:8820]	6229	0.041834548115730286	0.31565282	No	
row_43	PENK	proenkephalin [Source:HGNC Symbol;Acc:HGNC:8831]	6543	0.02798636630177498	0.2930693	No	
row_44	TENM1	teneurin transmembrane protein 1 [Source:HGNC Symbol;Acc:HGNC:8117]	7478	-0.014237049035727978	0.22323506	No	
row_45	RAPGEF2	Rap guanine nucleotide exchange factor 2 [Source:HGNC Symbol;Acc:HGNC:16854]	7939	-0.03687433898448944	0.18989503	No	
row_46	NMB	neuromedin B [Source:HGNC Symbol;Acc:HGNC:7842]	8389	-0.06228475645184517	0.15828004	No	
row_47	PMCH	pro-melanin concentrating hormone [Source:HGNC Symbol;Acc:HGNC:9109]	9059	-0.10448034107685089	0.11158645	No	
row_48	CRCP	CGRP receptor component [Source:HGNC Symbol;Acc:HGNC:17888]	9482	-0.13618068397045135	0.08461224	No	
row_49	MCHR1	melanin concentrating hormone receptor 1 [Source:HGNC Symbol;Acc:HGNC:4479]	9796	-0.16793854534626007	0.0669671	No	
row_50	ECEL1	endothelin converting enzyme like 1 [Source:HGNC Symbol;Acc:HGNC:3147]	10323	-0.22957605123519897	0.035456542	No	
row_51	NXPH4	neurexophilin 4 [Source:HGNC Symbol;Acc:HGNC:8078]	10544	-0.25824031233787537	0.028001338	No	
row_52	GAL	galanin and GMAP prepropeptide [Source:HGNC Symbol;Acc:HGNC:4114]	10670	-0.2793515920639038	0.028445221	No	
row_53	TAC3	tachykinin 3 [Source:HGNC Symbol;Acc:HGNC:11521]	10917	-0.3175259828567505	0.021124002	No	
row_54	NPY2R	neuropeptide Y receptor Y2 [Source:HGNC Symbol;Acc:HGNC:7957]	10972	-0.32626065611839294	0.028569916	No	
row_55	NTS	neurotensin [Source:HGNC Symbol;Acc:HGNC:8038]	11203	-0.37638017535209656	0.024530344	No	
row_56	RELA	RELA proto-oncogene, NF-kB subunit [Source:HGNC Symbol;Acc:HGNC:9955]	11847	-0.612684428691864	-0.0022726967	No	
row_57	GPR149	G protein-coupled receptor 149 [Source:HGNC Symbol;Acc:HGNC:23627]	11975	-0.6820340156555176	0.012229689	No	
row_58	CYSLTR1	cysteinyl leukotriene receptor 1 [Source:HGNC Symbol;Acc:HGNC:17451]	12542	-1.2024179697036743	0.012034708	No	
row_59	CALCA	calcitonin related polypeptide alpha [Source:HGNC Symbol;Acc:HGNC:1437]	12641	-1.3556064367294312	0.052488778	No	
