NAME	SYMBOL	TITLE	RANK IN GENE LIST	RANK METRIC SCORE	RUNNING ES	CORE ENRICHMENT	
row_0	Gbx2	gastrulation brain homeobox 2 [Source:MGI Symbol;Acc:MGI:95668]	88	1.4167084693908691	0.11300417	Yes	
row_1	Rac3	Rac family small GTPase 3 [Source:MGI Symbol;Acc:MGI:2180784]	556	0.7855027318000793	0.14847189	Yes	
row_2	Disc1	disrupted in schizophrenia 1 [Source:MGI Symbol;Acc:MGI:2447658]	717	0.6982313394546509	0.19658436	Yes	
row_3	Plxna3	plexin A3 [Source:MGI Symbol;Acc:MGI:107683]	1181	0.5301217436790466	0.2109103	Yes	
row_4	Drd2	dopamine receptor D2 [Source:MGI Symbol;Acc:MGI:94924]	1192	0.525939404964447	0.25433576	Yes	
row_5	Lhx6	LIM homeobox protein 6 [Source:MGI Symbol;Acc:MGI:1306803]	1213	0.5202452540397644	0.29663393	Yes	
row_6	Slit2	slit guidance ligand 2 [Source:MGI Symbol;Acc:MGI:1315205]	1562	0.43397653102874756	0.31037882	Yes	
row_7	Fezf2	Fez family zinc finger 2 [Source:MGI Symbol;Acc:MGI:1859823]	1657	0.4165298640727997	0.33917445	Yes	
row_8	Sema3a	sema domain, immunoglobulin domain (Ig), short basic domain, secreted, (semaphorin) 3A [Source:MGI Symbol;Acc:MGI:107558]	1845	0.3840790390968323	0.35920456	Yes	
row_9	Robo2	roundabout guidance receptor 2 [Source:MGI Symbol;Acc:MGI:1890110]	2239	0.3300425112247467	0.36131394	Yes	
row_10	Ndnf	neuron-derived neurotrophic factor [Source:MGI Symbol;Acc:MGI:1915419]	2263	0.3274715542793274	0.38726196	Yes	
row_11	Nrp1	neuropilin 1 [Source:MGI Symbol;Acc:MGI:106206]	2315	0.3212581276893616	0.41086894	Yes	
row_12	Robo1	roundabout guidance receptor 1 [Source:MGI Symbol;Acc:MGI:1274781]	2488	0.3002241849899292	0.4248469	Yes	
row_13	Sall3	spalt like transcription factor 3 [Source:MGI Symbol;Acc:MGI:109295]	2607	0.2873774468898773	0.44125882	Yes	
row_14	Sox1	SRY (sex determining region Y)-box 1 [Source:MGI Symbol;Acc:MGI:98357]	2741	0.27212774753570557	0.4554176	Yes	
row_15	Drd1	dopamine receptor D1 [Source:MGI Symbol;Acc:MGI:99578]	2999	0.2490902841091156	0.45958441	Yes	
row_16	Sema3e	sema domain, immunoglobulin domain (Ig), short basic domain, secreted, (semaphorin) 3E [Source:MGI Symbol;Acc:MGI:1340034]	3066	0.24334816634655	0.47568712	Yes	
row_17	Arx	aristaless related homeobox [Source:MGI Symbol;Acc:MGI:1097716]	3258	0.23002415895462036	0.48254684	Yes	
row_18	Plxna1	plexin A1 [Source:MGI Symbol;Acc:MGI:107685]	3310	0.22550244629383087	0.49812916	Yes	
row_19	Secisbp2	SECIS binding protein 2 [Source:MGI Symbol;Acc:MGI:1922670]	3354	0.22249871492385864	0.51397985	Yes	
row_20	Fgfr2	fibroblast growth factor receptor 2 [Source:MGI Symbol;Acc:MGI:95523]	3395	0.21953245997428894	0.529777	Yes	
row_21	Ogdh	oxoglutarate (alpha-ketoglutarate) dehydrogenase (lipoamide) [Source:MGI Symbol;Acc:MGI:1098267]	3687	0.19957037270069122	0.5275835	Yes	
row_22	Lhx8	LIM homeobox protein 8 [Source:MGI Symbol;Acc:MGI:1096343]	3767	0.1952916532754898	0.53881377	Yes	
row_23	Nhlh2	nescient helix loop helix 2 [Source:MGI Symbol;Acc:MGI:97324]	4356	0.16175322234630585	0.51414275	No	
row_24	Foxg1	forkhead box G1 [Source:MGI Symbol;Acc:MGI:1347464]	4862	0.13706979155540466	0.49279907	No	
row_25	Slc4a10	solute carrier family 4, sodium bicarbonate cotransporter-like, member 10 [Source:MGI Symbol;Acc:MGI:2150150]	5536	0.10887247323989868	0.45817053	No	
row_26	Gnaq	guanine nucleotide binding protein, alpha q polypeptide [Source:MGI Symbol;Acc:MGI:95776]	5622	0.10503185540437698	0.46144664	No	
row_27	Uqcrq	ubiquinol-cytochrome c reductase, complex III subunit VII [Source:MGI Symbol;Acc:MGI:107807]	5645	0.10408724844455719	0.46873927	No	
row_28	Cntn2	contactin 2 [Source:MGI Symbol;Acc:MGI:104518]	5714	0.10188526660203934	0.47285688	No	
row_29	Atg7	autophagy related 7 [Source:MGI Symbol;Acc:MGI:1921494]	6276	0.07955393940210342	0.44305256	No	
row_30	Nrp2	neuropilin 2 [Source:MGI Symbol;Acc:MGI:1100492]	7809	0.019352370873093605	0.34507743	No	
row_31	Dcx	doublecortin [Source:MGI Symbol;Acc:MGI:1277171]	8105	0.006842372007668018	0.32647258	No	
row_32	Ubb	ubiquitin B [Source:MGI Symbol;Acc:MGI:98888]	8906	-0.026133393868803978	0.27665383	No	
row_33	Rapgef2	Rap guanine nucleotide exchange factor (GEF) 2 [Source:MGI Symbol;Acc:MGI:2659071]	9136	-0.03687433898448944	0.2648565	No	
row_34	Zmiz1	zinc finger, MIZ-type containing 1 [Source:MGI Symbol;Acc:MGI:3040693]	9559	-0.057385873049497604	0.24223095	No	
row_35	Scyl2	SCY1-like 2 (S. cerevisiae) [Source:MGI Symbol;Acc:MGI:1289172]	10030	-0.08347102999687195	0.21867092	No	
row_36	Wnt5a	wingless-type MMTV integration site family, member 5A [Source:MGI Symbol;Acc:MGI:98958]	10388	-0.10429193824529648	0.20420201	No	
row_37	Fgfr1	fibroblast growth factor receptor 1 [Source:MGI Symbol;Acc:MGI:95522]	10489	-0.11007554829120636	0.20692562	No	
row_38	Dclk2	doublecortin-like kinase 2 [Source:MGI Symbol;Acc:MGI:1918012]	10755	-0.12820486724376678	0.2004417	No	
row_39	Tfap2a	transcription factor AP-2, alpha [Source:MGI Symbol;Acc:MGI:104671]	11049	-0.15083415806293488	0.1940339	No	
row_40	Atp7a	ATPase, copper transporting, alpha polypeptide [Source:MGI Symbol;Acc:MGI:99400]	12656	-0.33712053298950195	0.117878035	No	
row_41	Rac1	Rac family small GTPase 1 [Source:MGI Symbol;Acc:MGI:97845]	12678	-0.34090420603752136	0.14508177	No	
row_42	Atf5	activating transcription factor 5 [Source:MGI Symbol;Acc:MGI:2141857]	12955	-0.3982361853122711	0.16051231	No	
