NAME	SYMBOL	TITLE	RANK IN GENE LIST	RANK METRIC SCORE	RUNNING ES	CORE ENRICHMENT	
row_0	CD46	CD46 molecule [Source:HGNC Symbol;Acc:HGNC:6953]	470	0.7108524441719055	-0.033931077	No	
row_1	TRPM4	transient receptor potential cation channel subfamily M member 4 [Source:HGNC Symbol;Acc:HGNC:17993]	713	0.5763267874717712	-0.050785325	No	
row_2	APLF	aprataxin and PNKP like factor [Source:HGNC Symbol;Acc:HGNC:28724]	846	0.5228782296180725	-0.05936717	No	
row_3	TMEM98	transmembrane protein 98 [Source:HGNC Symbol;Acc:HGNC:24529]	850	0.5220269560813904	-0.05806645	No	
row_4	IL4	interleukin 4 [Source:HGNC Symbol;Acc:HGNC:6014]	987	0.47648885846138	-0.06709082	No	
row_5	KMT5C	lysine methyltransferase 5C [Source:HGNC Symbol;Acc:HGNC:28405]	1009	0.46825796365737915	-0.06732706	No	
row_6	SHLD1	shieldin complex subunit 1 [Source:HGNC Symbol;Acc:HGNC:26318]	1216	0.41480594873428345	-0.081896275	No	
row_7	PRR7	proline rich 7, synaptic [Source:HGNC Symbol;Acc:HGNC:28130]	1253	0.40814507007598877	-0.0834582	No	
row_8	CD4	CD4 molecule [Source:HGNC Symbol;Acc:HGNC:1678]	1413	0.3724377453327179	-0.0945501	No	
row_9	EPHB2	EPH receptor B2 [Source:HGNC Symbol;Acc:HGNC:3393]	1479	0.3605872094631195	-0.09847369	No	
row_10	LIG4	DNA ligase 4 [Source:HGNC Symbol;Acc:HGNC:6601]	2057	0.27806273102760315	-0.14187296	No	
row_11	MSH2	mutS homolog 2 [Source:HGNC Symbol;Acc:HGNC:7325]	2497	0.23531974852085114	-0.17482284	No	
row_12	SOCS5	suppressor of cytokine signaling 5 [Source:HGNC Symbol;Acc:HGNC:16852]	2512	0.23403799533843994	-0.17520943	No	
row_13	LEF1	lymphoid enhancer binding factor 1 [Source:HGNC Symbol;Acc:HGNC:6551]	2513	0.23399358987808228	-0.17452335	No	
row_14	PRKCZ	protein kinase C zeta [Source:HGNC Symbol;Acc:HGNC:9412]	2570	0.23019728064537048	-0.17813958	No	
row_15	PRKCB	protein kinase C beta [Source:HGNC Symbol;Acc:HGNC:9395]	2619	0.2252962440252304	-0.18115717	No	
row_16	MEF2C	myocyte enhancer factor 2C [Source:HGNC Symbol;Acc:HGNC:6996]	2719	0.2177361398935318	-0.18810497	No	
row_17	PRKCQ	protein kinase C theta [Source:HGNC Symbol;Acc:HGNC:9410]	2828	0.20861954987049103	-0.19576915	No	
row_18	HRAS	HRas proto-oncogene, GTPase [Source:HGNC Symbol;Acc:HGNC:5173]	2985	0.19736522436141968	-0.20714448	No	
row_19	RAP1GAP	RAP1 GTPase activating protein [Source:HGNC Symbol;Acc:HGNC:9858]	3209	0.1835784763097763	-0.22369435	No	
row_20	CD55	CD55 molecule (Cromer blood group) [Source:HGNC Symbol;Acc:HGNC:2665]	3309	0.1763404905796051	-0.23076352	No	
row_21	MLH1	mutL homolog 1 [Source:HGNC Symbol;Acc:HGNC:7127]	3434	0.16988244652748108	-0.23976734	No	
row_22	SHLD2	shieldin complex subunit 2 [Source:HGNC Symbol;Acc:HGNC:28773]	3494	0.16610905528068542	-0.24380137	No	
row_23	RAPGEF4	Rap guanine nucleotide exchange factor 4 [Source:HGNC Symbol;Acc:HGNC:16626]	3499	0.16570860147476196	-0.24362202	No	
row_24	THOC1	THO complex 1 [Source:HGNC Symbol;Acc:HGNC:19070]	3944	0.14187291264533997	-0.27722904	No	
row_25	IGHM	immunoglobulin heavy constant mu [Source:HGNC Symbol;Acc:HGNC:5541]	4165	0.13169346749782562	-0.29370114	No	
row_26	JAG1	jagged canonical Notch ligand 1 [Source:HGNC Symbol;Acc:HGNC:6188]	4185	0.13080409169197083	-0.29477355	No	
row_27	ALCAM	activated leukocyte cell adhesion molecule [Source:HGNC Symbol;Acc:HGNC:400]	4268	0.12658971548080444	-0.3006859	No	
row_28	SMAD7	SMAD family member 7 [Source:HGNC Symbol;Acc:HGNC:6773]	4288	0.12548799812793732	-0.3017739	No	
row_29	SUSD4	sushi domain containing 4 [Source:HGNC Symbol;Acc:HGNC:25470]	4289	0.12542270123958588	-0.30140617	No	
row_30	RIF1	replication timing regulatory factor 1 [Source:HGNC Symbol;Acc:HGNC:23207]	4339	0.12283960729837418	-0.30480078	No	
row_31	RAP1GAP2	RAP1 GTPase activating protein 2 [Source:HGNC Symbol;Acc:HGNC:29176]	4439	0.11809708178043365	-0.31204075	No	
row_32	ZBTB1	zinc finger and BTB domain containing 1 [Source:HGNC Symbol;Acc:HGNC:20259]	4444	0.11796639859676361	-0.31200138	No	
row_33	NSD2	nuclear receptor binding SET domain protein 2 [Source:HGNC Symbol;Acc:HGNC:12766]	4450	0.11771050840616226	-0.31203938	No	
row_34	HMCES	5-hydroxymethylcytosine binding, ES cell specific [Source:HGNC Symbol;Acc:HGNC:24446]	4547	0.11319224536418915	-0.3190638	No	
row_35	DUSP22	dual specificity phosphatase 22 [Source:HGNC Symbol;Acc:HGNC:16077]	4598	0.11111384630203247	-0.32256943	No	
row_36	CAMK4	calcium/calmodulin dependent protein kinase IV [Source:HGNC Symbol;Acc:HGNC:1464]	4639	0.10947391390800476	-0.3253136	No	
row_37	MTOR	mechanistic target of rapamycin kinase [Source:HGNC Symbol;Acc:HGNC:3942]	4767	0.10360562801361084	-0.33474162	No	
row_38	CADM1	cell adhesion molecule 1 [Source:HGNC Symbol;Acc:HGNC:5951]	4780	0.10294981300830841	-0.3353593	No	
row_39	NDFIP1	Nedd4 family interacting protein 1 [Source:HGNC Symbol;Acc:HGNC:17592]	4996	0.0937916487455368	-0.3515594	No	
row_40	BACH2	BTB domain and CNC homolog 2 [Source:HGNC Symbol;Acc:HGNC:14078]	5077	0.09030946344137192	-0.35742489	No	
row_41	HPRT1	hypoxanthine phosphoribosyltransferase 1 [Source:HGNC Symbol;Acc:HGNC:5157]	5366	0.0781039446592331	-0.37926483	No	
row_42	CARD9	caspase recruitment domain family member 9 [Source:HGNC Symbol;Acc:HGNC:16391]	5407	0.07664771378040314	-0.38210523	No	
row_43	TFRC	transferrin receptor [Source:HGNC Symbol;Acc:HGNC:11763]	5457	0.07494381070137024	-0.3856403	No	
row_44	TSC1	TSC complex subunit 1 [Source:HGNC Symbol;Acc:HGNC:12362]	5525	0.07206759601831436	-0.39056307	No	
row_45	PHB	prohibitin [Source:HGNC Symbol;Acc:HGNC:8912]	5558	0.07078352570533752	-0.39280766	No	
row_46	RNF168	ring finger protein 168 [Source:HGNC Symbol;Acc:HGNC:26661]	5754	0.06274642795324326	-0.40756622	No	
row_47	CR2	complement C3d receptor 2 [Source:HGNC Symbol;Acc:HGNC:2336]	5796	0.06101199984550476	-0.41052908	No	
row_48	GNL1	G protein nucleolar 1 (putative) [Source:HGNC Symbol;Acc:HGNC:4413]	5860	0.05811968818306923	-0.41518626	No	
row_49	TRIM27	tripartite motif containing 27 [Source:HGNC Symbol;Acc:HGNC:9975]	5983	0.05295974761247635	-0.42437965	No	
row_50	OTUB1	OTU deubiquitinase, ubiquitin aldehyde binding 1 [Source:HGNC Symbol;Acc:HGNC:23077]	5990	0.05269128456711769	-0.4246849	No	
row_51	PPP3CB	protein phosphatase 3 catalytic subunit beta [Source:HGNC Symbol;Acc:HGNC:9315]	5991	0.05269104987382889	-0.42453042	No	
row_52	FYN	FYN proto-oncogene, Src family tyrosine kinase [Source:HGNC Symbol;Acc:HGNC:4037]	6245	0.040975913405418396	-0.44379726	No	
row_53	NBN	nibrin [Source:HGNC Symbol;Acc:HGNC:7652]	6317	0.037998128682374954	-0.44912645	No	
row_54	EMP2	epithelial membrane protein 2 [Source:HGNC Symbol;Acc:HGNC:3334]	6712	0.020889833569526672	-0.47925678	No	
row_55	CX3CR1	C-X3-C motif chemokine receptor 1 [Source:HGNC Symbol;Acc:HGNC:2558]	6884	0.013490796089172363	-0.49232066	No	
row_56	MR1	major histocompatibility complex, class I-related [Source:HGNC Symbol;Acc:HGNC:4975]	6899	0.012948499992489815	-0.4933555	No	
row_57	PAXIP1	PAX interacting protein 1 [Source:HGNC Symbol;Acc:HGNC:8624]	6954	0.00983131118118763	-0.4974646	No	
row_58	RAPGEF3	Rap guanine nucleotide exchange factor 3 [Source:HGNC Symbol;Acc:HGNC:16629]	7172	-4.384758067317307E-4	-0.5140917	No	
row_59	EIF2AK4	eukaryotic translation initiation factor 2 alpha kinase 4 [Source:HGNC Symbol;Acc:HGNC:19687]	7209	-0.002228036057204008	-0.51684374	No	
row_60	MAP3K7	mitogen-activated protein kinase kinase kinase 7 [Source:HGNC Symbol;Acc:HGNC:6859]	7212	-0.002356388373300433	-0.5169901	No	
row_61	IL2	interleukin 2 [Source:HGNC Symbol;Acc:HGNC:6001]	7324	-0.007063490804284811	-0.52547514	No	
row_62	PAG1	phosphoprotein membrane anchor with glycosphingolipid microdomains 1 [Source:HGNC Symbol;Acc:HGNC:30043]	7364	-0.008953835815191269	-0.5284374	No	
row_63	TP53BP1	tumor protein p53 binding protein 1 [Source:HGNC Symbol;Acc:HGNC:11999]	7408	-0.011310144327580929	-0.53169924	No	
row_64	RC3H2	ring finger and CCCH-type domains 2 [Source:HGNC Symbol;Acc:HGNC:21461]	7435	-0.012477763928472996	-0.533655	No	
row_65	OTUD7B	OTU deubiquitinase 7B [Source:HGNC Symbol;Acc:HGNC:16683]	7452	-0.012929491698741913	-0.53484315	No	
row_66	MCOLN1	mucolipin 1 [Source:HGNC Symbol;Acc:HGNC:13356]	7458	-0.013071250170469284	-0.53518796	No	
row_67	CRTAM	cytotoxic and regulatory T cell molecule [Source:HGNC Symbol;Acc:HGNC:24313]	7467	-0.013651235960423946	-0.53576094	No	
row_68	TFE3	transcription factor binding to IGHM enhancer 3 [Source:HGNC Symbol;Acc:HGNC:11752]	7597	-0.020260831341147423	-0.54558665	No	
row_69	TNFRSF21	TNF receptor superfamily member 21 [Source:HGNC Symbol;Acc:HGNC:13469]	7791	-0.028916755691170692	-0.5602911	No	
row_70	RORA	RAR related orphan receptor A [Source:HGNC Symbol;Acc:HGNC:10258]	7897	-0.03497491031885147	-0.56823456	No	
row_71	ATAD5	ATPase family AAA domain containing 5 [Source:HGNC Symbol;Acc:HGNC:25752]	8252	-0.053510796278715134	-0.59520406	No	
row_72	KMT5B	lysine methyltransferase 5B [Source:HGNC Symbol;Acc:HGNC:24283]	8277	-0.05491992458701134	-0.5968821	No	
row_73	GATA3	GATA binding protein 3 [Source:HGNC Symbol;Acc:HGNC:4172]	8309	-0.05682508647441864	-0.599091	No	
row_74	JAM3	junctional adhesion molecule 3 [Source:HGNC Symbol;Acc:HGNC:15532]	8348	-0.05936213955283165	-0.6018288	No	
row_75	EOMES	eomesodermin [Source:HGNC Symbol;Acc:HGNC:3372]	8419	-0.06422706693410873	-0.60700446	No	
row_76	CD81	CD81 molecule [Source:HGNC Symbol;Acc:HGNC:1701]	8440	-0.0650256797671318	-0.6083464	No	
row_77	SUPT6H	SPT6 homolog, histone chaperone and transcription elongation factor [Source:HGNC Symbol;Acc:HGNC:11470]	8523	-0.06971243023872375	-0.61442554	No	
row_78	RC3H1	ring finger and CCCH-type domains 1 [Source:HGNC Symbol;Acc:HGNC:29434]	8562	-0.07200045883655548	-0.6171263	No	
row_79	C1QBP	complement C1q binding protein [Source:HGNC Symbol;Acc:HGNC:1243]	8709	-0.0819370299577713	-0.6280738	No	
row_80	RNF8	ring finger protein 8 [Source:HGNC Symbol;Acc:HGNC:10071]	8718	-0.08245417475700378	-0.628445	No	
row_81	STX7	syntaxin 7 [Source:HGNC Symbol;Acc:HGNC:11442]	8760	-0.08486060798168182	-0.631338	No	
row_82	MSH6	mutS homolog 6 [Source:HGNC Symbol;Acc:HGNC:7329]	8904	-0.09406300634145737	-0.64202005	No	
row_83	IL6ST	interleukin 6 signal transducer [Source:HGNC Symbol;Acc:HGNC:6021]	8935	-0.09584919363260269	-0.6440379	No	
row_84	CLU	clusterin [Source:HGNC Symbol;Acc:HGNC:2095]	9073	-0.10545151680707932	-0.6542268	No	
row_85	DUSP10	dual specificity phosphatase 10 [Source:HGNC Symbol;Acc:HGNC:3065]	9486	-0.1371394842863083	-0.68539554	No	
row_86	PTK2B	protein tyrosine kinase 2 beta [Source:HGNC Symbol;Acc:HGNC:9612]	9536	-0.14084367454051971	-0.6887374	No	
row_87	SLC15A4	solute carrier family 15 member 4 [Source:HGNC Symbol;Acc:HGNC:23090]	9853	-0.17477574944496155	-0.7124395	No	
row_88	SEMA4A	semaphorin 4A [Source:HGNC Symbol;Acc:HGNC:10729]	9927	-0.18259111046791077	-0.717498	No	
row_89	IL18	interleukin 18 [Source:HGNC Symbol;Acc:HGNC:5986]	9936	-0.1832057386636734	-0.7175739	No	
row_90	PIK3CD	phosphatidylinositol-4,5-bisphosphate 3-kinase catalytic subunit delta [Source:HGNC Symbol;Acc:HGNC:8977]	10041	-0.19529178738594055	-0.72497064	No	
row_91	SIRT1	sirtuin 1 [Source:HGNC Symbol;Acc:HGNC:14929]	10093	-0.20096233487129211	-0.7282894	No	
row_92	DBNL	drebrin like [Source:HGNC Symbol;Acc:HGNC:2696]	10124	-0.20394490659236908	-0.7299903	No	
row_93	EXOSC3	exosome component 3 [Source:HGNC Symbol;Acc:HGNC:17944]	10194	-0.21316932141780853	-0.73465264	No	
row_94	ENTPD7	ectonucleoside triphosphate diphosphohydrolase 7 [Source:HGNC Symbol;Acc:HGNC:19745]	10241	-0.21888776123523712	-0.7375358	No	
row_95	PKN1	protein kinase N1 [Source:HGNC Symbol;Acc:HGNC:9405]	10274	-0.22395913302898407	-0.7393312	No	
row_96	FBXO38	F-box protein 38 [Source:HGNC Symbol;Acc:HGNC:28844]	10281	-0.22501645982265472	-0.7391312	No	
row_97	PRKCD	protein kinase C delta [Source:HGNC Symbol;Acc:HGNC:9399]	10284	-0.22514791786670685	-0.73862433	No	
row_98	CR1	complement C3b/C4b receptor 1 (Knops blood group) [Source:HGNC Symbol;Acc:HGNC:2334]	10295	-0.22655810415744781	-0.7387263	No	
row_99	BCL6	BCL6 transcription repressor [Source:HGNC Symbol;Acc:HGNC:1001]	10620	-0.27032357454299927	-0.76276135	No	
row_100	DENND1B	DENN domain containing 1B [Source:HGNC Symbol;Acc:HGNC:28404]	10770	-0.29408881068229675	-0.7733167	No	
row_101	IL20RB	interleukin 20 receptor subunit beta [Source:HGNC Symbol;Acc:HGNC:6004]	10780	-0.29539915919303894	-0.7731402	No	
row_102	RFTN1	raftlin, lipid raft linker 1 [Source:HGNC Symbol;Acc:HGNC:30278]	10824	-0.3028486967086792	-0.77554727	No	
row_103	CSK	C-terminal Src kinase [Source:HGNC Symbol;Acc:HGNC:2444]	10856	-0.3086056113243103	-0.7770179	No	
row_104	TRAF2	TNF receptor associated factor 2 [Source:HGNC Symbol;Acc:HGNC:12032]	10885	-0.3134261667728424	-0.7782445	No	
row_105	ERCC1	ERCC excision repair 1, endonuclease non-catalytic subunit [Source:HGNC Symbol;Acc:HGNC:3433]	11023	-0.3341098725795746	-0.78776294	No	
row_106	TFEB	transcription factor EB [Source:HGNC Symbol;Acc:HGNC:11753]	11120	-0.35466882586479187	-0.79407936	No	
row_107	BCL10	BCL10 immune signaling adaptor [Source:HGNC Symbol;Acc:HGNC:989]	11283	-0.3952125906944275	-0.8053344	No	
row_108	ADAM17	ADAM metallopeptidase domain 17 [Source:HGNC Symbol;Acc:HGNC:195]	11327	-0.40658193826675415	-0.8074373	No	
row_109	FOXJ1	forkhead box J1 [Source:HGNC Symbol;Acc:HGNC:3816]	11397	-0.4254794716835022	-0.8114771	No	
row_110	PRKD2	protein kinase D2 [Source:HGNC Symbol;Acc:HGNC:17293]	11399	-0.4261758625507355	-0.8103042	No	
row_111	MAD2L2	mitotic arrest deficient 2 like 2 [Source:HGNC Symbol;Acc:HGNC:6764]	11403	-0.4283888041973114	-0.809278	No	
row_112	CRACR2A	calcium release activated channel regulator 2A [Source:HGNC Symbol;Acc:HGNC:28657]	11466	-0.4475226104259491	-0.81271684	No	
row_113	NOTCH1	notch receptor 1 [Source:HGNC Symbol;Acc:HGNC:7881]	11508	-0.459946870803833	-0.81451	No	
row_114	TBX21	T-box 21 [Source:HGNC Symbol;Acc:HGNC:11599]	11514	-0.46224460005760193	-0.81353784	No	
row_115	SIPA1	signal-induced proliferation-associated 1 [Source:HGNC Symbol;Acc:HGNC:10885]	11538	-0.4698203504085541	-0.81392276	No	
row_116	ORAI1	ORAI calcium release-activated calcium modulator 1 [Source:HGNC Symbol;Acc:HGNC:25896]	11554	-0.47619086503982544	-0.81367594	No	
row_117	GPR183	G protein-coupled receptor 183 [Source:HGNC Symbol;Acc:HGNC:3128]	11567	-0.48073843121528625	-0.813186	No	
row_118	DCLRE1C	DNA cross-link repair 1C [Source:HGNC Symbol;Acc:HGNC:17642]	11588	-0.4895789623260498	-0.8132831	No	
row_119	RNF19B	ring finger protein 19B [Source:HGNC Symbol;Acc:HGNC:26886]	11611	-0.4984840154647827	-0.8135073	No	
row_120	PVR	PVR cell adhesion molecule [Source:HGNC Symbol;Acc:HGNC:9705]	11618	-0.5014012455940247	-0.81249696	No	
row_121	TREM2	triggering receptor expressed on myeloid cells 2 [Source:HGNC Symbol;Acc:HGNC:17761]	11625	-0.5038224458694458	-0.8114795	No	
row_122	RAB27A	RAB27A, member RAS oncogene family [Source:HGNC Symbol;Acc:HGNC:9766]	11731	-0.5529008507728577	-0.81790435	No	
row_123	ZBTB7B	zinc finger and BTB domain containing 7B [Source:HGNC Symbol;Acc:HGNC:18668]	11780	-0.5764588713645935	-0.8198923	No	
row_124	JAK2	Janus kinase 2 [Source:HGNC Symbol;Acc:HGNC:6192]	11827	-0.6027401089668274	-0.82164997	No	
row_125	AGER	advanced glycosylation end-product specific receptor [Source:HGNC Symbol;Acc:HGNC:320]	11844	-0.6114444732666016	-0.82108325	No	
row_126	CLEC10A	C-type lectin domain containing 10A [Source:HGNC Symbol;Acc:HGNC:16916]	11887	-0.6352595090866089	-0.822439	No	
row_127	TRAF6	TNF receptor associated factor 6 [Source:HGNC Symbol;Acc:HGNC:12036]	11923	-0.6538277268409729	-0.8232039	No	
row_128	JCHAIN	joining chain of multimeric IgA and IgM [Source:HGNC Symbol;Acc:HGNC:5713]	11951	-0.668448805809021	-0.823313	No	
row_129	RORC	RAR related orphan receptor C [Source:HGNC Symbol;Acc:HGNC:10260]	11969	-0.6768618226051331	-0.82263106	No	
row_130	IL17RA	interleukin 17 receptor A [Source:HGNC Symbol;Acc:HGNC:5985]	11997	-0.6918795704841614	-0.8226714	No	
row_131	NFKBID	NFKB inhibitor delta [Source:HGNC Symbol;Acc:HGNC:15671]	12099	-0.7558355927467346	-0.82819474	Yes	
row_132	SWAP70	switching B cell complex subunit SWAP70 [Source:HGNC Symbol;Acc:HGNC:17070]	12102	-0.7572450041770935	-0.8261277	Yes	
row_133	TNFRSF13C	TNF receptor superfamily member 13C [Source:HGNC Symbol;Acc:HGNC:17755]	12139	-0.7814901471138	-0.826595	Yes	
row_134	CEACAM1	carcinoembryonic antigen related cell adhesion molecule 1 [Source:HGNC Symbol;Acc:HGNC:1814]	12140	-0.7821909189224243	-0.8243016	Yes	
row_135	UNG	uracil DNA glycosylase [Source:HGNC Symbol;Acc:HGNC:12572]	12145	-0.7864665985107422	-0.82230216	Yes	
row_136	STAT3	signal transducer and activator of transcription 3 [Source:HGNC Symbol;Acc:HGNC:11364]	12150	-0.7922405004501343	-0.8202858	Yes	
row_137	HLX	H2.0 like homeobox [Source:HGNC Symbol;Acc:HGNC:4978]	12154	-0.7970489263534546	-0.81817865	Yes	
row_138	BMX	BMX non-receptor tyrosine kinase [Source:HGNC Symbol;Acc:HGNC:1079]	12176	-0.8108983635902405	-0.8174103	Yes	
row_139	CD7	CD7 molecule [Source:HGNC Symbol;Acc:HGNC:1695]	12183	-0.8195261359214783	-0.8154672	Yes	
row_140	P2RX7	purinergic receptor P2X 7 [Source:HGNC Symbol;Acc:HGNC:8537]	12203	-0.830166757106781	-0.814489	Yes	
row_141	NECTIN2	nectin cell adhesion molecule 2 [Source:HGNC Symbol;Acc:HGNC:9707]	12209	-0.8350293636322021	-0.8124238	Yes	
row_142	TRBC2	T cell receptor beta constant 2 [Source:HGNC Symbol;Acc:HGNC:12157]	12212	-0.8367474675178528	-0.8101237	Yes	
row_143	ADCY7	adenylate cyclase 7 [Source:HGNC Symbol;Acc:HGNC:238]	12281	-0.8906004428863525	-0.81272316	Yes	
row_144	CD6	CD6 molecule [Source:HGNC Symbol;Acc:HGNC:1691]	12310	-0.9262762069702148	-0.81215286	Yes	
row_145	TRAF3IP2	TRAF3 interacting protein 2 [Source:HGNC Symbol;Acc:HGNC:1343]	12314	-0.9277524352073669	-0.8096625	Yes	
row_146	FADD	Fas associated via death domain [Source:HGNC Symbol;Acc:HGNC:3573]	12345	-0.9544616937637329	-0.80916286	Yes	
row_147	FZD5	frizzled class receptor 5 [Source:HGNC Symbol;Acc:HGNC:4043]	12349	-0.9562937021255493	-0.8065889	Yes	
row_148	C1QC	complement C1q C chain [Source:HGNC Symbol;Acc:HGNC:1245]	12386	-1.0127390623092651	-0.80637807	Yes	
row_149	EBI3	Epstein-Barr virus induced 3 [Source:HGNC Symbol;Acc:HGNC:3129]	12402	-1.0250225067138672	-0.8045221	Yes	
row_150	C1QA	complement C1q A chain [Source:HGNC Symbol;Acc:HGNC:1241]	12404	-1.0306638479232788	-0.8015768	Yes	
row_151	CD28	CD28 molecule [Source:HGNC Symbol;Acc:HGNC:1653]	12423	-1.046858549118042	-0.79988664	Yes	
row_152	TEC	tec protein tyrosine kinase [Source:HGNC Symbol;Acc:HGNC:11719]	12427	-1.051439642906189	-0.79703367	Yes	
row_153	C1RL	complement C1r subcomponent like [Source:HGNC Symbol;Acc:HGNC:21265]	12437	-1.061173439025879	-0.79461193	Yes	
row_154	C1QB	complement C1q B chain [Source:HGNC Symbol;Acc:HGNC:1242]	12444	-1.0711430311203003	-0.7919311	Yes	
row_155	IGKC	immunoglobulin kappa constant [Source:HGNC Symbol;Acc:HGNC:5716]	12446	-1.0751280784606934	-0.7888554	Yes	
row_156	IGHA1	immunoglobulin heavy constant alpha 1 [Source:HGNC Symbol;Acc:HGNC:5478]	12456	-1.0936496257781982	-0.7863384	Yes	
row_157	RIPK2	receptor interacting serine/threonine kinase 2 [Source:HGNC Symbol;Acc:HGNC:10020]	12458	-1.0947935581207275	-0.78320503	Yes	
row_158	SLAMF1	signaling lymphocytic activation molecule family member 1 [Source:HGNC Symbol;Acc:HGNC:10903]	12463	-1.1003212928771973	-0.78028536	Yes	
row_159	UNC13D	unc-13 homolog D [Source:HGNC Symbol;Acc:HGNC:23147]	12471	-1.1171257495880127	-0.77754635	Yes	
row_160	CTSS	cathepsin S [Source:HGNC Symbol;Acc:HGNC:2545]	12472	-1.117204189300537	-0.77427065	Yes	
row_161	B2M	beta-2-microglobulin [Source:HGNC Symbol;Acc:HGNC:914]	12473	-1.118391513824463	-0.77099144	Yes	
row_162	JAK3	Janus kinase 3 [Source:HGNC Symbol;Acc:HGNC:6193]	12476	-1.1279429197311401	-0.7678375	Yes	
row_163	MALT1	MALT1 paracaspase [Source:HGNC Symbol;Acc:HGNC:6819]	12490	-1.142586588859558	-0.7654836	Yes	
row_164	CTSH	cathepsin H [Source:HGNC Symbol;Acc:HGNC:2535]	12494	-1.1514723300933838	-0.7623373	Yes	
row_165	HFE	homeostatic iron regulator [Source:HGNC Symbol;Acc:HGNC:4886]	12497	-1.152908205986023	-0.7591102	Yes	
row_166	LYN	LYN proto-oncogene, Src family tyrosine kinase [Source:HGNC Symbol;Acc:HGNC:6735]	12499	-1.154542088508606	-0.7558017	Yes	
row_167	SKAP1	src kinase associated phosphoprotein 1 [Source:HGNC Symbol;Acc:HGNC:15605]	12547	-1.2102868556976318	-0.7558546	Yes	
row_168	TGFB1	transforming growth factor beta 1 [Source:HGNC Symbol;Acc:HGNC:11766]	12548	-1.212853193283081	-0.7522985	Yes	
row_169	HLA-DMA	major histocompatibility complex, class II, DM alpha [Source:HGNC Symbol;Acc:HGNC:4934]	12554	-1.2230600118637085	-0.7490955	Yes	
row_170	IL1R1	interleukin 1 receptor type 1 [Source:HGNC Symbol;Acc:HGNC:5993]	12568	-1.2378168106079102	-0.74646235	Yes	
row_171	NCKAP1L	NCK associated protein 1 like [Source:HGNC Symbol;Acc:HGNC:4862]	12583	-1.265770435333252	-0.7438239	Yes	
row_172	TNFRSF13B	TNF receptor superfamily member 13B [Source:HGNC Symbol;Acc:HGNC:18153]	12602	-1.2991362810134888	-0.74139404	Yes	
row_173	MICA	MHC class I polypeptide-related sequence A [Source:HGNC Symbol;Acc:HGNC:7090]	12650	-1.366855502128601	-0.7409879	Yes	
row_174	INPP5D	inositol polyphosphate-5-phosphatase D [Source:HGNC Symbol;Acc:HGNC:6079]	12652	-1.3713209629058838	-0.7370438	Yes	
row_175	CD80	CD80 molecule [Source:HGNC Symbol;Acc:HGNC:1700]	12658	-1.3855133056640625	-0.7333645	Yes	
row_176	STAT6	signal transducer and activator of transcription 6 [Source:HGNC Symbol;Acc:HGNC:11368]	12659	-1.3939892053604126	-0.7292773	Yes	
row_177	PIK3CG	phosphatidylinositol-4,5-bisphosphate 3-kinase catalytic subunit gamma [Source:HGNC Symbol;Acc:HGNC:8978]	12660	-1.3965299129486084	-0.7251826	Yes	
row_178	LAIR1	leukocyte associated immunoglobulin like receptor 1 [Source:HGNC Symbol;Acc:HGNC:6477]	12662	-1.3970800638198853	-0.7211629	Yes	
row_179	ARID5A	AT-rich interaction domain 5A [Source:HGNC Symbol;Acc:HGNC:17361]	12678	-1.4312337636947632	-0.7181159	Yes	
row_180	LOXL3	lysyl oxidase like 3 [Source:HGNC Symbol;Acc:HGNC:13869]	12679	-1.4314550161361694	-0.71391886	Yes	
row_181	IL6R	interleukin 6 receptor [Source:HGNC Symbol;Acc:HGNC:6019]	12681	-1.4358460903167725	-0.7097855	Yes	
row_182	ITK	IL2 inducible T cell kinase [Source:HGNC Symbol;Acc:HGNC:6171]	12688	-1.4453063011169434	-0.7060076	Yes	
row_183	BTLA	B and T lymphocyte associated [Source:HGNC Symbol;Acc:HGNC:21087]	12698	-1.456658959388733	-0.70242625	Yes	
row_184	UNC93B1	unc-93 homolog B1, TLR signaling regulator [Source:HGNC Symbol;Acc:HGNC:13481]	12706	-1.4811433553695679	-0.6986199	Yes	
row_185	TNFRSF11A	TNF receptor superfamily member 11a [Source:HGNC Symbol;Acc:HGNC:11908]	12715	-1.498356819152832	-0.69483966	Yes	
row_186	TAP2	transporter 2, ATP binding cassette subfamily B member [Source:HGNC Symbol;Acc:HGNC:44]	12723	-1.5208073854446411	-0.690917	Yes	
row_187	NFKBIZ	NFKB inhibitor zeta [Source:HGNC Symbol;Acc:HGNC:29805]	12727	-1.5256743431091309	-0.6866735	Yes	
row_188	MYD88	MYD88 innate immune signal transduction adaptor [Source:HGNC Symbol;Acc:HGNC:7562]	12742	-1.5513466596603394	-0.68319774	Yes	
row_189	HPX	hemopexin [Source:HGNC Symbol;Acc:HGNC:5171]	12748	-1.561322808265686	-0.679003	Yes	
row_190	TCIRG1	T cell immune regulator 1, ATPase H+ transporting V0 subunit a3 [Source:HGNC Symbol;Acc:HGNC:11647]	12761	-1.602987289428711	-0.6752225	Yes	
row_191	PLA2G4A	phospholipase A2 group IVA [Source:HGNC Symbol;Acc:HGNC:9035]	12768	-1.6328383684158325	-0.67089474	Yes	
row_192	PRDM1	PR/SET domain 1 [Source:HGNC Symbol;Acc:HGNC:9346]	12779	-1.654021143913269	-0.66681135	Yes	
row_193	ADGRE1	adhesion G protein-coupled receptor E1 [Source:HGNC Symbol;Acc:HGNC:3336]	12785	-1.6683869361877441	-0.66230273	Yes	
row_194	TNFSF13B	TNF superfamily member 13b [Source:HGNC Symbol;Acc:HGNC:11929]	12787	-1.6782976388931274	-0.6574585	Yes	
row_195	C4A	complement C4A (Rodgers blood group) [Source:HGNC Symbol;Acc:HGNC:1323]	12788	-1.6785578727722168	-0.6525369	Yes	
row_196	BTK	Bruton tyrosine kinase [Source:HGNC Symbol;Acc:HGNC:1133]	12793	-1.687743902206421	-0.64789486	Yes	
row_197	ANXA1	annexin A1 [Source:HGNC Symbol;Acc:HGNC:533]	12799	-1.7074098587036133	-0.6432718	Yes	
row_198	ZAP70	zeta chain of T cell receptor associated protein kinase 70 [Source:HGNC Symbol;Acc:HGNC:12858]	12801	-1.7116260528564453	-0.6383299	Yes	
row_199	CLEC6A	C-type lectin domain containing 6A [Source:HGNC Symbol;Acc:HGNC:14556]	12802	-1.7152905464172363	-0.6333006	Yes	
row_200	CTSC	cathepsin C [Source:HGNC Symbol;Acc:HGNC:2528]	12815	-1.7535220384597778	-0.62907875	Yes	
row_201	LAT2	linker for activation of T cells family member 2 [Source:HGNC Symbol;Acc:HGNC:12749]	12821	-1.771233320236206	-0.62426853	Yes	
row_202	RELB	RELB proto-oncogene, NF-kB subunit [Source:HGNC Symbol;Acc:HGNC:9956]	12823	-1.789119839668274	-0.6190994	Yes	
row_203	NLRP3	NLR family pyrin domain containing 3 [Source:HGNC Symbol;Acc:HGNC:16400]	12833	-1.8187140226364136	-0.61445653	Yes	
row_204	IRF1	interferon regulatory factor 1 [Source:HGNC Symbol;Acc:HGNC:6116]	12854	-1.8624831438064575	-0.6105282	Yes	
row_205	LILRA6	leukocyte immunoglobulin like receptor A6 [Source:HGNC Symbol;Acc:HGNC:15495]	12855	-1.8631353378295898	-0.6050654	Yes	
row_206	KLHL6	kelch like family member 6 [Source:HGNC Symbol;Acc:HGNC:18653]	12856	-1.8633590936660767	-0.599602	Yes	
row_207	ARG1	arginase 1 [Source:HGNC Symbol;Acc:HGNC:663]	12859	-1.8745911121368408	-0.59425884	Yes	
row_208	NOD2	nucleotide binding oligomerization domain containing 2 [Source:HGNC Symbol;Acc:HGNC:5331]	12865	-1.8870857954025269	-0.58910894	Yes	
row_209	RNF125	ring finger protein 125 [Source:HGNC Symbol;Acc:HGNC:21150]	12873	-1.907199501991272	-0.5840534	Yes	
row_210	IL4R	interleukin 4 receptor [Source:HGNC Symbol;Acc:HGNC:6015]	12880	-1.922226071357727	-0.5788771	Yes	
row_211	PYCARD	PYD and CARD domain containing [Source:HGNC Symbol;Acc:HGNC:16608]	12886	-1.946400761604309	-0.5735533	Yes	
row_212	TXK	TXK tyrosine kinase [Source:HGNC Symbol;Acc:HGNC:12434]	12887	-1.9520033597946167	-0.56782997	Yes	
row_213	FCER1G	Fc fragment of IgE receptor Ig [Source:HGNC Symbol;Acc:HGNC:3611]	12890	-1.9575062990188599	-0.5622437	Yes	
row_214	PARP3	poly(ADP-ribose) polymerase family member 3 [Source:HGNC Symbol;Acc:HGNC:273]	12893	-1.9706056118011475	-0.5566191	Yes	
row_215	C1S	complement C1s [Source:HGNC Symbol;Acc:HGNC:1247]	12898	-1.9825427532196045	-0.5511127	Yes	
row_216	TREM1	triggering receptor expressed on myeloid cells 1 [Source:HGNC Symbol;Acc:HGNC:17760]	12900	-1.992090106010437	-0.54534847	Yes	
row_217	ERAP1	endoplasmic reticulum aminopeptidase 1 [Source:HGNC Symbol;Acc:HGNC:18173]	12908	-2.0068156719207764	-0.5400008	Yes	
row_218	CD1D	CD1d molecule [Source:HGNC Symbol;Acc:HGNC:1637]	12909	-2.011352062225342	-0.5341034	Yes	
row_219	RSAD2	radical S-adenosyl methionine domain containing 2 [Source:HGNC Symbol;Acc:HGNC:30908]	12911	-2.018421173095703	-0.52826196	Yes	
row_220	SERPING1	serpin family G member 1 [Source:HGNC Symbol;Acc:HGNC:1228]	12912	-2.0194497108459473	-0.52234083	Yes	
row_221	SLC11A1	solute carrier family 11 member 1 [Source:HGNC Symbol;Acc:HGNC:10907]	12928	-2.0568742752075195	-0.5174594	Yes	
row_222	PTPN6	protein tyrosine phosphatase non-receptor type 6 [Source:HGNC Symbol;Acc:HGNC:9658]	12929	-2.0592994689941406	-0.51142144	Yes	
row_223	SYK	spleen associated tyrosine kinase [Source:HGNC Symbol;Acc:HGNC:11491]	12934	-2.071566104888916	-0.50565404	Yes	
row_224	ARG2	arginase 2 [Source:HGNC Symbol;Acc:HGNC:664]	12945	-2.0990161895751953	-0.50026596	Yes	
row_225	TAP1	transporter 1, ATP binding cassette subfamily B member [Source:HGNC Symbol;Acc:HGNC:43]	12950	-2.113363265991211	-0.49437597	Yes	
row_226	CD8B2	CD8b2 molecule [Source:HGNC Symbol;Acc:HGNC:1708]	12955	-2.138378381729126	-0.48841268	Yes	
row_227	HAVCR2	hepatitis A virus cellular receptor 2 [Source:HGNC Symbol;Acc:HGNC:18437]	12958	-2.150355339050293	-0.482261	Yes	
row_228	RIPK3	receptor interacting serine/threonine kinase 3 [Source:HGNC Symbol;Acc:HGNC:10021]	12977	-2.203356981277466	-0.47717997	Yes	
row_229	SLAMF6	SLAM family member 6 [Source:HGNC Symbol;Acc:HGNC:21392]	12985	-2.2255918979644775	-0.47119084	Yes	
row_230	TNFAIP3	TNF alpha induced protein 3 [Source:HGNC Symbol;Acc:HGNC:11896]	13008	-2.3014543056488037	-0.4661287	Yes	
row_231	IL6	interleukin 6 [Source:HGNC Symbol;Acc:HGNC:6018]	13013	-2.304513931274414	-0.4596783	Yes	
row_232	CLCF1	cardiotrophin like cytokine factor 1 [Source:HGNC Symbol;Acc:HGNC:17412]	13020	-2.3279359340667725	-0.45331246	Yes	
row_233	CD74	CD74 molecule [Source:HGNC Symbol;Acc:HGNC:1697]	13023	-2.3369808197021484	-0.44661358	Yes	
row_234	IL18BP	interleukin 18 binding protein [Source:HGNC Symbol;Acc:HGNC:5987]	13034	-2.363203525543213	-0.44045085	Yes	
row_235	SPN	sialophorin [Source:HGNC Symbol;Acc:HGNC:11249]	13040	-2.3822696208953857	-0.4338491	Yes	
row_236	PTPRC	protein tyrosine phosphatase receptor type C [Source:HGNC Symbol;Acc:HGNC:9666]	13047	-2.397634506225586	-0.42727888	Yes	
row_237	MYO1G	myosin IG [Source:HGNC Symbol;Acc:HGNC:13880]	13048	-2.4009087085723877	-0.42023933	Yes	
row_238	C2	complement C2 [Source:HGNC Symbol;Acc:HGNC:1248]	13049	-2.4040307998657227	-0.4131906	Yes	
row_239	ZC3H12A	zinc finger CCCH-type containing 12A [Source:HGNC Symbol;Acc:HGNC:26259]	13061	-2.4416534900665283	-0.40687448	Yes	
row_240	WAS	WASP actin nucleation promoting factor [Source:HGNC Symbol;Acc:HGNC:12731]	13068	-2.46127986907959	-0.4001177	Yes	
row_241	BATF	basic leucine zipper ATF-like transcription factor [Source:HGNC Symbol;Acc:HGNC:958]	13074	-2.4776346683502197	-0.3932363	Yes	
row_242	CLEC4C	C-type lectin domain family 4 member C [Source:HGNC Symbol;Acc:HGNC:13258]	13081	-2.5058186054229736	-0.3863489	Yes	
row_243	ADA	adenosine deaminase [Source:HGNC Symbol;Acc:HGNC:186]	13085	-2.5194742679595947	-0.37919158	Yes	
row_244	CXCL13	C-X-C motif chemokine ligand 13 [Source:HGNC Symbol;Acc:HGNC:10639]	13087	-2.528752088546753	-0.3718538	Yes	
row_245	IRF7	interferon regulatory factor 7 [Source:HGNC Symbol;Acc:HGNC:6122]	13088	-2.53041410446167	-0.36443454	Yes	
row_246	IFNB1	interferon beta 1 [Source:HGNC Symbol;Acc:HGNC:5434]	13099	-2.5572633743286133	-0.35770282	Yes	
row_247	C1R	complement C1r [Source:HGNC Symbol;Acc:HGNC:1246]	13101	-2.5632481575012207	-0.3502639	Yes	
row_248	NFKB2	nuclear factor kappa B subunit 2 [Source:HGNC Symbol;Acc:HGNC:7795]	13108	-2.5770087242126465	-0.34316775	Yes	
row_249	LILRB3	leukocyte immunoglobulin like receptor B3 [Source:HGNC Symbol;Acc:HGNC:6607]	13112	-2.589735269546509	-0.33580443	Yes	
row_250	CSF2RB	colony stimulating factor 2 receptor beta common subunit [Source:HGNC Symbol;Acc:HGNC:2436]	13119	-2.6046905517578125	-0.32862714	Yes	
row_251	SAMSN1	SAM domain, SH3 domain and nuclear localization signals 1 [Source:HGNC Symbol;Acc:HGNC:10528]	13125	-2.629209041595459	-0.32130134	Yes	
row_252	HLA-DQB1	major histocompatibility complex, class II, DQ beta 1 [Source:HGNC Symbol;Acc:HGNC:4944]	13128	-2.6507036685943604	-0.31368262	Yes	
row_253	CD274	CD274 molecule [Source:HGNC Symbol;Acc:HGNC:17635]	13130	-2.6653146743774414	-0.30594444	Yes	
row_254	IL21R	interleukin 21 receptor [Source:HGNC Symbol;Acc:HGNC:6006]	13132	-2.6676392555236816	-0.29819942	Yes	
row_255	CD40	CD40 molecule [Source:HGNC Symbol;Acc:HGNC:11919]	13139	-2.693387508392334	-0.29076207	Yes	
row_256	KLRD1	killer cell lectin like receptor D1 [Source:HGNC Symbol;Acc:HGNC:6378]	13141	-2.69734525680542	-0.28293	Yes	
row_257	IL7R	interleukin 7 receptor [Source:HGNC Symbol;Acc:HGNC:6024]	13142	-2.6980695724487305	-0.2750191	Yes	
row_258	CD86	CD86 molecule [Source:HGNC Symbol;Acc:HGNC:1705]	13143	-2.7075791358947754	-0.2670804	Yes	
row_259	CTLA4	cytotoxic T-lymphocyte associated protein 4 [Source:HGNC Symbol;Acc:HGNC:2505]	13146	-2.7193942070007324	-0.25926027	Yes	
row_260	SLAMF7	SLAM family member 7 [Source:HGNC Symbol;Acc:HGNC:21394]	13148	-2.7218472957611084	-0.25135633	Yes	
row_261	CD8A	CD8a molecule [Source:HGNC Symbol;Acc:HGNC:1706]	13151	-2.737701416015625	-0.24348253	Yes	
row_262	TRBC1	T cell receptor beta constant 1 [Source:HGNC Symbol;Acc:HGNC:12156]	13153	-2.7407925128936768	-0.23552303	Yes	
row_263	TARM1	T cell-interacting, activating receptor on myeloid cells 1 [Source:HGNC Symbol;Acc:HGNC:37250]	13155	-2.745408296585083	-0.22755001	Yes	
row_264	FCGR2B	Fc fragment of IgG receptor IIb [Source:HGNC Symbol;Acc:HGNC:3618]	13158	-2.755366563796997	-0.21962442	Yes	
row_265	IL1B	interleukin 1 beta [Source:HGNC Symbol;Acc:HGNC:5992]	13160	-2.7633743286132812	-0.21159872	Yes	
row_266	CD84	CD84 molecule [Source:HGNC Symbol;Acc:HGNC:1704]	13168	-2.8030569553375244	-0.20391643	Yes	
row_267	TNFRSF1B	TNF receptor superfamily member 1B [Source:HGNC Symbol;Acc:HGNC:11917]	13180	-2.8627378940582275	-0.19636568	Yes	
row_268	TLR4	toll like receptor 4 [Source:HGNC Symbol;Acc:HGNC:11850]	13184	-2.874952554702759	-0.18816608	Yes	
row_269	C3	complement C3 [Source:HGNC Symbol;Acc:HGNC:1318]	13187	-2.885869026184082	-0.17985785	Yes	
row_270	LY9	lymphocyte antigen 9 [Source:HGNC Symbol;Acc:HGNC:6730]	13188	-2.8907649517059326	-0.17138201	Yes	
row_271	LAT	linker for activation of T cells [Source:HGNC Symbol;Acc:HGNC:18874]	13195	-2.9246413707733154	-0.16326661	Yes	
row_272	CCR2	C-C motif chemokine receptor 2 [Source:HGNC Symbol;Acc:HGNC:1603]	13202	-2.941856861114502	-0.15510073	Yes	
row_273	ICAM1	intercellular adhesion molecule 1 [Source:HGNC Symbol;Acc:HGNC:5344]	13207	-2.96921706199646	-0.14670138	Yes	
row_274	CLEC4A	C-type lectin domain family 4 member A [Source:HGNC Symbol;Acc:HGNC:13257]	13221	-3.0387380123138428	-0.13878784	Yes	
row_275	HLA-DMB	major histocompatibility complex, class II, DM beta [Source:HGNC Symbol;Acc:HGNC:4935]	13227	-3.0603208541870117	-0.13019799	Yes	
row_276	CLEC4D	C-type lectin domain family 4 member D [Source:HGNC Symbol;Acc:HGNC:14554]	13233	-3.0995049476623535	-0.12149326	Yes	
row_277	PRF1	perforin 1 [Source:HGNC Symbol;Acc:HGNC:9360]	13242	-3.156561851501465	-0.11285111	Yes	
row_278	IFNG	interferon gamma [Source:HGNC Symbol;Acc:HGNC:5438]	13245	-3.171190023422241	-0.10370631	Yes	
row_279	SASH3	SAM and SH3 domain containing 3 [Source:HGNC Symbol;Acc:HGNC:15975]	13246	-3.185924530029297	-0.094365045	Yes	
row_280	FCGR1A	Fc fragment of IgG receptor Ia [Source:HGNC Symbol;Acc:HGNC:3613]	13252	-3.2211050987243652	-0.08530377	Yes	
row_281	KLRK1	killer cell lectin like receptor K1 [Source:HGNC Symbol;Acc:HGNC:18788]	13253	-3.2218995094299316	-0.07585703	Yes	
row_282	BCL3	BCL3 transcription coactivator [Source:HGNC Symbol;Acc:HGNC:998]	13264	-3.2798244953155518	-0.06700673	Yes	
row_283	CD244	CD244 molecule [Source:HGNC Symbol;Acc:HGNC:18171]	13285	-3.4986789226531982	-0.058281023	Yes	
row_284	IL12RB1	interleukin 12 receptor subunit beta 1 [Source:HGNC Symbol;Acc:HGNC:5971]	13309	-3.862640857696533	-0.04871805	Yes	
row_285	IL12B	interleukin 12B [Source:HGNC Symbol;Acc:HGNC:5970]	13321	-4.15106201171875	-0.037389874	Yes	
row_286	CD48	CD48 molecule [Source:HGNC Symbol;Acc:HGNC:1683]	13324	-4.282419681549072	-0.024986899	Yes	
row_287	CLEC7A	C-type lectin domain containing 7A [Source:HGNC Symbol;Acc:HGNC:14558]	13326	-4.382608890533447	-0.012213535	Yes	
row_288	TNF	tumor necrosis factor [Source:HGNC Symbol;Acc:HGNC:11892]	13331	-4.453005790710449	5.363502E-4	Yes	
