NAME	SYMBOL	TITLE	RANK IN GENE LIST	RANK METRIC SCORE	RUNNING ES	CORE ENRICHMENT	
row_0	Grp	gastrin releasing peptide [Source:MGI Symbol;Acc:MGI:95833]	288	1.0170964002609253	0.05130317	Yes	
row_1	Asic4	acid-sensing ion channel family member 4 [Source:MGI Symbol;Acc:MGI:2652846]	339	0.9611433744430542	0.11424074	Yes	
row_2	Dbh	dopamine beta hydroxylase [Source:MGI Symbol;Acc:MGI:94864]	441	0.8666535019874573	0.16735226	Yes	
row_3	Crhr1	corticotropin releasing hormone receptor 1 [Source:MGI Symbol;Acc:MGI:88498]	729	0.6905965209007263	0.19623536	Yes	
row_4	Cckbr	cholecystokinin B receptor [Source:MGI Symbol;Acc:MGI:99479]	786	0.6690518856048584	0.23866695	Yes	
row_5	Bdnf	brain derived neurotrophic factor [Source:MGI Symbol;Acc:MGI:88145]	1113	0.5471563339233398	0.2551338	Yes	
row_6	Htr1a	5-hydroxytryptamine (serotonin) receptor 1A [Source:MGI Symbol;Acc:MGI:96273]	1223	0.5180127620697021	0.2837148	Yes	
row_7	Npas2	neuronal PAS domain protein 2 [Source:MGI Symbol;Acc:MGI:109232]	1234	0.5141639113426208	0.3184731	Yes	
row_8	Crh	corticotropin releasing hormone [Source:MGI Symbol;Acc:MGI:88496]	1499	0.4484637975692749	0.3321779	Yes	
row_9	Adcyap1	adenylate cyclase activating polypeptide 1 [Source:MGI Symbol;Acc:MGI:105094]	1731	0.4051445424556732	0.34504688	Yes	
row_10	Htr2c	5-hydroxytryptamine (serotonin) receptor 2C [Source:MGI Symbol;Acc:MGI:96281]	1916	0.372694730758667	0.3587396	Yes	
row_11	Adrb1	adrenergic receptor, beta 1 [Source:MGI Symbol;Acc:MGI:87937]	1950	0.3677467703819275	0.38191786	Yes	
row_12	Ephb2	Eph receptor B2 [Source:MGI Symbol;Acc:MGI:99611]	2001	0.3605872094631195	0.4034968	Yes	
row_13	Asic1	acid-sensing ion channel 1 [Source:MGI Symbol;Acc:MGI:1194915]	2011	0.35899367928504944	0.42763403	Yes	
row_14	Nr2e1	nuclear receptor subfamily 2, group E, member 1 [Source:MGI Symbol;Acc:MGI:1100526]	2104	0.3460460901260376	0.4454784	Yes	
row_15	Adra2a	adrenergic receptor, alpha 2a [Source:MGI Symbol;Acc:MGI:87934]	2217	0.33229005336761475	0.46107396	Yes	
row_16	Gng7	guanine nucleotide binding protein (G protein), gamma 7 [Source:MGI Symbol;Acc:MGI:95787]	2302	0.32272982597351074	0.47783324	Yes	
row_17	Pde8b	phosphodiesterase 8B [Source:MGI Symbol;Acc:MGI:2443999]	2457	0.3028363287448883	0.48866725	Yes	
row_18	Cacna1e	calcium channel, voltage-dependent, R type, alpha 1E subunit [Source:MGI Symbol;Acc:MGI:106217]	2460	0.3026745319366455	0.5093815	Yes	
row_19	Grin2b	glutamate receptor, ionotropic, NMDA2B (epsilon 2) [Source:MGI Symbol;Acc:MGI:95821]	2602	0.28811949491500854	0.52004796	Yes	
row_20	Lypd1	Ly6/Plaur domain containing 1 [Source:MGI Symbol;Acc:MGI:1919835]	2645	0.2829657196998596	0.5368019	Yes	
row_21	Drd1	dopamine receptor D1 [Source:MGI Symbol;Acc:MGI:99578]	2999	0.2490902841091156	0.53098476	Yes	
row_22	Gabra5	gamma-aminobutyric acid type A receptor subunit alpha 5 [Source:MGI Symbol;Acc:MGI:95617]	3056	0.2440633326768875	0.54414856	Yes	
row_23	Als2	alsin Rho guanine nucleotide exchange factor [Source:MGI Symbol;Acc:MGI:1921268]	3419	0.21791256964206696	0.53559864	Yes	
row_24	Mef2c	myocyte enhancer factor 2C [Source:MGI Symbol;Acc:MGI:99458]	3422	0.2177361398935318	0.5504634	Yes	
row_25	Usp46	ubiquitin specific peptidase 46 [Source:MGI Symbol;Acc:MGI:1916977]	3464	0.21478037536144257	0.56258667	Yes	
row_26	Slitrk4	SLIT and NTRK-like family, member 4 [Source:MGI Symbol;Acc:MGI:2442509]	3715	0.197891503572464	0.55994624	Yes	
row_27	Shank3	SH3 and multiple ankyrin repeat domains 3 [Source:MGI Symbol;Acc:MGI:1930016]	3816	0.19246502220630646	0.56669337	Yes	
row_28	Cck	cholecystokinin [Source:MGI Symbol;Acc:MGI:88297]	4028	0.17974983155727386	0.5653415	No	
row_29	Gja1	gap junction protein, alpha 1 [Source:MGI Symbol;Acc:MGI:95713]	4302	0.16466248035430908	0.558916	No	
row_30	Atp1a2	ATPase, Na+/K+ transporting, alpha 2 polypeptide [Source:MGI Symbol;Acc:MGI:88106]	4543	0.1525045782327652	0.5538007	No	
row_31	Grm7	glutamate receptor, metabotropic 7 [Source:MGI Symbol;Acc:MGI:1351344]	4665	0.14641709625720978	0.55601	No	
row_32	Grik2	glutamate receptor, ionotropic, kainate 2 (beta 2) [Source:MGI Symbol;Acc:MGI:95815]	4893	0.1358218938112259	0.55059177	No	
row_33	Neurod2	neurogenic differentiation 2 [Source:MGI Symbol;Acc:MGI:107755]	5709	0.10197097063064575	0.50457853	No	
row_34	Rps6kb1	ribosomal protein S6 kinase, polypeptide 1 [Source:MGI Symbol;Acc:MGI:1270849]	5775	0.0991152971982956	0.5071745	No	
row_35	Prkar1b	protein kinase, cAMP dependent regulatory, type I beta [Source:MGI Symbol;Acc:MGI:97759]	6021	0.08967147767543793	0.49740663	No	
row_36	Fbxl20	F-box and leucine-rich repeat protein 20 [Source:MGI Symbol;Acc:MGI:1919444]	6289	0.07888564467430115	0.48546436	No	
row_37	Large1	LARGE xylosyl- and glucuronyltransferase 1 [Source:MGI Symbol;Acc:MGI:1342270]	6717	0.0633840411901474	0.46204266	No	
row_38	Slc1a1	solute carrier family 1 (neuronal/epithelial high affinity glutamate transporter, system Xag), member 1 [Source:MGI Symbol;Acc:MGI:105083]	6745	0.0625220537185669	0.46459135	No	
row_39	Spire1	spire type actin nucleation factor 1 [Source:MGI Symbol;Acc:MGI:1915416]	6895	0.05656690150499344	0.45879087	No	
row_40	Atp1a3	ATPase, Na+/K+ transporting, alpha 3 polypeptide [Source:MGI Symbol;Acc:MGI:88107]	6943	0.05476784333586693	0.45950407	No	
row_41	Ext1	exostosin glycosyltransferase 1 [Source:MGI Symbol;Acc:MGI:894663]	6967	0.05367487296462059	0.4617038	No	
row_42	Apoe	apolipoprotein E [Source:MGI Symbol;Acc:MGI:88057]	7038	0.05103692039847374	0.46066335	No	
row_43	Mecp2	methyl CpG binding protein 2 [Source:MGI Symbol;Acc:MGI:99918]	7083	0.04904519021511078	0.46117768	No	
row_44	Eif4g1	eukaryotic translation initiation factor 4, gamma 1 [Source:MGI Symbol;Acc:MGI:2384784]	7186	0.0448826365172863	0.45763102	No	
row_45	Deaf1	DEAF1, transcription factor [Source:MGI Symbol;Acc:MGI:1858496]	7325	0.03904533013701439	0.4513397	No	
row_46	Mapk8ip2	mitogen-activated protein kinase 8 interacting protein 2 [Source:MGI Symbol;Acc:MGI:1926555]	7514	0.03156266361474991	0.44127932	No	
row_47	Penk	preproenkephalin [Source:MGI Symbol;Acc:MGI:104629]	7603	0.02798636630177498	0.4374801	No	
row_48	Eif4e	eukaryotic translation initiation factor 4E [Source:MGI Symbol;Acc:MGI:95305]	7793	0.020509693771600723	0.42659345	No	
row_49	Brinp1	bone morphogenic protein/retinoic acid inducible neural specific 1 [Source:MGI Symbol;Acc:MGI:1928478]	7840	0.01845989003777504	0.42487133	No	
row_50	Vdac3	voltage-dependent anion channel 3 [Source:MGI Symbol;Acc:MGI:106922]	7859	0.017878355458378792	0.4249312	No	
row_51	Bcl2	B cell leukemia/lymphoma 2 [Source:MGI Symbol;Acc:MGI:88138]	8029	0.010574852116405964	0.41466188	No	
row_52	Vdac1	voltage-dependent anion channel 1 [Source:MGI Symbol;Acc:MGI:106919]	8429	-0.006128930486738682	0.38911924	No	
row_53	Dbi	diazepam binding inhibitor [Source:MGI Symbol;Acc:MGI:94865]	9547	-0.0567636601626873	0.32034016	No	
row_54	Comt	catechol-O-methyltransferase [Source:MGI Symbol;Acc:MGI:88470]	10426	-0.1061016246676445	0.27051166	No	
row_55	Mdk	midkine [Source:MGI Symbol;Acc:MGI:96949]	11814	-0.2271706908941269	0.19589792	No	
row_56	Dpp4	dipeptidylpeptidase 4 [Source:MGI Symbol;Acc:MGI:94919]	11913	-0.23846042156219482	0.20594274	No	
row_57	Npy2r	neuropeptide Y receptor Y2 [Source:MGI Symbol;Acc:MGI:108418]	12578	-0.32626065611839294	0.18520193	No	
