NAME	SYMBOL	TITLE	RANK IN GENE LIST	RANK METRIC SCORE	RUNNING ES	CORE ENRICHMENT	
row_0	SLC6A3	solute carrier family 6 member 3 [Source:HGNC Symbol;Acc:HGNC:11049]	15	1.790374755859375	0.26740915	Yes	
row_1	SLITRK6	SLIT and NTRK like family member 6 [Source:HGNC Symbol;Acc:HGNC:23503]	326	0.8365167379379272	0.36959848	Yes	
row_2	NPAS1	neuronal PAS domain protein 1 [Source:HGNC Symbol;Acc:HGNC:7894]	507	0.6841041445732117	0.45868963	Yes	
row_3	DRD2	dopamine receptor D2 [Source:HGNC Symbol;Acc:HGNC:3023]	836	0.525939404964447	0.5129443	Yes	
row_4	GLRA1	glycine receptor alpha 1 [Source:HGNC Symbol;Acc:HGNC:4326]	1269	0.40417248010635376	0.5411257	Yes	
row_5	ADORA2A	adenosine A2a receptor [Source:HGNC Symbol;Acc:HGNC:263]	1572	0.3455813527107239	0.57028115	Yes	
row_6	GRIN3A	glutamate ionotropic receptor NMDA type subunit 3A [Source:HGNC Symbol;Acc:HGNC:16767]	1785	0.3143176734447479	0.6015057	Yes	
row_7	GRIN2D	glutamate ionotropic receptor NMDA type subunit 2D [Source:HGNC Symbol;Acc:HGNC:4588]	1799	0.3115476667881012	0.64725804	Yes	
row_8	DRD1	dopamine receptor D1 [Source:HGNC Symbol;Acc:HGNC:3020]	2340	0.2490902841091156	0.644069	Yes	
row_9	GRIN2A	glutamate ionotropic receptor NMDA type subunit 2A [Source:HGNC Symbol;Acc:HGNC:4585]	2594	0.22792844474315643	0.6592574	Yes	
row_10	CSMD1	CUB and Sushi multiple domains 1 [Source:HGNC Symbol;Acc:HGNC:14026]	2717	0.21783378720283508	0.6827687	Yes	
row_11	CTNNA2	catenin alpha 2 [Source:HGNC Symbol;Acc:HGNC:2510]	3808	0.1488436758518219	0.6232433	No	
row_12	GLRB	glycine receptor beta [Source:HGNC Symbol;Acc:HGNC:4329]	4051	0.1364881992340088	0.6255427	No	
row_13	BACE1	beta-secretase 1 [Source:HGNC Symbol;Acc:HGNC:933]	4528	0.11375922709703445	0.6068615	No	
row_14	PRKN	parkin RBR E3 ubiquitin protein ligase [Source:HGNC Symbol;Acc:HGNC:8607]	4904	0.09793118387460709	0.5933905	No	
row_15	DVL1	dishevelled segment polarity protein 1 [Source:HGNC Symbol;Acc:HGNC:3084]	5832	0.0593797042965889	0.53268653	No	
row_16	MECP2	methyl-CpG binding protein 2 [Source:HGNC Symbol;Acc:HGNC:6990]	6075	0.04904519021511078	0.52187043	No	
row_17	PENK	proenkephalin [Source:HGNC Symbol;Acc:HGNC:8831]	6543	0.02798636630177498	0.49100015	No	
row_18	CHD8	chromodomain helicase DNA binding protein 8 [Source:HGNC Symbol;Acc:HGNC:20153]	7054	0.005072382744401693	0.45346403	No	
row_19	KCNA1	potassium voltage-gated channel subfamily A member 1 [Source:HGNC Symbol;Acc:HGNC:6218]	7356	-0.008738091215491295	0.43217194	No	
row_20	GRID2	glutamate ionotropic receptor delta type subunit 2 [Source:HGNC Symbol;Acc:HGNC:4576]	7951	-0.03750511258840561	0.39319265	No	
row_21	PTEN	phosphatase and tensin homolog [Source:HGNC Symbol;Acc:HGNC:9588]	8613	-0.0750245675444603	0.35480964	No	
