NAME	SYMBOL	TITLE	RANK IN GENE LIST	RANK METRIC SCORE	RUNNING ES	CORE ENRICHMENT	
row_0	Gbx2	gastrulation brain homeobox 2 [Source:MGI Symbol;Acc:MGI:95668]	88	1.4167084693908691	0.25442436	Yes	
row_1	Foxb1	forkhead box B1 [Source:MGI Symbol;Acc:MGI:1927549]	298	1.0047307014465332	0.42534962	Yes	
row_2	D130043K22Rik	RIKEN cDNA D130043K22 gene [Source:MGI Symbol;Acc:MGI:3036268]	962	0.5998759269714355	0.49247438	Yes	
row_3	Smo	smoothened, frizzled class receptor [Source:MGI Symbol;Acc:MGI:108075]	1013	0.5793691277503967	0.595613	Yes	
row_4	Shh	sonic hedgehog [Source:MGI Symbol;Acc:MGI:98297]	1165	0.5332115292549133	0.6837221	Yes	
row_5	Ptchd1	patched domain containing 1 [Source:MGI Symbol;Acc:MGI:2685233]	2714	0.27465757727622986	0.63370025	No	
row_6	Ncam1	neural cell adhesion molecule 1 [Source:MGI Symbol;Acc:MGI:97281]	3487	0.2130732536315918	0.6227273	No	
row_7	Ogdh	oxoglutarate (alpha-ketoglutarate) dehydrogenase (lipoamide) [Source:MGI Symbol;Acc:MGI:1098267]	3687	0.19957037270069122	0.6464585	No	
row_8	Chrnb2	cholinergic receptor nicotinic beta 2 subunit [Source:MGI Symbol;Acc:MGI:87891]	4739	0.1430443674325943	0.60452175	No	
row_9	Ncor1	nuclear receptor co-repressor 1 [Source:MGI Symbol;Acc:MGI:1349717]	5037	0.12985745072364807	0.6090929	No	
row_10	Lrp6	low density lipoprotein receptor-related protein 6 [Source:MGI Symbol;Acc:MGI:1298218]	5282	0.11874602735042572	0.6150631	No	
row_11	Uqcrq	ubiquinol-cytochrome c reductase, complex III subunit VII [Source:MGI Symbol;Acc:MGI:107807]	5645	0.10408724844455719	0.6106843	No	
row_12	Atp1a3	ATPase, Na+/K+ transporting, alpha 3 polypeptide [Source:MGI Symbol;Acc:MGI:88107]	6943	0.05476784333586693	0.53657454	No	
row_13	Mecp2	methyl CpG binding protein 2 [Source:MGI Symbol;Acc:MGI:99918]	7083	0.04904519021511078	0.53656006	No	
row_14	Olig2	oligodendrocyte transcription factor 2 [Source:MGI Symbol;Acc:MGI:1355331]	7661	0.02530726045370102	0.50376374	No	
