NAME	SYMBOL	TITLE	RANK IN GENE LIST	RANK METRIC SCORE	RUNNING ES	CORE ENRICHMENT	
row_0	CD46	CD46 molecule [Source:HGNC Symbol;Acc:HGNC:6953]	470	0.7108524441719055	-0.03184786	No	
row_1	TRPM4	transient receptor potential cation channel subfamily M member 4 [Source:HGNC Symbol;Acc:HGNC:17993]	713	0.5763267874717712	-0.047118235	No	
row_2	APLF	aprataxin and PNKP like factor [Source:HGNC Symbol;Acc:HGNC:28724]	846	0.5228782296180725	-0.054329265	No	
row_3	IL4	interleukin 4 [Source:HGNC Symbol;Acc:HGNC:6014]	987	0.47648885846138	-0.06239606	No	
row_4	KMT5C	lysine methyltransferase 5C [Source:HGNC Symbol;Acc:HGNC:28405]	1009	0.46825796365737915	-0.061478164	No	
row_5	SHLD1	shieldin complex subunit 1 [Source:HGNC Symbol;Acc:HGNC:26318]	1216	0.41480594873428345	-0.07488334	No	
row_6	MSH2	mutS homolog 2 [Source:HGNC Symbol;Acc:HGNC:7325]	2497	0.23531974852085114	-0.17073819	No	
row_7	PRKCZ	protein kinase C zeta [Source:HGNC Symbol;Acc:HGNC:9412]	2570	0.23019728064537048	-0.17496648	No	
row_8	FER	FER tyrosine kinase [Source:HGNC Symbol;Acc:HGNC:3655]	2632	0.22449909150600433	-0.17839076	No	
row_9	PDPK1	3-phosphoinositide dependent protein kinase 1 [Source:HGNC Symbol;Acc:HGNC:8816]	2974	0.1985515058040619	-0.20319848	No	
row_10	CD55	CD55 molecule (Cromer blood group) [Source:HGNC Symbol;Acc:HGNC:2665]	3309	0.1763404905796051	-0.22759421	No	
row_11	MLH1	mutL homolog 1 [Source:HGNC Symbol;Acc:HGNC:7127]	3434	0.16988244652748108	-0.23609133	No	
row_12	SHLD2	shieldin complex subunit 2 [Source:HGNC Symbol;Acc:HGNC:28773]	3494	0.16610905528068542	-0.239677	No	
row_13	THOC1	THO complex 1 [Source:HGNC Symbol;Acc:HGNC:19070]	3944	0.14187291264533997	-0.2729829	No	
row_14	SMAD7	SMAD family member 7 [Source:HGNC Symbol;Acc:HGNC:6773]	4288	0.12548799812793732	-0.2983342	No	
row_15	SUSD4	sushi domain containing 4 [Source:HGNC Symbol;Acc:HGNC:25470]	4289	0.12542270123958588	-0.29766157	No	
row_16	RIF1	replication timing regulatory factor 1 [Source:HGNC Symbol;Acc:HGNC:23207]	4339	0.12283960729837418	-0.30072057	No	
row_17	ZBTB1	zinc finger and BTB domain containing 1 [Source:HGNC Symbol;Acc:HGNC:20259]	4444	0.11796639859676361	-0.30797866	No	
row_18	NSD2	nuclear receptor binding SET domain protein 2 [Source:HGNC Symbol;Acc:HGNC:12766]	4450	0.11771050840616226	-0.30772674	No	
row_19	HMCES	5-hydroxymethylcytosine binding, ES cell specific [Source:HGNC Symbol;Acc:HGNC:24446]	4547	0.11319224536418915	-0.31440347	No	
row_20	DUSP22	dual specificity phosphatase 22 [Source:HGNC Symbol;Acc:HGNC:16077]	4598	0.11111384630203247	-0.3176012	No	
row_21	CAMK4	calcium/calmodulin dependent protein kinase IV [Source:HGNC Symbol;Acc:HGNC:1464]	4639	0.10947391390800476	-0.32004902	No	
row_22	CADM1	cell adhesion molecule 1 [Source:HGNC Symbol;Acc:HGNC:5951]	4780	0.10294981300830841	-0.33011907	No	
row_23	C12orf4	chromosome 12 open reading frame 4 [Source:HGNC Symbol;Acc:HGNC:1184]	4977	0.0946074053645134	-0.34448272	No	
row_24	NDFIP1	Nedd4 family interacting protein 1 [Source:HGNC Symbol;Acc:HGNC:17592]	4996	0.0937916487455368	-0.3453454	No	
row_25	RASGRP1	RAS guanyl releasing protein 1 [Source:HGNC Symbol;Acc:HGNC:9878]	5006	0.09335950762033463	-0.3455276	No	
row_26	CRK	CRK proto-oncogene, adaptor protein [Source:HGNC Symbol;Acc:HGNC:2362]	5279	0.08166471123695374	-0.36572698	No	
row_27	DDX1	DEAD-box helicase 1 [Source:HGNC Symbol;Acc:HGNC:2734]	5378	0.07770732045173645	-0.37274575	No	
row_28	TFRC	transferrin receptor [Source:HGNC Symbol;Acc:HGNC:11763]	5457	0.07494381070137024	-0.3782619	No	
row_29	CR2	complement C3d receptor 2 [Source:HGNC Symbol;Acc:HGNC:2336]	5796	0.06101199984550476	-0.4035796	No	
row_30	BCR	BCR activator of RhoGEF and GTPase [Source:HGNC Symbol;Acc:HGNC:1014]	5960	0.05380901321768761	-0.41565824	No	
row_31	PPP3CB	protein phosphatase 3 catalytic subunit beta [Source:HGNC Symbol;Acc:HGNC:9315]	5991	0.05269104987382889	-0.41765183	No	
row_32	DHX36	DEAH-box helicase 36 [Source:HGNC Symbol;Acc:HGNC:14410]	6304	0.03847242146730423	-0.44111776	No	
row_33	STXBP1	syntaxin binding protein 1 [Source:HGNC Symbol;Acc:HGNC:11444]	6795	0.017181282863020897	-0.47820315	No	
row_34	AP1G1	adaptor related protein complex 1 subunit gamma 1 [Source:HGNC Symbol;Acc:HGNC:555]	6820	0.016353324055671692	-0.4799364	No	
row_35	CX3CR1	C-X3-C motif chemokine receptor 1 [Source:HGNC Symbol;Acc:HGNC:2558]	6884	0.013490796089172363	-0.48464403	No	
row_36	MR1	major histocompatibility complex, class I-related [Source:HGNC Symbol;Acc:HGNC:4975]	6899	0.012948499992489815	-0.4856368	No	
row_37	PAXIP1	PAX interacting protein 1 [Source:HGNC Symbol;Acc:HGNC:8624]	6954	0.00983131118118763	-0.48968118	No	
row_38	STX4	syntaxin 4 [Source:HGNC Symbol;Acc:HGNC:11439]	6960	0.00970086082816124	-0.49000853	No	
row_39	MAP3K7	mitogen-activated protein kinase kinase kinase 7 [Source:HGNC Symbol;Acc:HGNC:6859]	7212	-0.002356388373300433	-0.5090399	No	
row_40	IL2	interleukin 2 [Source:HGNC Symbol;Acc:HGNC:6001]	7324	-0.007063490804284811	-0.51742387	No	
row_41	TP53BP1	tumor protein p53 binding protein 1 [Source:HGNC Symbol;Acc:HGNC:11999]	7408	-0.011310144327580929	-0.5236606	No	
row_42	CRTAM	cytotoxic and regulatory T cell molecule [Source:HGNC Symbol;Acc:HGNC:24313]	7467	-0.013651235960423946	-0.527988	No	
row_43	KIT	KIT proto-oncogene, receptor tyrosine kinase [Source:HGNC Symbol;Acc:HGNC:6342]	7604	-0.020402859896421432	-0.5381973	No	
row_44	ATAD5	ATPase family AAA domain containing 5 [Source:HGNC Symbol;Acc:HGNC:25752]	8252	-0.053510796278715134	-0.58699983	No	
row_45	KMT5B	lysine methyltransferase 5B [Source:HGNC Symbol;Acc:HGNC:24283]	8277	-0.05491992458701134	-0.58852625	No	
row_46	GATA3	GATA binding protein 3 [Source:HGNC Symbol;Acc:HGNC:4172]	8309	-0.05682508647441864	-0.59057355	No	
row_47	MAVS	mitochondrial antiviral signaling protein [Source:HGNC Symbol;Acc:HGNC:29233]	8311	-0.05702131241559982	-0.5903436	No	
row_48	CD81	CD81 molecule [Source:HGNC Symbol;Acc:HGNC:1701]	8440	-0.0650256797671318	-0.5997066	No	
row_49	SUPT6H	SPT6 homolog, histone chaperone and transcription elongation factor [Source:HGNC Symbol;Acc:HGNC:11470]	8523	-0.06971243023872375	-0.6055543	No	
row_50	STX7	syntaxin 7 [Source:HGNC Symbol;Acc:HGNC:11442]	8760	-0.08486060798168182	-0.6230051	No	
row_51	RABGEF1	RAB guanine nucleotide exchange factor 1 [Source:HGNC Symbol;Acc:HGNC:17676]	8813	-0.08836833387613297	-0.6264765	No	
row_52	SPHK2	sphingosine kinase 2 [Source:HGNC Symbol;Acc:HGNC:18859]	9303	-0.12072138488292694	-0.6629308	No	
row_53	SLC15A4	solute carrier family 15 member 4 [Source:HGNC Symbol;Acc:HGNC:23090]	9853	-0.17477574944496155	-0.7036475	No	
row_54	GFER	growth factor, augmenter of liver regeneration [Source:HGNC Symbol;Acc:HGNC:4236]	9855	-0.17510312795639038	-0.7027843	No	
row_55	SNX4	sorting nexin 4 [Source:HGNC Symbol;Acc:HGNC:11175]	9882	-0.17782345414161682	-0.70380336	No	
row_56	IL18	interleukin 18 [Source:HGNC Symbol;Acc:HGNC:5986]	9936	-0.1832057386636734	-0.70684206	No	
row_57	PIK3R6	phosphoinositide-3-kinase regulatory subunit 6 [Source:HGNC Symbol;Acc:HGNC:27101]	9994	-0.18987949192523956	-0.7101485	No	
row_58	EXOSC3	exosome component 3 [Source:HGNC Symbol;Acc:HGNC:17944]	10194	-0.21316932141780853	-0.7241039	No	
row_59	FBXO38	F-box protein 38 [Source:HGNC Symbol;Acc:HGNC:28844]	10281	-0.22501645982265472	-0.7294223	No	
row_60	CR1	complement C3b/C4b receptor 1 (Knops blood group) [Source:HGNC Symbol;Acc:HGNC:2334]	10295	-0.22655810415744781	-0.72919357	No	
row_61	BCL6	BCL6 transcription repressor [Source:HGNC Symbol;Acc:HGNC:1001]	10620	-0.27032357454299927	-0.75232655	No	
row_62	DENND1B	DENN domain containing 1B [Source:HGNC Symbol;Acc:HGNC:28404]	10770	-0.29408881068229675	-0.7620544	No	
row_63	IL20RB	interleukin 20 receptor subunit beta [Source:HGNC Symbol;Acc:HGNC:6004]	10780	-0.29539915919303894	-0.76115304	No	
row_64	TRAF2	TNF receptor associated factor 2 [Source:HGNC Symbol;Acc:HGNC:12032]	10885	-0.3134261667728424	-0.76736295	No	
row_65	DDX21	DExD-box helicase 21 [Source:HGNC Symbol;Acc:HGNC:2744]	10979	-0.32710686326026917	-0.77266484	No	
row_66	STXBP2	syntaxin binding protein 2 [Source:HGNC Symbol;Acc:HGNC:11445]	11074	-0.3439672887325287	-0.7779522	No	
row_67	ARRB2	arrestin beta 2 [Source:HGNC Symbol;Acc:HGNC:712]	11184	-0.3717876076698303	-0.78422844	No	
row_68	FOXJ1	forkhead box J1 [Source:HGNC Symbol;Acc:HGNC:3816]	11397	-0.4254794716835022	-0.7980316	No	
row_69	MAD2L2	mitotic arrest deficient 2 like 2 [Source:HGNC Symbol;Acc:HGNC:6764]	11403	-0.4283888041973114	-0.79611355	No	
row_70	PLA2G3	phospholipase A2 group III [Source:HGNC Symbol;Acc:HGNC:17934]	11417	-0.4342503547668457	-0.7947711	No	
row_71	LAMP1	lysosomal associated membrane protein 1 [Source:HGNC Symbol;Acc:HGNC:6499]	11439	-0.43872785568237305	-0.79401153	No	
row_72	TBX21	T-box 21 [Source:HGNC Symbol;Acc:HGNC:11599]	11514	-0.46224460005760193	-0.79714715	No	
row_73	PVR	PVR cell adhesion molecule [Source:HGNC Symbol;Acc:HGNC:9705]	11618	-0.5014012455940247	-0.80227304	No	
row_74	TREM2	triggering receptor expressed on myeloid cells 2 [Source:HGNC Symbol;Acc:HGNC:17761]	11625	-0.5038224458694458	-0.80002636	No	
row_75	AGER	advanced glycosylation end-product specific receptor [Source:HGNC Symbol;Acc:HGNC:320]	11844	-0.6114444732666016	-0.81328744	No	
row_76	GAB2	GRB2 associated binding protein 2 [Source:HGNC Symbol;Acc:HGNC:14458]	11881	-0.634711503982544	-0.812615	No	
row_77	ADORA2B	adenosine A2b receptor [Source:HGNC Symbol;Acc:HGNC:264]	11903	-0.6444120407104492	-0.81075233	No	
row_78	TRAF6	TNF receptor associated factor 6 [Source:HGNC Symbol;Acc:HGNC:12036]	11923	-0.6538277268409729	-0.8086875	No	
row_79	STAP1	signal transducing adaptor family member 1 [Source:HGNC Symbol;Acc:HGNC:24133]	12035	-0.7126943469047546	-0.81328726	No	
row_80	VAMP8	vesicle associated membrane protein 8 [Source:HGNC Symbol;Acc:HGNC:12647]	12039	-0.7152400612831116	-0.80967915	No	
row_81	CEACAM1	carcinoembryonic antigen related cell adhesion molecule 1 [Source:HGNC Symbol;Acc:HGNC:1814]	12140	-0.7821909189224243	-0.81307155	No	
row_82	P2RX7	purinergic receptor P2X 7 [Source:HGNC Symbol;Acc:HGNC:8537]	12203	-0.830166757106781	-0.81332356	Yes	
row_83	NECTIN2	nectin cell adhesion molecule 2 [Source:HGNC Symbol;Acc:HGNC:9707]	12209	-0.8350293636322021	-0.8092247	Yes	
row_84	TICAM1	toll like receptor adaptor molecule 1 [Source:HGNC Symbol;Acc:HGNC:18348]	12234	-0.8556047677993774	-0.80645716	Yes	
row_85	FADD	Fas associated via death domain [Source:HGNC Symbol;Acc:HGNC:3573]	12345	-0.9544616937637329	-0.80968446	Yes	
row_86	FZD5	frizzled class receptor 5 [Source:HGNC Symbol;Acc:HGNC:4043]	12349	-0.9562937021255493	-0.8047836	Yes	
row_87	CD300A	CD300a molecule [Source:HGNC Symbol;Acc:HGNC:19319]	12421	-1.0459003448486328	-0.8045615	Yes	
row_88	CD28	CD28 molecule [Source:HGNC Symbol;Acc:HGNC:1653]	12423	-1.046858549118042	-0.79902315	Yes	
row_89	SLAMF1	signaling lymphocytic activation molecule family member 1 [Source:HGNC Symbol;Acc:HGNC:10903]	12463	-1.1003212928771973	-0.79608124	Yes	
row_90	UNC13D	unc-13 homolog D [Source:HGNC Symbol;Acc:HGNC:23147]	12471	-1.1171257495880127	-0.79062134	Yes	
row_91	B2M	beta-2-microglobulin [Source:HGNC Symbol;Acc:HGNC:914]	12473	-1.118391513824463	-0.7846994	Yes	
row_92	JAK3	Janus kinase 3 [Source:HGNC Symbol;Acc:HGNC:6193]	12476	-1.1279429197311401	-0.7788021	Yes	
row_93	MALT1	MALT1 paracaspase [Source:HGNC Symbol;Acc:HGNC:6819]	12490	-1.142586588859558	-0.77366084	Yes	
row_94	HFE	homeostatic iron regulator [Source:HGNC Symbol;Acc:HGNC:4886]	12497	-1.152908205986023	-0.7679332	Yes	
row_95	LYN	LYN proto-oncogene, Src family tyrosine kinase [Source:HGNC Symbol;Acc:HGNC:6735]	12499	-1.154542088508606	-0.76181734	Yes	
row_96	ITGAM	integrin subunit alpha M [Source:HGNC Symbol;Acc:HGNC:6149]	12532	-1.188663125038147	-0.7578706	Yes	
row_97	TGFB1	transforming growth factor beta 1 [Source:HGNC Symbol;Acc:HGNC:11766]	12548	-1.212853193283081	-0.7525043	Yes	
row_98	IL1R1	interleukin 1 receptor type 1 [Source:HGNC Symbol;Acc:HGNC:5993]	12568	-1.2378168106079102	-0.74730754	Yes	
row_99	NCKAP1L	NCK associated protein 1 like [Source:HGNC Symbol;Acc:HGNC:4862]	12583	-1.265770435333252	-0.74158156	Yes	
row_100	FOXF1	forkhead box F1 [Source:HGNC Symbol;Acc:HGNC:3809]	12586	-1.271178960800171	-0.7349161	Yes	
row_101	TYROBP	TYRO protein tyrosine kinase binding protein [Source:HGNC Symbol;Acc:HGNC:12449]	12598	-1.2893348932266235	-0.7288361	Yes	
row_102	GATA2	GATA binding protein 2 [Source:HGNC Symbol;Acc:HGNC:4171]	12649	-1.3658682107925415	-0.7253048	Yes	
row_103	MICA	MHC class I polypeptide-related sequence A [Source:HGNC Symbol;Acc:HGNC:7090]	12650	-1.366855502128601	-0.7179744	Yes	
row_104	STAT6	signal transducer and activator of transcription 6 [Source:HGNC Symbol;Acc:HGNC:11368]	12659	-1.3939892053604126	-0.7111056	Yes	
row_105	ARID5A	AT-rich interaction domain 5A [Source:HGNC Symbol;Acc:HGNC:17361]	12678	-1.4312337636947632	-0.7047958	Yes	
row_106	TLR3	toll like receptor 3 [Source:HGNC Symbol;Acc:HGNC:11849]	12716	-1.505021572113037	-0.69953173	Yes	
row_107	SERPINB9	serpin family B member 9 [Source:HGNC Symbol;Acc:HGNC:8955]	12732	-1.5375686883926392	-0.692424	Yes	
row_108	HPX	hemopexin [Source:HGNC Symbol;Acc:HGNC:5171]	12748	-1.561322808265686	-0.6851889	Yes	
row_109	BTK	Bruton tyrosine kinase [Source:HGNC Symbol;Acc:HGNC:1133]	12793	-1.687743902206421	-0.6794761	Yes	
row_110	NLRP3	NLR family pyrin domain containing 3 [Source:HGNC Symbol;Acc:HGNC:16400]	12833	-1.8187140226364136	-0.6726815	Yes	
row_111	FES	FES proto-oncogene, tyrosine kinase [Source:HGNC Symbol;Acc:HGNC:3657]	12857	-1.8652138710021973	-0.66442364	Yes	
row_112	ARG1	arginase 1 [Source:HGNC Symbol;Acc:HGNC:663]	12859	-1.8745911121368408	-0.6544463	Yes	
row_113	NOD2	nucleotide binding oligomerization domain containing 2 [Source:HGNC Symbol;Acc:HGNC:5331]	12865	-1.8870857954025269	-0.6447054	Yes	
row_114	IL4R	interleukin 4 receptor [Source:HGNC Symbol;Acc:HGNC:6015]	12880	-1.922226071357727	-0.6354589	Yes	
row_115	PARP3	poly(ADP-ribose) polymerase family member 3 [Source:HGNC Symbol;Acc:HGNC:273]	12893	-1.9706056118011475	-0.6258012	Yes	
row_116	CD1D	CD1d molecule [Source:HGNC Symbol;Acc:HGNC:1637]	12909	-2.011352062225342	-0.61615264	Yes	
row_117	RSAD2	radical S-adenosyl methionine domain containing 2 [Source:HGNC Symbol;Acc:HGNC:30908]	12911	-2.018421173095703	-0.6054039	Yes	
row_118	BST2	bone marrow stromal cell antigen 2 [Source:HGNC Symbol;Acc:HGNC:1119]	12920	-2.0329341888427734	-0.59510845	Yes	
row_119	PTPN6	protein tyrosine phosphatase non-receptor type 6 [Source:HGNC Symbol;Acc:HGNC:9658]	12929	-2.0592994689941406	-0.5846716	Yes	
row_120	VAV1	vav guanine nucleotide exchange factor 1 [Source:HGNC Symbol;Acc:HGNC:12657]	12932	-2.0627310276031494	-0.57376117	Yes	
row_121	SYK	spleen associated tyrosine kinase [Source:HGNC Symbol;Acc:HGNC:11491]	12934	-2.071566104888916	-0.56272745	Yes	
row_122	HMOX1	heme oxygenase 1 [Source:HGNC Symbol;Acc:HGNC:5013]	12936	-2.079866647720337	-0.5516492	Yes	
row_123	HAVCR2	hepatitis A virus cellular receptor 2 [Source:HGNC Symbol;Acc:HGNC:18437]	12958	-2.150355339050293	-0.5417104	Yes	
row_124	RIPK3	receptor interacting serine/threonine kinase 3 [Source:HGNC Symbol;Acc:HGNC:10021]	12977	-2.203356981277466	-0.5312597	Yes	
row_125	SLAMF6	SLAM family member 6 [Source:HGNC Symbol;Acc:HGNC:21392]	12985	-2.2255918979644775	-0.5198552	Yes	
row_126	DDX58	DExD/H-box helicase 58 [Source:HGNC Symbol;Acc:HGNC:19102]	13009	-2.3021128177642822	-0.5092543	Yes	
row_127	IL6	interleukin 6 [Source:HGNC Symbol;Acc:HGNC:6018]	13013	-2.304513931274414	-0.497123	Yes	
row_128	CLCF1	cardiotrophin like cytokine factor 1 [Source:HGNC Symbol;Acc:HGNC:17412]	13020	-2.3279359340667725	-0.48509377	Yes	
row_129	PTPRC	protein tyrosine phosphatase receptor type C [Source:HGNC Symbol;Acc:HGNC:9666]	13047	-2.397634506225586	-0.47420818	Yes	
row_130	WAS	WASP actin nucleation promoting factor [Source:HGNC Symbol;Acc:HGNC:12731]	13068	-2.46127986907959	-0.46252602	Yes	
row_131	IFNB1	interferon beta 1 [Source:HGNC Symbol;Acc:HGNC:5434]	13099	-2.5572633743286133	-0.45108786	Yes	
row_132	RAC2	Rac family small GTPase 2 [Source:HGNC Symbol;Acc:HGNC:9802]	13104	-2.565918445587158	-0.4376306	Yes	
row_133	SPI1	Spi-1 proto-oncogene [Source:HGNC Symbol;Acc:HGNC:11241]	13133	-2.6677331924438477	-0.42544824	Yes	
row_134	CD40	CD40 molecule [Source:HGNC Symbol;Acc:HGNC:11919]	13139	-2.693387508392334	-0.41138324	Yes	
row_135	KLRD1	killer cell lectin like receptor D1 [Source:HGNC Symbol;Acc:HGNC:6378]	13141	-2.69734525680542	-0.39699352	Yes	
row_136	IL7R	interleukin 7 receptor [Source:HGNC Symbol;Acc:HGNC:6024]	13142	-2.6980695724487305	-0.38252404	Yes	
row_137	PTAFR	platelet activating factor receptor [Source:HGNC Symbol;Acc:HGNC:9582]	13147	-2.7209060192108154	-0.3682356	Yes	
row_138	FCGR2B	Fc fragment of IgG receptor IIb [Source:HGNC Symbol;Acc:HGNC:3618]	13158	-2.755366563796997	-0.35421756	Yes	
row_139	IL1B	interleukin 1 beta [Source:HGNC Symbol;Acc:HGNC:5992]	13160	-2.7633743286132812	-0.33947375	Yes	
row_140	CD84	CD84 molecule [Source:HGNC Symbol;Acc:HGNC:1704]	13168	-2.8030569553375244	-0.32497233	Yes	
row_141	TNFRSF1B	TNF receptor superfamily member 1B [Source:HGNC Symbol;Acc:HGNC:11917]	13180	-2.8627378940582275	-0.31045437	Yes	
row_142	TLR4	toll like receptor 4 [Source:HGNC Symbol;Acc:HGNC:11850]	13184	-2.874952554702759	-0.29526392	Yes	
row_143	C3	complement C3 [Source:HGNC Symbol;Acc:HGNC:1318]	13187	-2.885869026184082	-0.27993903	Yes	
row_144	CCR2	C-C motif chemokine receptor 2 [Source:HGNC Symbol;Acc:HGNC:1603]	13202	-2.941856861114502	-0.26522437	Yes	
row_145	ICAM1	intercellular adhesion molecule 1 [Source:HGNC Symbol;Acc:HGNC:5344]	13207	-2.96921706199646	-0.24960424	Yes	
row_146	NOS2	nitric oxide synthase 2 [Source:HGNC Symbol;Acc:HGNC:7873]	13217	-3.02119779586792	-0.23408473	Yes	
row_147	PLCG2	phospholipase C gamma 2 [Source:NCBI gene;Acc:5336]	13222	-3.042161464691162	-0.2180734	Yes	
row_148	SASH3	SAM and SH3 domain containing 3 [Source:HGNC Symbol;Acc:HGNC:15975]	13246	-3.185924530029297	-0.20273268	Yes	
row_149	KLRK1	killer cell lectin like receptor K1 [Source:HGNC Symbol;Acc:HGNC:18788]	13253	-3.2218995094299316	-0.1859092	Yes	
row_150	CXCL6	C-X-C motif chemokine ligand 6 [Source:HGNC Symbol;Acc:HGNC:10643]	13260	-3.2467052936553955	-0.16895267	Yes	
row_151	ITGB2	integrin subunit beta 2 [Source:HGNC Symbol;Acc:HGNC:6155]	13273	-3.344736337661743	-0.15192567	Yes	
row_152	DNASE1L3	deoxyribonuclease 1 like 3 [Source:HGNC Symbol;Acc:HGNC:2959]	13298	-3.6645095348358154	-0.13409422	Yes	
row_153	IL12RB1	interleukin 12 receptor subunit beta 1 [Source:HGNC Symbol;Acc:HGNC:5971]	13309	-3.862640857696533	-0.11413799	Yes	
row_154	IL12B	interleukin 12B [Source:HGNC Symbol;Acc:HGNC:5970]	13321	-4.15106201171875	-0.09271086	Yes	
row_155	FGR	FGR proto-oncogene, Src family tyrosine kinase [Source:HGNC Symbol;Acc:HGNC:3697]	13322	-4.204682350158691	-0.07016158	Yes	
row_156	CLEC7A	C-type lectin domain containing 7A [Source:HGNC Symbol;Acc:HGNC:14558]	13326	-4.382608890533447	-0.04688571	Yes	
row_157	SCIMP	SLP adaptor and CSK interacting membrane protein [Source:HGNC Symbol;Acc:HGNC:33504]	13328	-4.431081771850586	-0.023198139	Yes	
row_158	TNF	tumor necrosis factor [Source:HGNC Symbol;Acc:HGNC:11892]	13331	-4.453005790710449	5.311342E-4	Yes	
