NAME	SYMBOL	TITLE	RANK IN GENE LIST	RANK METRIC SCORE	RUNNING ES	CORE ENRICHMENT	
row_0	Npas4	neuronal PAS domain protein 4 [Source:MGI Symbol;Acc:MGI:2664186]	24	1.930193305015564	0.2071381	Yes	
row_1	Ntsr1	neurotensin receptor 1 [Source:MGI Symbol;Acc:MGI:97386]	57	1.5379160642623901	0.37134293	Yes	
row_2	Unc13b	unc-13 homolog B [Source:MGI Symbol;Acc:MGI:1342278]	1025	0.577250599861145	0.3709683	Yes	
row_3	Bdnf	brain derived neurotrophic factor [Source:MGI Symbol;Acc:MGI:88145]	1113	0.5471563339233398	0.424479	Yes	
row_4	Insyn2a	inhibitory synaptic factor 2A [Source:MGI Symbol;Acc:MGI:3605068]	1380	0.4762367010116577	0.45869908	Yes	
row_5	Grik1	glutamate receptor, ionotropic, kainate 1 [Source:MGI Symbol;Acc:MGI:95814]	1542	0.4398171007633209	0.49579912	Yes	
row_6	Glra1	glycine receptor, alpha 1 subunit [Source:MGI Symbol;Acc:MGI:95747]	1736	0.40417248010635376	0.5269674	Yes	
row_7	Adrb1	adrenergic receptor, beta 1 [Source:MGI Symbol;Acc:MGI:87937]	1950	0.3677467703819275	0.5528987	Yes	
row_8	Adora2a	adenosine A2a receptor [Source:MGI Symbol;Acc:MGI:99402]	2108	0.3455813527107239	0.5800695	Yes	
row_9	Insyn1	inhibitory synaptic factor 1 [Source:MGI Symbol;Acc:MGI:2442108]	2332	0.3189253509044647	0.6000728	Yes	
row_10	Grin2b	glutamate receptor, ionotropic, NMDA2B (epsilon 2) [Source:MGI Symbol;Acc:MGI:95821]	2602	0.28811949491500854	0.61375844	Yes	
row_11	Cx3cl1	C-X3-C motif chemokine ligand 1 [Source:MGI Symbol;Acc:MGI:1097153]	2915	0.2570033073425293	0.62128776	Yes	
row_12	Rims1	regulating synaptic membrane exocytosis 1 [Source:MGI Symbol;Acc:MGI:2152971]	3046	0.24451066553592682	0.6392837	Yes	
row_13	Grin2a	glutamate receptor, ionotropic, NMDA2A (epsilon 1) [Source:MGI Symbol;Acc:MGI:95820]	3284	0.22792844474315643	0.64853925	Yes	
row_14	Dbn1	drebrin 1 [Source:MGI Symbol;Acc:MGI:1931838]	3363	0.22159446775913239	0.66743386	Yes	
row_15	Rims2	regulating synaptic membrane exocytosis 2 [Source:MGI Symbol;Acc:MGI:2152972]	3549	0.2081899344921112	0.67793155	Yes	
row_16	Gabrb3	GABRB3, gamma-aminobutyric acid type A receptor subunit beta 3 [Source:MGI Symbol;Acc:MGI:95621]	4797	0.1403489112854004	0.6121376	No	
row_17	Grik2	glutamate receptor, ionotropic, kainate 2 (beta 2) [Source:MGI Symbol;Acc:MGI:95815]	4893	0.1358218938112259	0.6206545	No	
row_18	Nlgn3	neuroligin 3 [Source:MGI Symbol;Acc:MGI:2444609]	5105	0.1268017590045929	0.6206642	No	
row_19	Abat	4-aminobutyrate aminotransferase [Source:MGI Symbol;Acc:MGI:2443582]	5151	0.12483958154916763	0.6312402	No	
row_20	Igsf9b	immunoglobulin superfamily, member 9B [Source:MGI Symbol;Acc:MGI:2685354]	5160	0.12466095387935638	0.6441994	No	
row_21	Nlgn2	neuroligin 2 [Source:MGI Symbol;Acc:MGI:2681835]	5790	0.09847917407751083	0.6140056	No	
row_22	Chrna4	cholinergic receptor, nicotinic, alpha polypeptide 4 [Source:MGI Symbol;Acc:MGI:87888]	6103	0.08601465821266174	0.60304725	No	
row_23	Nlgn1	neuroligin 1 [Source:MGI Symbol;Acc:MGI:2179435]	8729	-0.01949862390756607	0.43471202	No	
