NAME	SYMBOL	TITLE	RANK IN GENE LIST	RANK METRIC SCORE	RUNNING ES	CORE ENRICHMENT	
row_0	Evpl	envoplakin [Source:MGI Symbol;Acc:MGI:107507]	236	1.089576244354248	-0.012754904	No	
row_1	Pf4	platelet factor 4 [Source:MGI Symbol;Acc:MGI:1888711]	379	0.9280303716659546	-0.019710792	No	
row_2	Nr4a3	nuclear receptor subfamily 4, group A, member 3 [Source:MGI Symbol;Acc:MGI:1352457]	474	0.8380746841430664	-0.023725169	No	
row_3	Apoa2	apolipoprotein A-II [Source:MGI Symbol;Acc:MGI:88050]	628	0.7409022450447083	-0.031903166	No	
row_4	Cd46	CD46 antigen, complement regulatory protein [Source:MGI Symbol;Acc:MGI:1203290]	687	0.7108524441719055	-0.03386904	No	
row_5	Crhr1	corticotropin releasing hormone receptor 1 [Source:MGI Symbol;Acc:MGI:88498]	729	0.6905965209007263	-0.03476252	No	
row_6	Rbp4	retinol binding protein 4, plasma [Source:MGI Symbol;Acc:MGI:97879]	968	0.5975260138511658	-0.048947874	No	
row_7	Pla2g5	phospholipase A2, group V [Source:MGI Symbol;Acc:MGI:101899]	998	0.5835901498794556	-0.04932893	No	
row_8	Trpm4	transient receptor potential cation channel, subfamily M, member 4 [Source:MGI Symbol;Acc:MGI:1915917]	1028	0.5763267874717712	-0.049729146	No	
row_9	Aplf	aprataxin and PNKP like factor [Source:MGI Symbol;Acc:MGI:1919353]	1202	0.5228782296180725	-0.05980678	No	
row_10	Pomc	pro-opiomelanocortin-alpha [Source:MGI Symbol;Acc:MGI:97742]	1230	0.5155611634254456	-0.06023484	No	
row_11	Il4	interleukin 4 [Source:MGI Symbol;Acc:MGI:96556]	1379	0.47648885846138	-0.068779215	No	
row_12	Kmt5c	lysine methyltransferase 5C [Source:MGI Symbol;Acc:MGI:2385262]	1413	0.46825796365737915	-0.06972941	No	
row_13	Shld1	shieldin complex subunit 1 [Source:MGI Symbol;Acc:MGI:1920997]	1672	0.41480594873428345	-0.08572127	No	
row_14	Ephb2	Eph receptor B2 [Source:MGI Symbol;Acc:MGI:99611]	2001	0.3605872094631195	-0.106491916	No	
row_15	Prkdc	protein kinase, DNA activated, catalytic polypeptide [Source:MGI Symbol;Acc:MGI:104779]	2562	0.2920975387096405	-0.14280747	No	
row_16	Msh2	mutS homolog 2 [Source:MGI Symbol;Acc:MGI:101816]	3179	0.23531974852085114	-0.18298142	No	
row_17	Socs5	suppressor of cytokine signaling 5 [Source:MGI Symbol;Acc:MGI:2385459]	3195	0.23403799533843994	-0.18335742	No	
row_18	Appl2	adaptor protein, phosphotyrosine interaction, PH domain and leucine zipper containing 2 [Source:MGI Symbol;Acc:MGI:2384914]	3205	0.23336371779441833	-0.18333784	No	
row_19	Prkcz	protein kinase C, zeta [Source:MGI Symbol;Acc:MGI:97602]	3256	0.23019728064537048	-0.18604186	No	
row_20	Fer	FER tyrosine kinase [Source:MGI Symbol;Acc:MGI:105917]	3327	0.22449909150600433	-0.1900854	No	
row_21	Pdpk1	3-phosphoinositide dependent protein kinase 1 [Source:MGI Symbol;Acc:MGI:1338068]	3704	0.1985515058040619	-0.2144623	No	
row_22	Zfp35	zinc finger protein 35 [Source:MGI Symbol;Acc:MGI:99179]	3763	0.1954706609249115	-0.21778771	No	
row_23	Ufl1	UFM1 specific ligase 1 [Source:MGI Symbol;Acc:MGI:1914740]	3996	0.18139345943927765	-0.23267345	No	
row_24	Cd55	CD55 molecule, decay accelerating factor for complement [Source:MGI Symbol;Acc:MGI:104850]	4075	0.1763404905796051	-0.23737384	No	
row_25	Mlh1	mutL homolog 1 [Source:MGI Symbol;Acc:MGI:101938]	4207	0.16988244652748108	-0.24560119	No	
row_26	Shld2	shieldin complex subunit 2 [Source:MGI Symbol;Acc:MGI:1922948]	4273	0.16610905528068542	-0.24946764	No	
row_27	Gprc5b	G protein-coupled receptor, family C, group 5, member B [Source:MGI Symbol;Acc:MGI:1927596]	4414	0.15806768834590912	-0.25832218	No	
row_28	Igf2	insulin-like growth factor 2 [Source:MGI Symbol;Acc:MGI:96434]	4427	0.15720532834529877	-0.2587022	No	
row_29	Ighm	immunoglobulin heavy constant mu [Source:MGI Symbol;Acc:MGI:96448]	4996	0.13169346749782562	-0.29597068	No	
row_30	Smad7	SMAD family member 7 [Source:MGI Symbol;Acc:MGI:1100518]	5135	0.12548799812793732	-0.30477872	No	
row_31	Susd4	sushi domain containing 4 [Source:MGI Symbol;Acc:MGI:2138351]	5136	0.12542270123958588	-0.3044479	No	
row_32	Appl1	adaptor protein, phosphotyrosine interaction, PH domain and leucine zipper containing 1 [Source:MGI Symbol;Acc:MGI:1920243]	5190	0.12290007621049881	-0.3076336	No	
row_33	Rif1	replication timing regulatory factor 1 [Source:MGI Symbol;Acc:MGI:1098622]	5192	0.12283960729837418	-0.3073758	No	
row_34	Klhl22	kelch-like 22 [Source:MGI Symbol;Acc:MGI:1337995]	5231	0.12104836106300354	-0.30957302	No	
row_35	Zbtb1	zinc finger and BTB domain containing 1 [Source:MGI Symbol;Acc:MGI:2442326]	5301	0.11796639859676361	-0.3138314	No	
row_36	Nsd2	nuclear receptor binding SET domain protein 2 [Source:MGI Symbol;Acc:MGI:1276574]	5307	0.11771050840616226	-0.31385198	No	
row_37	Hmces	5-hydroxymethylcytosine (hmC) binding, ES cell specific [Source:MGI Symbol;Acc:MGI:1914053]	5417	0.11319224536418915	-0.32077193	No	
row_38	Gpi1	glucose-6-phosphate isomerase 1 [Source:MGI Symbol;Acc:MGI:95797]	5459	0.11165819317102432	-0.32319263	No	
row_39	Dusp22	dual specificity phosphatase 22 [Source:MGI Symbol;Acc:MGI:1915926]	5473	0.11111384630203247	-0.32376045	No	
row_40	Pld2	phospholipase D2 [Source:MGI Symbol;Acc:MGI:892877]	5493	0.1103811040520668	-0.32472754	No	
row_41	Hspa8	heat shock protein 8 [Source:MGI Symbol;Acc:MGI:105384]	5674	0.10325077176094055	-0.33637568	No	
row_42	Cadm1	cell adhesion molecule 1 [Source:MGI Symbol;Acc:MGI:1889272]	5681	0.10294981300830841	-0.33650148	No	
row_43	Tek	TEK receptor tyrosine kinase [Source:MGI Symbol;Acc:MGI:98664]	5781	0.09889744967222214	-0.3427969	No	
row_44	Pms2	PMS1 homolog2, mismatch repair system component [Source:MGI Symbol;Acc:MGI:104288]	5861	0.09578385949134827	-0.347776	No	
row_45	Opa1	OPA1, mitochondrial dynamin like GTPase [Source:MGI Symbol;Acc:MGI:1921393]	5878	0.09514905512332916	-0.3485846	No	
row_46	D6Wsu163e	DNA segment, Chr 6, Wayne State University 163, expressed [Source:MGI Symbol;Acc:MGI:107893]	5892	0.0946074053645134	-0.34919596	No	
row_47	Ndfip1	Nedd4 family interacting protein 1 [Source:MGI Symbol;Acc:MGI:1929601]	5913	0.0937916487455368	-0.35027304	No	
row_48	Rasgrp1	RAS guanyl releasing protein 1 [Source:MGI Symbol;Acc:MGI:1314635]	5924	0.09335950762033463	-0.35068902	No	
row_49	Crk	v-crk avian sarcoma virus CT10 oncogene homolog [Source:MGI Symbol;Acc:MGI:88508]	6219	0.08166471123695374	-0.3699438	No	
row_50	Foxp1	forkhead box P1 [Source:MGI Symbol;Acc:MGI:1914004]	6280	0.07949679344892502	-0.3737076	No	
row_51	Ddx1	DEAD box helicase 1 [Source:MGI Symbol;Acc:MGI:2144727]	6323	0.07770732045173645	-0.37628406	No	
row_52	Card9	caspase recruitment domain family, member 9 [Source:MGI Symbol;Acc:MGI:2685628]	6355	0.07664771378040314	-0.37813485	No	
row_53	Tfrc	transferrin receptor [Source:MGI Symbol;Acc:MGI:98822]	6408	0.07494381070137024	-0.38138086	No	
row_54	Cuedc2	CUE domain containing 2 [Source:MGI Symbol;Acc:MGI:1914366]	6430	0.07425659149885178	-0.38257572	No	
row_55	Phb1	prohibitin 1 [Source:MGI Symbol;Acc:MGI:97572]	6515	0.07078352570533752	-0.3879519	No	
row_56	Cd59a	CD59a antigen [Source:MGI Symbol;Acc:MGI:109177]	6533	0.07010393589735031	-0.3888928	No	
row_57	Rtn4	reticulon 4 [Source:MGI Symbol;Acc:MGI:1915835]	6693	0.06403952836990356	-0.39925367	No	
row_58	Tgfb2	transforming growth factor, beta 2 [Source:MGI Symbol;Acc:MGI:98726]	6771	0.06148901209235191	-0.4041908	No	
row_59	Cr2	complement receptor 2 [Source:MGI Symbol;Acc:MGI:88489]	6783	0.06101199984550476	-0.40475833	No	
row_60	Atg9a	autophagy related 9A [Source:MGI Symbol;Acc:MGI:2138446]	6794	0.060511864721775055	-0.40526095	No	
row_61	Sema7a	sema domain, immunoglobulin domain (Ig), and GPI membrane anchor, (semaphorin) 7A [Source:MGI Symbol;Acc:MGI:1306826]	6860	0.057941555976867676	-0.40941274	No	
row_62	Bcr	BCR activator of RhoGEF and GTPase [Source:MGI Symbol;Acc:MGI:88141]	6961	0.05380901321768761	-0.41589332	No	
row_63	Ppp3cb	protein phosphatase 3, catalytic subunit, beta isoform [Source:MGI Symbol;Acc:MGI:107163]	6995	0.05269104987382889	-0.41793975	No	
row_64	Stat5b	signal transducer and activator of transcription 5B [Source:MGI Symbol;Acc:MGI:103035]	7007	0.052116189152002335	-0.41853076	No	
row_65	Ddrgk1	DDRGK domain containing 1 [Source:MGI Symbol;Acc:MGI:1924256]	7008	0.052107732743024826	-0.41839328	No	
row_66	Ywhag	tyrosine 3-monooxygenase/tryptophan 5-monooxygenase activation protein, gamma polypeptide [Source:MGI Symbol;Acc:MGI:108109]	7106	0.048321135342121124	-0.42468965	No	
row_67	Dhx36	DEAH-box helicase 36 [Source:MGI Symbol;Acc:MGI:1919412]	7340	0.03847242146730423	-0.44001865	No	
row_68	Ankrd17	ankyrin repeat domain 17 [Source:MGI Symbol;Acc:MGI:1932101]	7480	0.03276115655899048	-0.4491375	No	
row_69	Abr	active BCR-related gene [Source:MGI Symbol;Acc:MGI:107771]	7507	0.03181019797921181	-0.45077544	No	
row_70	Ep300	E1A binding protein p300 [Source:MGI Symbol;Acc:MGI:1276116]	7804	0.019705791026353836	-0.47032613	No	
row_71	Stxbp1	syntaxin binding protein 1 [Source:MGI Symbol;Acc:MGI:107363]	7873	0.017181282863020897	-0.4747841	No	
row_72	Ap1g1	adaptor protein complex AP-1, gamma 1 subunit [Source:MGI Symbol;Acc:MGI:101919]	7899	0.016353324055671692	-0.4763966	No	
row_73	Cx3cr1	C-X3-C motif chemokine receptor 1 [Source:MGI Symbol;Acc:MGI:1333815]	7966	0.013490796089172363	-0.48073187	No	
row_74	Mr1	major histocompatibility complex, class I-related [Source:MGI Symbol;Acc:MGI:1195463]	7982	0.012948499992489815	-0.4816911	No	
row_75	Paxip1	PAX interacting (with transcription-activation domain) protein 1 [Source:MGI Symbol;Acc:MGI:1890430]	8040	0.00983131118118763	-0.48544	No	
row_76	Stx4a	syntaxin 4A (placental) [Source:MGI Symbol;Acc:MGI:893577]	8047	0.00970086082816124	-0.48581174	No	
row_77	Brd4	bromodomain containing 4 [Source:MGI Symbol;Acc:MGI:1888520]	8130	0.005677942186594009	-0.49122724	No	
row_78	Map3k7	mitogen-activated protein kinase kinase kinase 7 [Source:MGI Symbol;Acc:MGI:1346877]	8323	-0.002356388373300433	-0.50393623	No	
row_79	Tgfb3	transforming growth factor, beta 3 [Source:MGI Symbol;Acc:MGI:98727]	8326	-0.0024513504467904568	-0.50406224	No	
row_80	Grb2	growth factor receptor bound protein 2 [Source:MGI Symbol;Acc:MGI:95805]	8335	-0.0027091987431049347	-0.5045849	No	
row_81	Il2	interleukin 2 [Source:MGI Symbol;Acc:MGI:96548]	8445	-0.007063490804284811	-0.5117848	No	
row_82	Atg5	autophagy related 5 [Source:MGI Symbol;Acc:MGI:1277186]	8454	-0.007538876961916685	-0.5122947	No	
row_83	Trp53bp1	transformation related protein 53 binding protein 1 [Source:MGI Symbol;Acc:MGI:1351320]	8543	-0.011310144327580929	-0.5180927	No	
row_84	Rc3h2	ring finger and CCCH-type zinc finger domains 2 [Source:MGI Symbol;Acc:MGI:2442789]	8573	-0.012477763928472996	-0.5199803	No	
row_85	Hspd1	heat shock protein 1 (chaperonin) [Source:MGI Symbol;Acc:MGI:96242]	8597	-0.013060055673122406	-0.52146906	No	
row_86	Crtam	cytotoxic and regulatory T cell molecule [Source:MGI Symbol;Acc:MGI:1859822]	8607	-0.013651235960423946	-0.52202904	No	
row_87	Kit	KIT proto-oncogene receptor tyrosine kinase [Source:MGI Symbol;Acc:MGI:96677]	8765	-0.020402859896421432	-0.5323726	No	
row_88	Myo18a	myosin XVIIIA [Source:MGI Symbol;Acc:MGI:2667185]	9005	-0.030521465465426445	-0.5481199	No	
row_89	Prkaa1	protein kinase, AMP-activated, alpha 1 catalytic subunit [Source:MGI Symbol;Acc:MGI:2145955]	9176	-0.03867869824171066	-0.5592761	No	
row_90	Shb	src homology 2 domain-containing transforming protein B [Source:MGI Symbol;Acc:MGI:98294]	9470	-0.05292174592614174	-0.5785405	No	
row_91	Atad5	ATPase family, AAA domain containing 5 [Source:MGI Symbol;Acc:MGI:2442925]	9482	-0.053510796278715134	-0.5791278	No	
row_92	Hk1	hexokinase 1 [Source:MGI Symbol;Acc:MGI:96103]	9485	-0.05358447879552841	-0.5791189	No	
row_93	Kmt5b	lysine methyltransferase 5B [Source:MGI Symbol;Acc:MGI:2444557]	9510	-0.05491992458701134	-0.5805634	No	
row_94	Tril	TLR4 interactor with leucine-rich repeats [Source:MGI Symbol;Acc:MGI:1914123]	9523	-0.05528021603822708	-0.58121234	No	
row_95	Gata3	GATA binding protein 3 [Source:MGI Symbol;Acc:MGI:95663]	9548	-0.05682508647441864	-0.5826518	No	
row_96	Mavs	mitochondrial antiviral signaling protein [Source:MGI Symbol;Acc:MGI:2444773]	9551	-0.05702131241559982	-0.58263385	No	
row_97	Cfp	complement factor properdin [Source:MGI Symbol;Acc:MGI:97545]	9685	-0.06427650153636932	-0.59127223	No	
row_98	Cd81	CD81 antigen [Source:MGI Symbol;Acc:MGI:1096398]	9704	-0.0650256797671318	-0.5922928	No	
row_99	Supt6	SPT6, histone chaperone and transcription elongation factor [Source:MGI Symbol;Acc:MGI:107726]	9793	-0.06971243023872375	-0.5979367	No	
row_100	H2-T13	histocompatibility 2, T region locus 13 [Source:MGI Symbol;Acc:MGI:95945]	9822	-0.07124589383602142	-0.59960306	No	
row_101	Rc3h1	RING CCCH (C3H) domains 1 [Source:MGI Symbol;Acc:MGI:2685397]	9839	-0.07200045883655548	-0.6004727	No	
row_102	Phb2	prohibitin 2 [Source:MGI Symbol;Acc:MGI:102520]	9964	-0.07978861033916473	-0.60847414	No	
row_103	C1qbp	complement component 1, q subcomponent binding protein [Source:MGI Symbol;Acc:MGI:1194505]	10001	-0.0819370299577713	-0.61064214	No	
row_104	Stx7	syntaxin 7 [Source:MGI Symbol;Acc:MGI:1858210]	10056	-0.08486060798168182	-0.6139944	No	
row_105	Rabgef1	RAB guanine nucleotide exchange factor (GEF) 1 [Source:MGI Symbol;Acc:MGI:1929459]	10117	-0.08836833387613297	-0.6177348	No	
row_106	Panx1	pannexin 1 [Source:MGI Symbol;Acc:MGI:1860055]	10193	-0.09243489801883698	-0.62245786	No	
row_107	Wnt5a	wingless-type MMTV integration site family, member 5A [Source:MGI Symbol;Acc:MGI:98958]	10388	-0.10429193824529648	-0.63503045	No	
row_108	Cyrib	CYFIP related Rac1 interactor B [Source:MGI Symbol;Acc:MGI:1923520]	10406	-0.10513588786125183	-0.6358789	No	
row_109	Ube2j1	ubiquitin-conjugating enzyme E2J 1 [Source:MGI Symbol;Acc:MGI:1926245]	10522	-0.11169470846652985	-0.64320016	No	
row_110	Sphk2	sphingosine kinase 2 [Source:MGI Symbol;Acc:MGI:1861380]	10664	-0.12072138488292694	-0.6522195	No	
row_111	Xbp1	X-box binding protein 1 [Source:MGI Symbol;Acc:MGI:98970]	10794	-0.13093045353889465	-0.66041714	No	
row_112	Dusp10	dual specificity phosphatase 10 [Source:MGI Symbol;Acc:MGI:1927070]	10879	-0.1371394842863083	-0.66561824	No	
row_113	Hmgb1	high mobility group box 1 [Source:MGI Symbol;Acc:MGI:96113]	11073	-0.15266485512256622	-0.677997	No	
row_114	Rara	retinoic acid receptor, alpha [Source:MGI Symbol;Acc:MGI:97856]	11171	-0.1622963696718216	-0.68399274	No	
row_115	Mif	macrophage migration inhibitory factor (glycosylation-inhibiting factor) [Source:MGI Symbol;Acc:MGI:96982]	11220	-0.16628685593605042	-0.6867329	No	
row_116	Dnajb9	DnaJ heat shock protein family (Hsp40) member B9 [Source:MGI Symbol;Acc:MGI:1351618]	11253	-0.1694701611995697	-0.68840504	No	
row_117	Slc15a4	solute carrier family 15, member 4 [Source:MGI Symbol;Acc:MGI:2140796]	11305	-0.17477574944496155	-0.69132143	No	
row_118	Gfer	growth factor, augmenter of liver regeneration [Source:MGI Symbol;Acc:MGI:107757]	11308	-0.17510312795639038	-0.690992	No	
row_119	Brd2	bromodomain containing 2 [Source:MGI Symbol;Acc:MGI:99495]	11337	-0.17734363675117493	-0.69237846	No	
row_120	Snx4	sorting nexin 4 [Source:MGI Symbol;Acc:MGI:1916400]	11340	-0.17782345414161682	-0.6920418	No	
row_121	Il18	interleukin 18 [Source:MGI Symbol;Acc:MGI:107936]	11397	-0.1832057386636734	-0.69526714	No	
row_122	Pik3r6	phosphoinositide-3-kinase regulatory subunit 5 [Source:MGI Symbol;Acc:MGI:2144613]	11461	-0.18987949192523956	-0.6989385	No	
row_123	Sirt1	sirtuin 1 [Source:MGI Symbol;Acc:MGI:2135607]	11575	-0.20096233487129211	-0.7058918	No	
row_124	Exosc3	exosome component 3 [Source:MGI Symbol;Acc:MGI:1913612]	11687	-0.21316932141780853	-0.71268046	No	
row_125	Pkn1	protein kinase N1 [Source:MGI Symbol;Acc:MGI:108022]	11784	-0.22395913302898407	-0.71844727	No	
row_126	Fbxo38	F-box protein 38 [Source:MGI Symbol;Acc:MGI:2444639]	11792	-0.22501645982265472	-0.7183173	No	
row_127	Cr1l	complement C3b/C4b receptor 1 like [Source:MGI Symbol;Acc:MGI:88513]	11808	-0.22655810415744781	-0.718713	No	
row_128	Tmbim6	transmembrane BAX inhibitor motif containing 6 [Source:MGI Symbol;Acc:MGI:99682]	11885	-0.23502503335475922	-0.7231261	No	
row_129	Dpp4	dipeptidylpeptidase 4 [Source:MGI Symbol;Acc:MGI:94919]	11913	-0.23846042156219482	-0.7242852	No	
row_130	Nppc	natriuretic peptide type C [Source:MGI Symbol;Acc:MGI:97369]	11918	-0.2389037013053894	-0.72391987	No	
row_131	Rps19	ribosomal protein S19 [Source:MGI Symbol;Acc:MGI:1333780]	12102	-0.2597241699695587	-0.73535395	No	
row_132	Bcl6	B cell leukemia/lymphoma 6 [Source:MGI Symbol;Acc:MGI:107187]	12176	-0.27032357454299927	-0.73947525	No	
row_133	Dennd1b	DENN domain containing 1B [Source:MGI Symbol;Acc:MGI:2447812]	12348	-0.29408881068229675	-0.75002396	No	
row_134	Il20rb	interleukin 20 receptor beta [Source:MGI Symbol;Acc:MGI:2143266]	12359	-0.29539915919303894	-0.74990696	No	
row_135	Vsir	V-set immunoregulatory receptor [Source:MGI Symbol;Acc:MGI:1921298]	12380	-0.29802560806274414	-0.7504453	No	
row_136	Traf2	TNF receptor-associated factor 2 [Source:MGI Symbol;Acc:MGI:101835]	12482	-0.3134261667728424	-0.75630724	No	
row_137	Ddx21	DExD box helicase 21 [Source:MGI Symbol;Acc:MGI:1860494]	12585	-0.32710686326026917	-0.76219934	No	
row_138	Stxbp2	syntaxin binding protein 2 [Source:MGI Symbol;Acc:MGI:107370]	12693	-0.3439672887325287	-0.7683781	No	
row_139	Nlrx1	NLR family member X1 [Source:MGI Symbol;Acc:MGI:2429611]	12723	-0.3495851159095764	-0.7693764	No	
row_140	Arrb2	arrestin, beta 2 [Source:MGI Symbol;Acc:MGI:99474]	12825	-0.3717876076698303	-0.7750844	No	
row_141	Ahr	aryl-hydrocarbon receptor [Source:MGI Symbol;Acc:MGI:105043]	13003	-0.40796828269958496	-0.78573006	No	
row_142	H2-T24	histocompatibility 2, T region locus 24 [Source:MGI Symbol;Acc:MGI:95958]	13078	-0.42471209168434143	-0.78951037	No	
row_143	Foxj1	forkhead box J1 [Source:MGI Symbol;Acc:MGI:1347474]	13080	-0.4254794716835022	-0.7884542	No	
row_144	Mad2l2	MAD2 mitotic arrest deficient-like 2 [Source:MGI Symbol;Acc:MGI:1919140]	13088	-0.4283888041973114	-0.78778774	No	
row_145	Pla2g3	phospholipase A2, group III [Source:MGI Symbol;Acc:MGI:2444945]	13103	-0.4342503547668457	-0.78756934	No	
row_146	Lamp1	lysosomal-associated membrane protein 1 [Source:MGI Symbol;Acc:MGI:96745]	13126	-0.43872785568237305	-0.787869	No	
row_147	Tbx21	T-box 21 [Source:MGI Symbol;Acc:MGI:1888984]	13216	-0.46224460005760193	-0.7925436	No	
row_148	Pvr	poliovirus receptor [Source:MGI Symbol;Acc:MGI:107741]	13340	-0.5014012455940247	-0.79936665	No	
row_149	Trem2	triggering receptor expressed on myeloid cells 2 [Source:MGI Symbol;Acc:MGI:1913150]	13349	-0.5038224458694458	-0.7985674	No	
row_150	Zbtb7b	zinc finger and BTB domain containing 7B [Source:MGI Symbol;Acc:MGI:102755]	13540	-0.5764588713645935	-0.8096295	No	
row_151	Mapkapk2	MAP kinase-activated protein kinase 2 [Source:MGI Symbol;Acc:MGI:109298]	13555	-0.5824083089828491	-0.80902034	No	
row_152	Il33	interleukin 33 [Source:MGI Symbol;Acc:MGI:1924375]	13609	-0.6050872206687927	-0.81093407	No	
row_153	Ager	advanced glycosylation end product-specific receptor [Source:MGI Symbol;Acc:MGI:893592]	13621	-0.6114444732666016	-0.8100496	No	
row_154	Gab2	growth factor receptor bound protein 2-associated protein 2 [Source:MGI Symbol;Acc:MGI:1333854]	13667	-0.634711503982544	-0.8113554	No	
row_155	Pglyrp1	peptidoglycan recognition protein 1 [Source:MGI Symbol;Acc:MGI:1345092]	13675	-0.6359253525733948	-0.81014144	No	
row_156	Ppl	periplakin [Source:MGI Symbol;Acc:MGI:1194898]	13677	-0.6359876990318298	-0.80853	No	
row_157	Adora2b	adenosine A2b receptor [Source:MGI Symbol;Acc:MGI:99403]	13692	-0.6444120407104492	-0.8077572	No	
row_158	Traf6	TNF receptor-associated factor 6 [Source:MGI Symbol;Acc:MGI:108072]	13714	-0.6538277268409729	-0.8074232	No	
row_159	Ptpn22	protein tyrosine phosphatase, non-receptor type 22 (lymphoid) [Source:MGI Symbol;Acc:MGI:107170]	13782	-0.6843134760856628	-0.8100551	No	
row_160	Stap1	signal transducing adaptor family member 1 [Source:MGI Symbol;Acc:MGI:1926193]	13846	-0.7126943469047546	-0.81234723	Yes	
row_161	Cfh	complement component factor h [Source:MGI Symbol;Acc:MGI:88385]	13850	-0.7140789031982422	-0.8106622	Yes	
row_162	Vamp8	vesicle-associated membrane protein 8 [Source:MGI Symbol;Acc:MGI:1336882]	13852	-0.7152400612831116	-0.80884165	Yes	
row_163	A2m	alpha-2-macroglobulin [Source:MGI Symbol;Acc:MGI:2449119]	13890	-0.7322744131088257	-0.8093603	Yes	
row_164	Nfkbid	nuclear factor of kappa light polypeptide gene enhancer in B cells inhibitor, delta [Source:MGI Symbol;Acc:MGI:3041243]	13927	-0.7558355927467346	-0.80975056	Yes	
row_165	Cd24a	CD24a antigen [Source:MGI Symbol;Acc:MGI:88323]	13950	-0.7726616859436035	-0.8091693	Yes	
row_166	Angpt1	angiopoietin 1 [Source:MGI Symbol;Acc:MGI:108448]	13951	-0.7729238867759705	-0.80713034	Yes	
row_167	Inava	innate immunity activator [Source:MGI Symbol;Acc:MGI:1921579]	13954	-0.7741163969039917	-0.8052207	Yes	
row_168	Ceacam1	CEA cell adhesion molecule 1 [Source:MGI Symbol;Acc:MGI:1347245]	13971	-0.7821909189224243	-0.804217	Yes	
row_169	Litaf	LPS-induced TN factor [Source:MGI Symbol;Acc:MGI:1929512]	13979	-0.7880257368087769	-0.8026018	Yes	
row_170	Axl	AXL receptor tyrosine kinase [Source:MGI Symbol;Acc:MGI:1347244]	13985	-0.7958182692527771	-0.8008336	Yes	
row_171	Hlx	H2.0-like homeobox [Source:MGI Symbol;Acc:MGI:96109]	13987	-0.7970489263534546	-0.79879725	Yes	
row_172	Cgas	cyclic GMP-AMP synthase [Source:MGI Symbol;Acc:MGI:2442261]	13988	-0.7976584434509277	-0.7966931	Yes	
row_173	Lbp	lipopolysaccharide binding protein [Source:MGI Symbol;Acc:MGI:1098776]	14002	-0.8066551089286804	-0.79542613	Yes	
row_174	P2rx7	purinergic receptor P2X, ligand-gated ion channel, 7 [Source:MGI Symbol;Acc:MGI:1339957]	14045	-0.830166757106781	-0.79601765	Yes	
row_175	Nectin2	nectin cell adhesion molecule 2 [Source:MGI Symbol;Acc:MGI:97822]	14052	-0.8350293636322021	-0.7942122	Yes	
row_176	Ticam1	TIR domain containing adaptor molecule 1 [Source:MGI Symbol;Acc:MGI:2147032]	14082	-0.8556047677993774	-0.79387575	Yes	
row_177	Nectin4	nectin cell adhesion molecule 4 [Source:MGI Symbol;Acc:MGI:1918990]	14168	-0.917297899723053	-0.7970851	Yes	
row_178	Laptm5	lysosomal-associated protein transmembrane 5 [Source:MGI Symbol;Acc:MGI:108046]	14185	-0.9294797778129578	-0.7956928	Yes	
row_179	Lgals1	lectin, galactose binding, soluble 1 [Source:MGI Symbol;Acc:MGI:96777]	14189	-0.9330882430076599	-0.79343003	Yes	
row_180	Pkp3	plakophilin 3 [Source:MGI Symbol;Acc:MGI:1891830]	14192	-0.9340769052505493	-0.7910985	Yes	
row_181	Grn	granulin [Source:MGI Symbol;Acc:MGI:95832]	14196	-0.9392642974853516	-0.7888194	Yes	
row_182	Fadd	Fas associated via death domain [Source:MGI Symbol;Acc:MGI:109324]	14215	-0.9544616937637329	-0.78749365	Yes	
row_183	Fzd5	frizzled class receptor 5 [Source:MGI Symbol;Acc:MGI:108571]	14219	-0.9562937021255493	-0.78516966	Yes	
row_184	Cd300a	CD300A molecule [Source:MGI Symbol;Acc:MGI:2443411]	14303	-1.0459003448486328	-0.78790736	Yes	
row_185	Cd28	CD28 antigen [Source:MGI Symbol;Acc:MGI:88327]	14305	-1.046858549118042	-0.78521204	Yes	
row_186	Ripk2	receptor (TNFRSF)-interacting serine-threonine kinase 2 [Source:MGI Symbol;Acc:MGI:1891456]	14349	-1.0947935581207275	-0.7851717	Yes	
row_187	Slamf1	signaling lymphocytic activation molecule family member 1 [Source:MGI Symbol;Acc:MGI:1351314]	14354	-1.1003212928771973	-0.782534	Yes	
row_188	Unc13d	unc-13 homolog D [Source:MGI Symbol;Acc:MGI:1917700]	14365	-1.1171257495880127	-0.78024936	Yes	
row_189	B2m	beta-2 microglobulin [Source:MGI Symbol;Acc:MGI:88127]	14367	-1.118391513824463	-0.7773653	Yes	
row_190	Jak3	Janus kinase 3 [Source:MGI Symbol;Acc:MGI:99928]	14370	-1.1279429197311401	-0.77452236	Yes	
row_191	Malt1	MALT1 paracaspase [Source:MGI Symbol;Acc:MGI:2445027]	14384	-1.142586588859558	-0.7723692	Yes	
row_192	Hfe	homeostatic iron regulator [Source:MGI Symbol;Acc:MGI:109191]	14391	-1.152908205986023	-0.76972526	Yes	
row_193	Lyn	LYN proto-oncogene, Src family tyrosine kinase [Source:MGI Symbol;Acc:MGI:96892]	14393	-1.154542088508606	-0.76674587	Yes	
row_194	Itgam	integrin alpha M [Source:MGI Symbol;Acc:MGI:96607]	14429	-1.188663125038147	-0.76592815	Yes	
row_195	Fcgr3	Fc receptor, IgG, low affinity III [Source:MGI Symbol;Acc:MGI:95500]	14430	-1.1911050081253052	-0.7627861	Yes	
row_196	Tgfb1	transforming growth factor, beta 1 [Source:MGI Symbol;Acc:MGI:98725]	14447	-1.212853193283081	-0.7606463	Yes	
row_197	Il1r1	interleukin 1 receptor, type I [Source:MGI Symbol;Acc:MGI:96545]	14470	-1.2378168106079102	-0.75883794	Yes	
row_198	Nckap1l	NCK associated protein 1 like [Source:MGI Symbol;Acc:MGI:1926063]	14486	-1.265770435333252	-0.75649226	Yes	
row_199	Foxf1	forkhead box F1 [Source:MGI Symbol;Acc:MGI:1347470]	14489	-1.271178960800171	-0.75327146	Yes	
row_200	Tirap	toll-interleukin 1 receptor (TIR) domain-containing adaptor protein [Source:MGI Symbol;Acc:MGI:2152213]	14495	-1.2793903350830078	-0.75022763	Yes	
row_201	Tyrobp	TYRO protein tyrosine kinase binding protein [Source:MGI Symbol;Acc:MGI:1277211]	14501	-1.2893348932266235	-0.7471576	Yes	
row_202	Nod1	nucleotide-binding oligomerization domain containing 1 [Source:MGI Symbol;Acc:MGI:1341839]	14513	-1.3084510564804077	-0.7444344	Yes	
row_203	H2-D1	histocompatibility 2, D region locus 1 [Source:MGI Symbol;Acc:MGI:95896]	14527	-1.3243019580841064	-0.7418019	Yes	
row_204	Gata2	GATA binding protein 2 [Source:MGI Symbol;Acc:MGI:95662]	14563	-1.3658682107925415	-0.7405167	Yes	
row_205	Inpp5d	inositol polyphosphate-5-phosphatase D [Source:MGI Symbol;Acc:MGI:107357]	14567	-1.3713209629058838	-0.7370979	Yes	
row_206	Cd80	CD80 antigen [Source:MGI Symbol;Acc:MGI:101775]	14575	-1.3855133056640625	-0.7339066	Yes	
row_207	Stat6	signal transducer and activator of transcription 6 [Source:MGI Symbol;Acc:MGI:103034]	14576	-1.3939892053604126	-0.7302294	Yes	
row_208	Arid5a	AT-rich interaction domain 5A [Source:MGI Symbol;Acc:MGI:2443039]	14597	-1.4312337636947632	-0.7277784	Yes	
row_209	H2-T22	histocompatibility 2, T region locus 22 [Source:MGI Symbol;Acc:MGI:95956]	14598	-1.4313725233078003	-0.7240025	Yes	
row_210	Loxl3	lysyl oxidase-like 3 [Source:MGI Symbol;Acc:MGI:1337004]	14599	-1.4314550161361694	-0.7202264	Yes	
row_211	Tlr3	toll-like receptor 3 [Source:MGI Symbol;Acc:MGI:2156367]	14643	-1.505021572113037	-0.71910393	Yes	
row_212	Tap2	transporter 2, ATP-binding cassette, sub-family B (MDR/TAP) [Source:MGI Symbol;Acc:MGI:98484]	14651	-1.5208073854446411	-0.7155557	Yes	
row_213	Nfkbiz	nuclear factor of kappa light polypeptide gene enhancer in B cells inhibitor, zeta [Source:MGI Symbol;Acc:MGI:1931595]	14655	-1.5256743431091309	-0.71172976	Yes	
row_214	Serpinb9	serine (or cysteine) peptidase inhibitor, clade B, member 9 [Source:MGI Symbol;Acc:MGI:106603]	14662	-1.5375686883926392	-0.7080711	Yes	
row_215	H2-K1	histocompatibility 2, K1, K region [Source:MGI Symbol;Acc:MGI:95904]	14674	-1.5491504669189453	-0.70471305	Yes	
row_216	Myd88	myeloid differentiation primary response gene 88 [Source:MGI Symbol;Acc:MGI:108005]	14676	-1.5513466596603394	-0.7006869	Yes	
row_217	Hpx	hemopexin [Source:MGI Symbol;Acc:MGI:105112]	14683	-1.561322808265686	-0.6969656	Yes	
row_218	Tnfrsf4	tumor necrosis factor receptor superfamily, member 4 [Source:MGI Symbol;Acc:MGI:104512]	14705	-1.621773362159729	-0.69407815	Yes	
row_219	Lacc1	laccase domain containing 1 [Source:MGI Symbol;Acc:MGI:2445077]	14713	-1.6358959674835205	-0.6902263	Yes	
row_220	Btk	Bruton agammaglobulinemia tyrosine kinase [Source:MGI Symbol;Acc:MGI:88216]	14738	-1.687743902206421	-0.68736356	Yes	
row_221	Anxa1	annexin A1 [Source:MGI Symbol;Acc:MGI:96819]	14745	-1.7074098587036133	-0.6832569	Yes	
row_222	Stat5a	signal transducer and activator of transcription 5A [Source:MGI Symbol;Acc:MGI:103036]	14753	-1.7267537117004395	-0.6791654	Yes	
row_223	H2-DMb2	histocompatibility 2, class II, locus Mb2 [Source:MGI Symbol;Acc:MGI:95923]	14764	-1.7442938089370728	-0.67522633	Yes	
row_224	Nlrp3	NLR family, pyrin domain containing 3 [Source:MGI Symbol;Acc:MGI:2653833]	14789	-1.8187140226364136	-0.67201805	Yes	
row_225	Il13ra1	interleukin 13 receptor, alpha 1 [Source:MGI Symbol;Acc:MGI:105052]	14797	-1.8387569189071655	-0.66763115	Yes	
row_226	S100a9	S100 calcium binding protein A9 (calgranulin B) [Source:MGI Symbol;Acc:MGI:1338947]	14799	-1.8434122800827026	-0.6628345	Yes	
row_227	Irf1	interferon regulatory factor 1 [Source:MGI Symbol;Acc:MGI:96590]	14811	-1.8624831438064575	-0.6586499	Yes	
row_228	Fes	feline sarcoma oncogene [Source:MGI Symbol;Acc:MGI:95514]	14813	-1.8652138710021973	-0.65379584	Yes	
row_229	Ffar2	free fatty acid receptor 2 [Source:MGI Symbol;Acc:MGI:2441731]	14814	-1.8681418895721436	-0.6488678	Yes	
row_230	Arg1	arginase, liver [Source:MGI Symbol;Acc:MGI:88070]	14815	-1.8745911121368408	-0.64392275	Yes	
row_231	Nod2	nucleotide-binding oligomerization domain containing 2 [Source:MGI Symbol;Acc:MGI:2429397]	14821	-1.8870857954025269	-0.63927585	Yes	
row_232	Ncf1	neutrophil cytosolic factor 1 [Source:MGI Symbol;Acc:MGI:97283]	14822	-1.8886833190917969	-0.6342936	Yes	
row_233	Il4ra	interleukin 4 receptor, alpha [Source:MGI Symbol;Acc:MGI:105367]	14839	-1.922226071357727	-0.6302825	Yes	
row_234	Pycard	PYD and CARD domain containing [Source:MGI Symbol;Acc:MGI:1931465]	14845	-1.946400761604309	-0.62547916	Yes	
row_235	Fcer1g	Fc receptor, IgE, high affinity I, gamma polypeptide [Source:MGI Symbol;Acc:MGI:95496]	14849	-1.9575062990188599	-0.62051404	Yes	
row_236	Parp3	poly (ADP-ribose) polymerase family, member 3 [Source:MGI Symbol;Acc:MGI:1891258]	14853	-1.9706056118011475	-0.6155144	Yes	
row_237	Ccl2	C-C motif chemokine ligand 2 [Source:MGI Symbol;Acc:MGI:98259]	14858	-1.9816153049468994	-0.6105519	Yes	
row_238	Cd1d1	CD1d1 antigen [Source:MGI Symbol;Acc:MGI:107674]	14872	-2.011352062225342	-0.606107	Yes	
row_239	Rsad2	radical S-adenosyl methionine domain containing 2 [Source:MGI Symbol;Acc:MGI:1929628]	14874	-2.018421173095703	-0.60084873	Yes	
row_240	Serping1	serine (or cysteine) peptidase inhibitor, clade G, member 1 [Source:MGI Symbol;Acc:MGI:894696]	14875	-2.0194497108459473	-0.59552157	Yes	
row_241	Cd36	CD36 molecule [Source:MGI Symbol;Acc:MGI:107899]	14876	-2.0263617038726807	-0.59017617	Yes	
row_242	Gimap3	GTPase, IMAP family member 3 [Source:MGI Symbol;Acc:MGI:1932723]	14884	-2.031559467315674	-0.5852806	Yes	
row_243	Bst2	bone marrow stromal cell antigen 2 [Source:MGI Symbol;Acc:MGI:1916800]	14885	-2.0329341888427734	-0.57991785	Yes	
row_244	Ptpn6	protein tyrosine phosphatase, non-receptor type 6 [Source:MGI Symbol;Acc:MGI:96055]	14896	-2.0592994689941406	-0.5751478	Yes	
row_245	Vav1	vav 1 oncogene [Source:MGI Symbol;Acc:MGI:98923]	14899	-2.0627310276031494	-0.5698389	Yes	
row_246	Syk	spleen tyrosine kinase [Source:MGI Symbol;Acc:MGI:99515]	14902	-2.071566104888916	-0.5645067	Yes	
row_247	Hmox1	heme oxygenase 1 [Source:MGI Symbol;Acc:MGI:96163]	14904	-2.079866647720337	-0.5590864	Yes	
row_248	Irak3	interleukin-1 receptor-associated kinase 3 [Source:MGI Symbol;Acc:MGI:1921164]	14908	-2.0854570865631104	-0.5537837	Yes	
row_249	Tap1	transporter 1, ATP-binding cassette, sub-family B (MDR/TAP) [Source:MGI Symbol;Acc:MGI:98483]	14919	-2.113363265991211	-0.54887104	Yes	
row_250	Clec2d	C-type lectin domain family 2, member d [Source:MGI Symbol;Acc:MGI:2135589]	14922	-2.1317644119262695	-0.5433801	Yes	
row_251	Havcr2	hepatitis A virus cellular receptor 2 [Source:MGI Symbol;Acc:MGI:2159682]	14929	-2.150355339050293	-0.5381049	Yes	
row_252	Trim6	tripartite motif-containing 6 [Source:MGI Symbol;Acc:MGI:2137352]	14950	-2.20326828956604	-0.5336173	Yes	
row_253	Ripk3	receptor-interacting serine-threonine kinase 3 [Source:MGI Symbol;Acc:MGI:2154952]	14951	-2.203356981277466	-0.52780503	Yes	
row_254	Lilrb4b	leukocyte immunoglobulin-like receptor, subfamily B, member 4B [Source:MGI Symbol;Acc:MGI:102702]	14956	-2.218184232711792	-0.52221847	Yes	
row_255	Slamf6	SLAM family member 6 [Source:MGI Symbol;Acc:MGI:1353620]	14959	-2.2255918979644775	-0.51647997	Yes	
row_256	Casp1	caspase 1 [Source:MGI Symbol;Acc:MGI:96544]	14968	-2.260185956954956	-0.51104754	Yes	
row_257	Lgals9	lectin, galactose binding, soluble 9 [Source:MGI Symbol;Acc:MGI:109496]	14971	-2.265756130218506	-0.50520307	Yes	
row_258	Ccr7	C-C motif chemokine receptor 7 [Source:MGI Symbol;Acc:MGI:103011]	14982	-2.284374713897705	-0.49983928	Yes	
row_259	Tnfaip3	tumor necrosis factor, alpha-induced protein 3 [Source:MGI Symbol;Acc:MGI:1196377]	14992	-2.3014543056488037	-0.4943642	Yes	
row_260	Rigi	RNA sensor RIG-I [Source:MGI Symbol;Acc:MGI:2442858]	14993	-2.3021128177642822	-0.48829138	Yes	
row_261	Il6	interleukin 6 [Source:MGI Symbol;Acc:MGI:96559]	14997	-2.304513931274414	-0.48241088	Yes	
row_262	Clcf1	cardiotrophin-like cytokine factor 1 [Source:MGI Symbol;Acc:MGI:1930088]	15006	-2.3279359340667725	-0.47679973	Yes	
row_263	Cd74	CD74 antigen (invariant polypeptide of major histocompatibility complex, class II antigen-associated) [Source:MGI Symbol;Acc:MGI:96534]	15010	-2.3369808197021484	-0.4708336	Yes	
row_264	Gimap5	GTPase, IMAP family member 5 [Source:MGI Symbol;Acc:MGI:2442232]	15011	-2.338693857192993	-0.46466428	Yes	
row_265	Ddx60	DExD/H box helicase 60 [Source:MGI Symbol;Acc:MGI:2384570]	15024	-2.364609718322754	-0.45922127	Yes	
row_266	Cd37	CD37 antigen [Source:MGI Symbol;Acc:MGI:88330]	15027	-2.3744184970855713	-0.45309016	Yes	
row_267	Spn	sialophorin [Source:MGI Symbol;Acc:MGI:98384]	15031	-2.3822696208953857	-0.44700456	Yes	
row_268	Ptprc	protein tyrosine phosphatase receptor type C [Source:MGI Symbol;Acc:MGI:97810]	15038	-2.397634506225586	-0.4410771	Yes	
row_269	Zc3h12a	zinc finger CCCH type containing 12A [Source:MGI Symbol;Acc:MGI:2385891]	15056	-2.4416534900665283	-0.43576202	Yes	
row_270	Irf5	interferon regulatory factor 5 [Source:MGI Symbol;Acc:MGI:1350924]	15057	-2.4426302909851074	-0.42931852	Yes	
row_271	Was	Wiskott-Aldrich syndrome [Source:MGI Symbol;Acc:MGI:105059]	15063	-2.46127986907959	-0.42315692	Yes	
row_272	H2-Q7	histocompatibility 2, Q region locus 7 [Source:MGI Symbol;Acc:MGI:95936]	15066	-2.4679741859436035	-0.416779	Yes	
row_273	Cd22	CD22 antigen [Source:MGI Symbol;Acc:MGI:88322]	15074	-2.4794058799743652	-0.41070208	Yes	
row_274	Adora3	adenosine A3 receptor [Source:MGI Symbol;Acc:MGI:104847]	15075	-2.4813241958618164	-0.4041565	Yes	
row_275	Lgals3	lectin, galactose binding, soluble 3 [Source:MGI Symbol;Acc:MGI:96778]	15077	-2.487438678741455	-0.39766103	Yes	
row_276	H2-Q4	histocompatibility 2, Q region locus 4 [Source:MGI Symbol;Acc:MGI:95933]	15088	-2.5195188522338867	-0.39167693	Yes	
row_277	Ifnb1	interferon beta 1, fibroblast [Source:MGI Symbol;Acc:MGI:107657]	15104	-2.5572633743286133	-0.3859244	Yes	
row_278	Rac2	Rac family small GTPase 2 [Source:MGI Symbol;Acc:MGI:97846]	15110	-2.565918445587158	-0.3794868	Yes	
row_279	Casp4	caspase 4, apoptosis-related cysteine peptidase [Source:MGI Symbol;Acc:MGI:107700]	15130	-2.620363235473633	-0.37383273	Yes	
row_280	Cd274	CD274 antigen [Source:MGI Symbol;Acc:MGI:1926446]	15140	-2.6653146743774414	-0.36739781	Yes	
row_281	Spi1	Spi-1 proto-oncogene [Source:MGI Symbol;Acc:MGI:98282]	15143	-2.6677331924438477	-0.36049297	Yes	
row_282	Tlr7	toll-like receptor 7 [Source:MGI Symbol;Acc:MGI:2176882]	15150	-2.6877198219299316	-0.35380027	Yes	
row_283	Cd40	CD40 antigen [Source:MGI Symbol;Acc:MGI:88336]	15153	-2.693387508392334	-0.34682775	Yes	
row_284	Klrd1	killer cell lectin-like receptor, subfamily D, member 1 [Source:MGI Symbol;Acc:MGI:1196275]	15156	-2.69734525680542	-0.33984476	Yes	
row_285	Il7r	interleukin 7 receptor [Source:MGI Symbol;Acc:MGI:96562]	15157	-2.6980695724487305	-0.33272743	Yes	
row_286	Cd86	CD86 antigen [Source:MGI Symbol;Acc:MGI:101773]	15160	-2.7075791358947754	-0.32571745	Yes	
row_287	Ptafr	platelet-activating factor receptor [Source:MGI Symbol;Acc:MGI:106066]	15164	-2.7209060192108154	-0.31873855	Yes	
row_288	Fcgr2b	Fc receptor, IgG, low affinity IIb [Source:MGI Symbol;Acc:MGI:95499]	15178	-2.755366563796997	-0.312331	Yes	
row_289	Il1b	interleukin 1 beta [Source:MGI Symbol;Acc:MGI:96543]	15181	-2.7633743286132812	-0.30517384	Yes	
row_290	H2-M3	histocompatibility 2, M region locus 3 [Source:MGI Symbol;Acc:MGI:95915]	15183	-2.7687342166900635	-0.29793632	Yes	
row_291	Dhx58	DExH-box helicase 58 [Source:MGI Symbol;Acc:MGI:1931560]	15186	-2.7815897464752197	-0.2907311	Yes	
row_292	Cd84	CD84 antigen [Source:MGI Symbol;Acc:MGI:1336885]	15193	-2.8030569553375244	-0.28373417	Yes	
row_293	Tnfrsf1b	tumor necrosis factor receptor superfamily, member 1b [Source:MGI Symbol;Acc:MGI:1314883]	15213	-2.8627378940582275	-0.27744073	Yes	
row_294	Tlr4	toll-like receptor 4 [Source:MGI Symbol;Acc:MGI:96824]	15219	-2.874952554702759	-0.2701879	Yes	
row_295	C3	complement component 3 [Source:MGI Symbol;Acc:MGI:88227]	15222	-2.885869026184082	-0.26270762	Yes	
row_296	Ccr2	C-C motif chemokine receptor 2 [Source:MGI Symbol;Acc:MGI:106185]	15238	-2.941856861114502	-0.25594056	Yes	
row_297	Fgl2	fibrinogen-like protein 2 [Source:MGI Symbol;Acc:MGI:103266]	15258	-3.023555040359497	-0.24922289	Yes	
row_298	Plcg2	phospholipase C, gamma 2 [Source:MGI Symbol;Acc:MGI:97616]	15264	-3.042161464691162	-0.24152897	Yes	
row_299	H2-DMb1	histocompatibility 2, class II, locus Mb1 [Source:MGI Symbol;Acc:MGI:95922]	15270	-3.0603208541870117	-0.23378716	Yes	
row_300	Acp5	acid phosphatase 5, tartrate resistant [Source:MGI Symbol;Acc:MGI:87883]	15277	-3.0996084213256836	-0.22600795	Yes	
row_301	Calhm6	calcium homeostasis modulator family member 6 [Source:MGI Symbol;Acc:MGI:2443082]	15282	-3.134615182876587	-0.21800393	Yes	
row_302	Ifng	interferon gamma [Source:MGI Symbol;Acc:MGI:107656]	15290	-3.171190023422241	-0.21010211	Yes	
row_303	Sash3	SAM and SH3 domain containing 3 [Source:MGI Symbol;Acc:MGI:1921381]	15292	-3.185924530029297	-0.20176406	Yes	
row_304	Fcgr1	Fc receptor, IgG, high affinity I [Source:MGI Symbol;Acc:MGI:95498]	15299	-3.2211050987243652	-0.19366434	Yes	
row_305	Klrk1	killer cell lectin-like receptor subfamily K, member 1 [Source:MGI Symbol;Acc:MGI:1196250]	15300	-3.2218995094299316	-0.18516517	Yes	
row_306	Cxcl5	C-X-C motif chemokine ligand 5 [Source:MGI Symbol;Acc:MGI:1096868]	15308	-3.2467052936553955	-0.17706415	Yes	
row_307	Itgb2	integrin beta 2 [Source:MGI Symbol;Acc:MGI:96611]	15324	-3.344736337661743	-0.16923432	Yes	
row_308	Klk7	kallikrein related-peptidase 7 (chymotryptic, stratum corneum) [Source:MGI Symbol;Acc:MGI:1346336]	15327	-3.3562138080596924	-0.16051328	Yes	
row_309	H2-Q6	histocompatibility 2, Q region locus 6 [Source:MGI Symbol;Acc:MGI:95935]	15334	-3.4526796340942383	-0.15180269	Yes	
row_310	Cd244a	CD244 molecule A [Source:MGI Symbol;Acc:MGI:109294]	15342	-3.4986789226531982	-0.14303696	Yes	
row_311	Cd69	CD69 antigen [Source:MGI Symbol;Acc:MGI:88343]	15355	-3.620870590209961	-0.13428004	Yes	
row_312	Dnase1l3	deoxyribonuclease 1-like 3 [Source:MGI Symbol;Acc:MGI:1314633]	15357	-3.6645095348358154	-0.12467952	Yes	
row_313	Cxcl1	C-X-C motif chemokine ligand 1 [Source:MGI Symbol;Acc:MGI:108068]	15364	-3.713824987411499	-0.11528003	Yes	
row_314	Klrc1	killer cell lectin-like receptor subfamily C, member 1 [Source:MGI Symbol;Acc:MGI:1336161]	15367	-3.7327613830566406	-0.10556569	Yes	
row_315	Il18rap	interleukin 18 receptor accessory protein [Source:MGI Symbol;Acc:MGI:1338888]	15372	-3.793020725250244	-0.09582484	Yes	
row_316	H2-T23	histocompatibility 2, T region locus 23 [Source:MGI Symbol;Acc:MGI:95957]	15377	-3.80800199508667	-0.08604447	Yes	
row_317	Tlr2	toll-like receptor 2 [Source:MGI Symbol;Acc:MGI:1346060]	15378	-3.8438563346862793	-0.07590462	Yes	
row_318	Il2rg	interleukin 2 receptor, gamma chain [Source:MGI Symbol;Acc:MGI:96551]	15387	-3.993579149246216	-0.06589961	Yes	
row_319	Slamf8	SLAM family member 8 [Source:MGI Symbol;Acc:MGI:1921998]	15395	-4.137258529663086	-0.05544936	Yes	
row_320	Il12b	interleukin 12b [Source:MGI Symbol;Acc:MGI:96540]	15398	-4.15106201171875	-0.044631567	Yes	
row_321	Fgr	FGR proto-oncogene, Src family tyrosine kinase [Source:MGI Symbol;Acc:MGI:95527]	15400	-4.204682350158691	-0.033606105	Yes	
row_322	Clec7a	C-type lectin domain family 7, member a [Source:MGI Symbol;Acc:MGI:1861431]	15405	-4.382608890533447	-0.022309957	Yes	
row_323	Scimp	SLP adaptor and CSK interacting membrane protein [Source:MGI Symbol;Acc:MGI:3610314]	15408	-4.431081771850586	-0.010753492	Yes	
row_324	Tnf	tumor necrosis factor [Source:MGI Symbol;Acc:MGI:104798]	15411	-4.453005790710449	8.608077E-4	Yes	
