NAME	SYMBOL	TITLE	RANK IN GENE LIST	RANK METRIC SCORE	RUNNING ES	CORE ENRICHMENT	
row_0	CATSPERZ	catsper channel auxiliary subunit zeta [Source:HGNC Symbol;Acc:HGNC:19231]	82	1.319861650466919	0.0362603	Yes	
row_1	CCDC65	coiled-coil domain containing 65 [Source:HGNC Symbol;Acc:HGNC:29937]	99	1.247536063194275	0.07517211	Yes	
row_2	DNAH5	dynein axonemal heavy chain 5 [Source:HGNC Symbol;Acc:HGNC:2950]	207	0.980681300163269	0.09863963	Yes	
row_3	ENKUR	enkurin, TRPC channel interacting protein [Source:HGNC Symbol;Acc:HGNC:28388]	250	0.9299280643463135	0.12537697	Yes	
row_4	TEKT1	tektin 1 [Source:HGNC Symbol;Acc:HGNC:15534]	316	0.8468325734138489	0.14770758	Yes	
row_5	CFAP44	cilia and flagella associated protein 44 [Source:HGNC Symbol;Acc:HGNC:25631]	344	0.8209275007247925	0.17207089	Yes	
row_6	TCTE1	t-complex-associated-testis-expressed 1 [Source:HGNC Symbol;Acc:HGNC:11693]	349	0.818659245967865	0.1980958	Yes	
row_7	SLC9B2	solute carrier family 9 member B2 [Source:HGNC Symbol;Acc:HGNC:25143]	370	0.7923492789268494	0.222068	Yes	
row_8	ARMC2	armadillo repeat containing 2 [Source:HGNC Symbol;Acc:HGNC:23045]	389	0.7779614925384521	0.24572833	Yes	
row_9	DNAH6	dynein axonemal heavy chain 6 [Source:HGNC Symbol;Acc:HGNC:2951]	396	0.772081732749939	0.27010456	Yes	
row_10	TEKT5	tektin 5 [Source:HGNC Symbol;Acc:HGNC:26554]	443	0.7235775589942932	0.2899044	Yes	
row_11	CACNA1I	calcium voltage-gated channel subunit alpha1 I [Source:HGNC Symbol;Acc:HGNC:1396]	592	0.6319621801376343	0.29906574	Yes	
row_12	EFCAB1	EF-hand calcium binding domain 1 [Source:HGNC Symbol;Acc:HGNC:25678]	716	0.5749020576477051	0.30827752	Yes	
row_13	DNAH1	dynein axonemal heavy chain 1 [Source:HGNC Symbol;Acc:HGNC:2940]	731	0.5708892345428467	0.32558045	Yes	
row_14	CFAP69	cilia and flagella associated protein 69 [Source:HGNC Symbol;Acc:HGNC:26107]	751	0.5603173971176147	0.34216633	Yes	
row_15	TACR3	tachykinin receptor 3 [Source:HGNC Symbol;Acc:HGNC:11528]	953	0.4848073124885559	0.34259847	Yes	
row_16	CCDC39	coiled-coil domain containing 39 [Source:HGNC Symbol;Acc:HGNC:25244]	964	0.482610285282135	0.35736418	Yes	
row_17	KIF9	kinesin family member 9 [Source:HGNC Symbol;Acc:HGNC:16666]	983	0.4778643846511841	0.37137395	Yes	
row_18	CATSPER2	cation channel sperm associated 2 [Source:HGNC Symbol;Acc:HGNC:18810]	1080	0.44815194606781006	0.37854588	Yes	
row_19	BBS2	Bardet-Biedl syndrome 2 [Source:HGNC Symbol;Acc:HGNC:967]	1103	0.44150757789611816	0.39108482	Yes	
row_20	CFAP46	cilia and flagella associated protein 46 [Source:HGNC Symbol;Acc:HGNC:25247]	1128	0.43413031101226807	0.40323567	Yes	
row_21	NPHP4	nephrocystin 4 [Source:HGNC Symbol;Acc:HGNC:19104]	1138	0.4325195252895355	0.41646597	Yes	
row_22	SPAG6	sperm associated antigen 6 [Source:HGNC Symbol;Acc:HGNC:11215]	1142	0.4316013753414154	0.43011925	Yes	
row_23	CEP131	centrosomal protein 131 [Source:HGNC Symbol;Acc:HGNC:29511]	1165	0.42521363496780396	0.4421342	Yes	
row_24	TTLL1	tubulin tyrosine ligase like 1 [Source:HGNC Symbol;Acc:HGNC:1312]	1221	0.41411978006362915	0.45130372	Yes	
row_25	DRC1	dynein regulatory complex subunit 1 [Source:HGNC Symbol;Acc:HGNC:24245]	1242	0.41114377975463867	0.46301705	Yes	
row_26	CELF3	CUGBP Elav-like family member 3 [Source:HGNC Symbol;Acc:HGNC:11967]	1254	0.4075676202774048	0.47529408	Yes	
row_27	MKKS	McKusick-Kaufman syndrome [Source:HGNC Symbol;Acc:HGNC:7108]	1362	0.38228487968444824	0.4795183	Yes	
row_28	NEURL1	neuralized E3 ubiquitin protein ligase 1 [Source:HGNC Symbol;Acc:HGNC:7761]	1514	0.3536243140697479	0.47950256	Yes	
row_29	CFAP65	cilia and flagella associated protein 65 [Source:HGNC Symbol;Acc:HGNC:25325]	1658	0.3323952555656433	0.47940746	Yes	
row_30	RSPH9	radial spoke head 9 homolog [Source:HGNC Symbol;Acc:HGNC:21057]	1807	0.31037017703056335	0.47822702	Yes	
row_31	DZIP1	DAZ interacting zinc finger protein 1 [Source:HGNC Symbol;Acc:HGNC:20908]	1847	0.30474653840065	0.4850859	Yes	
row_32	TACR1	tachykinin receptor 1 [Source:HGNC Symbol;Acc:HGNC:11526]	1934	0.2949850559234619	0.4880864	Yes	
row_33	ATP2B4	ATPase plasma membrane Ca2+ transporting 4 [Source:HGNC Symbol;Acc:HGNC:817]	2033	0.28186509013175964	0.48976004	Yes	
row_34	TTLL3	tubulin tyrosine ligase like 3 [Source:HGNC Symbol;Acc:HGNC:24483]	2091	0.2743183970451355	0.49428296	Yes	
row_35	VPS13A	vacuolar protein sorting 13 homolog A [Source:HGNC Symbol;Acc:HGNC:1908]	2149	0.2688221335411072	0.49862912	Yes	
row_36	RFX3	regulatory factor X3 [Source:HGNC Symbol;Acc:HGNC:9984]	2521	0.2334696501493454	0.4781582	No	
row_37	CFAP45	cilia and flagella associated protein 45 [Source:HGNC Symbol;Acc:HGNC:17229]	2720	0.21759574115276337	0.47022355	No	
row_38	SLC26A8	solute carrier family 26 member 8 [Source:HGNC Symbol;Acc:HGNC:14468]	3346	0.1741136759519577	0.4286885	No	
row_39	DNAH11	dynein axonemal heavy chain 11 [Source:HGNC Symbol;Acc:HGNC:2942]	3350	0.1739664077758789	0.43405667	No	
row_40	DNAH7	dynein axonemal heavy chain 7 [Source:HGNC Symbol;Acc:HGNC:18661]	3580	0.16062507033348083	0.4219521	No	
row_41	MEIG1	meiosis/spermiogenesis associated 1 [Source:HGNC Symbol;Acc:HGNC:23429]	3634	0.15731652081012726	0.42301413	No	
row_42	DRC7	dynein regulatory complex subunit 7 [Source:HGNC Symbol;Acc:HGNC:25289]	4168	0.13161510229110718	0.38705054	No	
row_43	DDX4	DEAD-box helicase 4 [Source:HGNC Symbol;Acc:HGNC:18700]	4335	0.12306830286979675	0.37848935	No	
row_44	ING2	inhibitor of growth family member 2 [Source:HGNC Symbol;Acc:HGNC:6063]	4429	0.11858679354190826	0.3752893	No	
row_45	BBS4	Bardet-Biedl syndrome 4 [Source:HGNC Symbol;Acc:HGNC:969]	4685	0.10711275041103363	0.35950306	No	
row_46	CCNYL1	cyclin Y like 1 [Source:HGNC Symbol;Acc:HGNC:26868]	4695	0.10662619769573212	0.36225325	No	
row_47	SORD	sorbitol dehydrogenase [Source:HGNC Symbol;Acc:HGNC:11184]	4708	0.10614467412233353	0.36476168	No	
row_48	ASH1L	ASH1 like histone lysine methyltransferase [Source:HGNC Symbol;Acc:HGNC:19088]	4985	0.09433527290821075	0.34698084	No	
row_49	DNAAF2	dynein axonemal assembly factor 2 [Source:HGNC Symbol;Acc:HGNC:20188]	5173	0.08584504574537277	0.3356389	No	
row_50	TTC12	tetratricopeptide repeat domain 12 [Source:HGNC Symbol;Acc:HGNC:23700]	5924	0.05561860278248787	0.2808664	No	
row_51	TPGS1	tubulin polyglutamylase complex subunit 1 [Source:HGNC Symbol;Acc:HGNC:25058]	6081	0.04888331890106201	0.2706737	No	
row_52	CFAP54	cilia and flagella associated protein 54 [Source:HGNC Symbol;Acc:HGNC:26456]	6143	0.04597955197095871	0.26755202	No	
row_53	UBE2B	ubiquitin conjugating enzyme E2 B [Source:HGNC Symbol;Acc:HGNC:12473]	6414	0.033847417682409286	0.2482785	No	
row_54	SPEF2	sperm flagellar 2 [Source:HGNC Symbol;Acc:HGNC:26293]	6758	0.018707891926169395	0.22301283	No	
row_55	DNAI1	dynein axonemal intermediate chain 1 [Source:HGNC Symbol;Acc:HGNC:2954]	7142	0.0011857878416776657	0.1941671	No	
row_56	CCSAP	centriole, cilia and spindle associated protein [Source:HGNC Symbol;Acc:HGNC:29578]	7401	-0.010858266614377499	0.17505927	No	
row_57	GAS8	growth arrest specific 8 [Source:HGNC Symbol;Acc:HGNC:4166]	7430	-0.012223358266055584	0.17334074	No	
row_58	ENO4	enolase 4 [Source:HGNC Symbol;Acc:HGNC:31670]	7448	-0.012771434150636196	0.17246939	No	
row_59	TMF1	TATA element modulatory factor 1 [Source:HGNC Symbol;Acc:HGNC:11870]	7535	-0.017069566994905472	0.16653265	No	
row_60	INTS13	integrator complex subunit 13 [Source:HGNC Symbol;Acc:HGNC:20174]	7741	-0.026514260098338127	0.15192527	No	
row_61	EFHC2	EF-hand domain containing 2 [Source:HGNC Symbol;Acc:HGNC:26233]	7922	-0.035937342792749405	0.13950628	No	
row_62	INPP5B	inositol polyphosphate-5-phosphatase B [Source:HGNC Symbol;Acc:HGNC:6077]	8367	-0.06031648814678192	0.10796178	No	
row_63	SLIRP	SRA stem-loop interacting RNA binding protein [Source:HGNC Symbol;Acc:HGNC:20495]	8964	-0.09797556698322296	0.06616528	No	
row_64	CFAP20	cilia and flagella associated protein 20 [Source:HGNC Symbol;Acc:HGNC:29523]	9027	-0.10203692317008972	0.064770885	No	
row_65	DPCD	deleted in primary ciliary dyskinesia homolog (mouse) [Source:HGNC Symbol;Acc:HGNC:24542]	9314	-0.1216176450252533	0.04711326	No	
row_66	ADCY3	adenylate cyclase 3 [Source:HGNC Symbol;Acc:HGNC:234]	9559	-0.14372408390045166	0.03333395	No	
row_67	ROPN1L	rhophilin associated tail protein 1 like [Source:HGNC Symbol;Acc:HGNC:24060]	9600	-0.14717578887939453	0.03505026	No	
row_68	PLTP	phospholipid transfer protein [Source:HGNC Symbol;Acc:HGNC:9093]	10360	-0.23456864058971405	-0.014646267	No	
row_69	DNAH2	dynein axonemal heavy chain 2 [Source:HGNC Symbol;Acc:HGNC:2948]	11050	-0.33855313062667847	-0.05571981	No	
row_70	PLA2G3	phospholipase A2 group III [Source:HGNC Symbol;Acc:HGNC:17934]	11417	-0.4342503547668457	-0.06935693	No	
row_71	RSPH4A	radial spoke head component 4A [Source:HGNC Symbol;Acc:HGNC:21558]	11459	-0.44542521238327026	-0.05812489	No	
row_72	IQCG	IQ motif containing G [Source:HGNC Symbol;Acc:HGNC:25251]	11813	-0.5935432314872742	-0.06565905	No	
row_73	TTLL9	tubulin tyrosine ligase like 9 [Source:HGNC Symbol;Acc:HGNC:16118]	11875	-0.6281144022941589	-0.050060358	No	
row_74	KLC3	kinesin light chain 3 [Source:HGNC Symbol;Acc:HGNC:20717]	11883	-0.6348882913589478	-0.030171428	No	
row_75	SPAG16	sperm associated antigen 16 [Source:HGNC Symbol;Acc:HGNC:23225]	12354	-0.9670018553733826	-0.034519386	No	
row_76	EFHC1	EF-hand domain containing 1 [Source:HGNC Symbol;Acc:HGNC:16406]	12415	-1.0411338806152344	-0.005563333	No	
row_77	CFAP43	cilia and flagella associated protein 43 [Source:HGNC Symbol;Acc:HGNC:26684]	12484	-1.1371890306472778	0.025878359	No	
row_78	MNS1	meiosis specific nuclear structural 1 [Source:HGNC Symbol;Acc:HGNC:29636]	12538	-1.1956710815429688	0.060331948	No	
