NAME	SYMBOL	TITLE	RANK IN GENE LIST	RANK METRIC SCORE	RUNNING ES	CORE ENRICHMENT	
row_0	DBH	dopamine beta-hydroxylase [Source:HGNC Symbol;Acc:HGNC:2689]	297	0.8666535019874573	-0.020931965	No	
row_1	NR4A3	nuclear receptor subfamily 4 group A member 3 [Source:HGNC Symbol;Acc:HGNC:7982]	324	0.8380746841430664	-0.02097993	No	
row_2	APOA2	apolipoprotein A2 [Source:HGNC Symbol;Acc:HGNC:601]	428	0.7409022450447083	-0.027208235	No	
row_3	CD46	CD46 molecule [Source:HGNC Symbol;Acc:HGNC:6953]	470	0.7108524441719055	-0.028713694	No	
row_4	RBP4	retinol binding protein 4 [Source:HGNC Symbol;Acc:HGNC:9922]	664	0.5975260138511658	-0.042235535	No	
row_5	PLA2G5	phospholipase A2 group V [Source:HGNC Symbol;Acc:HGNC:9038]	690	0.5835901498794556	-0.042801984	No	
row_6	TRPM4	transient receptor potential cation channel subfamily M member 4 [Source:HGNC Symbol;Acc:HGNC:17993]	713	0.5763267874717712	-0.04315351	No	
row_7	APLF	aprataxin and PNKP like factor [Source:HGNC Symbol;Acc:HGNC:28724]	846	0.5228782296180725	-0.05213423	No	
row_8	TMEM98	transmembrane protein 98 [Source:HGNC Symbol;Acc:HGNC:24529]	850	0.5220269560813904	-0.051143996	No	
row_9	ITM2A	integral membrane protein 2A [Source:HGNC Symbol;Acc:HGNC:6173]	864	0.5166245698928833	-0.05093951	No	
row_10	IL4	interleukin 4 [Source:HGNC Symbol;Acc:HGNC:6014]	987	0.47648885846138	-0.059255738	No	
row_11	KMT5C	lysine methyltransferase 5C [Source:HGNC Symbol;Acc:HGNC:28405]	1009	0.46825796365737915	-0.059782963	No	
row_12	PLA2G1B	phospholipase A2 group IB [Source:HGNC Symbol;Acc:HGNC:9030]	1173	0.423661470413208	-0.071392566	No	
row_13	SHLD1	shieldin complex subunit 1 [Source:HGNC Symbol;Acc:HGNC:26318]	1216	0.41480594873428345	-0.073668435	No	
row_14	PLA2G6	phospholipase A2 group VI [Source:HGNC Symbol;Acc:HGNC:9039]	1321	0.38948148488998413	-0.080796786	No	
row_15	KRT1	keratin 1 [Source:HGNC Symbol;Acc:HGNC:6412]	1459	0.3634607195854187	-0.09053728	No	
row_16	EPHB2	EPH receptor B2 [Source:HGNC Symbol;Acc:HGNC:3393]	1479	0.3605872094631195	-0.09116196	No	
row_17	LIG4	DNA ligase 4 [Source:HGNC Symbol;Acc:HGNC:6601]	2057	0.27806273102760315	-0.13511862	No	
row_18	LIMK1	LIM domain kinase 1 [Source:HGNC Symbol;Acc:HGNC:6613]	2187	0.26523077487945557	-0.1444706	No	
row_19	MSH2	mutS homolog 2 [Source:HGNC Symbol;Acc:HGNC:7325]	2497	0.23531974852085114	-0.16780835	No	
row_20	SOCS5	suppressor of cytokine signaling 5 [Source:HGNC Symbol;Acc:HGNC:16852]	2512	0.23403799533843994	-0.16834277	No	
row_21	LEF1	lymphoid enhancer binding factor 1 [Source:HGNC Symbol;Acc:HGNC:6551]	2513	0.23399358987808228	-0.16779494	No	
row_22	APPL2	adaptor protein, phosphotyrosine interacting with PH domain and leucine zipper 2 [Source:HGNC Symbol;Acc:HGNC:18242]	2522	0.23336371779441833	-0.16786706	No	
row_23	PRKCZ	protein kinase C zeta [Source:HGNC Symbol;Acc:HGNC:9412]	2570	0.23019728064537048	-0.1709617	No	
row_24	FER	FER tyrosine kinase [Source:HGNC Symbol;Acc:HGNC:3655]	2632	0.22449909150600433	-0.17515199	No	
row_25	PDPK1	3-phosphoinositide dependent protein kinase 1 [Source:HGNC Symbol;Acc:HGNC:8816]	2974	0.1985515058040619	-0.20104972	No	
row_26	CPLX2	complexin 2 [Source:HGNC Symbol;Acc:HGNC:2310]	3061	0.19333048164844513	-0.20724572	No	
row_27	CD55	CD55 molecule (Cromer blood group) [Source:HGNC Symbol;Acc:HGNC:2665]	3309	0.1763404905796051	-0.22592837	No	
row_28	MLH1	mutL homolog 1 [Source:HGNC Symbol;Acc:HGNC:7127]	3434	0.16988244652748108	-0.23511703	No	
row_29	CHGA	chromogranin A [Source:HGNC Symbol;Acc:HGNC:1929]	3489	0.1665012091398239	-0.23890194	No	
row_30	SHLD2	shieldin complex subunit 2 [Source:HGNC Symbol;Acc:HGNC:28773]	3494	0.16610905528068542	-0.23882228	No	
row_31	GPRC5B	G protein-coupled receptor class C group 5 member B [Source:HGNC Symbol;Acc:HGNC:13308]	3623	0.15806768834590912	-0.24834785	No	
row_32	THOC1	THO complex 1 [Source:HGNC Symbol;Acc:HGNC:19070]	3944	0.14187291264533997	-0.2727548	No	
row_33	VAMP2	vesicle associated membrane protein 2 [Source:HGNC Symbol;Acc:HGNC:12643]	4070	0.13579058647155762	-0.2821006	No	
row_34	IGHM	immunoglobulin heavy constant mu [Source:HGNC Symbol;Acc:HGNC:5541]	4165	0.13169346749782562	-0.28905937	No	
row_35	JAG1	jagged canonical Notch ligand 1 [Source:HGNC Symbol;Acc:HGNC:6188]	4185	0.13080409169197083	-0.29022202	No	
row_36	SMAD7	SMAD family member 7 [Source:HGNC Symbol;Acc:HGNC:6773]	4288	0.12548799812793732	-0.2978138	No	
row_37	SUSD4	sushi domain containing 4 [Source:HGNC Symbol;Acc:HGNC:25470]	4289	0.12542270123958588	-0.29752016	No	
row_38	APPL1	adaptor protein, phosphotyrosine interacting with PH domain and leucine zipper 1 [Source:HGNC Symbol;Acc:HGNC:24035]	4337	0.12290007621049881	-0.30086598	No	
row_39	RIF1	replication timing regulatory factor 1 [Source:HGNC Symbol;Acc:HGNC:23207]	4339	0.12283960729837418	-0.3006557	No	
row_40	ZBTB1	zinc finger and BTB domain containing 1 [Source:HGNC Symbol;Acc:HGNC:20259]	4444	0.11796639859676361	-0.30841973	No	
row_41	NSD2	nuclear receptor binding SET domain protein 2 [Source:HGNC Symbol;Acc:HGNC:12766]	4450	0.11771050840616226	-0.3085307	No	
row_42	PRKCE	protein kinase C epsilon [Source:HGNC Symbol;Acc:HGNC:9401]	4494	0.11544531583786011	-0.3115847	No	
row_43	HMCES	5-hydroxymethylcytosine binding, ES cell specific [Source:HGNC Symbol;Acc:HGNC:24446]	4547	0.11319224536418915	-0.31533983	No	
row_44	GPI	glucose-6-phosphate isomerase [Source:HGNC Symbol;Acc:HGNC:4458]	4585	0.11165819317102432	-0.31793886	No	
row_45	DUSP22	dual specificity phosphatase 22 [Source:HGNC Symbol;Acc:HGNC:16077]	4598	0.11111384630203247	-0.31860644	No	
row_46	PLD2	phospholipase D2 [Source:HGNC Symbol;Acc:HGNC:9068]	4618	0.1103811040520668	-0.31981692	No	
row_47	CAMK4	calcium/calmodulin dependent protein kinase IV [Source:HGNC Symbol;Acc:HGNC:1464]	4639	0.10947391390800476	-0.3211068	No	
row_48	YES1	YES proto-oncogene 1, Src family tyrosine kinase [Source:HGNC Symbol;Acc:HGNC:12841]	4697	0.10658206045627594	-0.32526392	No	
row_49	TUSC2	tumor suppressor 2, mitochondrial calcium regulator [Source:HGNC Symbol;Acc:HGNC:17034]	4704	0.10633917152881622	-0.32547882	No	
row_50	MTOR	mechanistic target of rapamycin kinase [Source:HGNC Symbol;Acc:HGNC:3942]	4767	0.10360562801361084	-0.33002946	No	
row_51	CADM1	cell adhesion molecule 1 [Source:HGNC Symbol;Acc:HGNC:5951]	4780	0.10294981300830841	-0.33071613	No	
row_52	PTGDS	prostaglandin D2 synthase [Source:HGNC Symbol;Acc:HGNC:9592]	4804	0.10202808678150177	-0.3322554	No	
row_53	GBF1	golgi brefeldin A resistant guanine nucleotide exchange factor 1 [Source:HGNC Symbol;Acc:HGNC:4181]	4815	0.10143262892961502	-0.33279103	No	
row_54	C12orf4	chromosome 12 open reading frame 4 [Source:HGNC Symbol;Acc:HGNC:1184]	4977	0.0946074053645134	-0.3450164	No	
row_55	NDFIP1	Nedd4 family interacting protein 1 [Source:HGNC Symbol;Acc:HGNC:17592]	4996	0.0937916487455368	-0.34618837	No	
row_56	RASGRP1	RAS guanyl releasing protein 1 [Source:HGNC Symbol;Acc:HGNC:9878]	5006	0.09335950762033463	-0.3466656	No	
row_57	CRK	CRK proto-oncogene, adaptor protein [Source:HGNC Symbol;Acc:HGNC:2362]	5279	0.08166471123695374	-0.3675026	No	
row_58	HPRT1	hypoxanthine phosphoribosyltransferase 1 [Source:HGNC Symbol;Acc:HGNC:5157]	5366	0.0781039446592331	-0.3739684	No	
row_59	DDX1	DEAD-box helicase 1 [Source:HGNC Symbol;Acc:HGNC:2734]	5378	0.07770732045173645	-0.37463686	No	
row_60	CARD9	caspase recruitment domain family member 9 [Source:HGNC Symbol;Acc:HGNC:16391]	5407	0.07664771378040314	-0.37662208	No	
row_61	PLCL2	phospholipase C like 2 [Source:HGNC Symbol;Acc:HGNC:9064]	5455	0.07504624873399734	-0.38007995	No	
row_62	TFRC	transferrin receptor [Source:HGNC Symbol;Acc:HGNC:11763]	5457	0.07494381070137024	-0.3799818	No	
row_63	CUEDC2	CUE domain containing 2 [Source:HGNC Symbol;Acc:HGNC:28352]	5478	0.07425659149885178	-0.38135415	No	
row_64	SRC	SRC proto-oncogene, non-receptor tyrosine kinase [Source:HGNC Symbol;Acc:HGNC:11283]	5518	0.07220746576786041	-0.38420016	No	
row_65	TSC1	TSC complex subunit 1 [Source:HGNC Symbol;Acc:HGNC:12362]	5525	0.07206759601831436	-0.3844953	No	
row_66	KIF5B	kinesin family member 5B [Source:HGNC Symbol;Acc:HGNC:6324]	5552	0.07109063118696213	-0.38633892	No	
row_67	PHB	prohibitin [Source:HGNC Symbol;Acc:HGNC:8912]	5558	0.07078352570533752	-0.38655975	No	
row_68	CD59	CD59 molecule (CD59 blood group) [Source:HGNC Symbol;Acc:HGNC:1689]	5573	0.07010393589735031	-0.38747796	No	
row_69	RNF168	ring finger protein 168 [Source:HGNC Symbol;Acc:HGNC:26661]	5754	0.06274642795324326	-0.4012468	No	
row_70	TGFB2	transforming growth factor beta 2 [Source:HGNC Symbol;Acc:HGNC:11768]	5785	0.06148901209235191	-0.40342212	No	
row_71	CR2	complement C3d receptor 2 [Source:HGNC Symbol;Acc:HGNC:2336]	5796	0.06101199984550476	-0.40405238	No	
row_72	GNL1	G protein nucleolar 1 (putative) [Source:HGNC Symbol;Acc:HGNC:4413]	5860	0.05811968818306923	-0.4087868	No	
row_73	SEMA7A	semaphorin 7A (John Milton Hagen blood group) [Source:HGNC Symbol;Acc:HGNC:10741]	5865	0.057941555976867676	-0.4089604	No	
row_74	LRP1	LDL receptor related protein 1 [Source:HGNC Symbol;Acc:HGNC:6692]	5877	0.057305797934532166	-0.40967664	No	
row_75	BCR	BCR activator of RhoGEF and GTPase [Source:HGNC Symbol;Acc:HGNC:1014]	5960	0.05380901321768761	-0.41589004	No	
row_76	PPP3CB	protein phosphatase 3 catalytic subunit beta [Source:HGNC Symbol;Acc:HGNC:9315]	5991	0.05269104987382889	-0.418086	No	
row_77	VAV3	vav guanine nucleotide exchange factor 3 [Source:HGNC Symbol;Acc:HGNC:12659]	6072	0.049119286239147186	-0.42415574	No	
row_78	TUBB	tubulin beta class I [Source:HGNC Symbol;Acc:HGNC:20778]	6195	0.04349526762962341	-0.4334857	No	
row_79	FYN	FYN proto-oncogene, Src family tyrosine kinase [Source:HGNC Symbol;Acc:HGNC:4037]	6245	0.040975913405418396	-0.43717793	No	
row_80	DHX36	DEAH-box helicase 36 [Source:HGNC Symbol;Acc:HGNC:14410]	6304	0.03847242146730423	-0.44157183	No	
row_81	NBN	nibrin [Source:HGNC Symbol;Acc:HGNC:7652]	6317	0.037998128682374954	-0.4424106	No	
row_82	KMT2E	lysine methyltransferase 2E [Source:HGNC Symbol;Acc:HGNC:18541]	6391	0.03517765924334526	-0.44797182	No	
row_83	ANKRD17	ankyrin repeat domain 17 [Source:HGNC Symbol;Acc:HGNC:23575]	6433	0.03276115655899048	-0.45106483	No	
row_84	PTK2	protein tyrosine kinase 2 [Source:HGNC Symbol;Acc:HGNC:9611]	6536	0.02834816463291645	-0.45888403	No	
row_85	APP	amyloid beta precursor protein [Source:HGNC Symbol;Acc:HGNC:620]	6607	0.02479456551373005	-0.46423766	No	
row_86	EMP2	epithelial membrane protein 2 [Source:HGNC Symbol;Acc:HGNC:3334]	6712	0.020889833569526672	-0.47222894	No	
row_87	STXBP1	syntaxin binding protein 1 [Source:HGNC Symbol;Acc:HGNC:11444]	6795	0.017181282863020897	-0.4785281	No	
row_88	ARL8B	ADP ribosylation factor like GTPase 8B [Source:HGNC Symbol;Acc:HGNC:25564]	6819	0.016360748559236526	-0.48026794	No	
row_89	AP1G1	adaptor related protein complex 1 subunit gamma 1 [Source:HGNC Symbol;Acc:HGNC:555]	6820	0.016353324055671692	-0.48022965	No	
row_90	CX3CR1	C-X3-C motif chemokine receptor 1 [Source:HGNC Symbol;Acc:HGNC:2558]	6884	0.013490796089172363	-0.48506856	No	
row_91	MR1	major histocompatibility complex, class I-related [Source:HGNC Symbol;Acc:HGNC:4975]	6899	0.012948499992489815	-0.48612058	No	
row_92	PAXIP1	PAX interacting protein 1 [Source:HGNC Symbol;Acc:HGNC:8624]	6954	0.00983131118118763	-0.49027228	No	
row_93	STX4	syntaxin 4 [Source:HGNC Symbol;Acc:HGNC:11439]	6960	0.00970086082816124	-0.49063614	No	
row_94	PAK1	p21 (RAC1) activated kinase 1 [Source:HGNC Symbol;Acc:HGNC:8590]	7000	0.007522960659116507	-0.4936336	No	
row_95	EIF2AK4	eukaryotic translation initiation factor 2 alpha kinase 4 [Source:HGNC Symbol;Acc:HGNC:19687]	7209	-0.002228036057204008	-0.50970876	No	
row_96	MAP3K7	mitogen-activated protein kinase kinase kinase 7 [Source:HGNC Symbol;Acc:HGNC:6859]	7212	-0.002356388373300433	-0.5098579	No	
row_97	TGFB3	transforming growth factor beta 3 [Source:HGNC Symbol;Acc:HGNC:11769]	7215	-0.0024513504467904568	-0.5100068	No	
row_98	PLEKHM2	pleckstrin homology and RUN domain containing M2 [Source:HGNC Symbol;Acc:HGNC:29131]	7318	-0.006547974888235331	-0.51787704	No	
row_99	IL2	interleukin 2 [Source:HGNC Symbol;Acc:HGNC:6001]	7324	-0.007063490804284811	-0.518247	No	
row_100	ATG5	autophagy related 5 [Source:HGNC Symbol;Acc:HGNC:589]	7332	-0.007538876961916685	-0.5187705	No	
row_101	PLEC	plectin [Source:HGNC Symbol;Acc:HGNC:9069]	7380	-0.009781229309737682	-0.5223812	No	
row_102	TP53BP1	tumor protein p53 binding protein 1 [Source:HGNC Symbol;Acc:HGNC:11999]	7408	-0.011310144327580929	-0.5244421	No	
row_103	RC3H2	ring finger and CCCH-type domains 2 [Source:HGNC Symbol;Acc:HGNC:21461]	7435	-0.012477763928472996	-0.5264229	No	
row_104	CRTAM	cytotoxic and regulatory T cell molecule [Source:HGNC Symbol;Acc:HGNC:24313]	7467	-0.013651235960423946	-0.52878755	No	
row_105	KIT	KIT proto-oncogene, receptor tyrosine kinase [Source:HGNC Symbol;Acc:HGNC:6342]	7604	-0.020402859896421432	-0.5392539	No	
row_106	SNX6	sorting nexin 6 [Source:HGNC Symbol;Acc:HGNC:14970]	7672	-0.02324443683028221	-0.54437923	No	
row_107	PRDX2	peroxiredoxin 2 [Source:HGNC Symbol;Acc:HGNC:9353]	7723	-0.02567361854016781	-0.5481846	No	
row_108	MYO18A	myosin XVIIIA [Source:HGNC Symbol;Acc:HGNC:31104]	7817	-0.030521465465426445	-0.5553029	No	
row_109	DOCK10	dedicator of cytokinesis 10 [Source:HGNC Symbol;Acc:HGNC:23479]	7875	-0.03365078195929527	-0.5596308	No	
row_110	RORA	RAR related orphan receptor A [Source:HGNC Symbol;Acc:HGNC:10258]	7897	-0.03497491031885147	-0.5611724	No	
row_111	CBL	Cbl proto-oncogene [Source:HGNC Symbol;Acc:HGNC:1541]	7925	-0.036041028797626495	-0.5631754	No	
row_112	SELENOK	selenoprotein K [Source:HGNC Symbol;Acc:HGNC:30394]	8010	-0.04002238065004349	-0.5695757	No	
row_113	JAGN1	jagunal homolog 1 [Source:HGNC Symbol;Acc:HGNC:26926]	8046	-0.04163118079304695	-0.5721841	No	
row_114	ITFG2	integrin alpha FG-GAP repeat containing 2 [Source:HGNC Symbol;Acc:HGNC:30879]	8048	-0.041642382740974426	-0.5721639	No	
row_115	ATAD5	ATPase family AAA domain containing 5 [Source:HGNC Symbol;Acc:HGNC:25752]	8252	-0.053510796278715134	-0.5877325	No	
row_116	HK1	hexokinase 1 [Source:HGNC Symbol;Acc:HGNC:4922]	8254	-0.05358447879552841	-0.58768433	No	
row_117	KMT5B	lysine methyltransferase 5B [Source:HGNC Symbol;Acc:HGNC:24283]	8277	-0.05491992458701134	-0.5892566	No	
row_118	TRIL	TLR4 interactor with leucine rich repeats [Source:HGNC Symbol;Acc:HGNC:22200]	8288	-0.05528021603822708	-0.58990026	No	
row_119	GATA3	GATA binding protein 3 [Source:HGNC Symbol;Acc:HGNC:4172]	8309	-0.05682508647441864	-0.5913134	No	
row_120	MAVS	mitochondrial antiviral signaling protein [Source:HGNC Symbol;Acc:HGNC:29233]	8311	-0.05702131241559982	-0.5912572	No	
row_121	EOMES	eomesodermin [Source:HGNC Symbol;Acc:HGNC:3372]	8419	-0.06422706693410873	-0.59937894	No	
row_122	CFP	complement factor properdin [Source:HGNC Symbol;Acc:HGNC:8864]	8421	-0.06427650153636932	-0.5993058	No	
row_123	CD81	CD81 molecule [Source:HGNC Symbol;Acc:HGNC:1701]	8440	-0.0650256797671318	-0.6005451	No	
row_124	SUPT6H	SPT6 homolog, histone chaperone and transcription elongation factor [Source:HGNC Symbol;Acc:HGNC:11470]	8523	-0.06971243023872375	-0.60672134	No	
row_125	CEBPG	CCAAT enhancer binding protein gamma [Source:HGNC Symbol;Acc:HGNC:1837]	8548	-0.07134270668029785	-0.6084097	No	
row_126	RC3H1	ring finger and CCCH-type domains 1 [Source:HGNC Symbol;Acc:HGNC:29434]	8562	-0.07200045883655548	-0.6092462	No	
row_127	PSEN1	presenilin 1 [Source:HGNC Symbol;Acc:HGNC:9508]	8651	-0.07733799517154694	-0.6158684	No	
row_128	PHB2	prohibitin 2 [Source:HGNC Symbol;Acc:HGNC:30306]	8677	-0.07978861033916473	-0.6176143	No	
row_129	C1QBP	complement C1q binding protein [Source:HGNC Symbol;Acc:HGNC:1243]	8709	-0.0819370299577713	-0.61981905	No	
row_130	RNF8	ring finger protein 8 [Source:HGNC Symbol;Acc:HGNC:10071]	8718	-0.08245417475700378	-0.6202445	No	
row_131	STX7	syntaxin 7 [Source:HGNC Symbol;Acc:HGNC:11442]	8760	-0.08486060798168182	-0.62321556	No	
row_132	RABGEF1	RAB guanine nucleotide exchange factor 1 [Source:HGNC Symbol;Acc:HGNC:17676]	8813	-0.08836833387613297	-0.62702876	No	
row_133	MSH6	mutS homolog 6 [Source:HGNC Symbol;Acc:HGNC:7329]	8904	-0.09406300634145737	-0.6337664	No	
row_134	LYST	lysosomal trafficking regulator [Source:HGNC Symbol;Acc:HGNC:1968]	8913	-0.09465184807777405	-0.63416326	No	
row_135	PTPRJ	protein tyrosine phosphatase receptor type J [Source:HGNC Symbol;Acc:HGNC:9673]	8966	-0.09800480306148529	-0.63795394	No	
row_136	ABL1	ABL proto-oncogene 1, non-receptor tyrosine kinase [Source:HGNC Symbol;Acc:HGNC:76]	9015	-0.10134633630514145	-0.6414275	No	
row_137	WNT5A	Wnt family member 5A [Source:HGNC Symbol;Acc:HGNC:12784]	9052	-0.10429193824529648	-0.6439665	No	
row_138	CLU	clusterin [Source:HGNC Symbol;Acc:HGNC:2095]	9073	-0.10545151680707932	-0.6452658	No	
row_139	SPHK2	sphingosine kinase 2 [Source:HGNC Symbol;Acc:HGNC:18859]	9303	-0.12072138488292694	-0.66268706	No	
row_140	XBP1	X-box binding protein 1 [Source:HGNC Symbol;Acc:HGNC:12801]	9413	-0.13093045353889465	-0.6708073	No	
row_141	DUSP10	dual specificity phosphatase 10 [Source:HGNC Symbol;Acc:HGNC:3065]	9486	-0.1371394842863083	-0.6760525	No	
row_142	WDR1	WD repeat domain 1 [Source:HGNC Symbol;Acc:HGNC:12754]	9493	-0.1373586654663086	-0.6761948	No	
row_143	PTK2B	protein tyrosine kinase 2 beta [Source:HGNC Symbol;Acc:HGNC:9612]	9536	-0.14084367454051971	-0.6791121	No	
row_144	CD47	CD47 molecule [Source:HGNC Symbol;Acc:HGNC:1682]	9645	-0.15214423835277557	-0.6871053	No	
row_145	RARA	retinoic acid receptor alpha [Source:HGNC Symbol;Acc:HGNC:9864]	9728	-0.1622963696718216	-0.69306475	No	
row_146	MIF	macrophage migration inhibitory factor [Source:HGNC Symbol;Acc:HGNC:7097]	9774	-0.16628685593605042	-0.69615436	No	
row_147	DNAJB9	DnaJ heat shock protein family (Hsp40) member B9 [Source:HGNC Symbol;Acc:HGNC:6968]	9806	-0.1694701611995697	-0.6981542	No	
row_148	SLC15A4	solute carrier family 15 member 4 [Source:HGNC Symbol;Acc:HGNC:23090]	9853	-0.17477574944496155	-0.7013013	No	
row_149	GFER	growth factor, augmenter of liver regeneration [Source:HGNC Symbol;Acc:HGNC:4236]	9855	-0.17510312795639038	-0.7009686	No	
row_150	SNX4	sorting nexin 4 [Source:HGNC Symbol;Acc:HGNC:11175]	9882	-0.17782345414161682	-0.70256233	No	
row_151	SEMA4A	semaphorin 4A [Source:HGNC Symbol;Acc:HGNC:10729]	9927	-0.18259111046791077	-0.7055365	No	
row_152	IL18	interleukin 18 [Source:HGNC Symbol;Acc:HGNC:5986]	9936	-0.1832057386636734	-0.705726	No	
row_153	VAV2	vav guanine nucleotide exchange factor 2 [Source:HGNC Symbol;Acc:HGNC:12658]	9965	-0.18655851483345032	-0.70745397	No	
row_154	PRDX1	peroxiredoxin 1 [Source:HGNC Symbol;Acc:HGNC:9352]	9983	-0.18814972043037415	-0.7083277	No	
row_155	PIK3R6	phosphoinositide-3-kinase regulatory subunit 6 [Source:HGNC Symbol;Acc:HGNC:27101]	9994	-0.18987949192523956	-0.70865625	No	
row_156	PIK3CD	phosphatidylinositol-4,5-bisphosphate 3-kinase catalytic subunit delta [Source:HGNC Symbol;Acc:HGNC:8977]	10041	-0.19529178738594055	-0.71175534	No	
row_157	SIRT1	sirtuin 1 [Source:HGNC Symbol;Acc:HGNC:14929]	10093	-0.20096233487129211	-0.7152276	No	
row_158	EXOSC3	exosome component 3 [Source:HGNC Symbol;Acc:HGNC:17944]	10194	-0.21316932141780853	-0.7224595	No	
row_159	ENTPD7	ectonucleoside triphosphate diphosphohydrolase 7 [Source:HGNC Symbol;Acc:HGNC:19745]	10241	-0.21888776123523712	-0.72550327	No	
row_160	PKN1	protein kinase N1 [Source:HGNC Symbol;Acc:HGNC:9405]	10274	-0.22395913302898407	-0.7274529	No	
row_161	FBXO38	F-box protein 38 [Source:HGNC Symbol;Acc:HGNC:28844]	10281	-0.22501645982265472	-0.72738993	No	
row_162	PRKCD	protein kinase C delta [Source:HGNC Symbol;Acc:HGNC:9399]	10284	-0.22514791786670685	-0.7270174	No	
row_163	CR1	complement C3b/C4b receptor 1 (Knops blood group) [Source:HGNC Symbol;Acc:HGNC:2334]	10295	-0.22655810415744781	-0.7272601	No	
row_164	MDK	midkine [Source:HGNC Symbol;Acc:HGNC:6972]	10300	-0.2271706908941269	-0.7270375	No	
row_165	LFNG	LFNG O-fucosylpeptide 3-beta-N-acetylglucosaminyltransferase [Source:HGNC Symbol;Acc:HGNC:6560]	10313	-0.22850735485553741	-0.7274302	No	
row_166	TMBIM6	transmembrane BAX inhibitor motif containing 6 [Source:HGNC Symbol;Acc:HGNC:11723]	10365	-0.23502503335475922	-0.7308228	No	
row_167	CORO1A	coronin 1A [Source:HGNC Symbol;Acc:HGNC:2252]	10379	-0.23673555254936218	-0.7312736	No	
row_168	S100A13	S100 calcium binding protein A13 [Source:HGNC Symbol;Acc:HGNC:10490]	10400	-0.2395227700471878	-0.732259	No	
row_169	DOCK11	dedicator of cytokinesis 11 [Source:HGNC Symbol;Acc:HGNC:23483]	10470	-0.24815869331359863	-0.7370124	No	
row_170	PLPP4	phospholipid phosphatase 4 [Source:HGNC Symbol;Acc:HGNC:23531]	10513	-0.25424984097480774	-0.73966414	No	
row_171	RPS19	ribosomal protein S19 [Source:HGNC Symbol;Acc:HGNC:10402]	10554	-0.2597241699695587	-0.74214846	No	
row_172	BCL6	BCL6 transcription repressor [Source:HGNC Symbol;Acc:HGNC:1001]	10620	-0.27032357454299927	-0.7465407	No	
row_173	VAMP3	vesicle associated membrane protein 3 [Source:HGNC Symbol;Acc:HGNC:12644]	10686	-0.2815931737422943	-0.7509066	No	
row_174	DENND1B	DENN domain containing 1B [Source:HGNC Symbol;Acc:HGNC:28404]	10770	-0.29408881068229675	-0.7566348	No	
row_175	IL20RB	interleukin 20 receptor subunit beta [Source:HGNC Symbol;Acc:HGNC:6004]	10780	-0.29539915919303894	-0.75663894	No	
row_176	RFTN1	raftlin, lipid raft linker 1 [Source:HGNC Symbol;Acc:HGNC:30278]	10824	-0.3028486967086792	-0.7592543	No	
row_177	SLC7A5	solute carrier family 7 member 5 [Source:HGNC Symbol;Acc:HGNC:11063]	10847	-0.3062543272972107	-0.76023805	No	
row_178	TRAF2	TNF receptor associated factor 2 [Source:HGNC Symbol;Acc:HGNC:12032]	10885	-0.3134261667728424	-0.76236475	No	
row_179	TUBB4B	tubulin beta 4B class IVb [Source:HGNC Symbol;Acc:HGNC:20771]	10891	-0.31434813141822815	-0.76201534	No	
row_180	DDX21	DExD-box helicase 21 [Source:HGNC Symbol;Acc:HGNC:2744]	10979	-0.32710686326026917	-0.76797545	No	
row_181	ERCC1	ERCC excision repair 1, endonuclease non-catalytic subunit [Source:HGNC Symbol;Acc:HGNC:3433]	11023	-0.3341098725795746	-0.7705176	No	
row_182	ATP7A	ATPase copper transporting alpha [Source:HGNC Symbol;Acc:HGNC:869]	11040	-0.33712053298950195	-0.7709653	No	
row_183	STXBP2	syntaxin binding protein 2 [Source:HGNC Symbol;Acc:HGNC:11445]	11074	-0.3439672887325287	-0.77271116	No	
row_184	RGCC	regulator of cell cycle [Source:HGNC Symbol;Acc:HGNC:20369]	11080	-0.34500423073768616	-0.77229	No	
row_185	ACE	angiotensin I converting enzyme [Source:HGNC Symbol;Acc:HGNC:2707]	11140	-0.35956647992134094	-0.7760095	No	
row_186	ZFPM1	zinc finger protein, FOG family member 1 [Source:HGNC Symbol;Acc:HGNC:19762]	11148	-0.3628692626953125	-0.7757011	No	
row_187	ARRB2	arrestin beta 2 [Source:HGNC Symbol;Acc:HGNC:712]	11184	-0.3717876076698303	-0.7775365	No	
row_188	BCL10	BCL10 immune signaling adaptor [Source:HGNC Symbol;Acc:HGNC:989]	11283	-0.3952125906944275	-0.7841876	No	
row_189	ADAM17	ADAM metallopeptidase domain 17 [Source:HGNC Symbol;Acc:HGNC:195]	11327	-0.40658193826675415	-0.78656	No	
row_190	STXBP3	syntaxin binding protein 3 [Source:HGNC Symbol;Acc:HGNC:11446]	11389	-0.42384016513824463	-0.7902836	No	
row_191	FOXJ1	forkhead box J1 [Source:HGNC Symbol;Acc:HGNC:3816]	11397	-0.4254794716835022	-0.78982866	No	
row_192	SNAP23	synaptosome associated protein 23 [Source:HGNC Symbol;Acc:HGNC:11131]	11401	-0.42725491523742676	-0.7890603	No	
row_193	MAD2L2	mitotic arrest deficient 2 like 2 [Source:HGNC Symbol;Acc:HGNC:6764]	11403	-0.4283888041973114	-0.7881347	No	
row_194	PLA2G3	phospholipase A2 group III [Source:HGNC Symbol;Acc:HGNC:17934]	11417	-0.4342503547668457	-0.7881231	No	
row_195	LAMP1	lysosomal associated membrane protein 1 [Source:HGNC Symbol;Acc:HGNC:6499]	11439	-0.43872785568237305	-0.7887194	No	
row_196	CRACR2A	calcium release activated channel regulator 2A [Source:HGNC Symbol;Acc:HGNC:28657]	11466	-0.4475226104259491	-0.78968173	No	
row_197	RPS6	ribosomal protein S6 [Source:HGNC Symbol;Acc:HGNC:10429]	11471	-0.44984570145606995	-0.7889378	No	
row_198	TBX21	T-box 21 [Source:HGNC Symbol;Acc:HGNC:11599]	11514	-0.46224460005760193	-0.7911026	No	
row_199	GPR183	G protein-coupled receptor 183 [Source:HGNC Symbol;Acc:HGNC:3128]	11567	-0.48073843121528625	-0.7939972	No	
row_200	RNF19B	ring finger protein 19B [Source:HGNC Symbol;Acc:HGNC:26886]	11611	-0.4984840154647827	-0.7961545	No	
row_201	PVR	PVR cell adhesion molecule [Source:HGNC Symbol;Acc:HGNC:9705]	11618	-0.5014012455940247	-0.7954445	No	
row_202	TREM2	triggering receptor expressed on myeloid cells 2 [Source:HGNC Symbol;Acc:HGNC:17761]	11625	-0.5038224458694458	-0.7947288	No	
row_203	RAB27A	RAB27A, member RAS oncogene family [Source:HGNC Symbol;Acc:HGNC:9766]	11731	-0.5529008507728577	-0.8015519	No	
row_204	ZBTB7B	zinc finger and BTB domain containing 7B [Source:HGNC Symbol;Acc:HGNC:18668]	11780	-0.5764588713645935	-0.8039131	No	
row_205	CYBC1	cytochrome b-245 chaperone 1 [Source:HGNC Symbol;Acc:HGNC:28672]	11786	-0.5810499787330627	-0.80293936	No	
row_206	AGER	advanced glycosylation end-product specific receptor [Source:HGNC Symbol;Acc:HGNC:320]	11844	-0.6114444732666016	-0.80591446	No	
row_207	GAB2	GRB2 associated binding protein 2 [Source:HGNC Symbol;Acc:HGNC:14458]	11881	-0.634711503982544	-0.80721164	No	
row_208	PGLYRP1	peptidoglycan recognition protein 1 [Source:HGNC Symbol;Acc:HGNC:8904]	11888	-0.6359253525733948	-0.8061867	No	
row_209	ADORA2B	adenosine A2b receptor [Source:HGNC Symbol;Acc:HGNC:264]	11903	-0.6444120407104492	-0.8057603	No	
row_210	ST3GAL1	ST3 beta-galactoside alpha-2,3-sialyltransferase 1 [Source:HGNC Symbol;Acc:HGNC:10862]	11921	-0.6531445980072021	-0.80554545	No	
row_211	TRAF6	TNF receptor associated factor 6 [Source:HGNC Symbol;Acc:HGNC:12036]	11923	-0.6538277268409729	-0.80409205	No	
row_212	RORC	RAR related orphan receptor C [Source:HGNC Symbol;Acc:HGNC:10260]	11969	-0.6768618226051331	-0.80598634	No	
row_213	PTPN22	protein tyrosine phosphatase non-receptor type 22 [Source:HGNC Symbol;Acc:HGNC:9652]	11980	-0.6843134760856628	-0.8051573	No	
row_214	STAP1	signal transducing adaptor family member 1 [Source:HGNC Symbol;Acc:HGNC:24133]	12035	-0.7126943469047546	-0.8076635	Yes	
row_215	VAMP8	vesicle associated membrane protein 8 [Source:HGNC Symbol;Acc:HGNC:12647]	12039	-0.7152400612831116	-0.8062209	Yes	
row_216	NOTCH2	notch receptor 2 [Source:HGNC Symbol;Acc:HGNC:7882]	12051	-0.7242401242256165	-0.80537575	Yes	
row_217	A2M	alpha-2-macroglobulin [Source:HGNC Symbol;Acc:HGNC:7]	12068	-0.7322744131088257	-0.8048983	Yes	
row_218	NFKBID	NFKB inhibitor delta [Source:HGNC Symbol;Acc:HGNC:15671]	12099	-0.7558355927467346	-0.80544806	Yes	
row_219	SWAP70	switching B cell complex subunit SWAP70 [Source:HGNC Symbol;Acc:HGNC:17070]	12102	-0.7572450041770935	-0.80382985	Yes	
row_220	ANGPT1	angiopoietin 1 [Source:HGNC Symbol;Acc:HGNC:484]	12120	-0.7729238867759705	-0.80333453	Yes	
row_221	INAVA	innate immunity activator [Source:HGNC Symbol;Acc:HGNC:25599]	12124	-0.7741163969039917	-0.8017541	Yes	
row_222	CEACAM1	carcinoembryonic antigen related cell adhesion molecule 1 [Source:HGNC Symbol;Acc:HGNC:1814]	12140	-0.7821909189224243	-0.8010825	Yes	
row_223	UNG	uracil DNA glycosylase [Source:HGNC Symbol;Acc:HGNC:12572]	12145	-0.7864665985107422	-0.7995505	Yes	
row_224	STAT3	signal transducer and activator of transcription 3 [Source:HGNC Symbol;Acc:HGNC:11364]	12150	-0.7922405004501343	-0.7980049	Yes	
row_225	HLX	H2.0 like homeobox [Source:HGNC Symbol;Acc:HGNC:4978]	12154	-0.7970489263534546	-0.7963708	Yes	
row_226	CGAS	cyclic GMP-AMP synthase [Source:HGNC Symbol;Acc:HGNC:21367]	12155	-0.7976584434509277	-0.7945034	Yes	
row_227	ANXA3	annexin A3 [Source:HGNC Symbol;Acc:HGNC:541]	12158	-0.803488552570343	-0.7927769	Yes	
row_228	LBP	lipopolysaccharide binding protein [Source:HGNC Symbol;Acc:HGNC:6517]	12167	-0.8066551089286804	-0.7915068	Yes	
row_229	SBNO2	strawberry notch homolog 2 [Source:HGNC Symbol;Acc:HGNC:29158]	12181	-0.8154588341712952	-0.7906027	Yes	
row_230	P2RX7	purinergic receptor P2X 7 [Source:HGNC Symbol;Acc:HGNC:8537]	12203	-0.830166757106781	-0.79028267	Yes	
row_231	NECTIN2	nectin cell adhesion molecule 2 [Source:HGNC Symbol;Acc:HGNC:9707]	12209	-0.8350293636322021	-0.78871423	Yes	
row_232	TRBC2	T cell receptor beta constant 2 [Source:HGNC Symbol;Acc:HGNC:12157]	12212	-0.8367474675178528	-0.7869099	Yes	
row_233	TICAM1	toll like receptor adaptor molecule 1 [Source:HGNC Symbol;Acc:HGNC:18348]	12234	-0.8556047677993774	-0.78653026	Yes	
row_234	TCIM	transcriptional and immune response regulator [Source:HGNC Symbol;Acc:HGNC:1357]	12240	-0.8614057898521423	-0.78490007	Yes	
row_235	APBB1IP	amyloid beta precursor protein binding family B member 1 interacting protein [Source:HGNC Symbol;Acc:HGNC:17379]	12293	-0.9071108102798462	-0.7867965	Yes	
row_236	TRAF3IP2	TRAF3 interacting protein 2 [Source:HGNC Symbol;Acc:HGNC:1343]	12314	-0.9277524352073669	-0.78617066	Yes	
row_237	LAPTM5	lysosomal protein transmembrane 5 [Source:HGNC Symbol;Acc:HGNC:29612]	12319	-0.9294797778129578	-0.7843038	Yes	
row_238	LGALS1	galectin 1 [Source:HGNC Symbol;Acc:HGNC:6561]	12323	-0.9330882430076599	-0.7823512	Yes	
row_239	GRN	granulin precursor [Source:HGNC Symbol;Acc:HGNC:4601]	12330	-0.9392642974853516	-0.78061604	Yes	
row_240	FADD	Fas associated via death domain [Source:HGNC Symbol;Acc:HGNC:3573]	12345	-0.9544616937637329	-0.7794638	Yes	
row_241	FZD5	frizzled class receptor 5 [Source:HGNC Symbol;Acc:HGNC:4043]	12349	-0.9562937021255493	-0.7774569	Yes	
row_242	MFNG	MFNG O-fucosylpeptide 3-beta-N-acetylglucosaminyltransferase [Source:HGNC Symbol;Acc:HGNC:7038]	12365	-0.9740758538246155	-0.7763361	Yes	
row_243	DLL1	delta like canonical Notch ligand 1 [Source:HGNC Symbol;Acc:HGNC:2908]	12381	-1.0083537101745605	-0.775135	Yes	
row_244	C1QC	complement C1q C chain [Source:HGNC Symbol;Acc:HGNC:1245]	12386	-1.0127390623092651	-0.7730732	Yes	
row_245	C1QA	complement C1q A chain [Source:HGNC Symbol;Acc:HGNC:1241]	12404	-1.0306638479232788	-0.7719745	Yes	
row_246	MYB	MYB proto-oncogene, transcription factor [Source:HGNC Symbol;Acc:HGNC:7545]	12419	-1.0431121587753296	-0.7706147	Yes	
row_247	CD300A	CD300a molecule [Source:HGNC Symbol;Acc:HGNC:19319]	12421	-1.0459003448486328	-0.7682434	Yes	
row_248	CD28	CD28 molecule [Source:HGNC Symbol;Acc:HGNC:1653]	12423	-1.046858549118042	-0.7658698	Yes	
row_249	IRAK4	interleukin 1 receptor associated kinase 4 [Source:HGNC Symbol;Acc:HGNC:17967]	12424	-1.0484565496444702	-0.76341516	Yes	
row_250	C1RL	complement C1r subcomponent like [Source:HGNC Symbol;Acc:HGNC:21265]	12437	-1.061173439025879	-0.76185846	Yes	
row_251	C1QB	complement C1q B chain [Source:HGNC Symbol;Acc:HGNC:1242]	12444	-1.0711430311203003	-0.7598146	Yes	
row_252	IGKC	immunoglobulin kappa constant [Source:HGNC Symbol;Acc:HGNC:5716]	12446	-1.0751280784606934	-0.7573748	Yes	
row_253	TP53	tumor protein p53 [Source:HGNC Symbol;Acc:HGNC:11998]	12448	-1.0768723487854004	-0.754931	Yes	
row_254	IGHA1	immunoglobulin heavy constant alpha 1 [Source:HGNC Symbol;Acc:HGNC:5478]	12456	-1.0936496257781982	-0.75291175	Yes	
row_255	RIPK2	receptor interacting serine/threonine kinase 2 [Source:HGNC Symbol;Acc:HGNC:10020]	12458	-1.0947935581207275	-0.75042593	Yes	
row_256	SLAMF1	signaling lymphocytic activation molecule family member 1 [Source:HGNC Symbol;Acc:HGNC:10903]	12463	-1.1003212928771973	-0.7481591	Yes	
row_257	UNC13D	unc-13 homolog D [Source:HGNC Symbol;Acc:HGNC:23147]	12471	-1.1171257495880127	-0.74608487	Yes	
row_258	B2M	beta-2-microglobulin [Source:HGNC Symbol;Acc:HGNC:914]	12473	-1.118391513824463	-0.74354386	Yes	
row_259	JAK3	Janus kinase 3 [Source:HGNC Symbol;Acc:HGNC:6193]	12476	-1.1279429197311401	-0.74105775	Yes	
row_260	MALT1	MALT1 paracaspase [Source:HGNC Symbol;Acc:HGNC:6819]	12490	-1.142586588859558	-0.73938775	Yes	
row_261	CTSH	cathepsin H [Source:HGNC Symbol;Acc:HGNC:2535]	12494	-1.1514723300933838	-0.7369239	Yes	
row_262	HFE	homeostatic iron regulator [Source:HGNC Symbol;Acc:HGNC:4886]	12497	-1.152908205986023	-0.73437935	Yes	
row_263	LYN	LYN proto-oncogene, Src family tyrosine kinase [Source:HGNC Symbol;Acc:HGNC:6735]	12499	-1.154542088508606	-0.73175365	Yes	
row_264	ITGAM	integrin subunit alpha M [Source:HGNC Symbol;Acc:HGNC:6149]	12532	-1.188663125038147	-0.7314447	Yes	
row_265	TGFB1	transforming growth factor beta 1 [Source:HGNC Symbol;Acc:HGNC:11766]	12548	-1.212853193283081	-0.7297648	Yes	
row_266	HLA-DMA	major histocompatibility complex, class II, DM alpha [Source:HGNC Symbol;Acc:HGNC:4934]	12554	-1.2230600118637085	-0.72728795	Yes	
row_267	IL1R1	interleukin 1 receptor type 1 [Source:HGNC Symbol;Acc:HGNC:5993]	12568	-1.2378168106079102	-0.725395	Yes	
row_268	NCKAP1L	NCK associated protein 1 like [Source:HGNC Symbol;Acc:HGNC:4862]	12583	-1.265770435333252	-0.72351396	Yes	
row_269	FOXF1	forkhead box F1 [Source:HGNC Symbol;Acc:HGNC:3809]	12586	-1.271178960800171	-0.7206925	Yes	
row_270	TYROBP	TYRO protein tyrosine kinase binding protein [Source:HGNC Symbol;Acc:HGNC:12449]	12598	-1.2893348932266235	-0.7185244	Yes	
row_271	DYSF	dysferlin [Source:HGNC Symbol;Acc:HGNC:3097]	12626	-1.3285480737686157	-0.71750134	Yes	
row_272	GATA2	GATA binding protein 2 [Source:HGNC Symbol;Acc:HGNC:4171]	12649	-1.3658682107925415	-0.71600443	Yes	
row_273	MICA	MHC class I polypeptide-related sequence A [Source:HGNC Symbol;Acc:HGNC:7090]	12650	-1.366855502128601	-0.7128044	Yes	
row_274	INPP5D	inositol polyphosphate-5-phosphatase D [Source:HGNC Symbol;Acc:HGNC:6079]	12652	-1.3713209629058838	-0.70967114	Yes	
row_275	CD80	CD80 molecule [Source:HGNC Symbol;Acc:HGNC:1700]	12658	-1.3855133056640625	-0.706814	Yes	
row_276	STAT6	signal transducer and activator of transcription 6 [Source:HGNC Symbol;Acc:HGNC:11368]	12659	-1.3939892053604126	-0.7035504	Yes	
row_277	PIK3CG	phosphatidylinositol-4,5-bisphosphate 3-kinase catalytic subunit gamma [Source:HGNC Symbol;Acc:HGNC:8978]	12660	-1.3965299129486084	-0.70028085	Yes	
row_278	ARID5A	AT-rich interaction domain 5A [Source:HGNC Symbol;Acc:HGNC:17361]	12678	-1.4312337636947632	-0.69824433	Yes	
row_279	LOXL3	lysyl oxidase like 3 [Source:HGNC Symbol;Acc:HGNC:13869]	12679	-1.4314550161361694	-0.69489306	Yes	
row_280	IL6R	interleukin 6 receptor [Source:HGNC Symbol;Acc:HGNC:6019]	12681	-1.4358460903167725	-0.6916088	Yes	
row_281	PTGER4	prostaglandin E receptor 4 [Source:HGNC Symbol;Acc:HGNC:9596]	12683	-1.4383174180984497	-0.6883187	Yes	
row_282	LCP1	lymphocyte cytosolic protein 1 [Source:HGNC Symbol;Acc:HGNC:6528]	12685	-1.440767765045166	-0.68502295	Yes	
row_283	TLR3	toll like receptor 3 [Source:HGNC Symbol;Acc:HGNC:11849]	12716	-1.505021572113037	-0.6838187	Yes	
row_284	NFKBIZ	NFKB inhibitor zeta [Source:HGNC Symbol;Acc:HGNC:29805]	12727	-1.5256743431091309	-0.6810199	Yes	
row_285	SERPINB9	serpin family B member 9 [Source:HGNC Symbol;Acc:HGNC:8955]	12732	-1.5375686883926392	-0.6777294	Yes	
row_286	MYD88	MYD88 innate immune signal transduction adaptor [Source:HGNC Symbol;Acc:HGNC:7562]	12742	-1.5513466596603394	-0.67479324	Yes	
row_287	HPX	hemopexin [Source:HGNC Symbol;Acc:HGNC:5171]	12748	-1.561322808265686	-0.6715244	Yes	
row_288	TCIRG1	T cell immune regulator 1, ATPase H+ transporting V0 subunit a3 [Source:HGNC Symbol;Acc:HGNC:11647]	12761	-1.602987289428711	-0.66869926	Yes	
row_289	TNFRSF4	TNF receptor superfamily member 4 [Source:HGNC Symbol;Acc:HGNC:11918]	12765	-1.621773362159729	-0.6651343	Yes	
row_290	LACC1	laccase domain containing 1 [Source:HGNC Symbol;Acc:HGNC:26789]	12771	-1.6358959674835205	-0.66169095	Yes	
row_291	C4A	complement C4A (Rodgers blood group) [Source:HGNC Symbol;Acc:HGNC:1323]	12788	-1.6785578727722168	-0.6589981	Yes	
row_292	BTK	Bruton tyrosine kinase [Source:HGNC Symbol;Acc:HGNC:1133]	12793	-1.687743902206421	-0.655356	Yes	
row_293	ANXA1	annexin A1 [Source:HGNC Symbol;Acc:HGNC:533]	12799	-1.7074098587036133	-0.6517452	Yes	
row_294	CTSC	cathepsin C [Source:HGNC Symbol;Acc:HGNC:2528]	12815	-1.7535220384597778	-0.64879954	Yes	
row_295	LAT2	linker for activation of T cells family member 2 [Source:HGNC Symbol;Acc:HGNC:12749]	12821	-1.771233320236206	-0.6450393	Yes	
row_296	RELB	RELB proto-oncogene, NF-kB subunit [Source:HGNC Symbol;Acc:HGNC:9956]	12823	-1.789119839668274	-0.640928	Yes	
row_297	IRF8	interferon regulatory factor 8 [Source:HGNC Symbol;Acc:HGNC:5358]	12831	-1.8086981773376465	-0.6372346	Yes	
row_298	NLRP3	NLR family pyrin domain containing 3 [Source:HGNC Symbol;Acc:HGNC:16400]	12833	-1.8187140226364136	-0.633054	Yes	
row_299	FES	FES proto-oncogene, tyrosine kinase [Source:HGNC Symbol;Acc:HGNC:3657]	12857	-1.8652138710021973	-0.6304653	Yes	
row_300	FFAR2	free fatty acid receptor 2 [Source:HGNC Symbol;Acc:HGNC:4501]	12858	-1.8681418895721436	-0.62609166	Yes	
row_301	ARG1	arginase 1 [Source:HGNC Symbol;Acc:HGNC:663]	12859	-1.8745911121368408	-0.6217029	Yes	
row_302	NOD2	nucleotide binding oligomerization domain containing 2 [Source:HGNC Symbol;Acc:HGNC:5331]	12865	-1.8870857954025269	-0.61767143	Yes	
row_303	NCF1	neutrophil cytosolic factor 1 [Source:HGNC Symbol;Acc:HGNC:7660]	12866	-1.8886833190917969	-0.61324966	Yes	
row_304	IL4R	interleukin 4 receptor [Source:HGNC Symbol;Acc:HGNC:6015]	12880	-1.922226071357727	-0.60975444	Yes	
row_305	PYCARD	PYD and CARD domain containing [Source:HGNC Symbol;Acc:HGNC:16608]	12886	-1.946400761604309	-0.6055841	Yes	
row_306	FCER1G	Fc fragment of IgE receptor Ig [Source:HGNC Symbol;Acc:HGNC:3611]	12890	-1.9575062990188599	-0.6012331	Yes	
row_307	PARP3	poly(ADP-ribose) polymerase family member 3 [Source:HGNC Symbol;Acc:HGNC:273]	12893	-1.9706056118011475	-0.5967742	Yes	
row_308	C1S	complement C1s [Source:HGNC Symbol;Acc:HGNC:1247]	12898	-1.9825427532196045	-0.592442	Yes	
row_309	TREM1	triggering receptor expressed on myeloid cells 1 [Source:HGNC Symbol;Acc:HGNC:17760]	12900	-1.992090106010437	-0.58785546	Yes	
row_310	CD1D	CD1d molecule [Source:HGNC Symbol;Acc:HGNC:1637]	12909	-2.011352062225342	-0.583765	Yes	
row_311	CCL3	C-C motif chemokine ligand 3 [Source:HGNC Symbol;Acc:HGNC:10627]	12910	-2.0173068046569824	-0.5790421	Yes	
row_312	RSAD2	radical S-adenosyl methionine domain containing 2 [Source:HGNC Symbol;Acc:HGNC:30908]	12911	-2.018421173095703	-0.5743166	Yes	
row_313	SERPING1	serpin family G member 1 [Source:HGNC Symbol;Acc:HGNC:1228]	12912	-2.0194497108459473	-0.5695887	Yes	
row_314	CD36	CD36 molecule [Source:HGNC Symbol;Acc:HGNC:1663]	12913	-2.0263617038726807	-0.5648446	Yes	
row_315	BST2	bone marrow stromal cell antigen 2 [Source:HGNC Symbol;Acc:HGNC:1119]	12920	-2.0329341888427734	-0.560549	Yes	
row_316	SLC11A1	solute carrier family 11 member 1 [Source:HGNC Symbol;Acc:HGNC:10907]	12928	-2.0568742752075195	-0.55627465	Yes	
row_317	PTPN6	protein tyrosine phosphatase non-receptor type 6 [Source:HGNC Symbol;Acc:HGNC:9658]	12929	-2.0592994689941406	-0.5514535	Yes	
row_318	VAV1	vav guanine nucleotide exchange factor 1 [Source:HGNC Symbol;Acc:HGNC:12657]	12932	-2.0627310276031494	-0.54677886	Yes	
row_319	SYK	spleen associated tyrosine kinase [Source:HGNC Symbol;Acc:HGNC:11491]	12934	-2.071566104888916	-0.54200625	Yes	
row_320	HMOX1	heme oxygenase 1 [Source:HGNC Symbol;Acc:HGNC:5013]	12936	-2.079866647720337	-0.5372142	Yes	
row_321	NMI	N-myc and STAT interactor [Source:HGNC Symbol;Acc:HGNC:7854]	12937	-2.080019235610962	-0.5323445	Yes	
row_322	IRAK3	interleukin 1 receptor associated kinase 3 [Source:HGNC Symbol;Acc:HGNC:17020]	12940	-2.0854570865631104	-0.5276167	Yes	
row_323	HAVCR2	hepatitis A virus cellular receptor 2 [Source:HGNC Symbol;Acc:HGNC:18437]	12958	-2.150355339050293	-0.5238966	Yes	
row_324	DOCK2	dedicator of cytokinesis 2 [Source:HGNC Symbol;Acc:HGNC:2988]	12975	-2.193920612335205	-0.5199972	Yes	
row_325	TRIM6	tripartite motif containing 6 [Source:HGNC Symbol;Acc:HGNC:16277]	12976	-2.20326828956604	-0.51483893	Yes	
row_326	RIPK3	receptor interacting serine/threonine kinase 3 [Source:HGNC Symbol;Acc:HGNC:10021]	12977	-2.203356981277466	-0.50968045	Yes	
row_327	SLAMF6	SLAM family member 6 [Source:HGNC Symbol;Acc:HGNC:21392]	12985	-2.2255918979644775	-0.50501114	Yes	
row_328	SLAMF9	SLAM family member 9 [Source:HGNC Symbol;Acc:HGNC:18430]	13006	-2.30002760887146	-0.50117254	Yes	
row_329	DDX58	DExD/H-box helicase 58 [Source:HGNC Symbol;Acc:HGNC:19102]	13009	-2.3021128177642822	-0.49593747	Yes	
row_330	IL6	interleukin 6 [Source:HGNC Symbol;Acc:HGNC:6018]	13013	-2.304513931274414	-0.49077412	Yes	
row_331	CLCF1	cardiotrophin like cytokine factor 1 [Source:HGNC Symbol;Acc:HGNC:17412]	13020	-2.3279359340667725	-0.48578787	Yes	
row_332	CD74	CD74 molecule [Source:HGNC Symbol;Acc:HGNC:1697]	13023	-2.3369808197021484	-0.4804712	Yes	
row_333	DDX60	DExD/H-box helicase 60 [Source:HGNC Symbol;Acc:HGNC:25942]	13035	-2.364609718322754	-0.4757856	Yes	
row_334	SPN	sialophorin [Source:HGNC Symbol;Acc:HGNC:11249]	13040	-2.3822696208953857	-0.47051752	Yes	
row_335	PTPRC	protein tyrosine phosphatase receptor type C [Source:HGNC Symbol;Acc:HGNC:9666]	13047	-2.397634506225586	-0.4653681	Yes	
row_336	MYO1G	myosin IG [Source:HGNC Symbol;Acc:HGNC:13880]	13048	-2.4009087085723877	-0.4597471	Yes	
row_337	C2	complement C2 [Source:HGNC Symbol;Acc:HGNC:1248]	13049	-2.4040307998657227	-0.45411885	Yes	
row_338	IFI35	interferon induced protein 35 [Source:HGNC Symbol;Acc:HGNC:5399]	13054	-2.4258947372436523	-0.44874862	Yes	
row_339	ZC3H12A	zinc finger CCCH-type containing 12A [Source:HGNC Symbol;Acc:HGNC:26259]	13061	-2.4416534900665283	-0.4434961	Yes	
row_340	PTX3	pentraxin 3 [Source:HGNC Symbol;Acc:HGNC:9692]	13063	-2.4457359313964844	-0.43784752	Yes	
row_341	WAS	WASP actin nucleation promoting factor [Source:HGNC Symbol;Acc:HGNC:12731]	13068	-2.46127986907959	-0.43239444	Yes	
row_342	BATF	basic leucine zipper ATF-like transcription factor [Source:HGNC Symbol;Acc:HGNC:958]	13074	-2.4776346683502197	-0.4269804	Yes	
row_343	CD22	CD22 molecule [Source:HGNC Symbol;Acc:HGNC:1643]	13076	-2.4794058799743652	-0.42125297	Yes	
row_344	LGALS3	galectin 3 [Source:HGNC Symbol;Acc:HGNC:6563]	13078	-2.487438678741455	-0.41550675	Yes	
row_345	ADA	adenosine deaminase [Source:HGNC Symbol;Acc:HGNC:186]	13085	-2.5194742679595947	-0.41007206	Yes	
row_346	IRF7	interferon regulatory factor 7 [Source:HGNC Symbol;Acc:HGNC:6122]	13088	-2.53041410446167	-0.4043025	Yes	
row_347	IFNB1	interferon beta 1 [Source:HGNC Symbol;Acc:HGNC:5434]	13099	-2.5572633743286133	-0.3990886	Yes	
row_348	C1R	complement C1r [Source:HGNC Symbol;Acc:HGNC:1246]	13101	-2.5632481575012207	-0.39316487	Yes	
row_349	RAC2	Rac family small GTPase 2 [Source:HGNC Symbol;Acc:HGNC:9802]	13104	-2.565918445587158	-0.3873122	Yes	
row_350	CSF2RB	colony stimulating factor 2 receptor beta common subunit [Source:HGNC Symbol;Acc:HGNC:2436]	13119	-2.6046905517578125	-0.3822965	Yes	
row_351	HLA-DQB1	major histocompatibility complex, class II, DQ beta 1 [Source:HGNC Symbol;Acc:HGNC:4944]	13128	-2.6507036685943604	-0.3767092	Yes	
row_352	IL21R	interleukin 21 receptor [Source:HGNC Symbol;Acc:HGNC:6006]	13132	-2.6676392555236816	-0.37069568	Yes	
row_353	SPI1	Spi-1 proto-oncogene [Source:HGNC Symbol;Acc:HGNC:11241]	13133	-2.6677331924438477	-0.36445004	Yes	
row_354	CD40	CD40 molecule [Source:HGNC Symbol;Acc:HGNC:11919]	13139	-2.693387508392334	-0.35853088	Yes	
row_355	KLRD1	killer cell lectin like receptor D1 [Source:HGNC Symbol;Acc:HGNC:6378]	13141	-2.69734525680542	-0.35229322	Yes	
row_356	IL7R	interleukin 7 receptor [Source:HGNC Symbol;Acc:HGNC:6024]	13142	-2.6980695724487305	-0.34597653	Yes	
row_357	CD86	CD86 molecule [Source:HGNC Symbol;Acc:HGNC:1705]	13143	-2.7075791358947754	-0.3396376	Yes	
row_358	HCK	HCK proto-oncogene, Src family tyrosine kinase [Source:HGNC Symbol;Acc:HGNC:4840]	13144	-2.7148704528808594	-0.3332816	Yes	
row_359	PTAFR	platelet activating factor receptor [Source:HGNC Symbol;Acc:HGNC:9582]	13147	-2.7209060192108154	-0.3270661	Yes	
row_360	SLAMF7	SLAM family member 7 [Source:HGNC Symbol;Acc:HGNC:21394]	13148	-2.7218472957611084	-0.32069373	Yes	
row_361	CD8A	CD8a molecule [Source:HGNC Symbol;Acc:HGNC:1706]	13151	-2.737701416015625	-0.3144389	Yes	
row_362	TRBC1	T cell receptor beta constant 1 [Source:HGNC Symbol;Acc:HGNC:12156]	13153	-2.7407925128936768	-0.3080995	Yes	
row_363	FCGR2B	Fc fragment of IgG receptor IIb [Source:HGNC Symbol;Acc:HGNC:3618]	13158	-2.755366563796997	-0.30195794	Yes	
row_364	IL1B	interleukin 1 beta [Source:HGNC Symbol;Acc:HGNC:5992]	13160	-2.7633743286132812	-0.2955657	Yes	
row_365	DHX58	DExH-box helicase 58 [Source:HGNC Symbol;Acc:HGNC:29517]	13162	-2.7815897464752197	-0.2891308	Yes	
row_366	CD84	CD84 molecule [Source:HGNC Symbol;Acc:HGNC:1704]	13168	-2.8030569553375244	-0.28295487	Yes	
row_367	TNFRSF1B	TNF receptor superfamily member 1B [Source:HGNC Symbol;Acc:HGNC:11917]	13180	-2.8627378940582275	-0.2771031	Yes	
row_368	TLR4	toll like receptor 4 [Source:HGNC Symbol;Acc:HGNC:11850]	13184	-2.874952554702759	-0.27060422	Yes	
row_369	C3	complement C3 [Source:HGNC Symbol;Acc:HGNC:1318]	13187	-2.885869026184082	-0.2640025	Yes	
row_370	LY9	lymphocyte antigen 9 [Source:HGNC Symbol;Acc:HGNC:6730]	13188	-2.8907649517059326	-0.2572347	Yes	
row_371	NKG7	natural killer cell granule protein 7 [Source:HGNC Symbol;Acc:HGNC:7830]	13190	-2.903459072113037	-0.25051448	Yes	
row_372	LAT	linker for activation of T cells [Source:HGNC Symbol;Acc:HGNC:18874]	13195	-2.9246413707733154	-0.24397661	Yes	
row_373	CCR2	C-C motif chemokine receptor 2 [Source:HGNC Symbol;Acc:HGNC:1603]	13202	-2.941856861114502	-0.23755305	Yes	
row_374	ICAM1	intercellular adhesion molecule 1 [Source:HGNC Symbol;Acc:HGNC:5344]	13207	-2.96921706199646	-0.23091081	Yes	
row_375	NOS2	nitric oxide synthase 2 [Source:HGNC Symbol;Acc:HGNC:7873]	13217	-3.02119779586792	-0.22453342	Yes	
row_376	FGL2	fibrinogen like 2 [Source:HGNC Symbol;Acc:HGNC:3696]	13218	-3.023555040359497	-0.21745473	Yes	
row_377	PLCG2	phospholipase C gamma 2 [Source:NCBI gene;Acc:5336]	13222	-3.042161464691162	-0.2105644	Yes	
row_378	HLA-DMB	major histocompatibility complex, class II, DM beta [Source:HGNC Symbol;Acc:HGNC:4935]	13227	-3.0603208541870117	-0.20370887	Yes	
row_379	CLEC4D	C-type lectin domain family 4 member D [Source:HGNC Symbol;Acc:HGNC:14554]	13233	-3.0995049476623535	-0.19683892	Yes	
row_380	PRF1	perforin 1 [Source:HGNC Symbol;Acc:HGNC:9360]	13242	-3.156561851501465	-0.1900673	Yes	
row_381	IFNG	interferon gamma [Source:HGNC Symbol;Acc:HGNC:5438]	13245	-3.171190023422241	-0.1827976	Yes	
row_382	SASH3	SAM and SH3 domain containing 3 [Source:HGNC Symbol;Acc:HGNC:15975]	13246	-3.185924530029297	-0.17533877	Yes	
row_383	MILR1	mast cell immunoglobulin like receptor 1 [Source:HGNC Symbol;Acc:HGNC:27570]	13247	-3.199131727218628	-0.16784902	Yes	
row_384	GZMB	granzyme B [Source:HGNC Symbol;Acc:HGNC:4709]	13249	-3.2067456245422363	-0.16041876	Yes	
row_385	CD180	CD180 molecule [Source:HGNC Symbol;Acc:HGNC:6726]	13250	-3.2070183753967285	-0.15291055	Yes	
row_386	FCGR1A	Fc fragment of IgG receptor Ia [Source:HGNC Symbol;Acc:HGNC:3613]	13252	-3.2211050987243652	-0.14544666	Yes	
row_387	KLRK1	killer cell lectin like receptor K1 [Source:HGNC Symbol;Acc:HGNC:18788]	13253	-3.2218995094299316	-0.1379036	Yes	
row_388	CXCL6	C-X-C motif chemokine ligand 6 [Source:HGNC Symbol;Acc:HGNC:10643]	13260	-3.2467052936553955	-0.13076633	Yes	
row_389	BCL3	BCL3 transcription coactivator [Source:HGNC Symbol;Acc:HGNC:998]	13264	-3.2798244953155518	-0.1233196	Yes	
row_390	ITGB2	integrin subunit beta 2 [Source:HGNC Symbol;Acc:HGNC:6155]	13273	-3.344736337661743	-0.11610744	Yes	
row_391	KLK7	kallikrein related peptidase 7 [Source:HGNC Symbol;Acc:HGNC:6368]	13275	-3.3562138080596924	-0.10832725	Yes	
row_392	CD244	CD244 molecule [Source:HGNC Symbol;Acc:HGNC:18171]	13285	-3.4986789226531982	-0.100831985	Yes	
row_393	ITGAL	integrin subunit alpha L [Source:HGNC Symbol;Acc:HGNC:6148]	13293	-3.5886600017547607	-0.09297145	Yes	
row_394	CFB	complement factor B [Source:HGNC Symbol;Acc:HGNC:1037]	13297	-3.6544899940490723	-0.08464755	Yes	
row_395	DNASE1L3	deoxyribonuclease 1 like 3 [Source:HGNC Symbol;Acc:HGNC:2959]	13298	-3.6645095348358154	-0.07606827	Yes	
row_396	IL12RB1	interleukin 12 receptor subunit beta 1 [Source:HGNC Symbol;Acc:HGNC:5971]	13309	-3.862640857696533	-0.06779822	Yes	
row_397	CLEC4E	C-type lectin domain family 4 member E [Source:HGNC Symbol;Acc:HGNC:14555]	13313	-3.92596435546875	-0.058838755	Yes	
row_398	SLAMF8	SLAM family member 8 [Source:HGNC Symbol;Acc:HGNC:21391]	13319	-4.137258529663086	-0.049539227	Yes	
row_399	IL12B	interleukin 12B [Source:HGNC Symbol;Acc:HGNC:5970]	13321	-4.15106201171875	-0.039898146	Yes	
row_400	FGR	FGR proto-oncogene, Src family tyrosine kinase [Source:HGNC Symbol;Acc:HGNC:3697]	13322	-4.204682350158691	-0.03005422	Yes	
row_401	CLEC7A	C-type lectin domain containing 7A [Source:HGNC Symbol;Acc:HGNC:14558]	13326	-4.382608890533447	-0.020025665	Yes	
row_402	SCIMP	SLP adaptor and CSK interacting membrane protein [Source:HGNC Symbol;Acc:HGNC:33504]	13328	-4.431081771850586	-0.009729007	Yes	
row_403	TNF	tumor necrosis factor [Source:HGNC Symbol;Acc:HGNC:11892]	13331	-4.453005790710449	5.4166984E-4	Yes	
