NAME	SYMBOL	TITLE	RANK IN GENE LIST	RANK METRIC SCORE	RUNNING ES	CORE ENRICHMENT	
row_0	Ascl1	achaete-scute family bHLH transcription factor 1 [Source:MGI Symbol;Acc:MGI:96919]	216	1.1120954751968384	0.14517164	Yes	
row_1	Nr4a3	nuclear receptor subfamily 4, group A, member 3 [Source:MGI Symbol;Acc:MGI:1352457]	474	0.8380746841430664	0.24845539	Yes	
row_2	Slitrk6	SLIT and NTRK-like family, member 6 [Source:MGI Symbol;Acc:MGI:2443198]	477	0.8365167379379272	0.36807242	Yes	
row_3	Cdh23	cadherin related 23 (otocadherin) [Source:MGI Symbol;Acc:MGI:1890219]	959	0.6008406281471252	0.42285267	Yes	
row_4	Adra1a	adrenergic receptor, alpha 1a [Source:MGI Symbol;Acc:MGI:104773]	1509	0.44699394702911377	0.45119485	Yes	
row_5	Glra1	glycine receptor, alpha 1 subunit [Source:MGI Symbol;Acc:MGI:95747]	1736	0.40417248010635376	0.4943785	Yes	
row_6	Shank1	SH3 and multiple ankyrin repeat domains 1 [Source:MGI Symbol;Acc:MGI:3613677]	1997	0.36107057332992554	0.5291846	Yes	
row_7	Cacng2	calcium channel, voltage-dependent, gamma subunit 2 [Source:MGI Symbol;Acc:MGI:1316660]	2706	0.2754891812801361	0.5226527	Yes	
row_8	Foxp2	forkhead box P2 [Source:MGI Symbol;Acc:MGI:2148705]	2875	0.2604387104511261	0.5490266	Yes	
row_9	Satb1	special AT-rich sequence binding protein 1 [Source:MGI Symbol;Acc:MGI:105084]	3087	0.24204830825328827	0.5699762	Yes	
row_10	Usp46	ubiquitin specific peptidase 46 [Source:MGI Symbol;Acc:MGI:1916977]	3464	0.21478037536144257	0.57630944	Yes	
row_11	Pcdh15	protocadherin 15 [Source:MGI Symbol;Acc:MGI:1891428]	4213	0.16955439746379852	0.55201596	Yes	
row_12	Gja1	gap junction protein, alpha 1 [Source:MGI Symbol;Acc:MGI:95713]	4302	0.16466248035430908	0.56987375	Yes	
row_13	Kcnma1	potassium large conductance calcium-activated channel, subfamily M, alpha member 1 [Source:MGI Symbol;Acc:MGI:99923]	4519	0.15329818427562714	0.57779413	Yes	
row_14	Cacna1a	calcium channel, voltage-dependent, P/Q type, alpha 1A subunit [Source:MGI Symbol;Acc:MGI:109482]	4586	0.1502423882484436	0.59501606	Yes	
row_15	Glrb	glycine receptor, beta subunit [Source:MGI Symbol;Acc:MGI:95751]	4875	0.1364881992340088	0.5958554	Yes	
row_16	Auts2	autism susceptibility candidate 2 [Source:MGI Symbol;Acc:MGI:1919847]	6327	0.07755965739488602	0.5127495	No	
row_17	Slc1a1	solute carrier family 1 (neuronal/epithelial high affinity glutamate transporter, system Xag), member 1 [Source:MGI Symbol;Acc:MGI:105083]	6745	0.0625220537185669	0.49462506	No	
row_18	Npnt	nephronectin [Source:MGI Symbol;Acc:MGI:2148811]	7926	0.015404022298753262	0.42021674	No	
row_19	Pmp22	peripheral myelin protein 22 [Source:MGI Symbol;Acc:MGI:97631]	8883	-0.025009028613567352	0.3617269	No	
row_20	Nmb	neuromedin B [Source:MGI Symbol;Acc:MGI:1915289]	9647	-0.06228475645184517	0.3211039	No	
row_21	Afg3l2	AFG3-like AAA ATPase 2 [Source:MGI Symbol;Acc:MGI:1916847]	10108	-0.0878484919667244	0.30381313	No	
row_22	Hpn	hepsin [Source:MGI Symbol;Acc:MGI:1196620]	12298	-0.2883138358592987	0.20296067	No	
