NAME	SYMBOL	TITLE	RANK IN GENE LIST	RANK METRIC SCORE	RUNNING ES	CORE ENRICHMENT	
row_0	Agbl4	ATP/GTP binding protein-like 4 [Source:MGI Symbol;Acc:MGI:1918244]	1032	0.5748801827430725	-0.06637314	No	
row_1	Agbl5	ATP/GTP binding protein-like 5 [Source:MGI Symbol;Acc:MGI:2441745]	1199	0.5244437456130981	-0.07573433	No	
row_2	Polr3g	polymerase (RNA) III (DNA directed) polypeptide G [Source:MGI Symbol;Acc:MGI:1914736]	1355	0.4816705584526062	-0.08449963	No	
row_3	Il4	interleukin 4 [Source:MGI Symbol;Acc:MGI:96556]	1379	0.47648885846138	-0.084567256	No	
row_4	Garin5a	golgi associated RAB2 interactor 5A [Source:MGI Symbol;Acc:MGI:1922788]	1443	0.46095922589302063	-0.08732259	No	
row_5	Irf3	interferon regulatory factor 3 [Source:MGI Symbol;Acc:MGI:1859179]	1885	0.37732234597206116	-0.1152847	No	
row_6	Traf3ip1	TRAF3 interacting protein 1 [Source:MGI Symbol;Acc:MGI:1921269]	2022	0.3576070964336395	-0.12317349	No	
row_7	Trim65	tripartite motif-containing 65 [Source:MGI Symbol;Acc:MGI:2442815]	2043	0.35351336002349854	-0.12341747	No	
row_8	Dus2	dihydrouridine synthase 2 [Source:MGI Symbol;Acc:MGI:1913619]	2480	0.3006795644760132	-0.15128286	No	
row_9	Clpb	ClpB caseinolytic peptidase B [Source:MGI Symbol;Acc:MGI:1100517]	2543	0.2942616045475006	-0.15447968	No	
row_10	Oprk1	opioid receptor, kappa 1 [Source:MGI Symbol;Acc:MGI:97439]	2634	0.2837921977043152	-0.15955669	No	
row_11	Zdhhc1	zinc finger, DHHC domain containing 1 [Source:MGI Symbol;Acc:MGI:1918046]	2842	0.2640053629875183	-0.17241721	No	
row_12	Bnip3l	BCL2/adenovirus E1B interacting protein 3-like [Source:MGI Symbol;Acc:MGI:1332659]	3146	0.23779772222042084	-0.19169459	No	
row_13	Usp29	ubiquitin specific peptidase 29 [Source:MGI Symbol;Acc:MGI:1888998]	3387	0.21994227170944214	-0.20686762	No	
row_14	Akap1	A kinase anchor protein 1 [Source:MGI Symbol;Acc:MGI:104729]	3481	0.21369394659996033	-0.21235606	No	
row_15	Ttc4	tetratricopeptide repeat domain 4 [Source:MGI Symbol;Acc:MGI:1919604]	4262	0.16707926988601685	-0.26333594	No	
row_16	Vapb	vesicle-associated membrane protein, associated protein B and C [Source:MGI Symbol;Acc:MGI:1928744]	4281	0.16559381783008575	-0.26402003	No	
row_17	Rab2b	RAB2B, member RAS oncogene family [Source:MGI Symbol;Acc:MGI:1923588]	4296	0.16489547491073608	-0.26444215	No	
row_18	Trim7	tripartite motif-containing 7 [Source:MGI Symbol;Acc:MGI:2137353]	4442	0.1567923128604889	-0.2735364	No	
row_19	Hsp90aa1	heat shock protein 90, alpha (cytosolic), class A member 1 [Source:MGI Symbol;Acc:MGI:96250]	4465	0.15572668612003326	-0.27451456	No	
row_20	Rnf26rt	ring finger protein 26, retrotransposed [Source:MGI Symbol;Acc:MGI:3644000]	4469	0.15553472936153412	-0.27423906	No	
row_21	Ercc6	excision repair cross-complementing rodent repair deficiency, complementation group 6 [Source:MGI Symbol;Acc:MGI:1100494]	4560	0.15182335674762726	-0.27971783	No	
row_22	Hcfc2	host cell factor C2 [Source:MGI Symbol;Acc:MGI:1915183]	4772	0.14127880334854126	-0.29321605	No	
row_23	Rb1cc1	RB1-inducible coiled-coil 1 [Source:MGI Symbol;Acc:MGI:1341850]	4856	0.1374378204345703	-0.29827654	No	
row_24	Bnip3l-ps	BCL2/adenovirus E1B interacting protein 3-like, pseudogene [Source:MGI Symbol;Acc:MGI:3642435]	4891	0.13585154712200165	-0.30010733	No	
row_25	Polr3h	polymerase (RNA) III (DNA directed) polypeptide H [Source:MGI Symbol;Acc:MGI:1926179]	5163	0.12458670139312744	-0.317617	No	
row_26	Rnf216	ring finger protein 216 [Source:MGI Symbol;Acc:MGI:1344349]	5319	0.11710479110479355	-0.32749218	No	
row_27	Zmynd11	zinc finger, MYND domain containing 11 [Source:MGI Symbol;Acc:MGI:1913755]	5404	0.11359988898038864	-0.33269125	No	
row_28	Usp20	ubiquitin specific peptidase 20 [Source:MGI Symbol;Acc:MGI:1921520]	5447	0.11204611510038376	-0.33512262	No	
row_29	Abcf3	ATP-binding cassette, sub-family F member 3 [Source:MGI Symbol;Acc:MGI:1351656]	5501	0.11002110689878464	-0.33828625	No	
row_30	Elmod2	ELMO/CED-12 domain containing 2 [Source:MGI Symbol;Acc:MGI:2445165]	5576	0.10687819123268127	-0.34284568	No	
row_31	Traf3	TNF receptor-associated factor 3 [Source:MGI Symbol;Acc:MGI:108041]	5646	0.10407471656799316	-0.34708357	No	
row_32	Trim32	tripartite motif-containing 32 [Source:MGI Symbol;Acc:MGI:1917057]	5700	0.102329321205616	-0.35027063	No	
row_33	Prkra	protein kinase, interferon inducible double stranded RNA dependent activator [Source:MGI Symbol;Acc:MGI:1344375]	5715	0.10187461972236633	-0.35088462	No	
row_34	Abcc9	ATP-binding cassette, sub-family C member 9 [Source:MGI Symbol;Acc:MGI:1352630]	5788	0.09854239970445633	-0.3553374	No	
row_35	Ube2n	ubiquitin-conjugating enzyme E2N [Source:MGI Symbol;Acc:MGI:1934835]	5910	0.0940178707242012	-0.3630385	No	
row_36	Marchf2	membrane associated ring-CH-type finger 2 [Source:MGI Symbol;Acc:MGI:1925915]	5966	0.09174118936061859	-0.3663898	No	
row_37	Atg16l1	autophagy related 16 like 1 [Source:MGI Symbol;Acc:MGI:1924290]	6002	0.09031012654304504	-0.36842525	No	
row_38	Serinc5	serine incorporator 5 [Source:MGI Symbol;Acc:MGI:2444223]	6121	0.08524314314126968	-0.37595505	No	
row_39	Ube2w	ubiquitin-conjugating enzyme E2W (putative) [Source:MGI Symbol;Acc:MGI:1914049]	6132	0.08495886623859406	-0.3763565	No	
row_40	Dhx16	DEAH-box helicase 16 [Source:MGI Symbol;Acc:MGI:1916442]	6201	0.08242687582969666	-0.3805943	No	
row_41	Trim8	tripartite motif-containing 8 [Source:MGI Symbol;Acc:MGI:1933302]	6233	0.08114884793758392	-0.3823936	No	
row_42	Atg7	autophagy related 7 [Source:MGI Symbol;Acc:MGI:1921494]	6276	0.07955393940210342	-0.38492385	No	
row_43	Nck1	non-catalytic region of tyrosine kinase adaptor protein 1 [Source:MGI Symbol;Acc:MGI:109601]	6297	0.07852879911661148	-0.386005	No	
row_44	Ddx1	DEAD box helicase 1 [Source:MGI Symbol;Acc:MGI:2144727]	6323	0.07770732045173645	-0.38741872	No	
row_45	Card9	caspase recruitment domain family, member 9 [Source:MGI Symbol;Acc:MGI:2685628]	6355	0.07664771378040314	-0.38923168	No	
row_46	Exosc5	exosome component 5 [Source:MGI Symbol;Acc:MGI:107889]	6357	0.07655856758356094	-0.38906464	No	
row_47	Pqbp1	polyglutamine binding protein 1 [Source:MGI Symbol;Acc:MGI:1859638]	6412	0.07487288117408752	-0.39240128	No	
row_48	Ddx41	DEAD box helicase 41 [Source:MGI Symbol;Acc:MGI:1920185]	6482	0.07203508168458939	-0.39673674	No	
row_49	Phb1	prohibitin 1 [Source:MGI Symbol;Acc:MGI:97572]	6515	0.07078352570533752	-0.3986336	No	
row_50	Ncbp1	nuclear cap binding protein subunit 1 [Source:MGI Symbol;Acc:MGI:1891840]	6529	0.07038449496030807	-0.39927745	No	
row_51	Ifnar1	interferon (alpha and beta) receptor 1 [Source:MGI Symbol;Acc:MGI:107658]	6546	0.06948229670524597	-0.4001221	No	
row_52	Trim44	tripartite motif-containing 44 [Source:MGI Symbol;Acc:MGI:1931835]	6583	0.06822424381971359	-0.4022908	No	
row_53	Senp7	SUMO1/sentrin specific peptidase 7 [Source:MGI Symbol;Acc:MGI:1913565]	6664	0.0651308074593544	-0.40737337	No	
row_54	Ppm1b	protein phosphatase 1B, magnesium dependent, beta isoform [Source:MGI Symbol;Acc:MGI:101841]	6669	0.0649530291557312	-0.40743968	No	
row_55	Ndufaf4	NADH:ubiquinone oxidoreductase complex assembly factor 4 [Source:MGI Symbol;Acc:MGI:1915743]	6881	0.057159435003995895	-0.42119396	No	
row_56	Trim27	tripartite motif-containing 27 [Source:MGI Symbol;Acc:MGI:97904]	6987	0.05295974761247635	-0.42796388	No	
row_57	Atg12	autophagy related 12 [Source:MGI Symbol;Acc:MGI:1914776]	6998	0.052497126162052155	-0.42846417	No	
row_58	Cxadr	coxsackie virus and adenovirus receptor [Source:MGI Symbol;Acc:MGI:1201679]	7056	0.050024304538965225	-0.43207452	No	
row_59	Cnot7	CCR4-NOT transcription complex, subunit 7 [Source:MGI Symbol;Acc:MGI:1298230]	7183	0.044984858483076096	-0.44025493	No	
row_60	Polr3b	polymerase (RNA) III (DNA directed) polypeptide B [Source:MGI Symbol;Acc:MGI:1917678]	7231	0.04254738241434097	-0.44322792	No	
row_61	Dhx36	DEAH-box helicase 36 [Source:MGI Symbol;Acc:MGI:1919412]	7340	0.03847242146730423	-0.45024	No	
row_62	Polr3k	polymerase (RNA) III (DNA directed) polypeptide K [Source:MGI Symbol;Acc:MGI:1914255]	7362	0.03772974759340286	-0.45151135	No	
row_63	Chuk	conserved helix-loop-helix ubiquitous kinase [Source:MGI Symbol;Acc:MGI:99484]	7419	0.035773083567619324	-0.45509905	No	
row_64	Kcnj8	potassium inwardly-rectifying channel, subfamily J, member 8 [Source:MGI Symbol;Acc:MGI:1100508]	7531	0.03092506341636181	-0.46233213	No	
row_65	Nt5c2	5'-nucleotidase, cytosolic II [Source:MGI Symbol;Acc:MGI:2178563]	7644	0.025884171947836876	-0.46964654	No	
row_66	Smurf1	SMAD specific E3 ubiquitin protein ligase 1 [Source:MGI Symbol;Acc:MGI:1923038]	7878	0.017135389149188995	-0.48497492	No	
row_67	Ddx17	DEAD box helicase 17 [Source:MGI Symbol;Acc:MGI:1914290]	8010	0.011557931080460548	-0.49358717	No	
row_68	Bcl2	B cell leukemia/lymphoma 2 [Source:MGI Symbol;Acc:MGI:88138]	8029	0.010574852116405964	-0.49474317	No	
row_69	Trim11	tripartite motif-containing 11 [Source:MGI Symbol;Acc:MGI:2137355]	8041	0.009806524962186813	-0.49543944	No	
row_70	Trim13	tripartite motif-containing 13 [Source:MGI Symbol;Acc:MGI:1913847]	8231	0.001744033768773079	-0.5079102	No	
row_71	Uap1	UDP-N-acetylglucosamine pyrophosphorylase 1 [Source:MGI Symbol;Acc:MGI:1334459]	8244	0.0012867170153185725	-0.5086984	No	
row_72	Dicer1	dicer 1, ribonuclease type III [Source:MGI Symbol;Acc:MGI:2177178]	8285	-6.46323140244931E-4	-0.51133686	No	
row_73	Eif2ak4	eukaryotic translation initiation factor 2 alpha kinase 4 [Source:MGI Symbol;Acc:MGI:1353427]	8320	-0.002228036057204008	-0.5135745	No	
row_74	Sin3a	transcriptional regulator, SIN3A (yeast) [Source:MGI Symbol;Acc:MGI:107157]	8390	-0.004680459387600422	-0.518115	No	
row_75	Ilf3	interleukin enhancer binding factor 3 [Source:MGI Symbol;Acc:MGI:1339973]	8432	-0.006285025272518396	-0.5208023	No	
row_76	Setd2	SET domain containing 2 [Source:MGI Symbol;Acc:MGI:1918177]	8443	-0.006767557933926582	-0.5214418	No	
row_77	Rpsa	ribosomal protein SA [Source:MGI Symbol;Acc:MGI:105381]	8448	-0.007154259365051985	-0.52168405	No	
row_78	Hyal2	hyaluronoglucosaminidase 2 [Source:MGI Symbol;Acc:MGI:1196334]	8450	-0.007384639233350754	-0.5217276	No	
row_79	Atg5	autophagy related 5 [Source:MGI Symbol;Acc:MGI:1277186]	8454	-0.007538876961916685	-0.5219027	No	
row_80	Ncbp3	nuclear cap binding subunit 3 [Source:MGI Symbol;Acc:MGI:1914124]	8468	-0.008056668564677238	-0.5227363	No	
row_81	G3bp1	G3BP stress granule assembly factor 1 [Source:MGI Symbol;Acc:MGI:1351465]	8479	-0.008715876378118992	-0.52336985	No	
row_82	Atad3a	ATPase family, AAA domain containing 3A [Source:MGI Symbol;Acc:MGI:1919214]	8553	-0.011707408353686333	-0.528153	No	
row_83	Epg5	ectopic P-granules 5 autophagy tethering factor [Source:MGI Symbol;Acc:MGI:1918673]	8659	-0.016021501272916794	-0.53503543	No	
row_84	Ilrun	inflammation and lipid regulator with UBA-like and NBR1-like domains [Source:MGI Symbol;Acc:MGI:106281]	8725	-0.019226567819714546	-0.5392676	No	
row_85	Smarca5	SWI/SNF related, matrix associated, actin dependent regulator of chromatin, subfamily a, member 5 [Source:MGI Symbol;Acc:MGI:1935129]	8807	-0.0218916404992342	-0.5445478	No	
row_86	Itch	itchy, E3 ubiquitin protein ligase [Source:MGI Symbol;Acc:MGI:1202301]	8842	-0.02345556765794754	-0.5467208	No	
row_87	Polr3d	polymerase (RNA) III (DNA directed) polypeptide D [Source:MGI Symbol;Acc:MGI:1914315]	8968	-0.02878306433558464	-0.55488455	No	
row_88	Chmp3	charged multivesicular body protein 3 [Source:MGI Symbol;Acc:MGI:1913950]	9107	-0.03551758825778961	-0.5638859	No	
row_89	Selenok	selenoprotein K [Source:MGI Symbol;Acc:MGI:1931466]	9210	-0.04002238065004349	-0.57049716	No	
row_90	Mul1	mitochondrial ubiquitin ligase activator of NFKB 1 [Source:MGI Symbol;Acc:MGI:1915600]	9227	-0.040738217532634735	-0.5714293	No	
row_91	Mavs	mitochondrial antiviral signaling protein [Source:MGI Symbol;Acc:MGI:2444773]	9551	-0.05702131241559982	-0.5925773	No	
row_92	Trim28	tripartite motif-containing 28 [Source:MGI Symbol;Acc:MGI:109274]	9615	-0.06006850674748421	-0.5965531	No	
row_93	Nmb	neuromedin B [Source:MGI Symbol;Acc:MGI:1915289]	9647	-0.06228475645184517	-0.59840983	No	
row_94	Dhx9	DExH-box helicase 9 [Source:MGI Symbol;Acc:MGI:108177]	9761	-0.06751791387796402	-0.6056635	No	
row_95	Exosc4	exosome component 4 [Source:MGI Symbol;Acc:MGI:1923576]	9775	-0.06853179633617401	-0.606313	No	
row_96	Phb2	prohibitin 2 [Source:MGI Symbol;Acc:MGI:102520]	9964	-0.07978861033916473	-0.61848015	No	
row_97	C1qbp	complement component 1, q subcomponent binding protein [Source:MGI Symbol;Acc:MGI:1194505]	10001	-0.0819370299577713	-0.6206071	No	
row_98	Ddx56	DEAD box helicase 56 [Source:MGI Symbol;Acc:MGI:1277172]	10051	-0.08466151356697083	-0.6235839	No	
row_99	Rnf185	ring finger protein 185 [Source:MGI Symbol;Acc:MGI:1922078]	10131	-0.0889887660741806	-0.6285278	No	
row_100	Tomm70a	translocase of outer mitochondrial membrane 70A [Source:MGI Symbol;Acc:MGI:106295]	10208	-0.09333007037639618	-0.63326055	No	
row_101	Lyst	lysosomal trafficking regulator [Source:MGI Symbol;Acc:MGI:107448]	10231	-0.09465184807777405	-0.6344246	No	
row_102	Tarbp2	TARBP2, RISC loading complex RNA binding subunit [Source:MGI Symbol;Acc:MGI:103027]	10248	-0.09546048939228058	-0.6351902	No	
row_103	Lsm14a	LSM14A mRNA processing body assembly factor [Source:MGI Symbol;Acc:MGI:1914320]	10332	-0.10102862864732742	-0.6403615	No	
row_104	Usp27x	ubiquitin specific peptidase 27, X chromosome [Source:MGI Symbol;Acc:MGI:1859645]	10345	-0.10152212530374527	-0.6408446	No	
row_105	Bnip3	BCL2/adenovirus E1B interacting protein 3 [Source:MGI Symbol;Acc:MGI:109326]	10467	-0.10868633538484573	-0.648501	No	
row_106	Atg14	autophagy related 14 [Source:MGI Symbol;Acc:MGI:1261775]	10561	-0.1146848276257515	-0.65429085	No	
row_107	Skp2	S-phase kinase-associated protein 2 [Source:MGI Symbol;Acc:MGI:1351663]	10619	-0.11754603683948517	-0.65769565	No	
row_108	Dhx15	DEAH-box helicase 15 [Source:MGI Symbol;Acc:MGI:1099786]	10629	-0.11811394989490509	-0.65793014	No	
row_109	Trim35	tripartite motif-containing 35 [Source:MGI Symbol;Acc:MGI:1914104]	10684	-0.12261388450860977	-0.6611215	No	
row_110	Mid2	midline 2 [Source:MGI Symbol;Acc:MGI:1344333]	10812	-0.13206346333026886	-0.6691028	No	
row_111	Crcp	calcitonin gene-related peptide-receptor component protein [Source:MGI Symbol;Acc:MGI:1100818]	10872	-0.13618068397045135	-0.67258286	No	
row_112	Htra1	HtrA serine peptidase 1 [Source:MGI Symbol;Acc:MGI:1929076]	10878	-0.13697494566440582	-0.6724959	No	
row_113	Zcchc3	zinc finger, CCHC domain containing 3 [Source:MGI Symbol;Acc:MGI:1915167]	11099	-0.15487781167030334	-0.6865468	No	
row_114	Zmpste24	zinc metallopeptidase, STE24 [Source:MGI Symbol;Acc:MGI:1890508]	11270	-0.17130796611309052	-0.69724715	No	
row_115	Serinc3	serine incorporator 3 [Source:MGI Symbol;Acc:MGI:1349457]	11394	-0.1828213781118393	-0.7048099	No	
row_116	Gpr108	G protein-coupled receptor 108 [Source:MGI Symbol;Acc:MGI:1925558]	11452	-0.18834787607192993	-0.7079991	No	
row_117	Tmem120a	transmembrane protein 120A [Source:MGI Symbol;Acc:MGI:2686991]	11511	-0.19525089859962463	-0.7112333	No	
row_118	Rnf26	ring finger protein 26 [Source:MGI Symbol;Acc:MGI:2388131]	11519	-0.19548316299915314	-0.7111003	No	
row_119	Riok3	RIO kinase 3 [Source:MGI Symbol;Acc:MGI:1914128]	11825	-0.22821156680583954	-0.73053885	No	
row_120	Ifngr2	interferon gamma receptor 2 [Source:MGI Symbol;Acc:MGI:107654]	11831	-0.22875599563121796	-0.73017246	No	
row_121	Polr3c	polymerase (RNA) III (DNA directed) polypeptide C [Source:MGI Symbol;Acc:MGI:1921664]	11879	-0.23422332108020782	-0.7325619	No	
row_122	Gpam	glycerol-3-phosphate acyltransferase, mitochondrial [Source:MGI Symbol;Acc:MGI:109162]	11895	-0.23615595698356628	-0.73283315	No	
row_123	Bcl2l1	BCL2-like 1 [Source:MGI Symbol;Acc:MGI:88139]	11903	-0.23708151280879974	-0.73257345	No	
row_124	Tagap	T cell activation Rho GTPase activating protein [Source:MGI Symbol;Acc:MGI:3615484]	11961	-0.24301685392856598	-0.7355962	No	
row_125	Creb3	cAMP responsive element binding protein 3 [Source:MGI Symbol;Acc:MGI:99946]	12099	-0.25896894931793213	-0.7438513	No	
row_126	Armc5	armadillo repeat containing 5 [Source:MGI Symbol;Acc:MGI:2384586]	12167	-0.2689826488494873	-0.7474551	No	
row_127	Polr3e	polymerase (RNA) III (DNA directed) polypeptide E [Source:MGI Symbol;Acc:MGI:1349452]	12416	-0.3034515678882599	-0.762902	No	
row_128	Shfl	shiftless antiviral inhibitor of ribosomal frameshifting [Source:MGI Symbol;Acc:MGI:2441788]	12460	-0.3098844587802887	-0.7647971	No	
row_129	Pcbp2	poly(rC) binding protein 2 [Source:MGI Symbol;Acc:MGI:108202]	12464	-0.3108959197998047	-0.76404864	No	
row_130	Ddx21	DExD box helicase 21 [Source:MGI Symbol;Acc:MGI:1860494]	12585	-0.32710686326026917	-0.7709741	No	
row_131	Becn1	beclin 1, autophagy related [Source:MGI Symbol;Acc:MGI:1891828]	12617	-0.33183181285858154	-0.7720102	No	
row_132	Polr3f	polymerase (RNA) III (DNA directed) polypeptide F [Source:MGI Symbol;Acc:MGI:1924086]	12622	-0.33221787214279175	-0.7712628	No	
row_133	Trim41	tripartite motif-containing 41 [Source:MGI Symbol;Acc:MGI:2384814]	12734	-0.3512493073940277	-0.7775207	No	
row_134	Tbk1	TANK-binding kinase 1 [Source:MGI Symbol;Acc:MGI:1929658]	12808	-0.3692692518234253	-0.7812153	No	
row_135	Pde12	phosphodiesterase 12 [Source:MGI Symbol;Acc:MGI:2443226]	12832	-0.3729657828807831	-0.7815981	No	
row_136	Irf2	interferon regulatory factor 2 [Source:MGI Symbol;Acc:MGI:96591]	12868	-0.3798767626285553	-0.782752	No	
row_137	Morc3	microrchidia 3 [Source:MGI Symbol;Acc:MGI:2136841]	12939	-0.39386290311813354	-0.78617364	No	
row_138	Ddit4	DNA-damage-inducible transcript 4 [Source:MGI Symbol;Acc:MGI:1921997]	12967	-0.4008311331272125	-0.78673565	No	
row_139	Rnasel	ribonuclease L (2', 5'-oligoisoadenylate synthetase-dependent) [Source:MGI Symbol;Acc:MGI:1098272]	12970	-0.4013919234275818	-0.78564566	No	
row_140	Gpr146	G protein-coupled receptor 146 [Source:MGI Symbol;Acc:MGI:1933113]	13125	-0.43855899572372437	-0.7944762	No	
row_141	Nt5c3	5'-nucleotidase, cytosolic III [Source:MGI Symbol;Acc:MGI:1927186]	13296	-0.4859841465950012	-0.80421853	No	
row_142	Ifnar2	interferon (alpha and beta) receptor 2 [Source:MGI Symbol;Acc:MGI:1098243]	13431	-0.5319105386734009	-0.81144464	No	
row_143	Adar	adenosine deaminase, RNA-specific [Source:MGI Symbol;Acc:MGI:1889575]	13482	-0.5521957874298096	-0.8130641	No	
row_144	Ifitm7	interferon induced transmembrane protein 7 [Source:MGI Symbol;Acc:MGI:1921732]	13585	-0.5934695601463318	-0.8179904	No	
row_145	Ifngr1	interferon gamma receptor 1 [Source:MGI Symbol;Acc:MGI:107655]	13591	-0.5971054434776306	-0.81650263	No	
row_146	Il33	interleukin 33 [Source:MGI Symbol;Acc:MGI:1924375]	13609	-0.6050872206687927	-0.8157827	No	
row_147	Rela	v-rel reticuloendotheliosis viral oncogene homolog A (avian) [Source:MGI Symbol;Acc:MGI:103290]	13625	-0.612684428691864	-0.8149076	No	
row_148	Traf6	TNF receptor-associated factor 6 [Source:MGI Symbol;Acc:MGI:108072]	13714	-0.6538277268409729	-0.81872606	No	
row_149	Ptpn22	protein tyrosine phosphatase, non-receptor type 22 (lymphoid) [Source:MGI Symbol;Acc:MGI:107170]	13782	-0.6843134760856628	-0.8210655	No	
row_150	Vamp8	vesicle-associated membrane protein 8 [Source:MGI Symbol;Acc:MGI:1336882]	13852	-0.7152400612831116	-0.82344276	No	
row_151	Map3k14	mitogen-activated protein kinase kinase kinase 14 [Source:MGI Symbol;Acc:MGI:1858204]	13931	-0.7592806220054626	-0.82628	No	
row_152	Trim26	tripartite motif-containing 26 [Source:MGI Symbol;Acc:MGI:1337056]	13941	-0.7640314698219299	-0.82454807	No	
row_153	Cgas	cyclic GMP-AMP synthase [Source:MGI Symbol;Acc:MGI:2442261]	13988	-0.7976584434509277	-0.8251562	No	
row_154	Il10rb	interleukin 10 receptor, beta [Source:MGI Symbol;Acc:MGI:109380]	14049	-0.8327741622924805	-0.82658154	No	
row_155	Ticam1	TIR domain containing adaptor molecule 1 [Source:MGI Symbol;Acc:MGI:2147032]	14082	-0.8556047677993774	-0.8260891	No	
row_156	Znfx1	zinc finger, NFX1-type containing 1 [Source:MGI Symbol;Acc:MGI:2138982]	14146	-0.8929374814033508	-0.8275293	No	
row_157	Traf3ip2	TRAF3 interacting protein 2 [Source:MGI Symbol;Acc:MGI:2143599]	14179	-0.9277524352073669	-0.8268172	No	
row_158	Fadd	Fas associated via death domain [Source:MGI Symbol;Acc:MGI:109324]	14215	-0.9544616937637329	-0.8262218	No	
row_159	Sertad3	SERTA domain containing 3 [Source:MGI Symbol;Acc:MGI:2180697]	14361	-1.1126869916915894	-0.8324059	Yes	
row_160	Unc13d	unc-13 homolog D [Source:MGI Symbol;Acc:MGI:1917700]	14365	-1.1171257495880127	-0.82920295	Yes	
row_161	Stat2	signal transducer and activator of transcription 2 [Source:MGI Symbol;Acc:MGI:103039]	14394	-1.1547363996505737	-0.8275358	Yes	
row_162	Samhd1	SAM domain and HD domain, 1 [Source:MGI Symbol;Acc:MGI:1927468]	14423	-1.1817749738693237	-0.8257863	Yes	
row_163	Trim56	tripartite motif-containing 56 [Source:MGI Symbol;Acc:MGI:2685298]	14569	-1.3731642961502075	-0.8311774	Yes	
row_164	Tspan32	tetraspanin 32 [Source:MGI Symbol;Acc:MGI:1350360]	14628	-1.4758557081222534	-0.83051294	Yes	
row_165	Unc93b1	unc-93 homolog B1, TLR signaling regulator [Source:MGI Symbol;Acc:MGI:1859307]	14631	-1.4811433553695679	-0.82613575	Yes	
row_166	Tlr3	toll-like receptor 3 [Source:MGI Symbol;Acc:MGI:2156367]	14643	-1.505021572113037	-0.82227993	Yes	
row_167	Trim12c	tripartite motif-containing 12C [Source:MGI Symbol;Acc:MGI:4821183]	14649	-1.5173454284667969	-0.8179906	Yes	
row_168	Pml	promyelocytic leukemia [Source:MGI Symbol;Acc:MGI:104662]	14668	-1.542829155921936	-0.8144818	Yes	
row_169	Stat1	signal transducer and activator of transcription 1 [Source:MGI Symbol;Acc:MGI:103063]	14671	-1.5451865196228027	-0.8099096	Yes	
row_170	Myd88	myeloid differentiation primary response gene 88 [Source:MGI Symbol;Acc:MGI:108005]	14676	-1.5513466596603394	-0.80545074	Yes	
row_171	Mov10	Mov10 RISC complex RNA helicase [Source:MGI Symbol;Acc:MGI:97054]	14684	-1.5672293901443481	-0.8011415	Yes	
row_172	Rnf135	ring finger protein 135 [Source:MGI Symbol;Acc:MGI:1919206]	14687	-1.5722724199295044	-0.79648685	Yes	
row_173	Ifi203-ps	interferon activated gene 203, pseudogene [Source:MGI Symbol;Acc:MGI:3840117]	14691	-1.5808827877044678	-0.791872	Yes	
row_174	Trim12a	tripartite motif-containing 12A [Source:MGI Symbol;Acc:MGI:1923931]	14692	-1.5810374021530151	-0.7870587	Yes	
row_175	Ifit1bl2	interferon induced protein with tetratricopeptide repeats 1B like 2 [Source:MGI Symbol;Acc:MGI:2148249]	14696	-1.592668890953064	-0.782408	Yes	
row_176	Ifitm3	interferon induced transmembrane protein 3 [Source:MGI Symbol;Acc:MGI:1913391]	14712	-1.6358919143676758	-0.7784179	Yes	
row_177	Isg15	ISG15 ubiquitin-like modifier [Source:MGI Symbol;Acc:MGI:1855694]	14784	-1.8063654899597168	-0.7776053	Yes	
row_178	Nlrp3	NLR family, pyrin domain containing 3 [Source:MGI Symbol;Acc:MGI:2653833]	14789	-1.8187140226364136	-0.77233243	Yes	
row_179	Irf1	interferon regulatory factor 1 [Source:MGI Symbol;Acc:MGI:96590]	14811	-1.8624831438064575	-0.7680485	Yes	
row_180	Ifit1	interferon-induced protein with tetratricopeptide repeats 1 [Source:MGI Symbol;Acc:MGI:99450]	14826	-1.8987250328063965	-0.7631922	Yes	
row_181	Trim25	tripartite motif-containing 25 [Source:MGI Symbol;Acc:MGI:102749]	14829	-1.904001235961914	-0.75752765	Yes	
row_182	Gbp7	guanylate binding protein 7 [Source:MGI Symbol;Acc:MGI:2444421]	14844	-1.9389517307281494	-0.7525488	Yes	
row_183	Pycard	PYD and CARD domain containing [Source:MGI Symbol;Acc:MGI:1931465]	14845	-1.946400761604309	-0.74662316	Yes	
row_184	Cxcl10	C-X-C motif chemokine ligand 10 [Source:MGI Symbol;Acc:MGI:1352450]	14865	-1.9963130950927734	-0.7417998	Yes	
row_185	Ifitm2	interferon induced transmembrane protein 2 [Source:MGI Symbol;Acc:MGI:1933382]	14866	-1.9979737997055054	-0.7357171	Yes	
row_186	Rsad2	radical S-adenosyl methionine domain containing 2 [Source:MGI Symbol;Acc:MGI:1929628]	14874	-2.018421173095703	-0.7300343	Yes	
row_187	Bst2	bone marrow stromal cell antigen 2 [Source:MGI Symbol;Acc:MGI:1916800]	14885	-2.0329341888427734	-0.7245053	Yes	
row_188	Zc3hav1	zinc finger CCCH type, antiviral 1 [Source:MGI Symbol;Acc:MGI:1926031]	14889	-2.0419869422912598	-0.7184867	Yes	
row_189	Il15	interleukin 15 [Source:MGI Symbol;Acc:MGI:103014]	14897	-2.0606555938720703	-0.7126753	Yes	
row_190	Ifit3	interferon-induced protein with tetratricopeptide repeats 3 [Source:MGI Symbol;Acc:MGI:1101055]	14898	-2.060908794403076	-0.70640105	Yes	
row_191	Ifi203	interferon activated gene 203 [Source:MGI Symbol;Acc:MGI:96428]	14921	-2.127992868423462	-0.7013748	Yes	
row_192	Itgax	integrin alpha X [Source:MGI Symbol;Acc:MGI:96609]	14928	-2.1485540866851807	-0.69522977	Yes	
row_193	Igtp	interferon gamma induced GTPase [Source:MGI Symbol;Acc:MGI:107729]	14947	-2.189880847930908	-0.6897511	Yes	
row_194	Trim6	tripartite motif-containing 6 [Source:MGI Symbol;Acc:MGI:2137352]	14950	-2.20326828956604	-0.68317544	Yes	
row_195	Ripk3	receptor-interacting serine-threonine kinase 3 [Source:MGI Symbol;Acc:MGI:2154952]	14951	-2.203356981277466	-0.67646754	Yes	
row_196	Ifit3b	interferon-induced protein with tetratricopeptide repeats 3B [Source:MGI Symbol;Acc:MGI:3698419]	14964	-2.2504079341888428	-0.6704085	Yes	
row_197	Casp1	caspase 1 [Source:MGI Symbol;Acc:MGI:96544]	14968	-2.260185956954956	-0.6637256	Yes	
row_198	Sting1	stimulator of interferon response cGAMP interactor 1 [Source:MGI Symbol;Acc:MGI:1919762]	14972	-2.269554615020752	-0.6570142	Yes	
row_199	Mndal	myeloid nuclear differentiation antigen like [Source:MGI Symbol;Acc:MGI:3780953]	14974	-2.2712693214416504	-0.6501655	Yes	
row_200	Ifitm1	interferon induced transmembrane protein 1 [Source:MGI Symbol;Acc:MGI:1915963]	14977	-2.2766151428222656	-0.6433666	Yes	
row_201	Dtx3l	deltex 3-like, E3 ubiquitin ligase [Source:MGI Symbol;Acc:MGI:2656973]	14984	-2.2925052642822266	-0.6367833	Yes	
row_202	Gbp4	guanylate binding protein 4 [Source:MGI Symbol;Acc:MGI:97072]	14985	-2.2936439514160156	-0.6298005	Yes	
row_203	Eif2ak2	eukaryotic translation initiation factor 2-alpha kinase 2 [Source:MGI Symbol;Acc:MGI:1353449]	14986	-2.2941997051239014	-0.622816	Yes	
row_204	Irgm1	immunity-related GTPase family M member 1 [Source:MGI Symbol;Acc:MGI:107567]	14987	-2.294926404953003	-0.61582935	Yes	
row_205	Rigi	RNA sensor RIG-I [Source:MGI Symbol;Acc:MGI:2442858]	14993	-2.3021128177642822	-0.6091508	Yes	
row_206	Apobec1	apolipoprotein B mRNA editing enzyme, catalytic polypeptide 1 [Source:MGI Symbol;Acc:MGI:103298]	14995	-2.303417682647705	-0.60220426	Yes	
row_207	Rtp4	receptor transporter protein 4 [Source:MGI Symbol;Acc:MGI:1915025]	14996	-2.3041794300079346	-0.5951894	Yes	
row_208	Il6	interleukin 6 [Source:MGI Symbol;Acc:MGI:96559]	14997	-2.304513931274414	-0.5881735	Yes	
row_209	Gbp5	guanylate binding protein 5 [Source:MGI Symbol;Acc:MGI:2429943]	15002	-2.319401741027832	-0.5813764	Yes	
row_210	Ccl5	C-C motif chemokine ligand 5 [Source:MGI Symbol;Acc:MGI:98262]	15003	-2.320327043533325	-0.5743123	Yes	
row_211	Trim30a	tripartite motif-containing 30A [Source:MGI Symbol;Acc:MGI:98178]	15007	-2.3282415866851807	-0.5674222	Yes	
row_212	Pmaip1	phorbol-12-myristate-13-acetate-induced protein 1 [Source:MGI Symbol;Acc:MGI:1930146]	15012	-2.348163604736328	-0.5605375	Yes	
row_213	Trim5	tripartite motif-containing 5 [Source:MGI Symbol;Acc:MGI:3646853]	15016	-2.3537275791168213	-0.5535698	Yes	
row_214	Ifih1	interferon induced with helicase C domain 1 [Source:MGI Symbol;Acc:MGI:1918836]	15019	-2.357480049133301	-0.5465247	Yes	
row_215	Ddx60	DExD/H box helicase 60 [Source:MGI Symbol;Acc:MGI:2384570]	15024	-2.364609718322754	-0.5395899	Yes	
row_216	Cd37	CD37 antigen [Source:MGI Symbol;Acc:MGI:88330]	15027	-2.3744184970855713	-0.53249323	Yes	
row_217	Mx2	MX dynamin-like GTPase 2 [Source:MGI Symbol;Acc:MGI:97244]	15030	-2.378819227218628	-0.5253831	Yes	
row_218	Spn	sialophorin [Source:MGI Symbol;Acc:MGI:98384]	15031	-2.3822696208953857	-0.51813054	Yes	
row_219	Parp9	poly (ADP-ribose) polymerase family, member 9 [Source:MGI Symbol;Acc:MGI:1933117]	15036	-2.3888864517211914	-0.5111218	Yes	
row_220	Ptprc	protein tyrosine phosphatase receptor type C [Source:MGI Symbol;Acc:MGI:97810]	15038	-2.397634506225586	-0.5038884	Yes	
row_221	Trim30d	tripartite motif-containing 30D [Source:MGI Symbol;Acc:MGI:3035181]	15046	-2.4166648387908936	-0.49699318	Yes	
row_222	Oasl2	2'-5' oligoadenylate synthetase-like 2 [Source:MGI Symbol;Acc:MGI:1344390]	15047	-2.4213457107543945	-0.48962164	Yes	
row_223	Apobec3	apolipoprotein B mRNA editing enzyme, catalytic polypeptide 3 [Source:MGI Symbol;Acc:MGI:1933111]	15050	-2.433757781982422	-0.4823443	Yes	
row_224	Zc3h12a	zinc finger CCCH type containing 12A [Source:MGI Symbol;Acc:MGI:2385891]	15056	-2.4416534900665283	-0.47524095	Yes	
row_225	Irf5	interferon regulatory factor 5 [Source:MGI Symbol;Acc:MGI:1350924]	15057	-2.4426302909851074	-0.46780458	Yes	
row_226	Aim2	absent in melanoma 2 [Source:MGI Symbol;Acc:MGI:2686159]	15062	-2.460636615753174	-0.46057743	Yes	
row_227	H2-Q7	histocompatibility 2, Q region locus 7 [Source:MGI Symbol;Acc:MGI:95936]	15066	-2.4679741859436035	-0.45326194	Yes	
row_228	Slfn8	schlafen 8 [Source:MGI Symbol;Acc:MGI:2672859]	15067	-2.469101905822754	-0.44574496	Yes	
row_229	Trim34a	tripartite motif-containing 34A [Source:MGI Symbol;Acc:MGI:2137359]	15081	-2.503077745437622	-0.43898273	Yes	
row_230	Gbp2	guanylate binding protein 2 [Source:MGI Symbol;Acc:MGI:102772]	15086	-2.514849901199341	-0.43159053	Yes	
row_231	Irf7	interferon regulatory factor 7 [Source:MGI Symbol;Acc:MGI:1859212]	15092	-2.53041410446167	-0.42421696	Yes	
row_232	Usp18	ubiquitin specific peptidase 18 [Source:MGI Symbol;Acc:MGI:1344364]	15097	-2.5402445793151855	-0.41674745	Yes	
row_233	Ifnb1	interferon beta 1, fibroblast [Source:MGI Symbol;Acc:MGI:107657]	15104	-2.5572633743286133	-0.40935817	Yes	
row_234	Ifit2	interferon-induced protein with tetratricopeptide repeats 2 [Source:MGI Symbol;Acc:MGI:99449]	15108	-2.5637428760528564	-0.4017511	Yes	
row_235	Tlr7	toll-like receptor 7 [Source:MGI Symbol;Acc:MGI:2176882]	15150	-2.6877198219299316	-0.39627504	Yes	
row_236	Cd40	CD40 antigen [Source:MGI Symbol;Acc:MGI:88336]	15153	-2.693387508392334	-0.3882073	Yes	
row_237	Cd86	CD86 antigen [Source:MGI Symbol;Acc:MGI:101773]	15160	-2.7075791358947754	-0.38036036	Yes	
row_238	Cd8a	CD8 subunit alpha [Source:MGI Symbol;Acc:MGI:88346]	15168	-2.737701416015625	-0.37248775	Yes	
row_239	Oas1a	2'-5' oligoadenylate synthetase 1A [Source:MGI Symbol;Acc:MGI:2180860]	15172	-2.741467237472534	-0.36433962	Yes	
row_240	Zbp1	Z-DNA binding protein 1 [Source:MGI Symbol;Acc:MGI:1927449]	15179	-2.755458116531372	-0.35634694	Yes	
row_241	Plscr1	phospholipid scramblase 1 [Source:MGI Symbol;Acc:MGI:893575]	15180	-2.7605626583099365	-0.34794265	Yes	
row_242	Il1b	interleukin 1 beta [Source:MGI Symbol;Acc:MGI:96543]	15181	-2.7633743286132812	-0.3395298	Yes	
row_243	Oas1c	2'-5' oligoadenylate synthetase 1C [Source:MGI Symbol;Acc:MGI:2149633]	15185	-2.7806854248046875	-0.3312623	Yes	
row_244	Dhx58	DExH-box helicase 58 [Source:MGI Symbol;Acc:MGI:1931560]	15186	-2.7815897464752197	-0.322794	Yes	
row_245	Irgm2	immunity-related GTPase family M member 2 [Source:MGI Symbol;Acc:MGI:1926262]	15188	-2.7880640029907227	-0.314372	Yes	
row_246	Oasl1	2'-5' oligoadenylate synthetase-like 1 [Source:MGI Symbol;Acc:MGI:2180849]	15192	-2.798686981201172	-0.30604967	Yes	
row_247	Ifi209	interferon activated gene 209 [Source:MGI Symbol;Acc:MGI:2138243]	15216	-2.871985912322998	-0.29882443	Yes	
row_248	Traf3ip3	TRAF3 interacting protein 3 [Source:MGI Symbol;Acc:MGI:2441706]	15235	-2.935764789581299	-0.29107493	Yes	
row_249	Oas2	2'-5' oligoadenylate synthetase 2 [Source:MGI Symbol;Acc:MGI:2180852]	15248	-2.9717226028442383	-0.28281993	Yes	
row_250	Ifi213	interferon activated gene 213 [Source:MGI Symbol;Acc:MGI:3695276]	15250	-2.9802963733673096	-0.27381268	Yes	
row_251	Ifit1bl1	interferon induced protein with tetratricpeptide repeats 1B like 1 [Source:MGI Symbol;Acc:MGI:3650685]	15252	-2.993684768676758	-0.2647647	Yes	
row_252	Cxcl9	C-X-C motif chemokine ligand 9 [Source:MGI Symbol;Acc:MGI:1352449]	15254	-3.0131638050079346	-0.2556574	Yes	
row_253	Fgl2	fibrinogen-like protein 2 [Source:MGI Symbol;Acc:MGI:103266]	15258	-3.023555040359497	-0.24665049	Yes	
row_254	Prf1	perforin 1 (pore forming protein) [Source:MGI Symbol;Acc:MGI:97551]	15286	-3.156561851501465	-0.2388229	Yes	
row_255	Ifng	interferon gamma [Source:MGI Symbol;Acc:MGI:107656]	15290	-3.171190023422241	-0.22936654	Yes	
row_256	Nlrc5	NLR family, CARD domain containing 5 [Source:MGI Symbol;Acc:MGI:3612191]	15298	-3.2144079208374023	-0.22004263	Yes	
row_257	Ifi208	interferon activated gene 208 [Source:MGI Symbol;Acc:MGI:2442822]	15302	-3.2272236347198486	-0.21041568	Yes	
row_258	Trim21	tripartite motif-containing 21 [Source:MGI Symbol;Acc:MGI:106657]	15313	-3.2677388191223145	-0.20112744	Yes	
row_259	Oas1b	2'-5' oligoadenylate synthetase 1B [Source:MGI Symbol;Acc:MGI:97430]	15315	-3.299004077911377	-0.19114994	Yes	
row_260	Isg20	interferon-stimulated protein [Source:MGI Symbol;Acc:MGI:1928895]	15319	-3.3070926666259766	-0.18127981	Yes	
row_261	Acod1	aconitate decarboxylase 1 [Source:MGI Symbol;Acc:MGI:103206]	15320	-3.3143413066864014	-0.17118959	Yes	
row_262	Ifi207	interferon activated gene 207 [Source:MGI Symbol;Acc:MGI:2138302]	15350	-3.5752596855163574	-0.16221936	Yes	
row_263	Oas3	2'-5' oligoadenylate synthetase 3 [Source:MGI Symbol;Acc:MGI:2180850]	15353	-3.5899810791015625	-0.151422	Yes	
row_264	Ifi214	interferon activated gene 214 [Source:MGI Symbol;Acc:MGI:3584522]	15358	-3.6673147678375244	-0.14052123	Yes	
row_265	Rnase6	ribonuclease, RNase A family, 6 [Source:MGI Symbol;Acc:MGI:1925666]	15368	-3.7366790771484375	-0.12973934	Yes	
row_266	Il12rb1	interleukin 12 receptor, beta 1 [Source:MGI Symbol;Acc:MGI:104579]	15380	-3.862640857696533	-0.118705995	Yes	
row_267	Ifi206	interferon activated gene 206 [Source:MGI Symbol;Acc:MGI:3646410]	15389	-4.038980960845947	-0.106937766	Yes	
row_268	Gm12250	predicted gene 12250 [Source:MGI Symbol;Acc:MGI:3649299]	15390	-4.051843643188477	-0.09460229	Yes	
row_269	Trim30c	tripartite motif-containing 30C [Source:MGI Symbol;Acc:MGI:4821257]	15391	-4.0568342208862305	-0.082251616	Yes	
row_270	Il12b	interleukin 12b [Source:MGI Symbol;Acc:MGI:96540]	15398	-4.15106201171875	-0.07001014	Yes	
row_271	Tnf	tumor necrosis factor [Source:MGI Symbol;Acc:MGI:104798]	15411	-4.453005790710449	-0.057245493	Yes	
row_272	Trim30b	tripartite motif-containing 30B [Source:MGI Symbol;Acc:MGI:4821256]	15412	-4.527985572814941	-0.043460444	Yes	
row_273	Slfn9	schlafen 9 [Source:MGI Symbol;Acc:MGI:2445121]	15413	-4.570064067840576	-0.02954729	Yes	
row_274	Ifitm6	interferon induced transmembrane protein 6 [Source:MGI Symbol;Acc:MGI:2686976]	15422	-4.900644302368164	-0.015155804	Yes	
row_275	Mlkl	mixed lineage kinase domain-like [Source:MGI Symbol;Acc:MGI:1921818]	15423	-5.0	6.625085E-5	Yes	
