NAME	SYMBOL	TITLE	RANK IN GENE LIST	RANK METRIC SCORE	RUNNING ES	CORE ENRICHMENT	
row_0	OXTR	oxytocin receptor [Source:HGNC Symbol;Acc:HGNC:8529]	205	0.9835965633392334	0.15285629	Yes	
row_1	CACNA1I	calcium voltage-gated channel subunit alpha1 I [Source:HGNC Symbol;Acc:HGNC:1396]	592	0.6319621801376343	0.23197605	Yes	
row_2	SRD5A1	steroid 5 alpha-reductase 1 [Source:HGNC Symbol;Acc:HGNC:11284]	638	0.608271598815918	0.33264408	Yes	
row_3	HCRT	hypocretin neuropeptide precursor [Source:HGNC Symbol;Acc:HGNC:4847]	766	0.5520056486129761	0.41753152	Yes	
row_4	DRD2	dopamine receptor D2 [Source:HGNC Symbol;Acc:HGNC:3023]	836	0.525939404964447	0.50231457	Yes	
row_5	CRH	corticotropin releasing hormone [Source:HGNC Symbol;Acc:HGNC:2355]	1078	0.4484637975692749	0.5609324	Yes	
row_6	ADRB1	adrenoceptor beta 1 [Source:HGNC Symbol;Acc:HGNC:285]	1438	0.3677467703819275	0.5968844	Yes	
row_7	ADORA2A	adenosine A2a receptor [Source:HGNC Symbol;Acc:HGNC:263]	1572	0.3455813527107239	0.646012	Yes	
row_8	GRIN2A	glutamate ionotropic receptor NMDA type subunit 2A [Source:HGNC Symbol;Acc:HGNC:4585]	2594	0.22792844474315643	0.60834813	No	
row_9	KCNA2	potassium voltage-gated channel subfamily A member 2 [Source:HGNC Symbol;Acc:HGNC:6220]	2965	0.19904503226280212	0.61461747	No	
row_10	CHRNB2	cholinergic receptor nicotinic beta 2 subunit [Source:HGNC Symbol;Acc:HGNC:1962]	3923	0.1430443674325943	0.56723875	No	
row_11	PTGDS	prostaglandin D2 synthase [Source:HGNC Symbol;Acc:HGNC:9592]	4804	0.10202808678150177	0.51862484	No	
row_12	ADORA1	adenosine A1 receptor [Source:HGNC Symbol;Acc:HGNC:262]	5058	0.09089777618646622	0.51517916	No	
row_13	OXT	oxytocin/neurophysin I prepropeptide [Source:HGNC Symbol;Acc:HGNC:8528]	5638	0.06732499599456787	0.48322678	No	
row_14	PER3	period circadian regulator 3 [Source:HGNC Symbol;Acc:HGNC:8847]	7438	-0.01258506253361702	0.35031942	No	
row_15	BTBD9	BTB domain containing 9 [Source:HGNC Symbol;Acc:HGNC:21228]	8276	-0.05488671362400055	0.29687008	No	
row_16	SLC29A1	solute carrier family 29 member 1 (Augustine blood group) [Source:HGNC Symbol;Acc:HGNC:11003]	8520	-0.06963326781988144	0.2905378	No	
row_17	IL18	interleukin 18 [Source:HGNC Symbol;Acc:HGNC:5986]	9936	-0.1832057386636734	0.21564436	No	
row_18	FOS	Fos proto-oncogene, AP-1 transcription factor subunit [Source:HGNC Symbol;Acc:HGNC:3796]	10342	-0.2320096492767334	0.2249248	No	
