NAME	SYMBOL	TITLE	RANK IN GENE LIST	RANK METRIC SCORE	RUNNING ES	CORE ENRICHMENT	
row_0	NPAS4	neuronal PAS domain protein 4 [Source:HGNC Symbol;Acc:HGNC:18983]	12	1.930193305015564	0.15220362	Yes	
row_1	GRP	gastrin releasing peptide [Source:HGNC Symbol;Acc:HGNC:4605]	185	1.0170964002609253	0.21994424	Yes	
row_2	SLC6A4	solute carrier family 6 member 4 [Source:HGNC Symbol;Acc:HGNC:11050]	200	0.9865818023681641	0.29714856	Yes	
row_3	OXTR	oxytocin receptor [Source:HGNC Symbol;Acc:HGNC:8529]	205	0.9835965633392334	0.37486824	Yes	
row_4	EN1	engrailed homeobox 1 [Source:HGNC Symbol;Acc:HGNC:3342]	321	0.8404632806777954	0.43288535	Yes	
row_5	TH	tyrosine hydroxylase [Source:HGNC Symbol;Acc:HGNC:11782]	479	0.7049446105957031	0.4769938	Yes	
row_6	MKKS	McKusick-Kaufman syndrome [Source:HGNC Symbol;Acc:HGNC:7108]	1362	0.38228487968444824	0.44097656	Yes	
row_7	SHANK1	SH3 and multiple ankyrin repeat domains 1 [Source:HGNC Symbol;Acc:HGNC:15474]	1475	0.36107057332992554	0.46119308	Yes	
row_8	NR2E1	nuclear receptor subfamily 2 group E member 1 [Source:HGNC Symbol;Acc:HGNC:7973]	1568	0.3460460901260376	0.48172215	Yes	
row_9	PTCHD1	patched domain containing 1 [Source:HGNC Symbol;Acc:HGNC:26392]	2084	0.27465757727622986	0.46477208	Yes	
row_10	DLG4	discs large MAGUK scaffold protein 4 [Source:HGNC Symbol;Acc:HGNC:2903]	2130	0.27092233300209045	0.48287737	Yes	
row_11	VPS13A	vacuolar protein sorting 13 homolog A [Source:HGNC Symbol;Acc:HGNC:1908]	2149	0.2688221335411072	0.5028469	Yes	
row_12	GRID1	glutamate ionotropic receptor delta type subunit 1 [Source:HGNC Symbol;Acc:HGNC:4575]	2170	0.2669645845890045	0.5225187	Yes	
row_13	SHANK2	SH3 and multiple ankyrin repeat domains 2 [Source:HGNC Symbol;Acc:HGNC:14295]	2309	0.25189781188964844	0.5321198	Yes	
row_14	RPTOR	regulatory associated protein of MTOR complex 1 [Source:HGNC Symbol;Acc:HGNC:30287]	2457	0.23850595951080322	0.5399817	Yes	
row_15	SHANK3	SH3 and multiple ankyrin repeat domains 3 [Source:HGNC Symbol;Acc:HGNC:14294]	3074	0.19246502220630646	0.5089151	No	
row_16	NRXN1	neurexin 1 [Source:HGNC Symbol;Acc:HGNC:8008]	3270	0.17910106480121613	0.50845456	No	
row_17	BPIFA1	BPI fold containing family A member 1 [Source:HGNC Symbol;Acc:HGNC:15749]	3744	0.15245556831359863	0.48497033	No	
row_18	PCM1	pericentriolar material 1 [Source:HGNC Symbol;Acc:HGNC:8727]	3895	0.14428432285785675	0.48513278	No	
row_19	ATXN1	ataxin 1 [Source:HGNC Symbol;Acc:HGNC:10548]	3916	0.1432468146085739	0.49499103	No	
row_20	CHRNB2	cholinergic receptor nicotinic beta 2 subunit [Source:HGNC Symbol;Acc:HGNC:1962]	3923	0.1430443674325943	0.50588626	No	
row_21	CNTNAP2	contactin associated protein like 2 [Source:HGNC Symbol;Acc:HGNC:13830]	4074	0.13561134040355682	0.5053607	No	
row_22	EIF4EBP2	eukaryotic translation initiation factor 4E binding protein 2 [Source:HGNC Symbol;Acc:HGNC:3289]	4163	0.13175557553768158	0.50919276	No	
row_23	NLGN3	neuroligin 3 [Source:HGNC Symbol;Acc:HGNC:14289]	4263	0.1268017590045929	0.5118045	No	
row_24	NRXN2	neurexin 2 [Source:HGNC Symbol;Acc:HGNC:8009]	4275	0.12614986300468445	0.5209836	No	
row_25	BBS4	Bardet-Biedl syndrome 4 [Source:HGNC Symbol;Acc:HGNC:969]	4685	0.10711275041103363	0.49871647	No	
row_26	NLGN2	neuroligin 2 [Source:HGNC Symbol;Acc:HGNC:14290]	4884	0.09847917407751083	0.4916352	No	
row_27	CIC	capicua transcriptional repressor [Source:HGNC Symbol;Acc:HGNC:14214]	5304	0.08071162551641464	0.46652177	No	
row_28	OXT	oxytocin/neurophysin I prepropeptide [Source:HGNC Symbol;Acc:HGNC:8528]	5638	0.06732499599456787	0.4468151	No	
row_29	AVP	arginine vasopressin [Source:HGNC Symbol;Acc:HGNC:894]	5793	0.061152562499046326	0.44008252	No	
row_30	DVL1	dishevelled segment polarity protein 1 [Source:HGNC Symbol;Acc:HGNC:3084]	5832	0.0593797042965889	0.4419344	No	
row_31	NRXN3	neurexin 3 [Source:HGNC Symbol;Acc:HGNC:8010]	5862	0.0580487996339798	0.44435766	No	
row_32	EXT1	exostosin glycosyltransferase 1 [Source:HGNC Symbol;Acc:HGNC:3512]	5964	0.05367487296462059	0.4410184	No	
row_33	GAD1	glutamate decarboxylase 1 [Source:HGNC Symbol;Acc:HGNC:4092]	6029	0.051314935088157654	0.44027495	No	
row_34	MECP2	methyl-CpG binding protein 2 [Source:HGNC Symbol;Acc:HGNC:6990]	6075	0.04904519021511078	0.44078055	No	
row_35	MAPK8IP2	mitogen-activated protein kinase 8 interacting protein 2 [Source:HGNC Symbol;Acc:HGNC:6883]	6462	0.03156266361474991	0.4142507	No	
row_36	BRINP1	BMP/retinoic acid inducible neural specific 1 [Source:HGNC Symbol;Acc:HGNC:2687]	6763	0.01845989003777504	0.3931501	No	
row_37	CX3CR1	C-X3-C motif chemokine receptor 1 [Source:HGNC Symbol;Acc:HGNC:2558]	6884	0.013490796089172363	0.38519424	No	
row_38	CHD8	chromodomain helicase DNA binding protein 8 [Source:HGNC Symbol;Acc:HGNC:20153]	7054	0.005072382744401693	0.37288505	No	
row_39	PTEN	phosphatase and tensin homolog [Source:HGNC Symbol;Acc:HGNC:9588]	8613	-0.0750245675444603	0.26164922	No	
row_40	TBX1	T-box 1 [Source:HGNC Symbol;Acc:HGNC:11592]	9048	-0.10393469035625458	0.23724966	No	
row_41	CLN8	CLN8 transmembrane ER and ERGIC protein [Source:HGNC Symbol;Acc:HGNC:2079]	10629	-0.27258986234664917	0.14003028	No	
row_42	ATXN1L	ataxin 1 like [Source:HGNC Symbol;Acc:HGNC:33279]	10795	-0.29772496223449707	0.15123564	No	
row_43	TREM2	triggering receptor expressed on myeloid cells 2 [Source:HGNC Symbol;Acc:HGNC:17761]	11625	-0.5038224458694458	0.12884544	No	
