NAME	SYMBOL	TITLE	RANK IN GENE LIST	RANK METRIC SCORE	RUNNING ES	CORE ENRICHMENT	
row_0	Rab3b	RAB3B, member RAS oncogene family [Source:MGI Symbol;Acc:MGI:1917158]	2362	0.3147471845149994	-0.1513786	No	
row_1	Flt3	FMS-like tyrosine kinase 3 [Source:MGI Symbol;Acc:MGI:95559]	2431	0.3052869141101837	-0.15323491	No	
row_2	Rab3c	RAB3C, member RAS oncogene family [Source:MGI Symbol;Acc:MGI:1914545]	3640	0.2027449905872345	-0.23030184	No	
row_3	Rab4a	RAB4A, member RAS oncogene family [Source:MGI Symbol;Acc:MGI:105069]	4349	0.16218966245651245	-0.275104	No	
row_4	Ighm	immunoglobulin heavy constant mu [Source:MGI Symbol;Acc:MGI:96448]	4996	0.13169346749782562	-0.3161204	No	
row_5	Rab5b	RAB5B, member RAS oncogene family [Source:MGI Symbol;Acc:MGI:105938]	5149	0.12486162036657333	-0.32497847	No	
row_6	Mfsd6	major facilitator superfamily domain containing 6 [Source:MGI Symbol;Acc:MGI:1922925]	5834	0.096888467669487	-0.36876696	No	
row_7	Ap3d1	adaptor-related protein complex 3, delta 1 subunit [Source:MGI Symbol;Acc:MGI:107734]	5946	0.09255210310220718	-0.37522414	No	
row_8	Rab6a	RAB6A, member RAS oncogene family [Source:MGI Symbol;Acc:MGI:894313]	6199	0.08254017680883408	-0.39096114	No	
row_9	Ide	insulin degrading enzyme [Source:MGI Symbol;Acc:MGI:96412]	6537	0.06987130641937256	-0.41234833	No	
row_10	Abcc1	ATP-binding cassette, sub-family C member 1 [Source:MGI Symbol;Acc:MGI:102676]	6888	0.056941013783216476	-0.43469253	No	
row_11	Ext1	exostosin glycosyltransferase 1 [Source:MGI Symbol;Acc:MGI:894663]	6967	0.05367487296462059	-0.43932596	No	
row_12	Rab33a	RAB33A, member RAS oncogene family [Source:MGI Symbol;Acc:MGI:109493]	7623	0.026653632521629333	-0.4818164	No	
row_13	Bag6	BCL2-associated athanogene 6 [Source:MGI Symbol;Acc:MGI:1919439]	7700	0.023978112265467644	-0.4865702	No	
row_14	Arl8b	ADP-ribosylation factor-like 8B [Source:MGI Symbol;Acc:MGI:1914416]	7898	0.016360748559236526	-0.4992793	No	
row_15	Mr1	major histocompatibility complex, class I-related [Source:MGI Symbol;Acc:MGI:1195463]	7982	0.012948499992489815	-0.50458276	No	
row_16	Ap3b1	adaptor-related protein complex 3, beta 1 subunit [Source:MGI Symbol;Acc:MGI:1333879]	8018	0.011089328676462173	-0.5067716	No	
row_17	Calr	calreticulin [Source:MGI Symbol;Acc:MGI:88252]	8198	0.002841582987457514	-0.518421	No	
row_18	Atg5	autophagy related 5 [Source:MGI Symbol;Acc:MGI:1277186]	8454	-0.007538876961916685	-0.53498703	No	
row_19	Pdia3	protein disulfide isomerase associated 3 [Source:MGI Symbol;Acc:MGI:95834]	9257	-0.042089417576789856	-0.5869337	No	
row_20	Rab35	RAB35, member RAS oncogene family [Source:MGI Symbol;Acc:MGI:1924657]	9267	-0.04255678504705429	-0.5871612	No	
row_21	Marchf8	membrane associated ring-CH-type finger 8 [Source:MGI Symbol;Acc:MGI:1919029]	9269	-0.04261592775583267	-0.5868665	No	
row_22	Pikfyve	phosphoinositide kinase, FYVE type zinc finger containing [Source:MGI Symbol;Acc:MGI:1335106]	9377	-0.048307739198207855	-0.5934365	No	
row_23	H2-T13	histocompatibility 2, T region locus 13 [Source:MGI Symbol;Acc:MGI:95945]	9822	-0.07124589383602142	-0.62179005	No	
row_24	Rab10	RAB10, member RAS oncogene family [Source:MGI Symbol;Acc:MGI:105066]	9897	-0.07506129890680313	-0.625982	No	
row_25	Rab34	RAB34, member RAS oncogene family [Source:MGI Symbol;Acc:MGI:104606]	10212	-0.09377778321504593	-0.6456674	No	
row_26	Washc1	WASH complex subunit 1 [Source:MGI Symbol;Acc:MGI:1916017]	10387	-0.10428185015916824	-0.656134	No	
row_27	Psap	prosaposin [Source:MGI Symbol;Acc:MGI:97783]	11116	-0.15750382840633392	-0.70228	No	
row_28	Ythdf1	YTH N6-methyladenosine RNA binding protein 1 [Source:MGI Symbol;Acc:MGI:1917431]	11893	-0.23587073385715485	-0.7508945	No	
row_29	Marchf1	membrane associated ring-CH-type finger 1 [Source:MGI Symbol;Acc:MGI:1920175]	11970	-0.24416415393352509	-0.7537887	No	
row_30	Gba1	glucosylceramidase beta 1 [Source:MGI Symbol;Acc:MGI:95665]	12144	-0.26508694887161255	-0.76283205	No	
row_31	Rftn1	raftlin lipid raft linker 1 [Source:MGI Symbol;Acc:MGI:1923688]	12411	-0.3028486967086792	-0.77762145	No	
row_32	Ctsl	cathepsin L [Source:MGI Symbol;Acc:MGI:88564]	12480	-0.3133236765861511	-0.7794099	No	
row_33	H2-T24	histocompatibility 2, T region locus 24 [Source:MGI Symbol;Acc:MGI:95958]	13078	-0.42471209168434143	-0.8147561	No	
row_34	Trem2	triggering receptor expressed on myeloid cells 2 [Source:MGI Symbol;Acc:MGI:1913150]	13349	-0.5038224458694458	-0.828109	No	
row_35	Rab8b	RAB8B, member RAS oncogene family [Source:MGI Symbol;Acc:MGI:2442982]	13414	-0.5269289016723633	-0.82783264	No	
row_36	Rab27a	RAB27A, member RAS oncogene family [Source:MGI Symbol;Acc:MGI:1861441]	13483	-0.5529008507728577	-0.82759774	No	
row_37	Lgmn	legumain [Source:MGI Symbol;Acc:MGI:1330838]	13685	-0.6407631039619446	-0.83529437	No	
row_38	Traf6	TNF receptor-associated factor 6 [Source:MGI Symbol;Acc:MGI:108072]	13714	-0.6538277268409729	-0.8315985	No	
row_39	Ptpn22	protein tyrosine phosphatase, non-receptor type 22 (lymphoid) [Source:MGI Symbol;Acc:MGI:107170]	13782	-0.6843134760856628	-0.8301886	No	
row_40	Psme2	proteasome (prosome, macropain) activator subunit 2 (PA28 beta) [Source:MGI Symbol;Acc:MGI:1096365]	14100	-0.868838906288147	-0.8435239	No	
row_41	Ctss	cathepsin S [Source:MGI Symbol;Acc:MGI:107341]	14366	-1.117204189300537	-0.8513705	Yes	
row_42	B2m	beta-2 microglobulin [Source:MGI Symbol;Acc:MGI:88127]	14367	-1.118391513824463	-0.8419252	Yes	
row_43	Hfe	homeostatic iron regulator [Source:MGI Symbol;Acc:MGI:109191]	14391	-1.152908205986023	-0.8336884	Yes	
row_44	Psme1	proteasome (prosome, macropain) activator subunit 1 (PA28 alpha) [Source:MGI Symbol;Acc:MGI:1096367]	14408	-1.1656479835510254	-0.8248874	Yes	
row_45	Fcgr3	Fc receptor, IgG, low affinity III [Source:MGI Symbol;Acc:MGI:95500]	14430	-1.1911050081253052	-0.8161976	Yes	
row_46	H2-DMa	histocompatibility 2, class II, locus DMa [Source:MGI Symbol;Acc:MGI:95921]	14455	-1.2230600118637085	-0.8074334	Yes	
row_47	Nod1	nucleotide-binding oligomerization domain containing 1 [Source:MGI Symbol;Acc:MGI:1341839]	14513	-1.3084510564804077	-0.80010027	Yes	
row_48	Tapbp	TAP binding protein [Source:MGI Symbol;Acc:MGI:1201689]	14521	-1.3183774948120117	-0.7894225	Yes	
row_49	H2-D1	histocompatibility 2, D region locus 1 [Source:MGI Symbol;Acc:MGI:95896]	14527	-1.3243019580841064	-0.77856433	Yes	
row_50	Tapbpl	TAP binding protein-like [Source:MGI Symbol;Acc:MGI:2384853]	14538	-1.3398839235305786	-0.7679006	Yes	
row_51	H2-T22	histocompatibility 2, T region locus 22 [Source:MGI Symbol;Acc:MGI:95956]	14598	-1.4313725233078003	-0.7596597	Yes	
row_52	Unc93b1	unc-93 homolog B1, TLR signaling regulator [Source:MGI Symbol;Acc:MGI:1859307]	14631	-1.4811433553695679	-0.7492377	Yes	
row_53	Tap2	transporter 2, ATP-binding cassette, sub-family B (MDR/TAP) [Source:MGI Symbol;Acc:MGI:98484]	14651	-1.5208073854446411	-0.73763293	Yes	
row_54	H2-K1	histocompatibility 2, K1, K region [Source:MGI Symbol;Acc:MGI:95904]	14674	-1.5491504669189453	-0.72598445	Yes	
row_55	H2-DMb2	histocompatibility 2, class II, locus Mb2 [Source:MGI Symbol;Acc:MGI:95923]	14764	-1.7442938089370728	-0.7170572	Yes	
row_56	Relb	avian reticuloendotheliosis viral (v-rel) oncogene related B [Source:MGI Symbol;Acc:MGI:103289]	14777	-1.789119839668274	-0.70272994	Yes	
row_57	Nod2	nucleotide-binding oligomerization domain containing 2 [Source:MGI Symbol;Acc:MGI:2429397]	14821	-1.8870857954025269	-0.68959695	Yes	
row_58	Pycard	PYD and CARD domain containing [Source:MGI Symbol;Acc:MGI:1931465]	14845	-1.946400761604309	-0.6746587	Yes	
row_59	Fcer1g	Fc receptor, IgE, high affinity I, gamma polypeptide [Source:MGI Symbol;Acc:MGI:95496]	14849	-1.9575062990188599	-0.6583224	Yes	
row_60	Clec4a2	C-type lectin domain family 4, member a2 [Source:MGI Symbol;Acc:MGI:1349412]	14864	-1.9953676462173462	-0.6423837	Yes	
row_61	Cd1d1	CD1d1 antigen [Source:MGI Symbol;Acc:MGI:107674]	14872	-2.011352062225342	-0.62585354	Yes	
row_62	Cd68	CD68 antigen [Source:MGI Symbol;Acc:MGI:88342]	14890	-2.0428152084350586	-0.60970974	Yes	
row_63	Slc11a1	solute carrier family 11 (proton-coupled divalent metal ion transporters), member 1 [Source:MGI Symbol;Acc:MGI:1345275]	14895	-2.0568742752075195	-0.59259945	Yes	
row_64	Mpeg1	macrophage expressed gene 1 [Source:MGI Symbol;Acc:MGI:1333743]	14910	-2.093082904815674	-0.57583547	Yes	
row_65	Tap1	transporter 1, ATP-binding cassette, sub-family B (MDR/TAP) [Source:MGI Symbol;Acc:MGI:98483]	14919	-2.113363265991211	-0.558509	Yes	
row_66	Ifi30	interferon gamma inducible protein 30 [Source:MGI Symbol;Acc:MGI:2137648]	14979	-2.2797436714172363	-0.5431033	Yes	
row_67	Ccr7	C-C motif chemokine receptor 7 [Source:MGI Symbol;Acc:MGI:103011]	14982	-2.284374713897705	-0.52394116	Yes	
row_68	Psmb8	proteasome (prosome, macropain) subunit, beta type 8 (large multifunctional peptidase 7) [Source:MGI Symbol;Acc:MGI:1346527]	14988	-2.2958343029022217	-0.504878	Yes	
row_69	Wdfy4	WD repeat and FYVE domain containing 4 [Source:MGI Symbol;Acc:MGI:3584510]	14998	-2.304975748062134	-0.48599845	Yes	
row_70	Cd74	CD74 antigen (invariant polypeptide of major histocompatibility complex, class II antigen-associated) [Source:MGI Symbol;Acc:MGI:96534]	15010	-2.3369808197021484	-0.46697903	Yes	
row_71	Was	Wiskott-Aldrich syndrome [Source:MGI Symbol;Acc:MGI:105059]	15063	-2.46127986907959	-0.44958365	Yes	
row_72	H2-Q7	histocompatibility 2, Q region locus 7 [Source:MGI Symbol;Acc:MGI:95936]	15066	-2.4679741859436035	-0.428871	Yes	
row_73	Clec4a3	C-type lectin domain family 4, member a3 [Source:MGI Symbol;Acc:MGI:1920399]	15084	-2.514216184616089	-0.40874606	Yes	
row_74	H2-Q4	histocompatibility 2, Q region locus 4 [Source:MGI Symbol;Acc:MGI:95933]	15088	-2.5195188522338867	-0.38766333	Yes	
row_75	H2-Ab1	histocompatibility 2, class II antigen A, beta 1 [Source:MGI Symbol;Acc:MGI:103070]	15137	-2.6507036685943604	-0.36840734	Yes	
row_76	Fcgr2b	Fc receptor, IgG, low affinity IIb [Source:MGI Symbol;Acc:MGI:95499]	15178	-2.755366563796997	-0.3477457	Yes	
row_77	H2-M3	histocompatibility 2, M region locus 3 [Source:MGI Symbol;Acc:MGI:95915]	15183	-2.7687342166900635	-0.32462344	Yes	
row_78	Thbs1	thrombospondin 1 [Source:MGI Symbol;Acc:MGI:98737]	15189	-2.7934417724609375	-0.30135775	Yes	
row_79	H2-Eb1	histocompatibility 2, class II antigen E beta [Source:MGI Symbol;Acc:MGI:95901]	15201	-2.8336691856384277	-0.27814358	Yes	
row_80	Psmb9	proteasome (prosome, macropain) subunit, beta type 9 (large multifunctional peptidase 2) [Source:MGI Symbol;Acc:MGI:1346526]	15217	-2.8734195232391357	-0.2548546	Yes	
row_81	Rab32	RAB32, member RAS oncogene family [Source:MGI Symbol;Acc:MGI:1915094]	15237	-2.9396822452545166	-0.23126683	Yes	
row_82	H2-Aa	histocompatibility 2, class II antigen A, alpha [Source:MGI Symbol;Acc:MGI:95895]	15239	-2.9440526962280273	-0.20646828	Yes	
row_83	Icam1	intercellular adhesion molecule 1 [Source:MGI Symbol;Acc:MGI:96392]	15247	-2.96921706199646	-0.18184853	Yes	
row_84	Fgl2	fibrinogen-like protein 2 [Source:MGI Symbol;Acc:MGI:103266]	15258	-3.023555040359497	-0.1569655	Yes	
row_85	H2-DMb1	histocompatibility 2, class II, locus Mb1 [Source:MGI Symbol;Acc:MGI:95922]	15270	-3.0603208541870117	-0.13183717	Yes	
row_86	Fcgr4	Fc receptor, IgG, low affinity IV [Source:MGI Symbol;Acc:MGI:2179523]	15278	-3.108071804046631	-0.10604472	Yes	
row_87	Ifng	interferon gamma [Source:MGI Symbol;Acc:MGI:107656]	15290	-3.171190023422241	-0.07998006	Yes	
row_88	Fcgr1	Fc receptor, IgG, high affinity I [Source:MGI Symbol;Acc:MGI:95498]	15299	-3.2211050987243652	-0.053298205	Yes	
row_89	H2-Q6	histocompatibility 2, Q region locus 6 [Source:MGI Symbol;Acc:MGI:95935]	15334	-3.4526796340942383	-0.026356187	Yes	
row_90	H2-T23	histocompatibility 2, T region locus 23 [Source:MGI Symbol;Acc:MGI:95957]	15377	-3.80800199508667	0.0030649607	Yes	
