NAME	SYMBOL	TITLE	RANK IN GENE LIST	RANK METRIC SCORE	RUNNING ES	CORE ENRICHMENT	
row_0	NPAS4	neuronal PAS domain protein 4 [Source:HGNC Symbol;Acc:HGNC:18983]	12	1.930193305015564	0.05876697	Yes	
row_1	CHRNA6	cholinergic receptor nicotinic alpha 6 subunit [Source:HGNC Symbol;Acc:HGNC:15963]	18	1.6984312534332275	0.11089786	Yes	
row_2	NTSR1	neurotensin receptor 1 [Source:HGNC Symbol;Acc:HGNC:8039]	32	1.5379160642623901	0.15746157	Yes	
row_3	GABRE	gamma-aminobutyric acid type A receptor epsilon subunit [Source:HGNC Symbol;Acc:HGNC:4085]	390	0.7771886587142944	0.15450507	Yes	
row_4	CHRNB3	cholinergic receptor nicotinic beta 3 subunit [Source:HGNC Symbol;Acc:HGNC:1963]	401	0.7629923224449158	0.17733794	Yes	
row_5	OPRM1	opioid receptor mu 1 [Source:HGNC Symbol;Acc:HGNC:8156]	544	0.6595636010169983	0.18699588	Yes	
row_6	MPP2	membrane palmitoylated protein 2 [Source:HGNC Symbol;Acc:HGNC:7220]	590	0.6338721513748169	0.20319135	Yes	
row_7	UNC13B	unc-13 homolog B [Source:HGNC Symbol;Acc:HGNC:12566]	711	0.577250599861145	0.21196738	Yes	
row_8	HCRT	hypocretin neuropeptide precursor [Source:HGNC Symbol;Acc:HGNC:4847]	766	0.5520056486129761	0.2249516	Yes	
row_9	STX1A	syntaxin 1A [Source:HGNC Symbol;Acc:HGNC:11433]	800	0.5397592782974243	0.23914449	Yes	
row_10	DRD2	dopamine receptor D2 [Source:HGNC Symbol;Acc:HGNC:3023]	836	0.525939404964447	0.25275898	Yes	
row_11	INSYN2A	inhibitory synaptic factor 2A [Source:HGNC Symbol;Acc:HGNC:33859]	988	0.4762367010116577	0.2560689	Yes	
row_12	GLRA2	glycine receptor alpha 2 [Source:HGNC Symbol;Acc:HGNC:4327]	1004	0.4698556363582611	0.26946118	Yes	
row_13	GRIK1	glutamate ionotropic receptor kainate type subunit 1 [Source:HGNC Symbol;Acc:HGNC:4579]	1114	0.4398171007633209	0.27481976	Yes	
row_14	GABRB2	gamma-aminobutyric acid type A receptor beta2 subunit [Source:HGNC Symbol;Acc:HGNC:4082]	1149	0.42970046401023865	0.2855345	Yes	
row_15	GRIK3	glutamate ionotropic receptor kainate type subunit 3 [Source:HGNC Symbol;Acc:HGNC:4581]	1244	0.41047707200050354	0.29111975	Yes	
row_16	GLRA1	glycine receptor alpha 1 [Source:HGNC Symbol;Acc:HGNC:4326]	1269	0.40417248010635376	0.30180115	Yes	
row_17	SLC8A3	solute carrier family 8 member A3 [Source:HGNC Symbol;Acc:HGNC:11070]	1397	0.3738899528980255	0.30376095	Yes	
row_18	ADRB1	adrenoceptor beta 1 [Source:HGNC Symbol;Acc:HGNC:285]	1438	0.3677467703819275	0.3121068	Yes	
row_19	SHANK1	SH3 and multiple ankyrin repeat domains 1 [Source:HGNC Symbol;Acc:HGNC:15474]	1475	0.36107057332992554	0.3205486	Yes	
row_20	ADORA2A	adenosine A2a receptor [Source:HGNC Symbol;Acc:HGNC:263]	1572	0.3455813527107239	0.32397637	Yes	
row_21	GABRA2	gamma-aminobutyric acid type A receptor alpha2 subunit [Source:HGNC Symbol;Acc:HGNC:4076]	1579	0.3442772626876831	0.33416656	Yes	
row_22	IGSF11	immunoglobulin superfamily member 11 [Source:HGNC Symbol;Acc:HGNC:16669]	1633	0.336626797914505	0.3405677	Yes	
row_23	LRRK2	leucine rich repeat kinase 2 [Source:HGNC Symbol;Acc:HGNC:18618]	1712	0.32532379031181335	0.34472975	Yes	
row_24	GRIK5	glutamate ionotropic receptor kainate type subunit 5 [Source:HGNC Symbol;Acc:HGNC:4583]	1726	0.3233686685562134	0.35374442	Yes	
row_25	INSYN1	inhibitory synaptic factor 1 [Source:HGNC Symbol;Acc:HGNC:33753]	1756	0.3189253509044647	0.36141235	Yes	
row_26	GRIN3A	glutamate ionotropic receptor NMDA type subunit 3A [Source:HGNC Symbol;Acc:HGNC:16767]	1785	0.3143176734447479	0.3690134	Yes	
row_27	GRIN2D	glutamate ionotropic receptor NMDA type subunit 2D [Source:HGNC Symbol;Acc:HGNC:4588]	1799	0.3115476667881012	0.37766263	Yes	
row_28	SLC8A2	solute carrier family 8 member A2 [Source:HGNC Symbol;Acc:HGNC:11069]	1960	0.2918285131454468	0.37459108	Yes	
row_29	GRIN2B	glutamate ionotropic receptor NMDA type subunit 2B [Source:HGNC Symbol;Acc:HGNC:4586]	1989	0.28811949491500854	0.38138223	Yes	
row_30	DLG4	discs large MAGUK scaffold protein 4 [Source:HGNC Symbol;Acc:HGNC:2903]	2130	0.27092233300209045	0.37917605	Yes	
row_31	GRID1	glutamate ionotropic receptor delta type subunit 1 [Source:HGNC Symbol;Acc:HGNC:4575]	2170	0.2669645845890045	0.3844817	Yes	
row_32	SEZ6	seizure related 6 homolog [Source:HGNC Symbol;Acc:HGNC:15955]	2214	0.2619551122188568	0.38933015	Yes	
row_33	STX1B	syntaxin 1B [Source:HGNC Symbol;Acc:HGNC:18539]	2266	0.2564835250377655	0.39340472	Yes	
row_34	CUX2	cut like homeobox 2 [Source:HGNC Symbol;Acc:HGNC:19347]	2287	0.25448089838027954	0.39976057	Yes	
row_35	P2RX6	purinergic receptor P2X 6 [Source:HGNC Symbol;Acc:HGNC:8538]	2302	0.25228893756866455	0.40650216	Yes	
row_36	GABRA3	gamma-aminobutyric acid type A receptor alpha3 subunit [Source:HGNC Symbol;Acc:HGNC:4077]	2374	0.24523790180683136	0.40871736	Yes	
row_37	RIMS1	regulating synaptic membrane exocytosis 1 [Source:HGNC Symbol;Acc:HGNC:17282]	2380	0.24451066553592682	0.41589874	Yes	
row_38	GABRA5	gamma-aminobutyric acid type A receptor alpha5 subunit [Source:HGNC Symbol;Acc:HGNC:4079]	2388	0.2440633326768875	0.4229151	Yes	
row_39	GABRA6	gamma-aminobutyric acid type A receptor alpha6 subunit [Source:HGNC Symbol;Acc:HGNC:4080]	2416	0.2420453280210495	0.4283574	Yes	
row_40	GABRA4	gamma-aminobutyric acid type A receptor alpha4 subunit [Source:HGNC Symbol;Acc:HGNC:4078]	2541	0.2323676198720932	0.42616865	Yes	
row_41	PRKCZ	protein kinase C zeta [Source:HGNC Symbol;Acc:HGNC:9412]	2570	0.23019728064537048	0.43116903	Yes	
row_42	CHRM1	cholinergic receptor muscarinic 1 [Source:HGNC Symbol;Acc:HGNC:1950]	2571	0.23013287782669067	0.43828383	Yes	
row_43	GRIN2A	glutamate ionotropic receptor NMDA type subunit 2A [Source:HGNC Symbol;Acc:HGNC:4585]	2594	0.22792844474315643	0.44366762	Yes	
row_44	GRIK4	glutamate ionotropic receptor kainate type subunit 4 [Source:HGNC Symbol;Acc:HGNC:4582]	2698	0.21926574409008026	0.4426611	Yes	
row_45	MEF2C	myocyte enhancer factor 2C [Source:HGNC Symbol;Acc:HGNC:6996]	2719	0.2177361398935318	0.44788092	Yes	
row_46	RGS4	regulator of G protein signaling 4 [Source:HGNC Symbol;Acc:HGNC:10000]	2783	0.21286025643348694	0.44969985	Yes	
row_47	RIMS2	regulating synaptic membrane exocytosis 2 [Source:HGNC Symbol;Acc:HGNC:17283]	2836	0.2081899344921112	0.45220578	Yes	
row_48	TMEM25	transmembrane protein 25 [Source:HGNC Symbol;Acc:HGNC:25890]	3066	0.1929549276828766	0.44086206	Yes	
row_49	SHANK3	SH3 and multiple ankyrin repeat domains 3 [Source:HGNC Symbol;Acc:HGNC:14294]	3074	0.19246502220630646	0.44628322	Yes	
row_50	GRIA3	glutamate ionotropic receptor AMPA type subunit 3 [Source:HGNC Symbol;Acc:HGNC:4573]	3101	0.19033116102218628	0.4502023	Yes	
row_51	SNCA	synuclein alpha [Source:HGNC Symbol;Acc:HGNC:11138]	3150	0.18686185777187347	0.45235118	Yes	
row_52	GRM5	glutamate metabotropic receptor 5 [Source:HGNC Symbol;Acc:HGNC:4597]	3257	0.18006090819835663	0.44990587	Yes	
row_53	NRXN1	neurexin 1 [Source:HGNC Symbol;Acc:HGNC:8008]	3270	0.17910106480121613	0.45453596	Yes	
row_54	TMEM108	transmembrane protein 108 [Source:HGNC Symbol;Acc:HGNC:28451]	3359	0.17371372878551483	0.45325494	Yes	
row_55	GRIN2C	glutamate ionotropic receptor NMDA type subunit 2C [Source:HGNC Symbol;Acc:HGNC:4587]	3461	0.1685272455215454	0.45083097	Yes	
row_56	GABRD	gamma-aminobutyric acid type A receptor delta subunit [Source:HGNC Symbol;Acc:HGNC:4084]	3515	0.1649884432554245	0.45192572	Yes	
row_57	GABRG2	gamma-aminobutyric acid type A receptor gamma2 subunit [Source:HGNC Symbol;Acc:HGNC:4087]	3557	0.1623065024614334	0.45384458	Yes	
row_58	GABRG3	gamma-aminobutyric acid type A receptor gamma3 subunit [Source:HGNC Symbol;Acc:HGNC:4088]	3612	0.15859399735927582	0.45466605	Yes	
row_59	GLRA3	glycine receptor alpha 3 [Source:HGNC Symbol;Acc:HGNC:4328]	3677	0.1554291695356369	0.45463383	No	
row_60	CHRNA5	cholinergic receptor nicotinic alpha 5 subunit [Source:HGNC Symbol;Acc:HGNC:1959]	3816	0.14812105894088745	0.44878232	No	
row_61	CHRNB2	cholinergic receptor nicotinic beta 2 subunit [Source:HGNC Symbol;Acc:HGNC:1962]	3923	0.1430443674325943	0.44519258	No	
row_62	DMPK	DM1 protein kinase [Source:HGNC Symbol;Acc:HGNC:2933]	3993	0.1395813524723053	0.4442925	No	
row_63	GLRB	glycine receptor beta [Source:HGNC Symbol;Acc:HGNC:4329]	4051	0.1364881992340088	0.44420376	No	
row_64	GRIK2	glutamate ionotropic receptor kainate type subunit 2 [Source:HGNC Symbol;Acc:HGNC:4580]	4068	0.1358218938112259	0.44719347	No	
row_65	RGS7BP	regulator of G protein signaling 7 binding protein [Source:HGNC Symbol;Acc:HGNC:23271]	4094	0.1344786137342453	0.44946137	No	
row_66	GABRA1	gamma-aminobutyric acid type A receptor alpha1 subunit [Source:HGNC Symbol;Acc:HGNC:4075]	4105	0.13397563993930817	0.4528475	No	
row_67	BAIAP2	BAI1 associated protein 2 [Source:HGNC Symbol;Acc:HGNC:947]	4151	0.1324700564146042	0.4535416	No	
row_68	NLGN3	neuroligin 3 [Source:HGNC Symbol;Acc:HGNC:14289]	4263	0.1268017590045929	0.4490718	No	
row_69	ABAT	4-aminobutyrate aminotransferase [Source:HGNC Symbol;Acc:HGNC:23]	4303	0.12483958154916763	0.4499835	No	
row_70	GABRB1	gamma-aminobutyric acid type A receptor beta1 subunit [Source:HGNC Symbol;Acc:HGNC:4081]	4437	0.1181936040520668	0.44358468	No	
row_71	NETO1	neuropilin and tolloid like 1 [Source:HGNC Symbol;Acc:HGNC:13823]	4510	0.11458343267440796	0.44168496	No	
row_72	CDK5	cyclin dependent kinase 5 [Source:HGNC Symbol;Acc:HGNC:1774]	4629	0.10983932018280029	0.43616164	No	
row_73	GRIN1	glutamate ionotropic receptor NMDA type subunit 1 [Source:HGNC Symbol;Acc:HGNC:4584]	4633	0.10977210104465485	0.4393286	No	
row_74	GRIA1	glutamate ionotropic receptor AMPA type subunit 1 [Source:HGNC Symbol;Acc:HGNC:4571]	4723	0.1055392175912857	0.43586433	No	
row_75	PPP3CA	protein phosphatase 3 catalytic subunit alpha [Source:HGNC Symbol;Acc:HGNC:9314]	4793	0.10240132361650467	0.43381476	No	
row_76	RAB3GAP1	RAB3 GTPase activating protein catalytic subunit 1 [Source:HGNC Symbol;Acc:HGNC:17063]	4794	0.10237498581409454	0.4369798	No	
row_77	NLGN2	neuroligin 2 [Source:HGNC Symbol;Acc:HGNC:14290]	4884	0.09847917407751083	0.43329725	No	
row_78	ADORA1	adenosine A1 receptor [Source:HGNC Symbol;Acc:HGNC:262]	5058	0.09089777618646622	0.42303112	No	
row_79	CELF4	CUGBP Elav-like family member 4 [Source:HGNC Symbol;Acc:HGNC:14015]	5132	0.08783724904060364	0.42022893	No	
row_80	CHRNA4	cholinergic receptor nicotinic alpha 4 subunit [Source:HGNC Symbol;Acc:HGNC:1958]	5171	0.08601465821266174	0.4200159	No	
row_81	GSK3B	glycogen synthase kinase 3 beta [Source:HGNC Symbol;Acc:HGNC:4617]	5665	0.06616725027561188	0.38479775	No	
row_82	GSK3A	glycogen synthase kinase 3 alpha [Source:HGNC Symbol;Acc:HGNC:4616]	5726	0.06378316879272461	0.3822345	No	
row_83	DVL1	dishevelled segment polarity protein 1 [Source:HGNC Symbol;Acc:HGNC:3084]	5832	0.0593797042965889	0.3761338	No	
row_84	GABBR1	gamma-aminobutyric acid type B receptor subunit 1 [Source:HGNC Symbol;Acc:HGNC:4070]	5923	0.05584099516272545	0.37105745	No	
row_85	GRM1	glutamate metabotropic receptor 1 [Source:HGNC Symbol;Acc:HGNC:4593]	5933	0.05529075488448143	0.37208655	No	
row_86	RELN	reelin [Source:HGNC Symbol;Acc:HGNC:9957]	6016	0.05173012614250183	0.36748782	No	
row_87	MECP2	methyl-CpG binding protein 2 [Source:HGNC Symbol;Acc:HGNC:6990]	6075	0.04904519021511078	0.36462012	No	
row_88	KCND2	potassium voltage-gated channel subfamily D member 2 [Source:HGNC Symbol;Acc:HGNC:6238]	6182	0.04399726167321205	0.35796827	No	
row_89	MAPK8IP2	mitogen-activated protein kinase 8 interacting protein 2 [Source:HGNC Symbol;Acc:HGNC:6883]	6462	0.03156266361474991	0.3378556	No	
row_90	APP	amyloid beta precursor protein [Source:HGNC Symbol;Acc:HGNC:620]	6607	0.02479456551373005	0.3277378	No	
row_91	GABRG1	gamma-aminobutyric acid type A receptor gamma1 subunit [Source:HGNC Symbol;Acc:HGNC:4086]	6778	0.01792346127331257	0.31544235	No	
row_92	KCNA1	potassium voltage-gated channel subfamily A member 1 [Source:HGNC Symbol;Acc:HGNC:6218]	7356	-0.008738091215491295	0.2720995	No	
row_93	NLGN1	neuroligin 1 [Source:HGNC Symbol;Acc:HGNC:14291]	7573	-0.01949862390756607	0.2563758	No	
row_94	GRID2	glutamate ionotropic receptor delta type subunit 2 [Source:HGNC Symbol;Acc:HGNC:4576]	7951	-0.03750511258840561	0.22903946	No	
row_95	CBLN1	cerebellin 1 precursor [Source:HGNC Symbol;Acc:HGNC:1543]	8312	-0.057084254920482635	0.20359339	No	
row_96	SLC29A1	solute carrier family 29 member 1 (Augustine blood group) [Source:HGNC Symbol;Acc:HGNC:11003]	8520	-0.06963326781988144	0.19009992	No	
row_97	PTEN	phosphatase and tensin homolog [Source:HGNC Symbol;Acc:HGNC:9588]	8613	-0.0750245675444603	0.1854655	No	
row_98	AKT1	AKT serine/threonine kinase 1 [Source:HGNC Symbol;Acc:HGNC:391]	8641	-0.07684662938117981	0.18580048	No	
row_99	PTK2B	protein tyrosine kinase 2 beta [Source:HGNC Symbol;Acc:HGNC:9612]	9536	-0.14084367454051971	0.12258111	No	
row_100	WNT7A	Wnt family member 7A [Source:HGNC Symbol;Acc:HGNC:12786]	10385	-0.23758912086486816	0.06582968	No	
row_101	EIF4A3	eukaryotic translation initiation factor 4A3 [Source:HGNC Symbol;Acc:HGNC:18683]	10447	-0.24504941701889038	0.06879491	No	
row_102	P2RX4	purinergic receptor P2X 4 [Source:HGNC Symbol;Acc:HGNC:8535]	10660	-0.2780075967311859	0.061365627	No	
row_103	P2RX5	purinergic receptor P2X 5 [Source:HGNC Symbol;Acc:HGNC:8536]	10675	-0.2802623212337494	0.068972036	No	
row_104	MTMR2	myotubularin related protein 2 [Source:HGNC Symbol;Acc:HGNC:7450]	10944	-0.3214624524116516	0.058653403	No	
row_105	ARRB2	arrestin beta 2 [Source:HGNC Symbol;Acc:HGNC:712]	11184	-0.3717876076698303	0.052082613	No	
row_106	CHRNB1	cholinergic receptor nicotinic beta 1 subunit [Source:HGNC Symbol;Acc:HGNC:1961]	12109	-0.7636473774909973	0.0058503193	No	
row_107	P2RX7	purinergic receptor P2X 7 [Source:HGNC Symbol;Acc:HGNC:8537]	12203	-0.830166757106781	0.024486337	No	
row_108	S1PR2	sphingosine-1-phosphate receptor 2 [Source:HGNC Symbol;Acc:HGNC:3169]	12896	-1.9804539680480957	0.033408828	No	
