NAME	SYMBOL	TITLE	RANK IN GENE LIST	RANK METRIC SCORE	RUNNING ES	CORE ENRICHMENT	
row_0	Pf4	platelet factor 4 [Source:MGI Symbol;Acc:MGI:1888711]	379	0.9280303716659546	-0.022861468	No	
row_1	Cd46	CD46 antigen, complement regulatory protein [Source:MGI Symbol;Acc:MGI:1203290]	687	0.7108524441719055	-0.04148019	No	
row_2	Enpp1	ectonucleotide pyrophosphatase/phosphodiesterase 1 [Source:MGI Symbol;Acc:MGI:97370]	1019	0.5784317255020142	-0.062015872	No	
row_3	Trpm4	transient receptor potential cation channel, subfamily M, member 4 [Source:MGI Symbol;Acc:MGI:1915917]	1028	0.5763267874717712	-0.06113194	No	
row_4	Ephb6	Eph receptor B6 [Source:MGI Symbol;Acc:MGI:1096338]	1037	0.5735828280448914	-0.060254738	No	
row_5	Aplf	aprataxin and PNKP like factor [Source:MGI Symbol;Acc:MGI:1919353]	1202	0.5228782296180725	-0.069849566	No	
row_6	Tmem98	transmembrane protein 98 [Source:MGI Symbol;Acc:MGI:1923457]	1206	0.5220269560813904	-0.06876726	No	
row_7	Il4	interleukin 4 [Source:MGI Symbol;Acc:MGI:96556]	1379	0.47648885846138	-0.07900659	No	
row_8	Kmt5c	lysine methyltransferase 5C [Source:MGI Symbol;Acc:MGI:2385262]	1413	0.46825796365737915	-0.08004617	No	
row_9	Shld1	shieldin complex subunit 1 [Source:MGI Symbol;Acc:MGI:1920997]	1672	0.41480594873428345	-0.09614133	No	
row_10	Prr7	proline rich 7 (synaptic) [Source:MGI Symbol;Acc:MGI:3487246]	1712	0.40814507007598877	-0.09772644	No	
row_11	Ighg2c	immunoglobulin heavy constant gamma 2C [Source:MGI Symbol;Acc:MGI:2686979]	1744	0.4025301933288574	-0.09879469	No	
row_12	Cd4	CD4 antigen [Source:MGI Symbol;Acc:MGI:88335]	1919	0.3724377453327179	-0.10942208	No	
row_13	Ephb2	Eph receptor B2 [Source:MGI Symbol;Acc:MGI:99611]	2001	0.3605872094631195	-0.1139098	No	
row_14	Pou2f2	POU domain, class 2, transcription factor 2 [Source:MGI Symbol;Acc:MGI:101897]	2422	0.30613407492637634	-0.14101726	No	
row_15	Xrcc4	X-ray repair complementing defective repair in Chinese hamster cells 4 [Source:MGI Symbol;Acc:MGI:1333799]	2515	0.2976006269454956	-0.14638922	No	
row_16	Vegfa	vascular endothelial growth factor A [Source:MGI Symbol;Acc:MGI:103178]	2535	0.29523929953575134	-0.14692484	No	
row_17	Lig4	ligase IV, DNA, ATP-dependent [Source:MGI Symbol;Acc:MGI:1335098]	2684	0.27806273102760315	-0.15605927	No	
row_18	Msh2	mutS homolog 2 [Source:MGI Symbol;Acc:MGI:101816]	3179	0.23531974852085114	-0.18824899	No	
row_19	Socs5	suppressor of cytokine signaling 5 [Source:MGI Symbol;Acc:MGI:2385459]	3195	0.23403799533843994	-0.18866952	No	
row_20	Lef1	lymphoid enhancer binding factor 1 [Source:MGI Symbol;Acc:MGI:96770]	3196	0.23399358987808228	-0.18809518	No	
row_21	Prkcz	protein kinase C, zeta [Source:MGI Symbol;Acc:MGI:97602]	3256	0.23019728064537048	-0.19144368	No	
row_22	Prkcb	protein kinase C, beta [Source:MGI Symbol;Acc:MGI:97596]	3314	0.2252962440252304	-0.19467154	No	
row_23	Mef2c	myocyte enhancer factor 2C [Source:MGI Symbol;Acc:MGI:99458]	3422	0.2177361398935318	-0.20123447	No	
row_24	Prkcq	protein kinase C, theta [Source:MGI Symbol;Acc:MGI:97601]	3540	0.20861954987049103	-0.20848311	No	
row_25	Hras	Harvey rat sarcoma virus oncogene [Source:MGI Symbol;Acc:MGI:96224]	3718	0.19736522436141968	-0.2197392	No	
row_26	Ufl1	UFM1 specific ligase 1 [Source:MGI Symbol;Acc:MGI:1914740]	3996	0.18139345943927765	-0.23766755	No	
row_27	Cd55	CD55 molecule, decay accelerating factor for complement [Source:MGI Symbol;Acc:MGI:104850]	4075	0.1763404905796051	-0.24240851	No	
row_28	Mlh1	mutL homolog 1 [Source:MGI Symbol;Acc:MGI:101938]	4207	0.16988244652748108	-0.25068083	No	
row_29	Shld2	shieldin complex subunit 2 [Source:MGI Symbol;Acc:MGI:1922948]	4273	0.16610905528068542	-0.2545846	No	
row_30	Sanbr	SANT and BTB domain regulator of CSR [Source:MGI Symbol;Acc:MGI:1918925]	4316	0.16400448977947235	-0.25696796	No	
row_31	Ighm	immunoglobulin heavy constant mu [Source:MGI Symbol;Acc:MGI:96448]	4996	0.13169346749782562	-0.3016832	No	
row_32	Jag1	jagged 1 [Source:MGI Symbol;Acc:MGI:1095416]	5017	0.13080409169197083	-0.30268875	No	
row_33	Alcam	activated leukocyte cell adhesion molecule [Source:MGI Symbol;Acc:MGI:1313266]	5110	0.12658971548080444	-0.30848044	No	
row_34	Smad7	SMAD family member 7 [Source:MGI Symbol;Acc:MGI:1100518]	5135	0.12548799812793732	-0.3097644	No	
row_35	Susd4	sushi domain containing 4 [Source:MGI Symbol;Acc:MGI:2138351]	5136	0.12542270123958588	-0.30945653	No	
row_36	Rif1	replication timing regulatory factor 1 [Source:MGI Symbol;Acc:MGI:1098622]	5192	0.12283960729837418	-0.3128032	No	
row_37	Tyk2	tyrosine kinase 2 [Source:MGI Symbol;Acc:MGI:1929470]	5195	0.12264292687177658	-0.31263486	No	
row_38	Klhl22	kelch-like 22 [Source:MGI Symbol;Acc:MGI:1337995]	5231	0.12104836106300354	-0.3146593	No	
row_39	Zbtb1	zinc finger and BTB domain containing 1 [Source:MGI Symbol;Acc:MGI:2442326]	5301	0.11796639859676361	-0.31894657	No	
row_40	Nsd2	nuclear receptor binding SET domain protein 2 [Source:MGI Symbol;Acc:MGI:1276574]	5307	0.11771050840616226	-0.3189893	No	
row_41	Hmces	5-hydroxymethylcytosine (hmC) binding, ES cell specific [Source:MGI Symbol;Acc:MGI:1914053]	5417	0.11319224536418915	-0.3259415	No	
row_42	Dusp22	dual specificity phosphatase 22 [Source:MGI Symbol;Acc:MGI:1915926]	5473	0.11111384630203247	-0.32931697	No	
row_43	Camk4	calcium/calmodulin-dependent protein kinase IV [Source:MGI Symbol;Acc:MGI:88258]	5517	0.10947391390800476	-0.33190048	No	
row_44	Mtor	mechanistic target of rapamycin kinase [Source:MGI Symbol;Acc:MGI:1928394]	5665	0.10360562801361084	-0.34139678	No	
row_45	Hspa8	heat shock protein 8 [Source:MGI Symbol;Acc:MGI:105384]	5674	0.10325077176094055	-0.341674	No	
row_46	Dlg1	discs large MAGUK scaffold protein 1 [Source:MGI Symbol;Acc:MGI:107231]	5760	0.09974069893360138	-0.3470673	No	
row_47	Mfsd6	major facilitator superfamily domain containing 6 [Source:MGI Symbol;Acc:MGI:1922925]	5834	0.096888467669487	-0.3516716	No	
row_48	Nedd4	neural precursor cell expressed, developmentally down-regulated 4 [Source:MGI Symbol;Acc:MGI:97297]	5856	0.09611724317073822	-0.35282865	No	
row_49	Pms2	PMS1 homolog2, mismatch repair system component [Source:MGI Symbol;Acc:MGI:104288]	5861	0.09578385949134827	-0.35285887	No	
row_50	Opa1	OPA1, mitochondrial dynamin like GTPase [Source:MGI Symbol;Acc:MGI:1921393]	5878	0.09514905512332916	-0.3536866	No	
row_51	Ndfip1	Nedd4 family interacting protein 1 [Source:MGI Symbol;Acc:MGI:1929601]	5913	0.0937916487455368	-0.35571164	No	
row_52	Bach2	BTB and CNC homology, basic leucine zipper transcription factor 2 [Source:MGI Symbol;Acc:MGI:894679]	6003	0.09030946344137192	-0.36139342	No	
row_53	Hprt1	hypoxanthine phosphoribosyltransferase 1 [Source:MGI Symbol;Acc:MGI:96217]	6309	0.0781039446592331	-0.38143253	No	
row_54	Card9	caspase recruitment domain family, member 9 [Source:MGI Symbol;Acc:MGI:2685628]	6355	0.07664771378040314	-0.38422927	No	
row_55	Ctnnbl1	catenin, beta like 1 [Source:MGI Symbol;Acc:MGI:1913892]	6386	0.07558445632457733	-0.38603368	No	
row_56	Tfrc	transferrin receptor [Source:MGI Symbol;Acc:MGI:98822]	6408	0.07494381070137024	-0.38724267	No	
row_57	Tsc1	TSC complex subunit 1 [Source:MGI Symbol;Acc:MGI:1929183]	6481	0.07206759601831436	-0.3918416	No	
row_58	Phb1	prohibitin 1 [Source:MGI Symbol;Acc:MGI:97572]	6515	0.07078352570533752	-0.39385676	No	
row_59	Rnf168	ring finger protein 168 [Source:MGI Symbol;Acc:MGI:1917488]	6738	0.06274642795324326	-0.40842813	No	
row_60	Cr2	complement receptor 2 [Source:MGI Symbol;Acc:MGI:88489]	6783	0.06101199984550476	-0.41119695	No	
row_61	Trim27	tripartite motif-containing 27 [Source:MGI Symbol;Acc:MGI:97904]	6987	0.05295974761247635	-0.42453206	No	
row_62	Otub1	OTU domain, ubiquitin aldehyde binding 1 [Source:MGI Symbol;Acc:MGI:2147616]	6994	0.05269128456711769	-0.42480072	No	
row_63	Ppp3cb	protein phosphatase 3, catalytic subunit, beta isoform [Source:MGI Symbol;Acc:MGI:107163]	6995	0.05269104987382889	-0.42467138	No	
row_64	Ywhag	tyrosine 3-monooxygenase/tryptophan 5-monooxygenase activation protein, gamma polypeptide [Source:MGI Symbol;Acc:MGI:108109]	7106	0.048321135342121124	-0.43184915	No	
row_65	Fyn	Fyn proto-oncogene [Source:MGI Symbol;Acc:MGI:95602]	7272	0.040975913405418396	-0.4426931	No	
row_66	Nbn	nibrin [Source:MGI Symbol;Acc:MGI:1351625]	7355	0.037998128682374954	-0.44803897	No	
row_67	Kcnj8	potassium inwardly-rectifying channel, subfamily J, member 8 [Source:MGI Symbol;Acc:MGI:1100508]	7531	0.03092506341636181	-0.4595709	No	
row_68	Emp2	epithelial membrane protein 2 [Source:MGI Symbol;Acc:MGI:1098726]	7785	0.020889833569526672	-0.47630128	No	
row_69	Ep300	E1A binding protein p300 [Source:MGI Symbol;Acc:MGI:1276116]	7804	0.019705791026353836	-0.47744685	No	
row_70	Cx3cr1	C-X3-C motif chemokine receptor 1 [Source:MGI Symbol;Acc:MGI:1333815]	7966	0.013490796089172363	-0.48809296	No	
row_71	Mr1	major histocompatibility complex, class I-related [Source:MGI Symbol;Acc:MGI:1195463]	7982	0.012948499992489815	-0.48905614	No	
row_72	Paxip1	PAX interacting (with transcription-activation domain) protein 1 [Source:MGI Symbol;Acc:MGI:1890430]	8040	0.00983131118118763	-0.49281287	No	
row_73	Brd4	bromodomain containing 4 [Source:MGI Symbol;Acc:MGI:1888520]	8130	0.005677942186594009	-0.49870235	No	
row_74	Eif2ak4	eukaryotic translation initiation factor 2 alpha kinase 4 [Source:MGI Symbol;Acc:MGI:1353427]	8320	-0.002228036057204008	-0.5112334	No	
row_75	Map3k7	mitogen-activated protein kinase kinase kinase 7 [Source:MGI Symbol;Acc:MGI:1346877]	8323	-0.002356388373300433	-0.5113602	No	
row_76	Ebag9	estrogen receptor-binding fragment-associated gene 9 [Source:MGI Symbol;Acc:MGI:1859920]	8360	-0.0037415989208966494	-0.51373893	No	
row_77	Il2	interleukin 2 [Source:MGI Symbol;Acc:MGI:96548]	8445	-0.007063490804284811	-0.51929337	No	
row_78	Pag1	phosphoprotein associated with glycosphingolipid microdomains 1 [Source:MGI Symbol;Acc:MGI:2443160]	8490	-0.008953835815191269	-0.52219	No	
row_79	Trp53bp1	transformation related protein 53 binding protein 1 [Source:MGI Symbol;Acc:MGI:1351320]	8543	-0.011310144327580929	-0.5256114	No	
row_80	Rc3h2	ring finger and CCCH-type zinc finger domains 2 [Source:MGI Symbol;Acc:MGI:2442789]	8573	-0.012477763928472996	-0.5275043	No	
row_81	Otud7b	OTU domain containing 7B [Source:MGI Symbol;Acc:MGI:2654703]	8591	-0.012929491698741913	-0.5286002	No	
row_82	Hspd1	heat shock protein 1 (chaperonin) [Source:MGI Symbol;Acc:MGI:96242]	8597	-0.013060055673122406	-0.52889985	No	
row_83	Mcoln1	mucolipin 1 [Source:MGI Symbol;Acc:MGI:1890498]	8598	-0.013071250170469284	-0.5288677	No	
row_84	Crtam	cytotoxic and regulatory T cell molecule [Source:MGI Symbol;Acc:MGI:1859822]	8607	-0.013651235960423946	-0.5293649	No	
row_85	Tfe3	transcription factor E3 [Source:MGI Symbol;Acc:MGI:98511]	8757	-0.020260831341147423	-0.5391984	No	
row_86	Akirin2	akirin 2 [Source:MGI Symbol;Acc:MGI:1889364]	8859	-0.024124056100845337	-0.5458386	No	
row_87	Tnfrsf21	tumor necrosis factor receptor superfamily, member 21 [Source:MGI Symbol;Acc:MGI:2151075]	8974	-0.028916755691170692	-0.5533293	No	
row_88	Rora	RAR-related orphan receptor alpha [Source:MGI Symbol;Acc:MGI:104661]	9093	-0.03497491031885147	-0.56107044	No	
row_89	Prkaa1	protein kinase, AMP-activated, alpha 1 catalytic subunit [Source:MGI Symbol;Acc:MGI:2145955]	9176	-0.03867869824171066	-0.56641465	No	
row_90	Pdia3	protein disulfide isomerase associated 3 [Source:MGI Symbol;Acc:MGI:95834]	9257	-0.042089417576789856	-0.5716178	No	
row_91	Marchf8	membrane associated ring-CH-type finger 8 [Source:MGI Symbol;Acc:MGI:1919029]	9269	-0.04261592775583267	-0.5722428	No	
row_92	Atad5	ATPase family, AAA domain containing 5 [Source:MGI Symbol;Acc:MGI:2442925]	9482	-0.053510796278715134	-0.58617353	No	
row_93	Kmt5b	lysine methyltransferase 5B [Source:MGI Symbol;Acc:MGI:2444557]	9510	-0.05491992458701134	-0.5878297	No	
row_94	Gata3	GATA binding protein 3 [Source:MGI Symbol;Acc:MGI:95663]	9548	-0.05682508647441864	-0.59014446	No	
row_95	Jam3	junction adhesion molecule 3 [Source:MGI Symbol;Acc:MGI:1933825]	9597	-0.05936213955283165	-0.5931826	No	
row_96	Eomes	eomesodermin [Source:MGI Symbol;Acc:MGI:1201683]	9683	-0.06422706693410873	-0.5986631	No	
row_97	Cd81	CD81 antigen [Source:MGI Symbol;Acc:MGI:1096398]	9704	-0.0650256797671318	-0.5998301	No	
row_98	Supt6	SPT6, histone chaperone and transcription elongation factor [Source:MGI Symbol;Acc:MGI:107726]	9793	-0.06971243023872375	-0.60549605	No	
row_99	H2-T13	histocompatibility 2, T region locus 13 [Source:MGI Symbol;Acc:MGI:95945]	9822	-0.07124589383602142	-0.60717845	No	
row_100	Rc3h1	RING CCCH (C3H) domains 1 [Source:MGI Symbol;Acc:MGI:2685397]	9839	-0.07200045883655548	-0.608063	No	
row_101	Stard7	StAR related lipid transfer domain containing 7 [Source:MGI Symbol;Acc:MGI:2139090]	9844	-0.07233810424804688	-0.6081508	No	
row_102	Kdelr1	KDEL (Lys-Asp-Glu-Leu) endoplasmic reticulum protein retention receptor 1 [Source:MGI Symbol;Acc:MGI:1915387]	9845	-0.07238815724849701	-0.6079731	No	
row_103	C1qbp	complement component 1, q subcomponent binding protein [Source:MGI Symbol;Acc:MGI:1194505]	10001	-0.0819370299577713	-0.61805326	No	
row_104	Rnf8	ring finger protein 8 [Source:MGI Symbol;Acc:MGI:1929069]	10010	-0.08245417475700378	-0.6183815	No	
row_105	Stx7	syntaxin 7 [Source:MGI Symbol;Acc:MGI:1858210]	10056	-0.08486060798168182	-0.62115806	No	
row_106	Msh6	mutS homolog 6 [Source:MGI Symbol;Acc:MGI:1343961]	10220	-0.09406300634145737	-0.6317391	No	
row_107	Lyst	lysosomal trafficking regulator [Source:MGI Symbol;Acc:MGI:107448]	10231	-0.09465184807777405	-0.6321701	No	
row_108	Cyrib	CYFIP related Rac1 interactor B [Source:MGI Symbol;Acc:MGI:1923520]	10406	-0.10513588786125183	-0.64345354	No	
row_109	Gfus	GDP-L-fucose synthase [Source:MGI Symbol;Acc:MGI:98857]	10544	-0.11300797760486603	-0.65226346	No	
row_110	Dusp10	dual specificity phosphatase 10 [Source:MGI Symbol;Acc:MGI:1927070]	10879	-0.1371394842863083	-0.67408127	No	
row_111	Ptk2b	PTK2 protein tyrosine kinase 2 beta [Source:MGI Symbol;Acc:MGI:104908]	10939	-0.14084367454051971	-0.6776491	No	
row_112	Hmgb1	high mobility group box 1 [Source:MGI Symbol;Acc:MGI:96113]	11073	-0.15266485512256622	-0.6860964	No	
row_113	Mif	macrophage migration inhibitory factor (glycosylation-inhibiting factor) [Source:MGI Symbol;Acc:MGI:96982]	11220	-0.16628685593605042	-0.69537246	No	
row_114	Slc15a4	solute carrier family 15, member 4 [Source:MGI Symbol;Acc:MGI:2140796]	11305	-0.17477574944496155	-0.7005153	No	
row_115	Brd2	bromodomain containing 2 [Source:MGI Symbol;Acc:MGI:99495]	11337	-0.17734363675117493	-0.7021362	No	
row_116	Otud5	OTU domain containing 5 [Source:MGI Symbol;Acc:MGI:1859615]	11374	-0.1812400221824646	-0.7040793	No	
row_117	Sema4a	sema domain, immunoglobulin domain (Ig), transmembrane domain (TM) and short cytoplasmic domain, (semaphorin) 4A [Source:MGI Symbol;Acc:MGI:107560]	11389	-0.18259111046791077	-0.70455974	No	
row_118	Il18	interleukin 18 [Source:MGI Symbol;Acc:MGI:107936]	11397	-0.1832057386636734	-0.70457435	No	
row_119	Pik3cd	phosphatidylinositol-4,5-bisphosphate 3-kinase catalytic subunit delta [Source:MGI Symbol;Acc:MGI:1098211]	11514	-0.19529178738594055	-0.71178937	No	
row_120	Sirt1	sirtuin 1 [Source:MGI Symbol;Acc:MGI:2135607]	11575	-0.20096233487129211	-0.71527594	No	
row_121	Dbnl	drebrin-like [Source:MGI Symbol;Acc:MGI:700006]	11607	-0.20394490659236908	-0.7168316	No	
row_122	Exosc3	exosome component 3 [Source:MGI Symbol;Acc:MGI:1913612]	11687	-0.21316932141780853	-0.72154856	No	
row_123	Entpd7	ectonucleoside triphosphate diphosphohydrolase 7 [Source:MGI Symbol;Acc:MGI:2135885]	11743	-0.21888776123523712	-0.72465944	No	
row_124	Pkn1	protein kinase N1 [Source:MGI Symbol;Acc:MGI:108022]	11784	-0.22395913302898407	-0.726763	No	
row_125	Fbxo38	F-box protein 38 [Source:MGI Symbol;Acc:MGI:2444639]	11792	-0.22501645982265472	-0.726675	No	
row_126	Prkcd	protein kinase C, delta [Source:MGI Symbol;Acc:MGI:97598]	11795	-0.22514791786670685	-0.72625506	No	
row_127	Cr1l	complement C3b/C4b receptor 1 like [Source:MGI Symbol;Acc:MGI:88513]	11808	-0.22655810415744781	-0.7264949	No	
row_128	Dpp4	dipeptidylpeptidase 4 [Source:MGI Symbol;Acc:MGI:94919]	11913	-0.23846042156219482	-0.732808	No	
row_129	Pcyt1a	phosphate cytidylyltransferase 1, choline, alpha isoform [Source:MGI Symbol;Acc:MGI:88557]	11967	-0.24371011555194855	-0.73572534	No	
row_130	Gba1	glucosylceramidase beta 1 [Source:MGI Symbol;Acc:MGI:95665]	12144	-0.26508694887161255	-0.74674886	No	
row_131	Bcl6	B cell leukemia/lymphoma 6 [Source:MGI Symbol;Acc:MGI:107187]	12176	-0.27032357454299927	-0.74814165	No	
row_132	Dennd1b	DENN domain containing 1B [Source:MGI Symbol;Acc:MGI:2447812]	12348	-0.29408881068229675	-0.75876236	No	
row_133	Il20rb	interleukin 20 receptor beta [Source:MGI Symbol;Acc:MGI:2143266]	12359	-0.29539915919303894	-0.7587006	No	
row_134	Vsir	V-set immunoregulatory receptor [Source:MGI Symbol;Acc:MGI:1921298]	12380	-0.29802560806274414	-0.7592957	No	
row_135	Rftn1	raftlin lipid raft linker 1 [Source:MGI Symbol;Acc:MGI:1923688]	12411	-0.3028486967086792	-0.7605423	No	
row_136	Csk	c-src tyrosine kinase [Source:MGI Symbol;Acc:MGI:88537]	12448	-0.3086056113243103	-0.7621727	No	
row_137	Traf2	TNF receptor-associated factor 2 [Source:MGI Symbol;Acc:MGI:101835]	12482	-0.3134261667728424	-0.76359236	No	
row_138	Ercc1	excision repair cross-complementing rodent repair deficiency, complementation group 1 [Source:MGI Symbol;Acc:MGI:95412]	12636	-0.3341098725795746	-0.77292085	No	
row_139	Tfeb	transcription factor EB [Source:MGI Symbol;Acc:MGI:103270]	12748	-0.35466882586479187	-0.77941304	No	
row_140	Crlf2	cytokine receptor-like factor 2 [Source:MGI Symbol;Acc:MGI:1889506]	12912	-0.38758668303489685	-0.7892736	No	
row_141	Bcl10	B cell leukemia/lymphoma 10 [Source:MGI Symbol;Acc:MGI:1337994]	12943	-0.3952125906944275	-0.79029346	No	
row_142	Adam17	a disintegrin and metallopeptidase domain 17 [Source:MGI Symbol;Acc:MGI:1096335]	12996	-0.40658193826675415	-0.7927447	No	
row_143	Ahr	aryl-hydrocarbon receptor [Source:MGI Symbol;Acc:MGI:105043]	13003	-0.40796828269958496	-0.7921414	No	
row_144	Fosl2	fos-like antigen 2 [Source:MGI Symbol;Acc:MGI:102858]	13059	-0.4219963550567627	-0.79475373	No	
row_145	H2-T24	histocompatibility 2, T region locus 24 [Source:MGI Symbol;Acc:MGI:95958]	13078	-0.42471209168434143	-0.79490525	No	
row_146	Foxj1	forkhead box J1 [Source:MGI Symbol;Acc:MGI:1347474]	13080	-0.4254794716835022	-0.79392725	No	
row_147	Prkd2	protein kinase D2 [Source:MGI Symbol;Acc:MGI:2141917]	13082	-0.4261758625507355	-0.79294753	No	
row_148	Mad2l2	MAD2 mitotic arrest deficient-like 2 [Source:MGI Symbol;Acc:MGI:1919140]	13088	-0.4283888041973114	-0.79222775	No	
row_149	Cracr2a	calcium release activated channel regulator 2A [Source:MGI Symbol;Acc:MGI:2685919]	13159	-0.4475226104259491	-0.79577243	No	
row_150	Notch1	notch 1 [Source:MGI Symbol;Acc:MGI:97363]	13207	-0.459946870803833	-0.7977611	No	
row_151	Tbx21	T-box 21 [Source:MGI Symbol;Acc:MGI:1888984]	13216	-0.46224460005760193	-0.79715717	No	
row_152	Orai1	ORAI calcium release-activated calcium modulator 1 [Source:MGI Symbol;Acc:MGI:1925542]	13263	-0.47619086503982544	-0.79903954	No	
row_153	Gpr183	G protein-coupled receptor 183 [Source:MGI Symbol;Acc:MGI:2442034]	13277	-0.48073843121528625	-0.7987219	No	
row_154	Dclre1c	DNA cross-link repair 1C [Source:MGI Symbol;Acc:MGI:2441769]	13305	-0.4895789623260498	-0.79931116	No	
row_155	Rnf19b	ring finger protein 19B [Source:MGI Symbol;Acc:MGI:1922484]	13332	-0.4984840154647827	-0.79981226	No	
row_156	Pvr	poliovirus receptor [Source:MGI Symbol;Acc:MGI:107741]	13340	-0.5014012455940247	-0.79904586	No	
row_157	Trem2	triggering receptor expressed on myeloid cells 2 [Source:MGI Symbol;Acc:MGI:1913150]	13349	-0.5038224458694458	-0.7983399	No	
row_158	Rab27a	RAB27A, member RAS oncogene family [Source:MGI Symbol;Acc:MGI:1861441]	13483	-0.5529008507728577	-0.8058048	No	
row_159	Zbtb7b	zinc finger and BTB domain containing 7B [Source:MGI Symbol;Acc:MGI:102755]	13540	-0.5764588713645935	-0.8081044	No	
row_160	Jak2	Janus kinase 2 [Source:MGI Symbol;Acc:MGI:96629]	13602	-0.6027401089668274	-0.81067115	No	
row_161	Il33	interleukin 33 [Source:MGI Symbol;Acc:MGI:1924375]	13609	-0.6050872206687927	-0.80958396	No	
row_162	Ager	advanced glycosylation end product-specific receptor [Source:MGI Symbol;Acc:MGI:893592]	13621	-0.6114444732666016	-0.80881286	No	
row_163	Traf6	TNF receptor-associated factor 6 [Source:MGI Symbol;Acc:MGI:108072]	13714	-0.6538277268409729	-0.81331044	No	
row_164	Fcmr	Fc fragment of IgM receptor [Source:MGI Symbol;Acc:MGI:1916419]	13720	-0.6551854610443115	-0.81203395	No	
row_165	Jchain	immunoglobulin joining chain [Source:MGI Symbol;Acc:MGI:96493]	13749	-0.668448805809021	-0.81225055	No	
row_166	Rorc	RAR-related orphan receptor gamma [Source:MGI Symbol;Acc:MGI:104856]	13769	-0.6768618226051331	-0.8118495	No	
row_167	Il17ra	interleukin 17 receptor A [Source:MGI Symbol;Acc:MGI:107399]	13800	-0.6918795704841614	-0.8121412	No	
row_168	Cfh	complement component factor h [Source:MGI Symbol;Acc:MGI:88385]	13850	-0.7140789031982422	-0.8136387	No	
row_169	Gadd45g	growth arrest and DNA-damage-inducible 45 gamma [Source:MGI Symbol;Acc:MGI:1346325]	13855	-0.7172627449035645	-0.8121435	No	
row_170	Nfkbid	nuclear factor of kappa light polypeptide gene enhancer in B cells inhibitor, delta [Source:MGI Symbol;Acc:MGI:3041243]	13927	-0.7558355927467346	-0.8149978	Yes	
row_171	Swap70	SWA-70 protein [Source:MGI Symbol;Acc:MGI:1298390]	13930	-0.7572450041770935	-0.8132718	Yes	
row_172	Cd24a	CD24a antigen [Source:MGI Symbol;Acc:MGI:88323]	13950	-0.7726616859436035	-0.81263566	Yes	
row_173	Tnfrsf13c	tumor necrosis factor receptor superfamily, member 13c [Source:MGI Symbol;Acc:MGI:1919299]	13970	-0.7814901471138	-0.81197774	Yes	
row_174	Ceacam1	CEA cell adhesion molecule 1 [Source:MGI Symbol;Acc:MGI:1347245]	13971	-0.7821909189224243	-0.8100579	Yes	
row_175	Ung	uracil DNA glycosylase [Source:MGI Symbol;Acc:MGI:109352]	13977	-0.7864665985107422	-0.8084592	Yes	
row_176	Stat3	signal transducer and activator of transcription 3 [Source:MGI Symbol;Acc:MGI:103038]	13983	-0.7922405004501343	-0.8068463	Yes	
row_177	Hlx	H2.0-like homeobox [Source:MGI Symbol;Acc:MGI:96109]	13987	-0.7970489263534546	-0.805089	Yes	
row_178	Bmx	BMX non-receptor tyrosine kinase [Source:MGI Symbol;Acc:MGI:1101778]	14012	-0.8108983635902405	-0.8046906	Yes	
row_179	Cd7	CD7 antigen [Source:MGI Symbol;Acc:MGI:88344]	14023	-0.8195261359214783	-0.8033424	Yes	
row_180	P2rx7	purinergic receptor P2X, ligand-gated ion channel, 7 [Source:MGI Symbol;Acc:MGI:1339957]	14045	-0.830166757106781	-0.8026977	Yes	
row_181	Nectin2	nectin cell adhesion molecule 2 [Source:MGI Symbol;Acc:MGI:97822]	14052	-0.8350293636322021	-0.80104613	Yes	
row_182	Adcy7	adenylate cyclase 7 [Source:MGI Symbol;Acc:MGI:102891]	14143	-0.8906004428863525	-0.8048299	Yes	
row_183	Traf3ip2	TRAF3 interacting protein 2 [Source:MGI Symbol;Acc:MGI:2143599]	14179	-0.9277524352073669	-0.80487436	Yes	
row_184	Lgals1	lectin, galactose binding, soluble 1 [Source:MGI Symbol;Acc:MGI:96777]	14189	-0.9330882430076599	-0.8031811	Yes	
row_185	Fadd	Fas associated via death domain [Source:MGI Symbol;Acc:MGI:109324]	14215	-0.9544616937637329	-0.8024967	Yes	
row_186	Fzd5	frizzled class receptor 5 [Source:MGI Symbol;Acc:MGI:108571]	14219	-0.9562937021255493	-0.80034846	Yes	
row_187	C1qc	complement component 1, q subcomponent, C chain [Source:MGI Symbol;Acc:MGI:88225]	14263	-1.0127390623092651	-0.8007149	Yes	
row_188	C1qa	complement component 1, q subcomponent, alpha polypeptide [Source:MGI Symbol;Acc:MGI:88223]	14283	-1.0306638479232788	-0.79944545	Yes	
row_189	Cd28	CD28 antigen [Source:MGI Symbol;Acc:MGI:88327]	14305	-1.046858549118042	-0.7982689	Yes	
row_190	Tec	tec protein tyrosine kinase [Source:MGI Symbol;Acc:MGI:98662]	14310	-1.051439642906189	-0.7959535	Yes	
row_191	C1rl	complement component 1, r subcomponent-like [Source:MGI Symbol;Acc:MGI:2660692]	14321	-1.061173439025879	-0.7940122	Yes	
row_192	C1qb	complement component 1, q subcomponent, beta polypeptide [Source:MGI Symbol;Acc:MGI:88224]	14330	-1.0711430311203003	-0.79191375	Yes	
row_193	Igkc	immunoglobulin kappa constant [Source:MGI Symbol;Acc:MGI:96495]	14333	-1.0751280784606934	-0.78940755	Yes	
row_194	Igha	immunoglobulin heavy constant alpha [Source:MGI Symbol;Acc:MGI:96444]	14347	-1.0936496257781982	-0.7875855	Yes	
row_195	Ripk2	receptor (TNFRSF)-interacting serine-threonine kinase 2 [Source:MGI Symbol;Acc:MGI:1891456]	14349	-1.0947935581207275	-0.7849647	Yes	
row_196	Slamf1	signaling lymphocytic activation molecule family member 1 [Source:MGI Symbol;Acc:MGI:1351314]	14354	-1.1003212928771973	-0.7825293	Yes	
row_197	Unc13d	unc-13 homolog D [Source:MGI Symbol;Acc:MGI:1917700]	14365	-1.1171257495880127	-0.78045064	Yes	
row_198	B2m	beta-2 microglobulin [Source:MGI Symbol;Acc:MGI:88127]	14367	-1.118391513824463	-0.77777195	Yes	
row_199	Jak3	Janus kinase 3 [Source:MGI Symbol;Acc:MGI:99928]	14370	-1.1279429197311401	-0.77513605	Yes	
row_200	Malt1	MALT1 paracaspase [Source:MGI Symbol;Acc:MGI:2445027]	14384	-1.142586588859558	-0.7731939	Yes	
row_201	Ctsh	cathepsin H [Source:MGI Symbol;Acc:MGI:107285]	14388	-1.1514723300933838	-0.77056664	Yes	
row_202	Hfe	homeostatic iron regulator [Source:MGI Symbol;Acc:MGI:109191]	14391	-1.152908205986023	-0.76786953	Yes	
row_203	Lyn	LYN proto-oncogene, Src family tyrosine kinase [Source:MGI Symbol;Acc:MGI:96892]	14393	-1.154542088508606	-0.7651021	Yes	
row_204	Fcgr3	Fc receptor, IgG, low affinity III [Source:MGI Symbol;Acc:MGI:95500]	14430	-1.1911050081253052	-0.7645664	Yes	
row_205	Skap1	src family associated phosphoprotein 1 [Source:MGI Symbol;Acc:MGI:1925723]	14446	-1.2102868556976318	-0.76259077	Yes	
row_206	Tgfb1	transforming growth factor, beta 1 [Source:MGI Symbol;Acc:MGI:98725]	14447	-1.212853193283081	-0.7596139	Yes	
row_207	H2-DMa	histocompatibility 2, class II, locus DMa [Source:MGI Symbol;Acc:MGI:95921]	14455	-1.2230600118637085	-0.7570762	Yes	
row_208	Il1r1	interleukin 1 receptor, type I [Source:MGI Symbol;Acc:MGI:96545]	14470	-1.2378168106079102	-0.7549667	Yes	
row_209	Nckap1l	NCK associated protein 1 like [Source:MGI Symbol;Acc:MGI:1926063]	14486	-1.265770435333252	-0.7528548	Yes	
row_210	Tnfrsf13b	tumor necrosis factor receptor superfamily, member 13b [Source:MGI Symbol;Acc:MGI:1889411]	14505	-1.2991362810134888	-0.7508601	Yes	
row_211	H2-D1	histocompatibility 2, D region locus 1 [Source:MGI Symbol;Acc:MGI:95896]	14527	-1.3243019580841064	-0.7490026	Yes	
row_212	Inpp5d	inositol polyphosphate-5-phosphatase D [Source:MGI Symbol;Acc:MGI:107357]	14567	-1.3713209629058838	-0.74822354	Yes	
row_213	Cd80	CD80 antigen [Source:MGI Symbol;Acc:MGI:101775]	14575	-1.3855133056640625	-0.7452872	Yes	
row_214	Stat6	signal transducer and activator of transcription 6 [Source:MGI Symbol;Acc:MGI:103034]	14576	-1.3939892053604126	-0.7418657	Yes	
row_215	Arid5a	AT-rich interaction domain 5A [Source:MGI Symbol;Acc:MGI:2443039]	14597	-1.4312337636947632	-0.73967934	Yes	
row_216	H2-T22	histocompatibility 2, T region locus 22 [Source:MGI Symbol;Acc:MGI:95956]	14598	-1.4313725233078003	-0.73616606	Yes	
row_217	Loxl3	lysyl oxidase-like 3 [Source:MGI Symbol;Acc:MGI:1337004]	14599	-1.4314550161361694	-0.7326526	Yes	
row_218	Il6ra	interleukin 6 receptor, alpha [Source:MGI Symbol;Acc:MGI:105304]	14601	-1.4358460903167725	-0.7291947	Yes	
row_219	Itk	IL2 inducible T cell kinase [Source:MGI Symbol;Acc:MGI:96621]	14610	-1.4453063011169434	-0.7261779	Yes	
row_220	Btla	B and T lymphocyte associated [Source:MGI Symbol;Acc:MGI:2658978]	14620	-1.456658959388733	-0.72319955	Yes	
row_221	Unc93b1	unc-93 homolog B1, TLR signaling regulator [Source:MGI Symbol;Acc:MGI:1859307]	14631	-1.4811433553695679	-0.7202274	Yes	
row_222	Icosl	icos ligand [Source:MGI Symbol;Acc:MGI:1354701]	14632	-1.4817578792572021	-0.71659046	Yes	
row_223	Tnfrsf11a	tumor necrosis factor receptor superfamily, member 11a, NFKB activator [Source:MGI Symbol;Acc:MGI:1314891]	14641	-1.498356819152832	-0.71344346	Yes	
row_224	Tap2	transporter 2, ATP-binding cassette, sub-family B (MDR/TAP) [Source:MGI Symbol;Acc:MGI:98484]	14651	-1.5208073854446411	-0.71030766	Yes	
row_225	Nfkbiz	nuclear factor of kappa light polypeptide gene enhancer in B cells inhibitor, zeta [Source:MGI Symbol;Acc:MGI:1931595]	14655	-1.5256743431091309	-0.7067619	Yes	
row_226	Serpinb9	serine (or cysteine) peptidase inhibitor, clade B, member 9 [Source:MGI Symbol;Acc:MGI:106603]	14662	-1.5375686883926392	-0.70338595	Yes	
row_227	H2-K1	histocompatibility 2, K1, K region [Source:MGI Symbol;Acc:MGI:95904]	14674	-1.5491504669189453	-0.70031327	Yes	
row_228	Myd88	myeloid differentiation primary response gene 88 [Source:MGI Symbol;Acc:MGI:108005]	14676	-1.5513466596603394	-0.6965718	Yes	
row_229	Hpx	hemopexin [Source:MGI Symbol;Acc:MGI:105112]	14683	-1.561322808265686	-0.6931376	Yes	
row_230	Tcirg1	T cell, immune regulator 1, ATPase, H+ transporting, lysosomal V0 protein A3 [Source:MGI Symbol;Acc:MGI:1350931]	14700	-1.602987289428711	-0.6902644	Yes	
row_231	Pla2g4a	phospholipase A2, group IVA (cytosolic, calcium-dependent) [Source:MGI Symbol;Acc:MGI:1195256]	14710	-1.6328383684158325	-0.6868536	Yes	
row_232	Prdm1	PR domain containing 1, with ZNF domain [Source:MGI Symbol;Acc:MGI:99655]	14722	-1.654021143913269	-0.6835235	Yes	
row_233	Adgre1	adhesion G protein-coupled receptor E1 [Source:MGI Symbol;Acc:MGI:106912]	14728	-1.6683869361877441	-0.67976016	Yes	
row_234	Tnfsf13b	tumor necrosis factor (ligand) superfamily, member 13b [Source:MGI Symbol;Acc:MGI:1344376]	14732	-1.6782976388931274	-0.6758398	Yes	
row_235	C4b	complement C4B (Chido blood group) [Source:MGI Symbol;Acc:MGI:88228]	14733	-1.6785578727722168	-0.67171985	Yes	
row_236	Btk	Bruton agammaglobulinemia tyrosine kinase [Source:MGI Symbol;Acc:MGI:88216]	14738	-1.687743902206421	-0.6678426	Yes	
row_237	Anxa1	annexin A1 [Source:MGI Symbol;Acc:MGI:96819]	14745	-1.7074098587036133	-0.6640498	Yes	
row_238	Zap70	zeta-chain (TCR) associated protein kinase [Source:MGI Symbol;Acc:MGI:99613]	14747	-1.7116260528564453	-0.65991503	Yes	
row_239	Clec4n	C-type lectin domain family 4, member n [Source:MGI Symbol;Acc:MGI:1861231]	14748	-1.7152905464172363	-0.65570486	Yes	
row_240	Ctsc	cathepsin C [Source:MGI Symbol;Acc:MGI:109553]	14767	-1.7535220384597778	-0.65259486	Yes	
row_241	Lat2	linker for activation of T cells family, member 2 [Source:MGI Symbol;Acc:MGI:1926479]	14774	-1.771233320236206	-0.6486454	Yes	
row_242	Relb	avian reticuloendotheliosis viral (v-rel) oncogene related B [Source:MGI Symbol;Acc:MGI:103289]	14777	-1.789119839668274	-0.6443867	Yes	
row_243	Nlrp3	NLR family, pyrin domain containing 3 [Source:MGI Symbol;Acc:MGI:2653833]	14789	-1.8187140226364136	-0.64065236	Yes	
row_244	Cd44	CD44 antigen [Source:MGI Symbol;Acc:MGI:88338]	14807	-1.8593944311141968	-0.63721615	Yes	
row_245	Irf1	interferon regulatory factor 1 [Source:MGI Symbol;Acc:MGI:96590]	14811	-1.8624831438064575	-0.63284373	Yes	
row_246	Klhl6	kelch-like 6 [Source:MGI Symbol;Acc:MGI:2686922]	14812	-1.8633590936660767	-0.62827015	Yes	
row_247	Arg1	arginase, liver [Source:MGI Symbol;Acc:MGI:88070]	14815	-1.8745911121368408	-0.62380165	Yes	
row_248	Cd3e	CD3 antigen, epsilon polypeptide [Source:MGI Symbol;Acc:MGI:88332]	14820	-1.88189697265625	-0.61944795	Yes	
row_249	Nod2	nucleotide-binding oligomerization domain containing 2 [Source:MGI Symbol;Acc:MGI:2429397]	14821	-1.8870857954025269	-0.6148161	Yes	
row_250	Rnf125	ring finger protein 125 [Source:MGI Symbol;Acc:MGI:1914914]	14831	-1.907199501991272	-0.61073196	Yes	
row_251	Il4ra	interleukin 4 receptor, alpha [Source:MGI Symbol;Acc:MGI:105367]	14839	-1.922226071357727	-0.6064782	Yes	
row_252	Pycard	PYD and CARD domain containing [Source:MGI Symbol;Acc:MGI:1931465]	14845	-1.946400761604309	-0.6020325	Yes	
row_253	Txk	TXK tyrosine kinase [Source:MGI Symbol;Acc:MGI:102960]	14846	-1.9520033597946167	-0.59724134	Yes	
row_254	Fcer1g	Fc receptor, IgE, high affinity I, gamma polypeptide [Source:MGI Symbol;Acc:MGI:95496]	14849	-1.9575062990188599	-0.59256935	Yes	
row_255	Parp3	poly (ADP-ribose) polymerase family, member 3 [Source:MGI Symbol;Acc:MGI:1891258]	14853	-1.9706056118011475	-0.5879315	Yes	
row_256	C1s1	complement component 1, s subcomponent 1 [Source:MGI Symbol;Acc:MGI:1355312]	14859	-1.9825427532196045	-0.5833971	Yes	
row_257	Trem1	triggering receptor expressed on myeloid cells 1 [Source:MGI Symbol;Acc:MGI:1930005]	14861	-1.992090106010437	-0.5785739	Yes	
row_258	Clec4a2	C-type lectin domain family 4, member a2 [Source:MGI Symbol;Acc:MGI:1349412]	14864	-1.9953676462173462	-0.57380897	Yes	
row_259	Erap1	endoplasmic reticulum aminopeptidase 1 [Source:MGI Symbol;Acc:MGI:1933403]	14871	-2.0068156719207764	-0.5692813	Yes	
row_260	Cd1d1	CD1d1 antigen [Source:MGI Symbol;Acc:MGI:107674]	14872	-2.011352062225342	-0.56434447	Yes	
row_261	Rsad2	radical S-adenosyl methionine domain containing 2 [Source:MGI Symbol;Acc:MGI:1929628]	14874	-2.018421173095703	-0.55945665	Yes	
row_262	Serping1	serine (or cysteine) peptidase inhibitor, clade G, member 1 [Source:MGI Symbol;Acc:MGI:894696]	14875	-2.0194497108459473	-0.5544999	Yes	
row_263	Gimap3	GTPase, IMAP family member 3 [Source:MGI Symbol;Acc:MGI:1932723]	14884	-2.031559467315674	-0.5500442	Yes	
row_264	Slc11a1	solute carrier family 11 (proton-coupled divalent metal ion transporters), member 1 [Source:MGI Symbol;Acc:MGI:1345275]	14895	-2.0568742752075195	-0.54565895	Yes	
row_265	Ptpn6	protein tyrosine phosphatase, non-receptor type 6 [Source:MGI Symbol;Acc:MGI:96055]	14896	-2.0592994689941406	-0.5406045	Yes	
row_266	Syk	spleen tyrosine kinase [Source:MGI Symbol;Acc:MGI:99515]	14902	-2.071566104888916	-0.5358515	Yes	
row_267	Mpeg1	macrophage expressed gene 1 [Source:MGI Symbol;Acc:MGI:1333743]	14910	-2.093082904815674	-0.5311784	Yes	
row_268	Arg2	arginase type II [Source:MGI Symbol;Acc:MGI:1330806]	14913	-2.0990161895751953	-0.52615905	Yes	
row_269	Tap1	transporter 1, ATP-binding cassette, sub-family B (MDR/TAP) [Source:MGI Symbol;Acc:MGI:98483]	14919	-2.113363265991211	-0.52130353	Yes	
row_270	Cd8b1	CD8 subunit beta 1 [Source:MGI Symbol;Acc:MGI:88347]	14925	-2.138378381729126	-0.51638657	Yes	
row_271	Havcr2	hepatitis A virus cellular receptor 2 [Source:MGI Symbol;Acc:MGI:2159682]	14929	-2.150355339050293	-0.5113076	Yes	
row_272	Csf2rb	colony stimulating factor 2 receptor, beta, low-affinity (granulocyte-macrophage) [Source:MGI Symbol;Acc:MGI:1339759]	14946	-2.1882739067077637	-0.5069978	Yes	
row_273	Ripk3	receptor-interacting serine-threonine kinase 3 [Source:MGI Symbol;Acc:MGI:2154952]	14951	-2.203356981277466	-0.5018551	Yes	
row_274	Lilrb4b	leukocyte immunoglobulin-like receptor, subfamily B, member 4B [Source:MGI Symbol;Acc:MGI:102702]	14956	-2.218184232711792	-0.4966759	Yes	
row_275	Slamf6	SLAM family member 6 [Source:MGI Symbol;Acc:MGI:1353620]	14959	-2.2255918979644775	-0.4913459	Yes	
row_276	Lgals9	lectin, galactose binding, soluble 9 [Source:MGI Symbol;Acc:MGI:109496]	14971	-2.265756130218506	-0.48651433	Yes	
row_277	Ccr7	C-C motif chemokine receptor 7 [Source:MGI Symbol;Acc:MGI:103011]	14982	-2.284374713897705	-0.4815707	Yes	
row_278	Tnfaip3	tumor necrosis factor, alpha-induced protein 3 [Source:MGI Symbol;Acc:MGI:1196377]	14992	-2.3014543056488037	-0.4765188	Yes	
row_279	Il6	interleukin 6 [Source:MGI Symbol;Acc:MGI:96559]	14997	-2.304513931274414	-0.47112775	Yes	
row_280	Fas	Fas cell surface death receptor [Source:MGI Symbol;Acc:MGI:95484]	15005	-2.3231923580169678	-0.46588987	Yes	
row_281	Clcf1	cardiotrophin-like cytokine factor 1 [Source:MGI Symbol;Acc:MGI:1930088]	15006	-2.3279359340667725	-0.460176	Yes	
row_282	Cd74	CD74 antigen (invariant polypeptide of major histocompatibility complex, class II antigen-associated) [Source:MGI Symbol;Acc:MGI:96534]	15010	-2.3369808197021484	-0.45463893	Yes	
row_283	Gimap5	GTPase, IMAP family member 5 [Source:MGI Symbol;Acc:MGI:2442232]	15011	-2.338693857192993	-0.44889867	Yes	
row_284	Serpina3g	serine (or cysteine) peptidase inhibitor, clade A, member 3G [Source:MGI Symbol;Acc:MGI:105046]	15013	-2.348884344100952	-0.44319972	Yes	
row_285	Il18bp	interleukin 18 binding protein [Source:MGI Symbol;Acc:MGI:1333800]	15023	-2.363203525543213	-0.4379963	Yes	
row_286	Spn	sialophorin [Source:MGI Symbol;Acc:MGI:98384]	15031	-2.3822696208953857	-0.43261337	Yes	
row_287	Ptprc	protein tyrosine phosphatase receptor type C [Source:MGI Symbol;Acc:MGI:97810]	15038	-2.397634506225586	-0.42712644	Yes	
row_288	Myo1g	myosin IG [Source:MGI Symbol;Acc:MGI:1927091]	15039	-2.4009087085723877	-0.42123348	Yes	
row_289	C2	complement C2 [Source:MGI Symbol;Acc:MGI:88226]	15041	-2.4040307998657227	-0.41539916	Yes	
row_290	Zc3h12a	zinc finger CCCH type containing 12A [Source:MGI Symbol;Acc:MGI:2385891]	15056	-2.4416534900665283	-0.41033483	Yes	
row_291	Was	Wiskott-Aldrich syndrome [Source:MGI Symbol;Acc:MGI:105059]	15063	-2.46127986907959	-0.40469167	Yes	
row_292	H2-Q7	histocompatibility 2, Q region locus 7 [Source:MGI Symbol;Acc:MGI:95936]	15066	-2.4679741859436035	-0.39876676	Yes	
row_293	Batf	basic leucine zipper transcription factor, ATF-like [Source:MGI Symbol;Acc:MGI:1859147]	15072	-2.4776346683502197	-0.3930171	Yes	
row_294	Ada	adenosine deaminase [Source:MGI Symbol;Acc:MGI:87916]	15087	-2.5194742679595947	-0.38776177	Yes	
row_295	H2-Q4	histocompatibility 2, Q region locus 4 [Source:MGI Symbol;Acc:MGI:95933]	15088	-2.5195188522338867	-0.38157767	Yes	
row_296	Irf7	interferon regulatory factor 7 [Source:MGI Symbol;Acc:MGI:1859212]	15092	-2.53041410446167	-0.37556583	Yes	
row_297	C3ar1	complement component 3a receptor 1 [Source:MGI Symbol;Acc:MGI:1097680]	15095	-2.533061981201172	-0.36948115	Yes	
row_298	Ifnb1	interferon beta 1, fibroblast [Source:MGI Symbol;Acc:MGI:107657]	15104	-2.5572633743286133	-0.36373508	Yes	
row_299	C1ra	complement component 1, r subcomponent A [Source:MGI Symbol;Acc:MGI:1355313]	15106	-2.5632481575012207	-0.35750997	Yes	
row_300	Nfkb2	nuclear factor of kappa light polypeptide gene enhancer in B cells 2, p49/p100 [Source:MGI Symbol;Acc:MGI:1099800]	15114	-2.5770087242126465	-0.35164908	Yes	
row_301	Pirb	paired Ig-like receptor B [Source:MGI Symbol;Acc:MGI:894311]	15118	-2.589735269546509	-0.34549165	Yes	
row_302	Samsn1	SAM domain, SH3 domain and nuclear localization signals, 1 [Source:MGI Symbol;Acc:MGI:1914992]	15133	-2.629209041595459	-0.33996695	Yes	
row_303	Stx11	syntaxin 11 [Source:MGI Symbol;Acc:MGI:1921982]	15136	-2.640815496444702	-0.3336178	Yes	
row_304	Cd274	CD274 antigen [Source:MGI Symbol;Acc:MGI:1926446]	15140	-2.6653146743774414	-0.32727483	Yes	
row_305	Cd40	CD40 antigen [Source:MGI Symbol;Acc:MGI:88336]	15153	-2.693387508392334	-0.32145995	Yes	
row_306	Klrd1	killer cell lectin-like receptor, subfamily D, member 1 [Source:MGI Symbol;Acc:MGI:1196275]	15156	-2.69734525680542	-0.31497207	Yes	
row_307	Il7r	interleukin 7 receptor [Source:MGI Symbol;Acc:MGI:96562]	15157	-2.6980695724487305	-0.30834973	Yes	
row_308	Cd86	CD86 antigen [Source:MGI Symbol;Acc:MGI:101773]	15160	-2.7075791358947754	-0.3018367	Yes	
row_309	Ctla4	cytotoxic T-lymphocyte-associated protein 4 [Source:MGI Symbol;Acc:MGI:88556]	15163	-2.7193942070007324	-0.29529467	Yes	
row_310	Slamf7	SLAM family member 7 [Source:MGI Symbol;Acc:MGI:1922595]	15165	-2.7218472957611084	-0.28868032	Yes	
row_311	Slfn2	schlafen 2 [Source:MGI Symbol;Acc:MGI:1313258]	15167	-2.737316131591797	-0.28202796	Yes	
row_312	Cd8a	CD8 subunit alpha [Source:MGI Symbol;Acc:MGI:88346]	15168	-2.737701416015625	-0.27530837	Yes	
row_313	Slfn1	schlafen 1 [Source:MGI Symbol;Acc:MGI:1313259]	15169	-2.738091468811035	-0.2685878	Yes	
row_314	Tarm1	T cell-interacting, activating receptor on myeloid cells 1 [Source:MGI Symbol;Acc:MGI:2442280]	15174	-2.745408296585083	-0.26211458	Yes	
row_315	Fcgr2b	Fc receptor, IgG, low affinity IIb [Source:MGI Symbol;Acc:MGI:95499]	15178	-2.755366563796997	-0.2555506	Yes	
row_316	Il1b	interleukin 1 beta [Source:MGI Symbol;Acc:MGI:96543]	15181	-2.7633743286132812	-0.24890062	Yes	
row_317	H2-M3	histocompatibility 2, M region locus 3 [Source:MGI Symbol;Acc:MGI:95915]	15183	-2.7687342166900635	-0.24217117	Yes	
row_318	Cd84	CD84 antigen [Source:MGI Symbol;Acc:MGI:1336885]	15193	-2.8030569553375244	-0.23588812	Yes	
row_319	Tnfrsf1b	tumor necrosis factor receptor superfamily, member 1b [Source:MGI Symbol;Acc:MGI:1314883]	15213	-2.8627378940582275	-0.23012188	Yes	
row_320	C3	complement component 3 [Source:MGI Symbol;Acc:MGI:88227]	15222	-2.885869026184082	-0.22356924	Yes	
row_321	Ly9	lymphocyte antigen 9 [Source:MGI Symbol;Acc:MGI:96885]	15223	-2.8907649517059326	-0.21647394	Yes	
row_322	Lat	linker for activation of T cells [Source:MGI Symbol;Acc:MGI:1342293]	15232	-2.9246413707733154	-0.20982613	Yes	
row_323	Ccr2	C-C motif chemokine receptor 2 [Source:MGI Symbol;Acc:MGI:106185]	15238	-2.941856861114502	-0.20293707	Yes	
row_324	Icam1	intercellular adhesion molecule 1 [Source:MGI Symbol;Acc:MGI:96392]	15247	-2.96921706199646	-0.19617985	Yes	
row_325	Fgl2	fibrinogen-like protein 2 [Source:MGI Symbol;Acc:MGI:103266]	15258	-3.023555040359497	-0.18942192	Yes	
row_326	H2-DMb1	histocompatibility 2, class II, locus Mb1 [Source:MGI Symbol;Acc:MGI:95922]	15270	-3.0603208541870117	-0.18264008	Yes	
row_327	Clec4d	C-type lectin domain family 4, member d [Source:MGI Symbol;Acc:MGI:1298389]	15276	-3.0995049476623535	-0.17536408	Yes	
row_328	Fcgr4	Fc receptor, IgG, low affinity IV [Source:MGI Symbol;Acc:MGI:2179523]	15278	-3.108071804046631	-0.16780174	Yes	
row_329	Prf1	perforin 1 (pore forming protein) [Source:MGI Symbol;Acc:MGI:97551]	15286	-3.156561851501465	-0.16051835	Yes	
row_330	Ifng	interferon gamma [Source:MGI Symbol;Acc:MGI:107656]	15290	-3.171190023422241	-0.15293375	Yes	
row_331	Sash3	SAM and SH3 domain containing 3 [Source:MGI Symbol;Acc:MGI:1921381]	15292	-3.185924530029297	-0.1451803	Yes	
row_332	Il2rb	interleukin 2 receptor, beta chain [Source:MGI Symbol;Acc:MGI:96550]	15295	-3.206148147583008	-0.13744356	Yes	
row_333	Gzmb	granzyme B [Source:MGI Symbol;Acc:MGI:109267]	15296	-3.2067456245422363	-0.12957269	Yes	
row_334	Fcgr1	Fc receptor, IgG, high affinity I [Source:MGI Symbol;Acc:MGI:95498]	15299	-3.2211050987243652	-0.12179923	Yes	
row_335	Klrk1	killer cell lectin-like receptor subfamily K, member 1 [Source:MGI Symbol;Acc:MGI:1196250]	15300	-3.2218995094299316	-0.11389116	Yes	
row_336	Bcl3	B cell leukemia/lymphoma 3 [Source:MGI Symbol;Acc:MGI:88140]	15314	-3.2798244953155518	-0.10670322	Yes	
row_337	H2-Q6	histocompatibility 2, Q region locus 6 [Source:MGI Symbol;Acc:MGI:95935]	15334	-3.4526796340942383	-0.099488996	Yes	
row_338	Cd3d	CD3 antigen, delta polypeptide [Source:MGI Symbol;Acc:MGI:88331]	15338	-3.474261999130249	-0.0911605	Yes	
row_339	Cd244a	CD244 molecule A [Source:MGI Symbol;Acc:MGI:109294]	15342	-3.4986789226531982	-0.082772076	Yes	
row_340	Cd69	CD69 antigen [Source:MGI Symbol;Acc:MGI:88343]	15355	-3.620870590209961	-0.074680716	Yes	
row_341	Csf2rb2	colony stimulating factor 2 receptor, beta 2, low-affinity (granulocyte-macrophage) [Source:MGI Symbol;Acc:MGI:1339760]	15359	-3.6874818801879883	-0.06582888	Yes	
row_342	Il18rap	interleukin 18 receptor accessory protein [Source:MGI Symbol;Acc:MGI:1338888]	15372	-3.793020725250244	-0.05731498	Yes	
row_343	H2-T23	histocompatibility 2, T region locus 23 [Source:MGI Symbol;Acc:MGI:95957]	15377	-3.80800199508667	-0.04823366	Yes	
row_344	Il12rb1	interleukin 12 receptor, beta 1 [Source:MGI Symbol;Acc:MGI:104579]	15380	-3.862640857696533	-0.038885575	Yes	
row_345	Cd247	CD247 antigen [Source:MGI Symbol;Acc:MGI:88334]	15386	-3.937047243118286	-0.02955385	Yes	
row_346	Il12b	interleukin 12b [Source:MGI Symbol;Acc:MGI:96540]	15398	-4.15106201171875	-0.020094816	Yes	
row_347	Clec7a	C-type lectin domain family 7, member a [Source:MGI Symbol;Acc:MGI:1861431]	15405	-4.382608890533447	-0.009735802	Yes	
row_348	Tnf	tumor necrosis factor [Source:MGI Symbol;Acc:MGI:104798]	15411	-4.453005790710449	8.623283E-4	Yes	
