NAME	SYMBOL	TITLE	RANK IN GENE LIST	RANK METRIC SCORE	RUNNING ES	CORE ENRICHMENT	
row_0	NPAS4	neuronal PAS domain protein 4 [Source:HGNC Symbol;Acc:HGNC:18983]	12	1.930193305015564	0.13012367	Yes	
row_1	OXTR	oxytocin receptor [Source:HGNC Symbol;Acc:HGNC:8529]	205	0.9835965633392334	0.18244585	Yes	
row_2	NPY5R	neuropeptide Y receptor Y5 [Source:HGNC Symbol;Acc:HGNC:7958]	287	0.8813082575798035	0.23617658	Yes	
row_3	RAC3	Rac family small GTPase 3 [Source:HGNC Symbol;Acc:HGNC:9803]	380	0.7855027318000793	0.28257608	Yes	
row_4	GABRE	gamma-aminobutyric acid type A receptor epsilon subunit [Source:HGNC Symbol;Acc:HGNC:4085]	390	0.7771886587142944	0.3346565	Yes	
row_5	SYN3	synapsin III [Source:HGNC Symbol;Acc:HGNC:11496]	833	0.5270905494689941	0.3371787	Yes	
row_6	DRD2	dopamine receptor D2 [Source:HGNC Symbol;Acc:HGNC:3023]	836	0.525939404964447	0.37273037	Yes	
row_7	SLITRK3	SLIT and NTRK like family member 3 [Source:HGNC Symbol;Acc:HGNC:23501]	1013	0.4674251079559326	0.39121738	Yes	
row_8	ADRA1A	adrenoceptor alpha 1A [Source:HGNC Symbol;Acc:HGNC:277]	1086	0.44699394702911377	0.4161429	Yes	
row_9	GABRB2	gamma-aminobutyric acid type A receptor beta2 subunit [Source:HGNC Symbol;Acc:HGNC:4082]	1149	0.42970046401023865	0.44064695	Yes	
row_10	PHF24	PHD finger protein 24 [Source:HGNC Symbol;Acc:HGNC:29180]	1375	0.37937265634536743	0.44946975	Yes	
row_11	CA2	carbonic anhydrase 2 [Source:HGNC Symbol;Acc:HGNC:1373]	1441	0.3671867847442627	0.46950445	Yes	
row_12	ADORA2A	adenosine A2a receptor [Source:HGNC Symbol;Acc:HGNC:263]	1572	0.3455813527107239	0.48318163	Yes	
row_13	GABRA2	gamma-aminobutyric acid type A receptor alpha2 subunit [Source:HGNC Symbol;Acc:HGNC:4076]	1579	0.3442772626876831	0.5061006	Yes	
row_14	CA7	carbonic anhydrase 7 [Source:HGNC Symbol;Acc:HGNC:1381]	1802	0.3106033205986023	0.5104809	Yes	
row_15	TACR1	tachykinin receptor 1 [Source:HGNC Symbol;Acc:HGNC:11526]	1934	0.2949850559234619	0.52064824	Yes	
row_16	GABRA3	gamma-aminobutyric acid type A receptor alpha3 subunit [Source:HGNC Symbol;Acc:HGNC:4077]	2374	0.24523790180683136	0.5042633	Yes	
row_17	GABRA5	gamma-aminobutyric acid type A receptor alpha5 subunit [Source:HGNC Symbol;Acc:HGNC:4079]	2388	0.2440633326768875	0.51985276	Yes	
row_18	GABRA6	gamma-aminobutyric acid type A receptor alpha6 subunit [Source:HGNC Symbol;Acc:HGNC:4080]	2416	0.2420453280210495	0.5342518	Yes	
row_19	GABRA4	gamma-aminobutyric acid type A receptor alpha4 subunit [Source:HGNC Symbol;Acc:HGNC:4078]	2541	0.2323676198720932	0.54069525	Yes	
row_20	USP46	ubiquitin specific peptidase 46 [Source:HGNC Symbol;Acc:HGNC:20075]	2758	0.21478037536144257	0.53902227	Yes	
row_21	TPBG	trophoblast glycoprotein [Source:HGNC Symbol;Acc:HGNC:12004]	3023	0.1954893320798874	0.532428	Yes	
row_22	EZH2	enhancer of zeste 2 polycomb repressive complex 2 subunit [Source:HGNC Symbol;Acc:HGNC:3527]	3087	0.19136877357959747	0.54067826	Yes	
row_23	CLSTN3	calsyntenin 3 [Source:HGNC Symbol;Acc:HGNC:18371]	3398	0.17153868079185486	0.52899694	Yes	
row_24	NF1	neurofibromin 1 [Source:HGNC Symbol;Acc:HGNC:7765]	3531	0.16403226554393768	0.5301996	Yes	
row_25	GABRG2	gamma-aminobutyric acid type A receptor gamma2 subunit [Source:HGNC Symbol;Acc:HGNC:4087]	3557	0.1623065024614334	0.53933626	Yes	
row_26	GABRG3	gamma-aminobutyric acid type A receptor gamma3 subunit [Source:HGNC Symbol;Acc:HGNC:4088]	3612	0.15859399735927582	0.54603887	Yes	
row_27	GABRA1	gamma-aminobutyric acid type A receptor alpha1 subunit [Source:HGNC Symbol;Acc:HGNC:4075]	4105	0.13397563993930817	0.5181132	No	
row_28	CNTNAP4	contactin associated protein like 4 [Source:HGNC Symbol;Acc:HGNC:18747]	4131	0.13315849006175995	0.5252712	No	
row_29	PRKCE	protein kinase C epsilon [Source:HGNC Symbol;Acc:HGNC:9401]	4494	0.11544531583786011	0.5058694	No	
row_30	SLC6A1	solute carrier family 6 member 1 [Source:HGNC Symbol;Acc:HGNC:11042]	4551	0.11306868493556976	0.5093311	No	
row_31	NLGN2	neuroligin 2 [Source:HGNC Symbol;Acc:HGNC:14290]	4884	0.09847917407751083	0.49103495	No	
row_32	ADORA1	adenosine A1 receptor [Source:HGNC Symbol;Acc:HGNC:262]	5058	0.09089777618646622	0.48418805	No	
row_33	HTR1B	5-hydroxytryptamine receptor 1B [Source:HGNC Symbol;Acc:HGNC:5287]	5346	0.07904975116252899	0.46795896	No	
row_34	PLCL2	phospholipase C like 2 [Source:HGNC Symbol;Acc:HGNC:9064]	5455	0.07504624873399734	0.4649269	No	
row_35	KIF5B	kinesin family member 5B [Source:HGNC Symbol;Acc:HGNC:6324]	5552	0.07109063118696213	0.46252924	No	
row_36	CLCN3	chloride voltage-gated channel 3 [Source:HGNC Symbol;Acc:HGNC:2021]	5801	0.06064128875732422	0.44798508	No	
row_37	GABRG1	gamma-aminobutyric acid type A receptor gamma1 subunit [Source:HGNC Symbol;Acc:HGNC:4086]	6778	0.01792346127331257	0.3757631	No	
row_38	STXBP1	syntaxin binding protein 1 [Source:HGNC Symbol;Acc:HGNC:11444]	6795	0.017181282863020897	0.37572548	No	
row_39	CNR1	cannabinoid receptor 1 [Source:HGNC Symbol;Acc:HGNC:2159]	6877	0.01388664823025465	0.37057334	No	
row_40	KRAS	KRAS proto-oncogene, GTPase [Source:HGNC Symbol;Acc:HGNC:6407]	7309	-0.00606525270268321	0.33855468	No	
row_41	NLGN1	neuroligin 1 [Source:HGNC Symbol;Acc:HGNC:14291]	7573	-0.01949862390756607	0.32008898	No	
row_42	ZDHHC3	zinc finger DHHC-type containing 3 [Source:HGNC Symbol;Acc:HGNC:18470]	7673	-0.023299364373087883	0.31422138	No	
row_43	PLCL1	phospholipase C like 1 (inactive) [Source:HGNC Symbol;Acc:HGNC:9063]	8242	-0.05301212519407272	0.2750811	No	
row_44	PTEN	phosphatase and tensin homolog [Source:HGNC Symbol;Acc:HGNC:9588]	8613	-0.0750245675444603	0.2523335	No	
row_45	HAP1	huntingtin associated protein 1 [Source:HGNC Symbol;Acc:HGNC:4812]	10812	-0.30147814750671387	0.10741111	No	
row_46	BAIAP3	BAI1 associated protein 3 [Source:HGNC Symbol;Acc:HGNC:948]	10813	-0.3016031086444855	0.12788473	No	
row_47	CLN3	CLN3 lysosomal/endosomal transmembrane protein, battenin [Source:HGNC Symbol;Acc:HGNC:2074]	11323	-0.40607234835624695	0.117150515	No	
row_48	ZDHHC12	zinc finger DHHC-type containing 12 [Source:HGNC Symbol;Acc:HGNC:19159]	11630	-0.5066398978233337	0.12851775	No	
