NAME	SYMBOL	TITLE	RANK IN GENE LIST	RANK METRIC SCORE	RUNNING ES	CORE ENRICHMENT	
row_0	Smo	smoothened, frizzled class receptor [Source:MGI Symbol;Acc:MGI:108075]	1013	0.5793691277503967	0.025821827	Yes	
row_1	Plxna3	plexin A3 [Source:MGI Symbol;Acc:MGI:107683]	1181	0.5301217436790466	0.098779656	Yes	
row_2	Slit3	slit guidance ligand 3 [Source:MGI Symbol;Acc:MGI:1315202]	1193	0.5259349942207336	0.1812029	Yes	
row_3	Sema3f	sema domain, immunoglobulin domain (Ig), short basic domain, secreted, (semaphorin) 3F [Source:MGI Symbol;Acc:MGI:1096347]	1298	0.49313783645629883	0.25240433	Yes	
row_4	Slit2	slit guidance ligand 2 [Source:MGI Symbol;Acc:MGI:1315205]	1562	0.43397653102874756	0.30393183	Yes	
row_5	Sema3a	sema domain, immunoglobulin domain (Ig), short basic domain, secreted, (semaphorin) 3A [Source:MGI Symbol;Acc:MGI:107558]	1845	0.3840790390968323	0.3463383	Yes	
row_6	Dscam	DS cell adhesion molecule [Source:MGI Symbol;Acc:MGI:1196281]	2234	0.3306683599948883	0.37342057	Yes	
row_7	Nrp1	neuropilin 1 [Source:MGI Symbol;Acc:MGI:106206]	2315	0.3212581276893616	0.41901007	Yes	
row_8	Hdac6	histone deacetylase 6 [Source:MGI Symbol;Acc:MGI:1333752]	2435	0.3049160838127136	0.45948452	Yes	
row_9	Vegfa	vascular endothelial growth factor A [Source:MGI Symbol;Acc:MGI:103178]	2535	0.29523929953575134	0.49972767	Yes	
row_10	Slit1	slit guidance ligand 1 [Source:MGI Symbol;Acc:MGI:1315203]	2593	0.2900276482105255	0.5418736	Yes	
row_11	Megf8	multiple EGF-like-domains 8 [Source:MGI Symbol;Acc:MGI:2446294]	2658	0.28163567185401917	0.58223844	Yes	
row_12	Plxna4	plexin A4 [Source:MGI Symbol;Acc:MGI:2179061]	2774	0.26972368359565735	0.6174095	Yes	
row_13	Sema5a	sema domain, seven thrombospondin repeats (type 1 and type 1-like), transmembrane domain (TM) and short cytoplasmic domain, (semaphorin) 5A [Source:MGI Symbol;Acc:MGI:107556]	3725	0.1970841884613037	0.58689135	No	
row_14	Cxcl12	C-X-C motif chemokine ligand 12 [Source:MGI Symbol;Acc:MGI:103556]	3850	0.1899378001689911	0.608866	No	
row_15	Alcam	activated leukocyte cell adhesion molecule [Source:MGI Symbol;Acc:MGI:1313266]	5110	0.12658971548080444	0.54714465	No	
row_16	Bmpr2	bone morphogenetic protein receptor type 2 [Source:MGI Symbol;Acc:MGI:1095407]	5780	0.09891955554485321	0.5193511	No	
row_17	Nrp2	neuropilin 2 [Source:MGI Symbol;Acc:MGI:1100492]	7809	0.019352370873093605	0.39075616	No	
row_18	Ryk	receptor-like tyrosine kinase [Source:MGI Symbol;Acc:MGI:101766]	8586	-0.012725196778774261	0.34239116	No	
row_19	Wnt5a	wingless-type MMTV integration site family, member 5A [Source:MGI Symbol;Acc:MGI:98958]	10388	-0.10429193824529648	0.24195945	No	
row_20	Wnt3	wingless-type MMTV integration site family, member 3 [Source:MGI Symbol;Acc:MGI:98955]	13444	-0.5371090769767761	0.12853804	No	
