NAME	SYMBOL	TITLE	RANK IN GENE LIST	RANK METRIC SCORE	RUNNING ES	CORE ENRICHMENT	
row_0	PLA2G5	phospholipase A2 group V [Source:HGNC Symbol;Acc:HGNC:9038]	690	0.5835901498794556	-0.046983015	No	
row_1	IRF3	interferon regulatory factor 3 [Source:HGNC Symbol;Acc:HGNC:6118]	1382	0.37732234597206116	-0.09586096	No	
row_2	PRKDC	protein kinase, DNA-activated, catalytic subunit [Source:HGNC Symbol;Acc:HGNC:9413]	1957	0.2920975387096405	-0.1366511	No	
row_3	USP29	ubiquitin specific peptidase 29 [Source:HGNC Symbol;Acc:HGNC:18563]	2687	0.21994227170944214	-0.18978816	No	
row_4	SFPQ	splicing factor proline and glutamine rich [Source:HGNC Symbol;Acc:HGNC:10774]	3210	0.1835232973098755	-0.22760731	No	
row_5	HEXIM1	HEXIM P-TEFb complex subunit 1 [Source:HGNC Symbol;Acc:HGNC:24953]	3351	0.1739577203989029	-0.23665012	No	
row_6	XRCC6	X-ray repair cross complementing 6 [Source:HGNC Symbol;Acc:HGNC:4055]	3615	0.1584256887435913	-0.25512278	No	
row_7	PSPC1	paraspeckle component 1 [Source:HGNC Symbol;Acc:HGNC:20320]	3617	0.15833738446235657	-0.25380173	No	
row_8	HSP90AA1	heat shock protein 90 alpha family class A member 1 [Source:HGNC Symbol;Acc:HGNC:5253]	3671	0.15572668612003326	-0.25643238	No	
row_9	PAK3	p21 (RAC1) activated kinase 3 [Source:HGNC Symbol;Acc:HGNC:8592]	3842	0.14690861105918884	-0.26798034	No	
row_10	CREBBP	CREB binding protein [Source:HGNC Symbol;Acc:HGNC:2348]	4543	0.1134248822927475	-0.31986594	No	
row_11	CADM1	cell adhesion molecule 1 [Source:HGNC Symbol;Acc:HGNC:5951]	4780	0.10294981300830841	-0.33678803	No	
row_12	RASGRP1	RAS guanyl releasing protein 1 [Source:HGNC Symbol;Acc:HGNC:9878]	5006	0.09335950762033463	-0.35296366	No	
row_13	CARD9	caspase recruitment domain family member 9 [Source:HGNC Symbol;Acc:HGNC:16391]	5407	0.07664771378040314	-0.38250822	No	
row_14	PQBP1	polyglutamine binding protein 1 [Source:HGNC Symbol;Acc:HGNC:9330]	5461	0.07487288117408752	-0.385852	No	
row_15	SRC	SRC proto-oncogene, non-receptor tyrosine kinase [Source:HGNC Symbol;Acc:HGNC:11283]	5518	0.07220746576786041	-0.389446	No	
row_16	MATR3	matrin 3 [Source:HGNC Symbol;Acc:HGNC:6912]	5945	0.05463186278939247	-0.42114908	No	
row_17	POLR3B	RNA polymerase III subunit B [Source:HGNC Symbol;Acc:HGNC:30348]	6209	0.04254738241434097	-0.44064385	No	
row_18	FYN	FYN proto-oncogene, Src family tyrosine kinase [Source:HGNC Symbol;Acc:HGNC:4037]	6245	0.040975913405418396	-0.4429267	No	
row_19	IKBKB	inhibitor of nuclear factor kappa B kinase subunit beta [Source:HGNC Symbol;Acc:HGNC:5960]	6589	0.025427047163248062	-0.4686166	No	
row_20	EP300	E1A binding protein p300 [Source:HGNC Symbol;Acc:HGNC:3373]	6729	0.019705791026353836	-0.47894445	No	
row_21	COCH	cochlin [Source:HGNC Symbol;Acc:HGNC:2180]	6769	0.01819094642996788	-0.48173052	No	
row_22	AP1G1	adaptor related protein complex 1 subunit gamma 1 [Source:HGNC Symbol;Acc:HGNC:555]	6820	0.016353324055671692	-0.48536384	No	
row_23	PAK1	p21 (RAC1) activated kinase 1 [Source:HGNC Symbol;Acc:HGNC:8590]	7000	0.007522960659116507	-0.49882123	No	
row_24	XRCC5	X-ray repair cross complementing 5 [Source:HGNC Symbol;Acc:HGNC:12833]	7003	0.0073735774494707584	-0.49890727	No	
row_25	MAP3K7	mitogen-activated protein kinase kinase kinase 7 [Source:HGNC Symbol;Acc:HGNC:6859]	7212	-0.002356388373300433	-0.51460123	No	
row_26	SIN3A	SIN3 transcription regulator family member A [Source:HGNC Symbol;Acc:HGNC:19353]	7274	-0.004680459387600422	-0.51916856	No	
row_27	UBE2K	ubiquitin conjugating enzyme E2 K [Source:HGNC Symbol;Acc:HGNC:4914]	7431	-0.012234127148985863	-0.5308467	No	
row_28	CRTAM	cytotoxic and regulatory T cell molecule [Source:HGNC Symbol;Acc:HGNC:24313]	7467	-0.013651235960423946	-0.5333706	No	
row_29	AKIRIN2	akirin 2 [Source:HGNC Symbol;Acc:HGNC:21407]	7690	-0.024124056100845337	-0.5499303	No	
row_30	POLR3D	RNA polymerase III subunit D [Source:HGNC Symbol;Acc:HGNC:1080]	7786	-0.02878306433558464	-0.5568538	No	
row_31	MED1	mediator complex subunit 1 [Source:HGNC Symbol;Acc:HGNC:9234]	7872	-0.03352471441030502	-0.56297994	No	
row_32	MAVS	mitochondrial antiviral signaling protein [Source:HGNC Symbol;Acc:HGNC:29233]	8311	-0.05702131241559982	-0.59556854	No	
row_33	DHX9	DExH-box helicase 9 [Source:HGNC Symbol;Acc:HGNC:2750]	8493	-0.06751791387796402	-0.6086478	No	
row_34	PAK2	p21 (RAC1) activated kinase 2 [Source:HGNC Symbol;Acc:HGNC:8591]	8531	-0.0704568549990654	-0.6108218	No	
row_35	RNF185	ring finger protein 185 [Source:HGNC Symbol;Acc:HGNC:26783]	8825	-0.0889887660741806	-0.6321735	No	
row_36	TOMM70	translocase of outer mitochondrial membrane 70 [Source:HGNC Symbol;Acc:HGNC:11985]	8893	-0.09333007037639618	-0.6364122	No	
row_37	LSM14A	LSM14A mRNA processing body assembly factor [Source:HGNC Symbol;Acc:HGNC:24489]	9006	-0.10102862864732742	-0.6439828	No	
row_38	USP27X	ubiquitin specific peptidase 27 X-linked [Source:HGNC Symbol;Acc:HGNC:13486]	9018	-0.10152212530374527	-0.64391845	No	
row_39	WNT5A	Wnt family member 5A [Source:HGNC Symbol;Acc:HGNC:12784]	9052	-0.10429193824529648	-0.6454917	No	
row_40	RBM14	RNA binding motif protein 14 [Source:HGNC Symbol;Acc:HGNC:14219]	9106	-0.10720554739236832	-0.6485504	No	
row_41	ZCCHC3	zinc finger CCHC-type containing 3 [Source:HGNC Symbol;Acc:HGNC:16230]	9671	-0.15487781167030334	-0.6897953	No	
row_42	SLC15A4	solute carrier family 15 member 4 [Source:HGNC Symbol;Acc:HGNC:23090]	9853	-0.17477574944496155	-0.70192856	No	
row_43	NONO	non-POU domain containing octamer binding [Source:HGNC Symbol;Acc:HGNC:7871]	10063	-0.19767099618911743	-0.7159753	No	
row_44	RIOK3	RIO kinase 3 [Source:HGNC Symbol;Acc:HGNC:11451]	10309	-0.22821156680583954	-0.7324725	No	
row_45	POLR3C	RNA polymerase III subunit C [Source:HGNC Symbol;Acc:HGNC:30076]	10359	-0.23422332108020782	-0.7341085	No	
row_46	TRIM62	tripartite motif containing 62 [Source:HGNC Symbol;Acc:HGNC:25574]	10540	-0.25772079825401306	-0.7454346	No	
row_47	RPS19	ribosomal protein S19 [Source:HGNC Symbol;Acc:HGNC:10402]	10554	-0.2597241699695587	-0.74412584	No	
row_48	POLR3F	RNA polymerase III subunit F [Source:HGNC Symbol;Acc:HGNC:15763]	11011	-0.33221787214279175	-0.77564704	No	
row_49	TRIM41	tripartite motif containing 41 [Source:HGNC Symbol;Acc:HGNC:19013]	11109	-0.3512493073940277	-0.77987736	No	
row_50	TBK1	TANK binding kinase 1 [Source:HGNC Symbol;Acc:HGNC:11584]	11170	-0.3692692518234253	-0.7811533	No	
row_51	LAMP1	lysosomal associated membrane protein 1 [Source:HGNC Symbol;Acc:HGNC:6499]	11439	-0.43872785568237305	-0.79753137	No	
row_52	PVR	PVR cell adhesion molecule [Source:HGNC Symbol;Acc:HGNC:9705]	11618	-0.5014012455940247	-0.80655694	No	
row_53	CASP6	caspase 6 [Source:HGNC Symbol;Acc:HGNC:1507]	11784	-0.5802222490310669	-0.81390506	No	
row_54	TRAF6	TNF receptor associated factor 6 [Source:HGNC Symbol;Acc:HGNC:12036]	11923	-0.6538277268409729	-0.8185641	No	
row_55	CGAS	cyclic GMP-AMP synthase [Source:HGNC Symbol;Acc:HGNC:21367]	12155	-0.7976584434509277	-0.8289808	Yes	
row_56	LBP	lipopolysaccharide binding protein [Source:HGNC Symbol;Acc:HGNC:6517]	12167	-0.8066551089286804	-0.8226968	Yes	
row_57	NECTIN2	nectin cell adhesion molecule 2 [Source:HGNC Symbol;Acc:HGNC:9707]	12209	-0.8350293636322021	-0.81842905	Yes	
row_58	ZNFX1	zinc finger NFX1-type containing 1 [Source:HGNC Symbol;Acc:HGNC:29271]	12284	-0.8929374814033508	-0.81614375	Yes	
row_59	FADD	Fas associated via death domain [Source:HGNC Symbol;Acc:HGNC:3573]	12345	-0.9544616937637329	-0.812258	Yes	
row_60	LYN	LYN proto-oncogene, Src family tyrosine kinase [Source:HGNC Symbol;Acc:HGNC:6735]	12499	-1.154542088508606	-0.8136338	Yes	
row_61	HMGB2	high mobility group box 2 [Source:HGNC Symbol;Acc:HGNC:5000]	12517	-1.1749645471572876	-0.80455446	Yes	
row_62	TIRAP	TIR domain containing adaptor protein [Source:HGNC Symbol;Acc:HGNC:17192]	12592	-1.2793903350830078	-0.79886043	Yes	
row_63	TYROBP	TYRO protein tyrosine kinase binding protein [Source:HGNC Symbol;Acc:HGNC:12449]	12598	-1.2893348932266235	-0.78786564	Yes	
row_64	TRIM56	tripartite motif containing 56 [Source:HGNC Symbol;Acc:HGNC:19028]	12654	-1.3731642961502075	-0.779909	Yes	
row_65	ADAM8	ADAM metallopeptidase domain 8 [Source:HGNC Symbol;Acc:HGNC:215]	12730	-1.5315771102905273	-0.7720662	Yes	
row_66	HPX	hemopexin [Source:HGNC Symbol;Acc:HGNC:5171]	12748	-1.561322808265686	-0.75957894	Yes	
row_67	CLEC6A	C-type lectin domain containing 6A [Source:HGNC Symbol;Acc:HGNC:14556]	12802	-1.7152905464172363	-0.7484535	Yes	
row_68	FFAR2	free fatty acid receptor 2 [Source:HGNC Symbol;Acc:HGNC:4501]	12858	-1.8681418895721436	-0.73613095	Yes	
row_69	PLSCR1	phospholipid scramblase 1 [Source:HGNC Symbol;Acc:HGNC:9092]	12860	-1.8749125003814697	-0.71966887	Yes	
row_70	NOD2	nucleotide binding oligomerization domain containing 2 [Source:HGNC Symbol;Acc:HGNC:5331]	12865	-1.8870857954025269	-0.7033261	Yes	
row_71	IKBKE	inhibitor of nuclear factor kappa B kinase subunit epsilon [Source:HGNC Symbol;Acc:HGNC:14552]	12882	-1.9334088563919067	-0.68748134	Yes	
row_72	PYCARD	PYD and CARD domain containing [Source:HGNC Symbol;Acc:HGNC:16608]	12886	-1.946400761604309	-0.6705398	Yes	
row_73	TXK	TXK tyrosine kinase [Source:HGNC Symbol;Acc:HGNC:12434]	12887	-1.9520033597946167	-0.6533222	Yes	
row_74	CD1D	CD1d molecule [Source:HGNC Symbol;Acc:HGNC:1637]	12909	-2.011352062225342	-0.63716775	Yes	
row_75	VAV1	vav guanine nucleotide exchange factor 1 [Source:HGNC Symbol;Acc:HGNC:12657]	12932	-2.0627310276031494	-0.6206356	Yes	
row_76	SYK	spleen associated tyrosine kinase [Source:HGNC Symbol;Acc:HGNC:11491]	12934	-2.071566104888916	-0.602439	Yes	
row_77	NMI	N-myc and STAT interactor [Source:HGNC Symbol;Acc:HGNC:7854]	12937	-2.080019235610962	-0.58424336	Yes	
row_78	HAVCR2	hepatitis A virus cellular receptor 2 [Source:HGNC Symbol;Acc:HGNC:18437]	12958	-2.150355339050293	-0.56678724	Yes	
row_79	IRGM	immunity related GTPase M [Source:HGNC Symbol;Acc:HGNC:29597]	12973	-2.189880847930908	-0.54852915	Yes	
row_80	TRIM6	tripartite motif containing 6 [Source:HGNC Symbol;Acc:HGNC:16277]	12976	-2.20326828956604	-0.5292464	Yes	
row_81	SLAMF6	SLAM family member 6 [Source:HGNC Symbol;Acc:HGNC:21392]	12985	-2.2255918979644775	-0.51022005	Yes	
row_82	GBP5	guanylate binding protein 5 [Source:HGNC Symbol;Acc:HGNC:19895]	13015	-2.319401741027832	-0.4919528	Yes	
row_83	CCL5	C-C motif chemokine ligand 5 [Source:HGNC Symbol;Acc:HGNC:10632]	13016	-2.320327043533325	-0.47148645	Yes	
row_84	TRIM5	tripartite motif containing 5 [Source:HGNC Symbol;Acc:HGNC:16276]	13019	-2.3257625102996826	-0.4511232	Yes	
row_85	PARP9	poly(ADP-ribose) polymerase family member 9 [Source:HGNC Symbol;Acc:HGNC:24118]	13045	-2.3888864517211914	-0.4319409	Yes	
row_86	IFI35	interferon induced protein 35 [Source:HGNC Symbol;Acc:HGNC:5399]	13054	-2.4258947372436523	-0.41114777	Yes	
row_87	AIM2	absent in melanoma 2 [Source:HGNC Symbol;Acc:HGNC:357]	13067	-2.460636615753174	-0.39035043	Yes	
row_88	MNDA	myeloid cell nuclear differentiation antigen [Source:HGNC Symbol;Acc:HGNC:7183]	13084	-2.5153844356536865	-0.36937237	Yes	
row_89	IRF7	interferon regulatory factor 7 [Source:HGNC Symbol;Acc:HGNC:6122]	13088	-2.53041410446167	-0.34727958	Yes	
row_90	IFNB1	interferon beta 1 [Source:HGNC Symbol;Acc:HGNC:5434]	13099	-2.5572633743286133	-0.32547882	Yes	
row_91	SPI1	Spi-1 proto-oncogene [Source:HGNC Symbol;Acc:HGNC:11241]	13133	-2.6677331924438477	-0.30444136	Yes	
row_92	KLRD1	killer cell lectin like receptor D1 [Source:HGNC Symbol;Acc:HGNC:6378]	13141	-2.69734525680542	-0.28117839	Yes	
row_93	HCK	HCK proto-oncogene, Src family tyrosine kinase [Source:HGNC Symbol;Acc:HGNC:4840]	13144	-2.7148704528808594	-0.25738305	Yes	
row_94	ZBP1	Z-DNA binding protein 1 [Source:HGNC Symbol;Acc:HGNC:16176]	13159	-2.755458116531372	-0.23413631	Yes	
row_95	TLR4	toll like receptor 4 [Source:HGNC Symbol;Acc:HGNC:11850]	13184	-2.874952554702759	-0.21059112	Yes	
row_96	PYHIN1	pyrin and HIN domain family member 1 [Source:HGNC Symbol;Acc:HGNC:28894]	13210	-2.9802963733673096	-0.18619229	Yes	
row_97	PLCG2	phospholipase C gamma 2 [Source:NCBI gene;Acc:5336]	13222	-3.042161464691162	-0.16019006	Yes	
row_98	NLRC5	NLR family CARD domain containing 5 [Source:HGNC Symbol;Acc:HGNC:29933]	13251	-3.2144079208374023	-0.13395292	Yes	
row_99	KLRK1	killer cell lectin like receptor K1 [Source:HGNC Symbol;Acc:HGNC:18788]	13253	-3.2218995094299316	-0.10560979	Yes	
row_100	FPR2	formyl peptide receptor 2 [Source:HGNC Symbol;Acc:HGNC:3827]	13320	-4.141956329345703	-0.07406218	Yes	
row_101	IL12B	interleukin 12B [Source:HGNC Symbol;Acc:HGNC:5970]	13321	-4.15106201171875	-0.03744786	Yes	
row_102	CLEC7A	C-type lectin domain containing 7A [Source:HGNC Symbol;Acc:HGNC:14558]	13326	-4.382608890533447	9.0661005E-4	Yes	
