NAME	SYMBOL	TITLE	RANK IN GENE LIST	RANK METRIC SCORE	RUNNING ES	CORE ENRICHMENT	
row_0	Slc6a3	solute carrier family 6 (neurotransmitter transporter, dopamine), member 3 [Source:MGI Symbol;Acc:MGI:94862]	30	1.790374755859375	0.1614182	Yes	
row_1	Otof	otoferlin [Source:MGI Symbol;Acc:MGI:1891247]	287	1.0194642543792725	0.23780271	Yes	
row_2	Slitrk6	SLIT and NTRK-like family, member 6 [Source:MGI Symbol;Acc:MGI:2443198]	477	0.8365167379379272	0.30184853	Yes	
row_3	Npas1	neuronal PAS domain protein 1 [Source:MGI Symbol;Acc:MGI:109205]	744	0.6841041445732117	0.3469821	Yes	
row_4	Mdga1	MAM domain containing glycosylphosphatidylinositol anchor 1 [Source:MGI Symbol;Acc:MGI:1922012]	922	0.615037202835083	0.3915983	Yes	
row_5	Drd2	dopamine receptor D2 [Source:MGI Symbol;Acc:MGI:94924]	1192	0.525939404964447	0.4221047	Yes	
row_6	Glra1	glycine receptor, alpha 1 subunit [Source:MGI Symbol;Acc:MGI:95747]	1736	0.40417248010635376	0.4236905	Yes	
row_7	Aph1c	aph1 homolog C, gamma secretase subunit [Source:MGI Symbol;Acc:MGI:1915568]	1992	0.36158910393714905	0.4401102	Yes	
row_8	Adora2a	adenosine A2a receptor [Source:MGI Symbol;Acc:MGI:99402]	2108	0.3455813527107239	0.464169	Yes	
row_9	Grin3a	glutamate receptor ionotropic, NMDA3A [Source:MGI Symbol;Acc:MGI:1933206]	2365	0.3143176734447479	0.4762103	Yes	
row_10	Grin2d	glutamate receptor, ionotropic, NMDA2D (epsilon 4) [Source:MGI Symbol;Acc:MGI:95823]	2383	0.3115476667881012	0.5035334	Yes	
row_11	Grin2b	glutamate receptor, ionotropic, NMDA2B (epsilon 2) [Source:MGI Symbol;Acc:MGI:95821]	2602	0.28811949491500854	0.5156541	Yes	
row_12	Drd1	dopamine receptor D1 [Source:MGI Symbol;Acc:MGI:99578]	2999	0.2490902841091156	0.51264375	Yes	
row_13	Npr2	natriuretic peptide receptor 2 [Source:MGI Symbol;Acc:MGI:97372]	3245	0.2307613343000412	0.51777565	Yes	
row_14	Grin2a	glutamate receptor, ionotropic, NMDA2A (epsilon 1) [Source:MGI Symbol;Acc:MGI:95820]	3284	0.22792844474315643	0.5361037	Yes	
row_15	Get1	guided entry of tail-anchored proteins factor 1 [Source:MGI Symbol;Acc:MGI:2136882]	3326	0.22453637421131134	0.5539273	Yes	
row_16	Dbn1	drebrin 1 [Source:MGI Symbol;Acc:MGI:1931838]	3363	0.22159446775913239	0.57180744	Yes	
row_17	Csmd1	CUB and Sushi multiple domains 1 [Source:MGI Symbol;Acc:MGI:2137383]	3420	0.21783378720283508	0.5880444	Yes	
row_18	Nrxn1	neurexin I [Source:MGI Symbol;Acc:MGI:1096391]	4034	0.17910106480121613	0.564543	No	
row_19	Pcdh15	protocadherin 15 [Source:MGI Symbol;Acc:MGI:1891428]	4213	0.16955439746379852	0.56844485	No	
row_20	Grin2c	glutamate receptor, ionotropic, NMDA2C (epsilon 3) [Source:MGI Symbol;Acc:MGI:95822]	4237	0.1685272455215454	0.58232766	No	
row_21	Ctnna2	catenin alpha 2 [Source:MGI Symbol;Acc:MGI:88275]	4617	0.1488436758518219	0.57127494	No	
row_22	Fabp7	fatty acid binding protein 7, brain [Source:MGI Symbol;Acc:MGI:101916]	4866	0.1369192749261856	0.56764895	No	
row_23	Glrb	glycine receptor, beta subunit [Source:MGI Symbol;Acc:MGI:95751]	4875	0.1364881992340088	0.5795832	No	
row_24	Aph1b	aph1 homolog B, gamma secretase subunit [Source:MGI Symbol;Acc:MGI:3522097]	5104	0.1269000619649887	0.576343	No	
row_25	Nlgn3	neuroligin 3 [Source:MGI Symbol;Acc:MGI:2444609]	5105	0.1268017590045929	0.5879134	No	
row_26	Bace1	beta-site APP cleaving enzyme 1 [Source:MGI Symbol;Acc:MGI:1346542]	5397	0.11375922709703445	0.5793792	No	
row_27	Grin1	glutamate receptor, ionotropic, NMDA1 (zeta 1) [Source:MGI Symbol;Acc:MGI:95819]	5510	0.10977210104465485	0.5821158	No	
row_28	Prkn	parkin RBR E3 ubiquitin protein ligase [Source:MGI Symbol;Acc:MGI:1355296]	5810	0.09793118387460709	0.57161736	No	
row_29	Dvl1	dishevelled segment polarity protein 1 [Source:MGI Symbol;Acc:MGI:94941]	6821	0.0593797042965889	0.5113873	No	
row_30	Mecp2	methyl CpG binding protein 2 [Source:MGI Symbol;Acc:MGI:99918]	7083	0.04904519021511078	0.49889797	No	
row_31	Npas3	neuronal PAS domain protein 3 [Source:MGI Symbol;Acc:MGI:1351610]	7297	0.03994600474834442	0.48869833	No	
row_32	Tuba1a	tubulin, alpha 1A [Source:MGI Symbol;Acc:MGI:98869]	7512	0.031649522483348846	0.47767663	No	
row_33	Penk	preproenkephalin [Source:MGI Symbol;Acc:MGI:104629]	7603	0.02798636630177498	0.47438046	No	
row_34	Chd8	chromodomain helicase DNA binding protein 8 [Source:MGI Symbol;Acc:MGI:1915022]	8153	0.005072382744401693	0.4391592	No	
row_35	Kcna1	potassium voltage-gated channel, shaker-related subfamily, member 1 [Source:MGI Symbol;Acc:MGI:96654]	8482	-0.008738091215491295	0.41863707	No	
row_36	Grid2	glutamate receptor, ionotropic, delta 2 [Source:MGI Symbol;Acc:MGI:95813]	9149	-0.03750511258840561	0.3787704	No	
row_37	Pten	phosphatase and tensin homolog [Source:MGI Symbol;Acc:MGI:109583]	9894	-0.0750245675444603	0.33725747	No	
row_38	Comt	catechol-O-methyltransferase [Source:MGI Symbol;Acc:MGI:88470]	10426	-0.1061016246676445	0.3124249	No	
row_39	Kcnh1	potassium voltage-gated channel, subfamily H (eag-related), member 1 [Source:MGI Symbol;Acc:MGI:1341721]	10863	-0.135585755109787	0.29645753	No	
