NAME	SYMBOL	TITLE	RANK IN GENE LIST	RANK METRIC SCORE	RUNNING ES	CORE ENRICHMENT	
row_0	Morc2b	microrchidia 2B [Source:MGI Symbol;Acc:MGI:3045293]	323	0.9763906598091125	-0.012865309	No	
row_1	Tasor	transcription activation suppressor [Source:MGI Symbol;Acc:MGI:1921694]	1044	0.5719669461250305	-0.054985266	No	
row_2	Larp7-ps	La ribonucleoprotein 7, transcriptional regulator, pseudogene [Source:MGI Symbol;Acc:MGI:3650864]	1643	0.4188128411769867	-0.090439364	No	
row_3	Zfp809	zinc finger protein 809 [Source:MGI Symbol;Acc:MGI:2143362]	2063	0.3509795069694519	-0.114798985	No	
row_4	Srpk1	serine/arginine-rich protein specific kinase 1 [Source:MGI Symbol;Acc:MGI:106908]	3386	0.22008264064788818	-0.19909024	No	
row_5	Mphosph8	M-phase phosphoprotein 8 [Source:MGI Symbol;Acc:MGI:1922589]	3744	0.1962890475988388	-0.22070616	No	
row_6	Hexim1	hexamethylene bis-acetamide inducible 1 [Source:MGI Symbol;Acc:MGI:2385923]	4122	0.1739577203989029	-0.2438123	No	
row_7	Vapb	vesicle-associated membrane protein, associated protein B and C [Source:MGI Symbol;Acc:MGI:1928744]	4281	0.16559381783008575	-0.25271952	No	
row_8	Larp7	La ribonucleoprotein 7, transcriptional regulator [Source:MGI Symbol;Acc:MGI:107634]	4322	0.16366304457187653	-0.25395462	No	
row_9	Ppia	peptidylprolyl isomerase A [Source:MGI Symbol;Acc:MGI:97749]	4489	0.1547228842973709	-0.26347417	No	
row_10	Crebbp	CREB binding protein [Source:MGI Symbol;Acc:MGI:1098280]	5412	0.1134248822927475	-0.3225969	No	
row_11	Trim32	tripartite motif-containing 32 [Source:MGI Symbol;Acc:MGI:1917057]	5700	0.102329321205616	-0.34043914	No	
row_12	Trim8	tripartite motif-containing 8 [Source:MGI Symbol;Acc:MGI:1933302]	6233	0.08114884793758392	-0.3744218	No	
row_13	Morc2a	microrchidia 2A [Source:MGI Symbol;Acc:MGI:1921772]	6597	0.06769800186157227	-0.39750597	No	
row_14	Srpk2	serine/arginine-rich protein specific kinase 2 [Source:MGI Symbol;Acc:MGI:1201408]	6757	0.06197395920753479	-0.40734643	No	
row_15	Trim27	tripartite motif-containing 27 [Source:MGI Symbol;Acc:MGI:97904]	6987	0.05295974761247635	-0.42182326	No	
row_16	Csnk2b	casein kinase 2, beta polypeptide [Source:MGI Symbol;Acc:MGI:88548]	7827	0.018863501027226448	-0.47633034	No	
row_17	Trim11	tripartite motif-containing 11 [Source:MGI Symbol;Acc:MGI:2137355]	8041	0.009806524962186813	-0.49012622	No	
row_18	Trim13	tripartite motif-containing 13 [Source:MGI Symbol;Acc:MGI:1913847]	8231	0.001744033768773079	-0.5024259	No	
row_19	Ilf3	interleukin enhancer binding factor 3 [Source:MGI Symbol;Acc:MGI:1339973]	8432	-0.006285025272518396	-0.5154043	No	
row_20	Setdb1	SET domain, bifurcated 1 [Source:MGI Symbol;Acc:MGI:1934229]	8497	-0.00936605129390955	-0.5194957	No	
row_21	Mavs	mitochondrial antiviral signaling protein [Source:MGI Symbol;Acc:MGI:2444773]	9551	-0.05702131241559982	-0.58762634	No	
row_22	Trim28	tripartite motif-containing 28 [Source:MGI Symbol;Acc:MGI:109274]	9615	-0.06006850674748421	-0.5912279	No	
row_23	Prox1	prospero homeobox 1 [Source:MGI Symbol;Acc:MGI:97772]	10195	-0.09262596070766449	-0.6281767	No	
row_24	Mid2	midline 2 [Source:MGI Symbol;Acc:MGI:1344333]	10812	-0.13206346333026886	-0.6672058	No	
row_25	Inpp5k	inositol polyphosphate 5-phosphatase K [Source:MGI Symbol;Acc:MGI:1194899]	11189	-0.1637842059135437	-0.69033206	No	
row_26	Ubp1	upstream binding protein 1 [Source:MGI Symbol;Acc:MGI:104889]	11613	-0.20422455668449402	-0.7161817	No	
row_27	Banf1	BAF nuclear assembly factor 1 [Source:MGI Symbol;Acc:MGI:1346330]	11717	-0.21636570990085602	-0.72108006	No	
row_28	Trim62	tripartite motif-containing 62 [Source:MGI Symbol;Acc:MGI:1914775]	12086	-0.25772079825401306	-0.74289805	No	
row_29	Hmga2	high mobility group AT-hook 2 [Source:MGI Symbol;Acc:MGI:101761]	12177	-0.2703935503959656	-0.7464968	No	
row_30	Shfl	shiftless antiviral inhibitor of ribosomal frameshifting [Source:MGI Symbol;Acc:MGI:2441788]	12460	-0.3098844587802887	-0.76227444	No	
row_31	Rnasel	ribonuclease L (2', 5'-oligoisoadenylate synthetase-dependent) [Source:MGI Symbol;Acc:MGI:1098272]	12970	-0.4013919234275818	-0.7920757	No	
row_32	N4bp1	NEDD4 binding protein 1 [Source:MGI Symbol;Acc:MGI:2136825]	13190	-0.4554022550582886	-0.80252945	No	
row_33	Ifitm7	interferon induced transmembrane protein 7 [Source:MGI Symbol;Acc:MGI:1921732]	13585	-0.5934695601463318	-0.8232287	No	
row_34	Znfx1	zinc finger, NFX1-type containing 1 [Source:MGI Symbol;Acc:MGI:2138982]	14146	-0.8929374814033508	-0.85223496	No	
row_35	Fam111a	family with sequence similarity 111, member A [Source:MGI Symbol;Acc:MGI:1915508]	14298	-1.0428886413574219	-0.85333645	No	
row_36	Stat1	signal transducer and activator of transcription 1 [Source:MGI Symbol;Acc:MGI:103063]	14671	-1.5451865196228027	-0.86462927	Yes	
row_37	Ifi203-ps	interferon activated gene 203, pseudogene [Source:MGI Symbol;Acc:MGI:3840117]	14691	-1.5808827877044678	-0.8526232	Yes	
row_38	Ifitm3	interferon induced transmembrane protein 3 [Source:MGI Symbol;Acc:MGI:1913391]	14712	-1.6358919143676758	-0.8402215	Yes	
row_39	Isg15	ISG15 ubiquitin-like modifier [Source:MGI Symbol;Acc:MGI:1855694]	14784	-1.8063654899597168	-0.8297146	Yes	
row_40	Ifitm2	interferon induced transmembrane protein 2 [Source:MGI Symbol;Acc:MGI:1933382]	14866	-1.9979737997055054	-0.818254	Yes	
row_41	Rsad2	radical S-adenosyl methionine domain containing 2 [Source:MGI Symbol;Acc:MGI:1929628]	14874	-2.018421173095703	-0.8018006	Yes	
row_42	Bst2	bone marrow stromal cell antigen 2 [Source:MGI Symbol;Acc:MGI:1916800]	14885	-2.0329341888427734	-0.78542113	Yes	
row_43	Zc3hav1	zinc finger CCCH type, antiviral 1 [Source:MGI Symbol;Acc:MGI:1926031]	14889	-2.0419869422912598	-0.7685097	Yes	
row_44	Ifi203	interferon activated gene 203 [Source:MGI Symbol;Acc:MGI:96428]	14921	-2.127992868423462	-0.7527021	Yes	
row_45	Trim6	tripartite motif-containing 6 [Source:MGI Symbol;Acc:MGI:2137352]	14950	-2.20326828956604	-0.7360684	Yes	
row_46	Sp100	nuclear antigen Sp100 [Source:MGI Symbol;Acc:MGI:109561]	14969	-2.2606582641601562	-0.71830237	Yes	
row_47	Mndal	myeloid nuclear differentiation antigen like [Source:MGI Symbol;Acc:MGI:3780953]	14974	-2.2712693214416504	-0.6995353	Yes	
row_48	Ifitm1	interferon induced transmembrane protein 1 [Source:MGI Symbol;Acc:MGI:1915963]	14977	-2.2766151428222656	-0.6805931	Yes	
row_49	Eif2ak2	eukaryotic translation initiation factor 2-alpha kinase 2 [Source:MGI Symbol;Acc:MGI:1353449]	14986	-2.2941997051239014	-0.6618945	Yes	
row_50	Ccl5	C-C motif chemokine ligand 5 [Source:MGI Symbol;Acc:MGI:98262]	15003	-2.320327043533325	-0.6434983	Yes	
row_51	Ifih1	interferon induced with helicase C domain 1 [Source:MGI Symbol;Acc:MGI:1918836]	15019	-2.357480049133301	-0.6247257	Yes	
row_52	Mx2	MX dynamin-like GTPase 2 [Source:MGI Symbol;Acc:MGI:97244]	15030	-2.378819227218628	-0.6054485	Yes	
row_53	Zfp36	zinc finger protein 36 [Source:MGI Symbol;Acc:MGI:99180]	15034	-2.3839128017425537	-0.58567256	Yes	
row_54	Oasl2	2'-5' oligoadenylate synthetase-like 2 [Source:MGI Symbol;Acc:MGI:1344390]	15047	-2.4213457107543945	-0.56616944	Yes	
row_55	Apobec3	apolipoprotein B mRNA editing enzyme, catalytic polypeptide 3 [Source:MGI Symbol;Acc:MGI:1933111]	15050	-2.433757781982422	-0.5459108	Yes	
row_56	Ptx3	pentraxin related gene [Source:MGI Symbol;Acc:MGI:104641]	15058	-2.4457359313964844	-0.52587754	Yes	
row_57	Ifnb1	interferon beta 1, fibroblast [Source:MGI Symbol;Acc:MGI:107657]	15104	-2.5572633743286133	-0.50738585	Yes	
row_58	Slpi	secretory leukocyte peptidase inhibitor [Source:MGI Symbol;Acc:MGI:109297]	15170	-2.740548610687256	-0.48866183	Yes	
row_59	Oas1a	2'-5' oligoadenylate synthetase 1A [Source:MGI Symbol;Acc:MGI:2180860]	15172	-2.741467237472534	-0.46576014	Yes	
row_60	Plscr1	phospholipid scramblase 1 [Source:MGI Symbol;Acc:MGI:893575]	15180	-2.7605626583099365	-0.44308943	Yes	
row_61	Oas1c	2'-5' oligoadenylate synthetase 1C [Source:MGI Symbol;Acc:MGI:2149633]	15185	-2.7806854248046875	-0.42005464	Yes	
row_62	Oasl1	2'-5' oligoadenylate synthetase-like 1 [Source:MGI Symbol;Acc:MGI:2180849]	15192	-2.798686981201172	-0.3969994	Yes	
row_63	Ifi209	interferon activated gene 209 [Source:MGI Symbol;Acc:MGI:2138243]	15216	-2.871985912322998	-0.3744377	Yes	
row_64	Ch25h	cholesterol 25-hydroxylase [Source:MGI Symbol;Acc:MGI:1333869]	15234	-2.933556079864502	-0.35096925	Yes	
row_65	Oas2	2'-5' oligoadenylate synthetase 2 [Source:MGI Symbol;Acc:MGI:2180852]	15248	-2.9717226028442383	-0.32692045	Yes	
row_66	Ifi213	interferon activated gene 213 [Source:MGI Symbol;Acc:MGI:3695276]	15250	-2.9802963733673096	-0.302018	Yes	
row_67	Ifi208	interferon activated gene 208 [Source:MGI Symbol;Acc:MGI:2442822]	15302	-3.2272236347198486	-0.2783046	Yes	
row_68	Trim21	tripartite motif-containing 21 [Source:MGI Symbol;Acc:MGI:106657]	15313	-3.2677388191223145	-0.25158045	Yes	
row_69	Oas1b	2'-5' oligoadenylate synthetase 1B [Source:MGI Symbol;Acc:MGI:97430]	15315	-3.299004077911377	-0.22400795	Yes	
row_70	Isg20	interferon-stimulated protein [Source:MGI Symbol;Acc:MGI:1928895]	15319	-3.3070926666259766	-0.19649802	Yes	
row_71	Ifi207	interferon activated gene 207 [Source:MGI Symbol;Acc:MGI:2138302]	15350	-3.5752596855163574	-0.16850069	Yes	
row_72	Oas3	2'-5' oligoadenylate synthetase 3 [Source:MGI Symbol;Acc:MGI:2180850]	15353	-3.5899810791015625	-0.13855568	Yes	
row_73	Ifi214	interferon activated gene 214 [Source:MGI Symbol;Acc:MGI:3584522]	15358	-3.6673147678375244	-0.10809312	Yes	
row_74	Ifi206	interferon activated gene 206 [Source:MGI Symbol;Acc:MGI:3646410]	15389	-4.038980960845947	-0.07621092	Yes	
row_75	Tnf	tumor necrosis factor [Source:MGI Symbol;Acc:MGI:104798]	15411	-4.453005790710449	-0.040273815	Yes	
row_76	Ifitm6	interferon induced transmembrane protein 6 [Source:MGI Symbol;Acc:MGI:2686976]	15422	-4.900644302368164	1.3012333E-4	Yes	
