NAME	SYMBOL	TITLE	RANK IN GENE LIST	RANK METRIC SCORE	RUNNING ES	CORE ENRICHMENT	
row_0	Slc18a2	solute carrier family 18 (vesicular monoamine), member 2 [Source:MGI Symbol;Acc:MGI:106677]	93	1.402576208114624	-0.002524889	No	
row_1	Grp	gastrin releasing peptide [Source:MGI Symbol;Acc:MGI:95833]	288	1.0170964002609253	-0.012738402	No	
row_2	Dbh	dopamine beta hydroxylase [Source:MGI Symbol;Acc:MGI:94864]	441	0.8666535019874573	-0.020559972	No	
row_3	Nr4a3	nuclear receptor subfamily 4, group A, member 3 [Source:MGI Symbol;Acc:MGI:1352457]	474	0.8380746841430664	-0.020507533	No	
row_4	Cd46	CD46 antigen, complement regulatory protein [Source:MGI Symbol;Acc:MGI:1203290]	687	0.7108524441719055	-0.03270691	No	
row_5	Crhr1	corticotropin releasing hormone receptor 1 [Source:MGI Symbol;Acc:MGI:88498]	729	0.6905965209007263	-0.033632774	No	
row_6	Enpp1	ectonucleotide pyrophosphatase/phosphodiesterase 1 [Source:MGI Symbol;Acc:MGI:97370]	1019	0.5784317255020142	-0.05127534	No	
row_7	Trpm4	transient receptor potential cation channel, subfamily M, member 4 [Source:MGI Symbol;Acc:MGI:1915917]	1028	0.5763267874717712	-0.05031162	No	
row_8	Ephb6	Eph receptor B6 [Source:MGI Symbol;Acc:MGI:1096338]	1037	0.5735828280448914	-0.049355015	No	
row_9	Aplf	aprataxin and PNKP like factor [Source:MGI Symbol;Acc:MGI:1919353]	1202	0.5228782296180725	-0.05886231	No	
row_10	Pomc	pro-opiomelanocortin-alpha [Source:MGI Symbol;Acc:MGI:97742]	1230	0.5155611634254456	-0.059314515	No	
row_11	Il4	interleukin 4 [Source:MGI Symbol;Acc:MGI:96556]	1379	0.47648885846138	-0.067882285	No	
row_12	Kmt5c	lysine methyltransferase 5C [Source:MGI Symbol;Acc:MGI:2385262]	1413	0.46825796365737915	-0.06885449	No	
row_13	Shld1	shieldin complex subunit 1 [Source:MGI Symbol;Acc:MGI:1920997]	1672	0.41480594873428345	-0.08486784	No	
row_14	Ighg2c	immunoglobulin heavy constant gamma 2C [Source:MGI Symbol;Acc:MGI:2686979]	1744	0.4025301933288574	-0.08852727	No	
row_15	Pou2f2	POU domain, class 2, transcription factor 2 [Source:MGI Symbol;Acc:MGI:101897]	2422	0.30613407492637634	-0.13257428	No	
row_16	Xrcc4	X-ray repair complementing defective repair in Chinese hamster cells 4 [Source:MGI Symbol;Acc:MGI:1333799]	2515	0.2976006269454956	-0.13789655	No	
row_17	Lig4	ligase IV, DNA, ATP-dependent [Source:MGI Symbol;Acc:MGI:1335098]	2684	0.27806273102760315	-0.14830324	No	
row_18	Msh2	mutS homolog 2 [Source:MGI Symbol;Acc:MGI:101816]	3179	0.23531974852085114	-0.18041295	No	
row_19	Prkcz	protein kinase C, zeta [Source:MGI Symbol;Acc:MGI:97602]	3256	0.23019728064537048	-0.18485016	No	
row_20	Kctd9	potassium channel tetramerisation domain containing 9 [Source:MGI Symbol;Acc:MGI:2145579]	3527	0.20979303121566772	-0.20218964	No	
row_21	Pdpk1	3-phosphoinositide dependent protein kinase 1 [Source:MGI Symbol;Acc:MGI:1338068]	3704	0.1985515058040619	-0.21333225	No	
row_22	Cplx2	complexin 2 [Source:MGI Symbol;Acc:MGI:104726]	3802	0.19333048164844513	-0.21925591	No	
row_23	Ufl1	UFM1 specific ligase 1 [Source:MGI Symbol;Acc:MGI:1914740]	3996	0.18139345943927765	-0.23156896	No	
row_24	Cd55	CD55 molecule, decay accelerating factor for complement [Source:MGI Symbol;Acc:MGI:104850]	4075	0.1763404905796051	-0.23627822	No	
row_25	Mlh1	mutL homolog 1 [Source:MGI Symbol;Acc:MGI:101938]	4207	0.16988244652748108	-0.2445146	No	
row_26	Chga	chromogranin A [Source:MGI Symbol;Acc:MGI:88394]	4268	0.1665012091398239	-0.24805714	No	
row_27	Shld2	shieldin complex subunit 2 [Source:MGI Symbol;Acc:MGI:1922948]	4273	0.16610905528068542	-0.24789159	No	
row_28	Sanbr	SANT and BTB domain regulator of CSR [Source:MGI Symbol;Acc:MGI:1918925]	4316	0.16400448977947235	-0.2502484	No	
row_29	Igf2	insulin-like growth factor 2 [Source:MGI Symbol;Acc:MGI:96434]	4427	0.15720532834529877	-0.25712672	No	
row_30	Vamp2	vesicle-associated membrane protein 2 [Source:MGI Symbol;Acc:MGI:1313277]	4895	0.13579058647155762	-0.28770605	No	
row_31	Ighm	immunoglobulin heavy constant mu [Source:MGI Symbol;Acc:MGI:96448]	4996	0.13169346749782562	-0.29398817	No	
row_32	Jag1	jagged 1 [Source:MGI Symbol;Acc:MGI:1095416]	5017	0.13080409169197083	-0.29497385	No	
row_33	Smad7	SMAD family member 7 [Source:MGI Symbol;Acc:MGI:1100518]	5135	0.12548799812793732	-0.302398	No	
row_34	Susd4	sushi domain containing 4 [Source:MGI Symbol;Acc:MGI:2138351]	5136	0.12542270123958588	-0.30207297	No	
row_35	Rif1	replication timing regulatory factor 1 [Source:MGI Symbol;Acc:MGI:1098622]	5192	0.12283960729837418	-0.30539748	No	
row_36	Klhl22	kelch-like 22 [Source:MGI Symbol;Acc:MGI:1337995]	5231	0.12104836106300354	-0.30760068	No	
row_37	Zbtb1	zinc finger and BTB domain containing 1 [Source:MGI Symbol;Acc:MGI:2442326]	5301	0.11796639859676361	-0.3118651	No	
row_38	Nsd2	nuclear receptor binding SET domain protein 2 [Source:MGI Symbol;Acc:MGI:1276574]	5307	0.11771050840616226	-0.3118912	No	
row_39	Hmces	5-hydroxymethylcytosine (hmC) binding, ES cell specific [Source:MGI Symbol;Acc:MGI:1914053]	5417	0.11319224536418915	-0.31881738	No	
row_40	Dusp22	dual specificity phosphatase 22 [Source:MGI Symbol;Acc:MGI:1915926]	5473	0.11111384630203247	-0.32217228	No	
row_41	Pld2	phospholipase D2 [Source:MGI Symbol;Acc:MGI:892877]	5493	0.1103811040520668	-0.32314464	No	
row_42	Tusc2	tumor suppressor 2, mitochondrial calcium regulator [Source:MGI Symbol;Acc:MGI:1931086]	5592	0.10633917152881622	-0.32936	No	
row_43	Dao	D-amino acid oxidase [Source:MGI Symbol;Acc:MGI:94859]	5667	0.10353121161460876	-0.333993	No	
row_44	Hspa8	heat shock protein 8 [Source:MGI Symbol;Acc:MGI:105384]	5674	0.10325077176094055	-0.33412284	No	
row_45	Cadm1	cell adhesion molecule 1 [Source:MGI Symbol;Acc:MGI:1889272]	5681	0.10294981300830841	-0.33425343	No	
row_46	Ptgds	prostaglandin D2 synthase (brain) [Source:MGI Symbol;Acc:MGI:99261]	5706	0.10202808678150177	-0.33557862	No	
row_47	Dlg1	discs large MAGUK scaffold protein 1 [Source:MGI Symbol;Acc:MGI:107231]	5760	0.09974069893360138	-0.33883053	No	
row_48	Pms2	PMS1 homolog2, mismatch repair system component [Source:MGI Symbol;Acc:MGI:104288]	5861	0.09578385949134827	-0.3452057	No	
row_49	D6Wsu163e	DNA segment, Chr 6, Wayne State University 163, expressed [Source:MGI Symbol;Acc:MGI:107893]	5892	0.0946074053645134	-0.34694755	No	
row_50	Ndfip1	Nedd4 family interacting protein 1 [Source:MGI Symbol;Acc:MGI:1929601]	5913	0.0937916487455368	-0.34802917	No	
row_51	Rasgrp1	RAS guanyl releasing protein 1 [Source:MGI Symbol;Acc:MGI:1314635]	5924	0.09335950762033463	-0.34844956	No	
row_52	Crk	v-crk avian sarcoma virus CT10 oncogene homolog [Source:MGI Symbol;Acc:MGI:88508]	6219	0.08166471123695374	-0.36771068	No	
row_53	Hprt1	hypoxanthine phosphoribosyltransferase 1 [Source:MGI Symbol;Acc:MGI:96217]	6309	0.0781039446592331	-0.3734031	No	
row_54	Ddx1	DEAD box helicase 1 [Source:MGI Symbol;Acc:MGI:2144727]	6323	0.07770732045173645	-0.37406275	No	
row_55	Card9	caspase recruitment domain family, member 9 [Source:MGI Symbol;Acc:MGI:2685628]	6355	0.07664771378040314	-0.37591738	No	
row_56	Tfrc	transferrin receptor [Source:MGI Symbol;Acc:MGI:98822]	6408	0.07494381070137024	-0.37916732	No	
row_57	Kif5b	kinesin family member 5B [Source:MGI Symbol;Acc:MGI:1098268]	6509	0.07109063118696213	-0.38560647	No	
row_58	Rnf168	ring finger protein 168 [Source:MGI Symbol;Acc:MGI:1917488]	6738	0.06274642795324326	-0.40054518	No	
row_59	Cr2	complement receptor 2 [Source:MGI Symbol;Acc:MGI:88489]	6783	0.06101199984550476	-0.40330136	No	
row_60	Bcr	BCR activator of RhoGEF and GTPase [Source:MGI Symbol;Acc:MGI:88141]	6961	0.05380901321768761	-0.4148853	No	
row_61	Ppp3cb	protein phosphatase 3, catalytic subunit, beta isoform [Source:MGI Symbol;Acc:MGI:107163]	6995	0.05269104987382889	-0.4169345	No	
row_62	Stat5b	signal transducer and activator of transcription 5B [Source:MGI Symbol;Acc:MGI:103035]	7007	0.052116189152002335	-0.417528	No	
row_63	Ywhag	tyrosine 3-monooxygenase/tryptophan 5-monooxygenase activation protein, gamma polypeptide [Source:MGI Symbol;Acc:MGI:108109]	7106	0.048321135342121124	-0.4238937	No	
row_64	Dhx36	DEAH-box helicase 36 [Source:MGI Symbol;Acc:MGI:1919412]	7340	0.03847242146730423	-0.4392265	No	
row_65	Nbn	nibrin [Source:MGI Symbol;Acc:MGI:1351625]	7355	0.037998128682374954	-0.4400553	No	
row_66	Ywhaz	tyrosine 3-monooxygenase/tryptophan 5-monooxygenase activation protein, zeta polypeptide [Source:MGI Symbol;Acc:MGI:109484]	7386	0.036896515637636185	-0.44194672	No	
row_67	Kmt2e	lysine (K)-specific methyltransferase 2E [Source:MGI Symbol;Acc:MGI:1924825]	7433	0.03517765924334526	-0.4449023	No	
row_68	Abr	active BCR-related gene [Source:MGI Symbol;Acc:MGI:107771]	7507	0.03181019797921181	-0.44965494	No	
row_69	Emp2	epithelial membrane protein 2 [Source:MGI Symbol;Acc:MGI:1098726]	7785	0.020889833569526672	-0.4679476	No	
row_70	Stxbp1	syntaxin binding protein 1 [Source:MGI Symbol;Acc:MGI:107363]	7873	0.017181282863020897	-0.47366542	No	
row_71	Arl8b	ADP-ribosylation factor-like 8B [Source:MGI Symbol;Acc:MGI:1914416]	7898	0.016360748559236526	-0.47521263	No	
row_72	Ap1g1	adaptor protein complex AP-1, gamma 1 subunit [Source:MGI Symbol;Acc:MGI:101919]	7899	0.016353324055671692	-0.47517025	No	
row_73	Cx3cr1	C-X3-C motif chemokine receptor 1 [Source:MGI Symbol;Acc:MGI:1333815]	7966	0.013490796089172363	-0.47950673	No	
row_74	Mr1	major histocompatibility complex, class I-related [Source:MGI Symbol;Acc:MGI:1195463]	7982	0.012948499992489815	-0.4804667	No	
row_75	Paxip1	PAX interacting (with transcription-activation domain) protein 1 [Source:MGI Symbol;Acc:MGI:1890430]	8040	0.00983131118118763	-0.48421654	No	
row_76	Stx4a	syntaxin 4A (placental) [Source:MGI Symbol;Acc:MGI:893577]	8047	0.00970086082816124	-0.4845888	No	
row_77	Map3k7	mitogen-activated protein kinase kinase kinase 7 [Source:MGI Symbol;Acc:MGI:1346877]	8323	-0.002356388373300433	-0.50279707	No	
row_78	Grb2	growth factor receptor bound protein 2 [Source:MGI Symbol;Acc:MGI:95805]	8335	-0.0027091987431049347	-0.5035186	No	
row_79	Ebag9	estrogen receptor-binding fragment-associated gene 9 [Source:MGI Symbol;Acc:MGI:1859920]	8360	-0.0037415989208966494	-0.5050985	No	
row_80	Pcyox1l	prenylcysteine oxidase 1 like [Source:MGI Symbol;Acc:MGI:3606062]	8382	-0.004373962990939617	-0.5064781	No	
row_81	Plekhm2	pleckstrin homology domain containing, family M (with RUN domain) member 2 [Source:MGI Symbol;Acc:MGI:1916832]	8436	-0.006547974888235331	-0.5099715	No	
row_82	Il2	interleukin 2 [Source:MGI Symbol;Acc:MGI:96548]	8445	-0.007063490804284811	-0.5104831	No	
row_83	Trp53bp1	transformation related protein 53 binding protein 1 [Source:MGI Symbol;Acc:MGI:1351320]	8543	-0.011310144327580929	-0.5168785	No	
row_84	Hspd1	heat shock protein 1 (chaperonin) [Source:MGI Symbol;Acc:MGI:96242]	8597	-0.013060055673122406	-0.520355	No	
row_85	Crtam	cytotoxic and regulatory T cell molecule [Source:MGI Symbol;Acc:MGI:1859822]	8607	-0.013651235960423946	-0.52091575	No	
row_86	Kit	KIT proto-oncogene receptor tyrosine kinase [Source:MGI Symbol;Acc:MGI:96677]	8765	-0.020402859896421432	-0.5312616	No	
row_87	Cbl	Casitas B-lineage lymphoma [Source:MGI Symbol;Acc:MGI:88279]	9121	-0.036041028797626495	-0.55468124	No	
row_88	Prkaa1	protein kinase, AMP-activated, alpha 1 catalytic subunit [Source:MGI Symbol;Acc:MGI:2145955]	9176	-0.03867869824171066	-0.5581576	No	
row_89	Jagn1	jagunal homolog 1 [Source:MGI Symbol;Acc:MGI:1915017]	9248	-0.04163118079304695	-0.56275237	No	
row_90	Pikfyve	phosphoinositide kinase, FYVE type zinc finger containing [Source:MGI Symbol;Acc:MGI:1335106]	9377	-0.048307739198207855	-0.5711051	No	
row_91	Atad5	ATPase family, AAA domain containing 5 [Source:MGI Symbol;Acc:MGI:2442925]	9482	-0.053510796278715134	-0.57785475	No	
row_92	Kmt5b	lysine methyltransferase 5B [Source:MGI Symbol;Acc:MGI:2444557]	9510	-0.05491992458701134	-0.57950073	No	
row_93	Gata3	GATA binding protein 3 [Source:MGI Symbol;Acc:MGI:95663]	9548	-0.05682508647441864	-0.58180416	No	
row_94	Mavs	mitochondrial antiviral signaling protein [Source:MGI Symbol;Acc:MGI:2444773]	9551	-0.05702131241559982	-0.58178884	No	
row_95	Cd81	CD81 antigen [Source:MGI Symbol;Acc:MGI:1096398]	9704	-0.0650256797671318	-0.59168786	No	
row_96	Supt6	SPT6, histone chaperone and transcription elongation factor [Source:MGI Symbol;Acc:MGI:107726]	9793	-0.06971243023872375	-0.5973358	No	
row_97	H2-T13	histocompatibility 2, T region locus 13 [Source:MGI Symbol;Acc:MGI:95945]	9822	-0.07124589383602142	-0.5990057	No	
row_98	Cebpg	CCAAT/enhancer binding protein gamma [Source:MGI Symbol;Acc:MGI:104982]	9825	-0.07134270668029785	-0.5989533	No	
row_99	Stard7	StAR related lipid transfer domain containing 7 [Source:MGI Symbol;Acc:MGI:2139090]	9844	-0.07233810424804688	-0.599958	No	
row_100	Kdelr1	KDEL (Lys-Asp-Glu-Leu) endoplasmic reticulum protein retention receptor 1 [Source:MGI Symbol;Acc:MGI:1915387]	9845	-0.07238815724849701	-0.5997704	No	
row_101	C1qbp	complement component 1, q subcomponent binding protein [Source:MGI Symbol;Acc:MGI:1194505]	10001	-0.0819370299577713	-0.60982436	No	
row_102	Rnf8	ring finger protein 8 [Source:MGI Symbol;Acc:MGI:1929069]	10010	-0.08245417475700378	-0.6101405	No	
row_103	Stx7	syntaxin 7 [Source:MGI Symbol;Acc:MGI:1858210]	10056	-0.08486060798168182	-0.61290115	No	
row_104	Rabgef1	RAB guanine nucleotide exchange factor (GEF) 1 [Source:MGI Symbol;Acc:MGI:1929459]	10117	-0.08836833387613297	-0.6166462	No	
row_105	Msh6	mutS homolog 6 [Source:MGI Symbol;Acc:MGI:1343961]	10220	-0.09406300634145737	-0.6231583	No	
row_106	Lyst	lysosomal trafficking regulator [Source:MGI Symbol;Acc:MGI:107448]	10231	-0.09465184807777405	-0.62357527	No	
row_107	Cyrib	CYFIP related Rac1 interactor B [Source:MGI Symbol;Acc:MGI:1923520]	10406	-0.10513588786125183	-0.63482755	No	
row_108	Pik3cb	phosphatidylinositol-4,5-bisphosphate 3-kinase catalytic subunit beta [Source:MGI Symbol;Acc:MGI:1922019]	10466	-0.10859617590904236	-0.6384539	No	
row_109	Gfus	GDP-L-fucose synthase [Source:MGI Symbol;Acc:MGI:98857]	10544	-0.11300797760486603	-0.643261	No	
row_110	Sphk2	sphingosine kinase 2 [Source:MGI Symbol;Acc:MGI:1861380]	10664	-0.12072138488292694	-0.65083003	No	
row_111	Pik3r1	phosphoinositide-3-kinase regulatory subunit 1 [Source:MGI Symbol;Acc:MGI:97583]	10779	-0.12955646216869354	-0.65804493	No	
row_112	Wdr1	WD repeat domain 1 [Source:MGI Symbol;Acc:MGI:1337100]	10886	-0.1373586654663086	-0.66470975	No	
row_113	Hmgb1	high mobility group box 1 [Source:MGI Symbol;Acc:MGI:96113]	11073	-0.15266485512256622	-0.67663366	No	
row_114	Pi4k2a	phosphatidylinositol 4-kinase type 2 alpha [Source:MGI Symbol;Acc:MGI:1934031]	11296	-0.17421430349349976	-0.6908861	No	
row_115	Slc15a4	solute carrier family 15, member 4 [Source:MGI Symbol;Acc:MGI:2140796]	11305	-0.17477574944496155	-0.69096303	No	
row_116	Gfer	growth factor, augmenter of liver regeneration [Source:MGI Symbol;Acc:MGI:107757]	11308	-0.17510312795639038	-0.6906417	No	
row_117	Snx4	sorting nexin 4 [Source:MGI Symbol;Acc:MGI:1916400]	11340	-0.17782345414161682	-0.6922341	No	
row_118	Il18	interleukin 18 [Source:MGI Symbol;Acc:MGI:107936]	11397	-0.1832057386636734	-0.6954684	No	
row_119	Prdx1	peroxiredoxin 1 [Source:MGI Symbol;Acc:MGI:99523]	11449	-0.18814972043037415	-0.6983587	No	
row_120	Pik3r6	phosphoinositide-3-kinase regulatory subunit 5 [Source:MGI Symbol;Acc:MGI:2144613]	11461	-0.18987949192523956	-0.6985952	No	
row_121	Exosc3	exosome component 3 [Source:MGI Symbol;Acc:MGI:1913612]	11687	-0.21316932141780853	-0.7129454	No	
row_122	Fbxo38	F-box protein 38 [Source:MGI Symbol;Acc:MGI:2444639]	11792	-0.22501645982265472	-0.7192506	No	
row_123	Prkcd	protein kinase C, delta [Source:MGI Symbol;Acc:MGI:97598]	11795	-0.22514791786670685	-0.7187996	No	
row_124	Cr1l	complement C3b/C4b receptor 1 like [Source:MGI Symbol;Acc:MGI:88513]	11808	-0.22655810415744781	-0.71900725	No	
row_125	Coro1a	coronin, actin binding protein 1A [Source:MGI Symbol;Acc:MGI:1345961]	11901	-0.23673555254936218	-0.72448725	No	
row_126	Dpp4	dipeptidylpeptidase 4 [Source:MGI Symbol;Acc:MGI:94919]	11913	-0.23846042156219482	-0.7245979	No	
row_127	Nppc	natriuretic peptide type C [Source:MGI Symbol;Acc:MGI:97369]	11918	-0.2389037013053894	-0.72424364	No	
row_128	Pcyt1a	phosphate cytidylyltransferase 1, choline, alpha isoform [Source:MGI Symbol;Acc:MGI:88557]	11967	-0.24371011555194855	-0.72679126	No	
row_129	Gba1	glucosylceramidase beta 1 [Source:MGI Symbol;Acc:MGI:95665]	12144	-0.26508694887161255	-0.7377615	No	
row_130	Bcl6	B cell leukemia/lymphoma 6 [Source:MGI Symbol;Acc:MGI:107187]	12176	-0.27032357454299927	-0.73911417	No	
row_131	Dennd1b	DENN domain containing 1B [Source:MGI Symbol;Acc:MGI:2447812]	12348	-0.29408881068229675	-0.749678	No	
row_132	Il20rb	interleukin 20 receptor beta [Source:MGI Symbol;Acc:MGI:2143266]	12359	-0.29539915919303894	-0.7495748	No	
row_133	Vsir	V-set immunoregulatory receptor [Source:MGI Symbol;Acc:MGI:1921298]	12380	-0.29802560806274414	-0.75012714	No	
row_134	Rftn1	raftlin lipid raft linker 1 [Source:MGI Symbol;Acc:MGI:1923688]	12411	-0.3028486967086792	-0.7513293	No	
row_135	Traf2	TNF receptor-associated factor 2 [Source:MGI Symbol;Acc:MGI:101835]	12482	-0.3134261667728424	-0.7551534	No	
row_136	Ddx21	DExD box helicase 21 [Source:MGI Symbol;Acc:MGI:1860494]	12585	-0.32710686326026917	-0.76106155	No	
row_137	Ercc1	excision repair cross-complementing rodent repair deficiency, complementation group 1 [Source:MGI Symbol;Acc:MGI:95412]	12636	-0.3341098725795746	-0.76350737	No	
row_138	Stxbp2	syntaxin binding protein 2 [Source:MGI Symbol;Acc:MGI:107370]	12693	-0.3439672887325287	-0.76632506	No	
row_139	Ace	angiotensin I converting enzyme [Source:MGI Symbol;Acc:MGI:87874]	12773	-0.35956647992134094	-0.7706257	No	
row_140	Arrb2	arrestin, beta 2 [Source:MGI Symbol;Acc:MGI:99474]	12825	-0.3717876076698303	-0.7730401	No	
row_141	Crlf2	cytokine receptor-like factor 2 [Source:MGI Symbol;Acc:MGI:1889506]	12912	-0.38758668303489685	-0.7777318	No	
row_142	Bcl10	B cell leukemia/lymphoma 10 [Source:MGI Symbol;Acc:MGI:1337994]	12943	-0.3952125906944275	-0.77869457	No	
row_143	Ahr	aryl-hydrocarbon receptor [Source:MGI Symbol;Acc:MGI:105043]	13003	-0.40796828269958496	-0.7815451	No	
row_144	Fosl2	fos-like antigen 2 [Source:MGI Symbol;Acc:MGI:102858]	13059	-0.4219963550567627	-0.78409433	No	
row_145	Stxbp3	syntaxin binding protein 3 [Source:MGI Symbol;Acc:MGI:107362]	13071	-0.42384016513824463	-0.78372455	No	
row_146	H2-T24	histocompatibility 2, T region locus 24 [Source:MGI Symbol;Acc:MGI:95958]	13078	-0.42471209168434143	-0.7830213	No	
row_147	Foxj1	forkhead box J1 [Source:MGI Symbol;Acc:MGI:1347474]	13080	-0.4254794716835022	-0.7819848	No	
row_148	Snap23	synaptosomal-associated protein 23 [Source:MGI Symbol;Acc:MGI:109356]	13084	-0.42725491523742676	-0.78107625	No	
row_149	Mad2l2	MAD2 mitotic arrest deficient-like 2 [Source:MGI Symbol;Acc:MGI:1919140]	13088	-0.4283888041973114	-0.7801648	No	
row_150	Pla2g3	phospholipase A2, group III [Source:MGI Symbol;Acc:MGI:2444945]	13103	-0.4342503547668457	-0.77996665	No	
row_151	Lamp1	lysosomal-associated membrane protein 1 [Source:MGI Symbol;Acc:MGI:96745]	13126	-0.43872785568237305	-0.78028685	No	
row_152	Tbx21	T-box 21 [Source:MGI Symbol;Acc:MGI:1888984]	13216	-0.46224460005760193	-0.7849837	No	
row_153	Rnf19b	ring finger protein 19B [Source:MGI Symbol;Acc:MGI:1922484]	13332	-0.4984840154647827	-0.79130876	No	
row_154	Pvr	poliovirus receptor [Source:MGI Symbol;Acc:MGI:107741]	13340	-0.5014012455940247	-0.790473	No	
row_155	Trem2	triggering receptor expressed on myeloid cells 2 [Source:MGI Symbol;Acc:MGI:1913150]	13349	-0.5038224458694458	-0.7896972	No	
row_156	Ndst2	N-deacetylase/N-sulfotransferase (heparan glucosaminyl) 2 [Source:MGI Symbol;Acc:MGI:97040]	13400	-0.5237312912940979	-0.79165155	No	
row_157	Rab27a	RAB27A, member RAS oncogene family [Source:MGI Symbol;Acc:MGI:1861441]	13483	-0.5529008507728577	-0.7956499	No	
row_158	Ager	advanced glycosylation end product-specific receptor [Source:MGI Symbol;Acc:MGI:893592]	13621	-0.6114444732666016	-0.8031393	No	
row_159	Gab2	growth factor receptor bound protein 2-associated protein 2 [Source:MGI Symbol;Acc:MGI:1333854]	13667	-0.634711503982544	-0.80447495	No	
row_160	Adora2b	adenosine A2b receptor [Source:MGI Symbol;Acc:MGI:99403]	13692	-0.6444120407104492	-0.80439454	No	
row_161	Traf6	TNF receptor-associated factor 6 [Source:MGI Symbol;Acc:MGI:108072]	13714	-0.6538277268409729	-0.80409104	No	
row_162	Fcmr	Fc fragment of IgM receptor [Source:MGI Symbol;Acc:MGI:1916419]	13720	-0.6551854610443115	-0.80272424	No	
row_163	Stap1	signal transducing adaptor family member 1 [Source:MGI Symbol;Acc:MGI:1926193]	13846	-0.7126943469047546	-0.8091565	Yes	
row_164	Cfh	complement component factor h [Source:MGI Symbol;Acc:MGI:88385]	13850	-0.7140789031982422	-0.8075046	Yes	
row_165	Vamp8	vesicle-associated membrane protein 8 [Source:MGI Symbol;Acc:MGI:1336882]	13852	-0.7152400612831116	-0.80571723	Yes	
row_166	Swap70	SWA-70 protein [Source:MGI Symbol;Acc:MGI:1298390]	13930	-0.7572450041770935	-0.8088548	Yes	
row_167	Cd24a	CD24a antigen [Source:MGI Symbol;Acc:MGI:88323]	13950	-0.7726616859436035	-0.80811083	Yes	
row_168	Ceacam1	CEA cell adhesion molecule 1 [Source:MGI Symbol;Acc:MGI:1347245]	13971	-0.7821909189224243	-0.80740845	Yes	
row_169	Ung	uracil DNA glycosylase [Source:MGI Symbol;Acc:MGI:109352]	13977	-0.7864665985107422	-0.80570143	Yes	
row_170	Anxa3	annexin A3 [Source:MGI Symbol;Acc:MGI:1201378]	13993	-0.803488552570343	-0.80461264	Yes	
row_171	P2rx7	purinergic receptor P2X, ligand-gated ion channel, 7 [Source:MGI Symbol;Acc:MGI:1339957]	14045	-0.830166757106781	-0.8058391	Yes	
row_172	Nectin2	nectin cell adhesion molecule 2 [Source:MGI Symbol;Acc:MGI:97822]	14052	-0.8350293636322021	-0.8040725	Yes	
row_173	Ticam1	TIR domain containing adaptor molecule 1 [Source:MGI Symbol;Acc:MGI:2147032]	14082	-0.8556047677993774	-0.80377597	Yes	
row_174	Nectin4	nectin cell adhesion molecule 4 [Source:MGI Symbol;Acc:MGI:1918990]	14168	-0.917297899723053	-0.8070286	Yes	
row_175	Traf3ip2	TRAF3 interacting protein 2 [Source:MGI Symbol;Acc:MGI:2143599]	14179	-0.9277524352073669	-0.8052866	Yes	
row_176	Fadd	Fas associated via death domain [Source:MGI Symbol;Acc:MGI:109324]	14215	-0.9544616937637329	-0.80513126	Yes	
row_177	Fzd5	frizzled class receptor 5 [Source:MGI Symbol;Acc:MGI:108571]	14219	-0.9562937021255493	-0.8028516	Yes	
row_178	C1qc	complement component 1, q subcomponent, C chain [Source:MGI Symbol;Acc:MGI:88225]	14263	-1.0127390623092651	-0.80307513	Yes	
row_179	C1qa	complement component 1, q subcomponent, alpha polypeptide [Source:MGI Symbol;Acc:MGI:88223]	14283	-1.0306638479232788	-0.8016625	Yes	
row_180	Cd300a	CD300A molecule [Source:MGI Symbol;Acc:MGI:2443411]	14303	-1.0459003448486328	-0.8002105	Yes	
row_181	Cd28	CD28 antigen [Source:MGI Symbol;Acc:MGI:88327]	14305	-1.046858549118042	-0.7975637	Yes	
row_182	Irak4	interleukin-1 receptor-associated kinase 4 [Source:MGI Symbol;Acc:MGI:2182474]	14307	-1.0484565496444702	-0.79491276	Yes	
row_183	C1rl	complement component 1, r subcomponent-like [Source:MGI Symbol;Acc:MGI:2660692]	14321	-1.061173439025879	-0.7930237	Yes	
row_184	C1qb	complement component 1, q subcomponent, beta polypeptide [Source:MGI Symbol;Acc:MGI:88224]	14330	-1.0711430311203003	-0.7907777	Yes	
row_185	Igha	immunoglobulin heavy constant alpha [Source:MGI Symbol;Acc:MGI:96444]	14347	-1.0936496257781982	-0.78900313	Yes	
row_186	Slamf1	signaling lymphocytic activation molecule family member 1 [Source:MGI Symbol;Acc:MGI:1351314]	14354	-1.1003212928771973	-0.786549	Yes	
row_187	Unc13d	unc-13 homolog D [Source:MGI Symbol;Acc:MGI:1917700]	14365	-1.1171257495880127	-0.78431624	Yes	
row_188	B2m	beta-2 microglobulin [Source:MGI Symbol;Acc:MGI:88127]	14367	-1.118391513824463	-0.78148407	Yes	
row_189	Jak3	Janus kinase 3 [Source:MGI Symbol;Acc:MGI:99928]	14370	-1.1279429197311401	-0.7786934	Yes	
row_190	Malt1	MALT1 paracaspase [Source:MGI Symbol;Acc:MGI:2445027]	14384	-1.142586588859558	-0.7765933	Yes	
row_191	Ctsh	cathepsin H [Source:MGI Symbol;Acc:MGI:107285]	14388	-1.1514723300933838	-0.77380794	Yes	
row_192	Hfe	homeostatic iron regulator [Source:MGI Symbol;Acc:MGI:109191]	14391	-1.152908205986023	-0.7709526	Yes	
row_193	Lyn	LYN proto-oncogene, Src family tyrosine kinase [Source:MGI Symbol;Acc:MGI:96892]	14393	-1.154542088508606	-0.7680267	Yes	
row_194	Itgam	integrin alpha M [Source:MGI Symbol;Acc:MGI:96607]	14429	-1.188663125038147	-0.7672644	Yes	
row_195	Fcgr3	Fc receptor, IgG, low affinity III [Source:MGI Symbol;Acc:MGI:95500]	14430	-1.1911050081253052	-0.7641776	Yes	
row_196	Tgfb1	transforming growth factor, beta 1 [Source:MGI Symbol;Acc:MGI:98725]	14447	-1.212853193283081	-0.76209414	Yes	
row_197	H2-DMa	histocompatibility 2, class II, locus DMa [Source:MGI Symbol;Acc:MGI:95921]	14455	-1.2230600118637085	-0.75938815	Yes	
row_198	Il1r1	interleukin 1 receptor, type I [Source:MGI Symbol;Acc:MGI:96545]	14470	-1.2378168106079102	-0.75710756	Yes	
row_199	Nckap1l	NCK associated protein 1 like [Source:MGI Symbol;Acc:MGI:1926063]	14486	-1.265770435333252	-0.7548207	Yes	
row_200	Foxf1	forkhead box F1 [Source:MGI Symbol;Acc:MGI:1347470]	14489	-1.271178960800171	-0.75165886	Yes	
row_201	Tyrobp	TYRO protein tyrosine kinase binding protein [Source:MGI Symbol;Acc:MGI:1277211]	14501	-1.2893348932266235	-0.749046	Yes	
row_202	H2-D1	histocompatibility 2, D region locus 1 [Source:MGI Symbol;Acc:MGI:95896]	14527	-1.3243019580841064	-0.74726987	Yes	
row_203	Gata2	GATA binding protein 2 [Source:MGI Symbol;Acc:MGI:95662]	14563	-1.3658682107925415	-0.74604833	Yes	
row_204	Inpp5d	inositol polyphosphate-5-phosphatase D [Source:MGI Symbol;Acc:MGI:107357]	14567	-1.3713209629058838	-0.7426932	Yes	
row_205	Cd80	CD80 antigen [Source:MGI Symbol;Acc:MGI:101775]	14575	-1.3855133056640625	-0.73956615	Yes	
row_206	Stat6	signal transducer and activator of transcription 6 [Source:MGI Symbol;Acc:MGI:103034]	14576	-1.3939892053604126	-0.7359535	Yes	
row_207	Arid5a	AT-rich interaction domain 5A [Source:MGI Symbol;Acc:MGI:2443039]	14597	-1.4312337636947632	-0.7335691	Yes	
row_208	H2-T22	histocompatibility 2, T region locus 22 [Source:MGI Symbol;Acc:MGI:95956]	14598	-1.4313725233078003	-0.7298596	Yes	
row_209	Unc93b1	unc-93 homolog B1, TLR signaling regulator [Source:MGI Symbol;Acc:MGI:1859307]	14631	-1.4811433553695679	-0.7281406	Yes	
row_210	Icosl	icos ligand [Source:MGI Symbol;Acc:MGI:1354701]	14632	-1.4817578792572021	-0.7243005	Yes	
row_211	Tlr3	toll-like receptor 3 [Source:MGI Symbol;Acc:MGI:2156367]	14643	-1.505021572113037	-0.7210625	Yes	
row_212	Tap2	transporter 2, ATP-binding cassette, sub-family B (MDR/TAP) [Source:MGI Symbol;Acc:MGI:98484]	14651	-1.5208073854446411	-0.71758485	Yes	
row_213	Nfkbiz	nuclear factor of kappa light polypeptide gene enhancer in B cells inhibitor, zeta [Source:MGI Symbol;Acc:MGI:1931595]	14655	-1.5256743431091309	-0.7138297	Yes	
row_214	Serpinb9	serine (or cysteine) peptidase inhibitor, clade B, member 9 [Source:MGI Symbol;Acc:MGI:106603]	14662	-1.5375686883926392	-0.7102424	Yes	
row_215	H2-K1	histocompatibility 2, K1, K region [Source:MGI Symbol;Acc:MGI:95904]	14674	-1.5491504669189453	-0.7069562	Yes	
row_216	Myd88	myeloid differentiation primary response gene 88 [Source:MGI Symbol;Acc:MGI:108005]	14676	-1.5513466596603394	-0.70300204	Yes	
row_217	Hpx	hemopexin [Source:MGI Symbol;Acc:MGI:105112]	14683	-1.561322808265686	-0.69935316	Yes	
row_218	Tcirg1	T cell, immune regulator 1, ATPase, H+ transporting, lysosomal V0 protein A3 [Source:MGI Symbol;Acc:MGI:1350931]	14700	-1.602987289428711	-0.69625866	Yes	
row_219	C4b	complement C4B (Chido blood group) [Source:MGI Symbol;Acc:MGI:88228]	14733	-1.6785578727722168	-0.6940281	Yes	
row_220	Btk	Bruton agammaglobulinemia tyrosine kinase [Source:MGI Symbol;Acc:MGI:88216]	14738	-1.687743902206421	-0.6899191	Yes	
row_221	Stat5a	signal transducer and activator of transcription 5A [Source:MGI Symbol;Acc:MGI:103036]	14753	-1.7267537117004395	-0.6863714	Yes	
row_222	Ctsc	cathepsin C [Source:MGI Symbol;Acc:MGI:109553]	14767	-1.7535220384597778	-0.68268806	Yes	
row_223	Lat2	linker for activation of T cells family, member 2 [Source:MGI Symbol;Acc:MGI:1926479]	14774	-1.771233320236206	-0.6784952	Yes	
row_224	Nlrp3	NLR family, pyrin domain containing 3 [Source:MGI Symbol;Acc:MGI:2653833]	14789	-1.8187140226364136	-0.67470914	Yes	
row_225	Hcst	hematopoietic cell signal transducer [Source:MGI Symbol;Acc:MGI:1344360]	14792	-1.824895977973938	-0.6701123	Yes	
row_226	Fes	feline sarcoma oncogene [Source:MGI Symbol;Acc:MGI:95514]	14813	-1.8652138710021973	-0.66660315	Yes	
row_227	Arg1	arginase, liver [Source:MGI Symbol;Acc:MGI:88070]	14815	-1.8745911121368408	-0.6618113	Yes	
row_228	Nod2	nucleotide-binding oligomerization domain containing 2 [Source:MGI Symbol;Acc:MGI:2429397]	14821	-1.8870857954025269	-0.65725195	Yes	
row_229	Ncf1	neutrophil cytosolic factor 1 [Source:MGI Symbol;Acc:MGI:97283]	14822	-1.8886833190917969	-0.6523573	Yes	
row_230	Il4ra	interleukin 4 receptor, alpha [Source:MGI Symbol;Acc:MGI:105367]	14839	-1.922226071357727	-0.6484355	Yes	
row_231	Fcer1g	Fc receptor, IgE, high affinity I, gamma polypeptide [Source:MGI Symbol;Acc:MGI:95496]	14849	-1.9575062990188599	-0.64395857	Yes	
row_232	Parp3	poly (ADP-ribose) polymerase family, member 3 [Source:MGI Symbol;Acc:MGI:1891258]	14853	-1.9706056118011475	-0.6390503	Yes	
row_233	Ccl2	C-C motif chemokine ligand 2 [Source:MGI Symbol;Acc:MGI:98259]	14858	-1.9816153049468994	-0.6341798	Yes	
row_234	C1s1	complement component 1, s subcomponent 1 [Source:MGI Symbol;Acc:MGI:1355312]	14859	-1.9825427532196045	-0.62904185	Yes	
row_235	Trem1	triggering receptor expressed on myeloid cells 1 [Source:MGI Symbol;Acc:MGI:1930005]	14861	-1.992090106010437	-0.6239455	Yes	
row_236	Gzmc	granzyme C [Source:MGI Symbol;Acc:MGI:109256]	14868	-2.002321243286133	-0.61915374	Yes	
row_237	Cd1d1	CD1d1 antigen [Source:MGI Symbol;Acc:MGI:107674]	14872	-2.011352062225342	-0.6141399	Yes	
row_238	Ccl3	C-C motif chemokine ligand 3 [Source:MGI Symbol;Acc:MGI:98260]	14873	-2.0173068046569824	-0.60891193	Yes	
row_239	Rsad2	radical S-adenosyl methionine domain containing 2 [Source:MGI Symbol;Acc:MGI:1929628]	14874	-2.018421173095703	-0.603681	Yes	
row_240	Serping1	serine (or cysteine) peptidase inhibitor, clade G, member 1 [Source:MGI Symbol;Acc:MGI:894696]	14875	-2.0194497108459473	-0.5984475	Yes	
row_241	Gimap3	GTPase, IMAP family member 3 [Source:MGI Symbol;Acc:MGI:1932723]	14884	-2.031559467315674	-0.59371245	Yes	
row_242	Bst2	bone marrow stromal cell antigen 2 [Source:MGI Symbol;Acc:MGI:1916800]	14885	-2.0329341888427734	-0.588444	Yes	
row_243	Slc11a1	solute carrier family 11 (proton-coupled divalent metal ion transporters), member 1 [Source:MGI Symbol;Acc:MGI:1345275]	14895	-2.0568742752075195	-0.58370954	Yes	
row_244	Ptpn6	protein tyrosine phosphatase, non-receptor type 6 [Source:MGI Symbol;Acc:MGI:96055]	14896	-2.0592994689941406	-0.5783728	Yes	
row_245	Vav1	vav 1 oncogene [Source:MGI Symbol;Acc:MGI:98923]	14899	-2.0627310276031494	-0.5731595	Yes	
row_246	Syk	spleen tyrosine kinase [Source:MGI Symbol;Acc:MGI:99515]	14902	-2.071566104888916	-0.56792337	Yes	
row_247	Hmox1	heme oxygenase 1 [Source:MGI Symbol;Acc:MGI:96163]	14904	-2.079866647720337	-0.56259954	Yes	
row_248	Tap1	transporter 1, ATP-binding cassette, sub-family B (MDR/TAP) [Source:MGI Symbol;Acc:MGI:98483]	14919	-2.113363265991211	-0.55804986	Yes	
row_249	Clec2d	C-type lectin domain family 2, member d [Source:MGI Symbol;Acc:MGI:2135589]	14922	-2.1317644119262695	-0.5526577	Yes	
row_250	Havcr2	hepatitis A virus cellular receptor 2 [Source:MGI Symbol;Acc:MGI:2159682]	14929	-2.150355339050293	-0.5474824	Yes	
row_251	Myo1f	myosin IF [Source:MGI Symbol;Acc:MGI:107711]	14940	-2.17348575592041	-0.54251194	Yes	
row_252	Csf2rb	colony stimulating factor 2 receptor, beta, low-affinity (granulocyte-macrophage) [Source:MGI Symbol;Acc:MGI:1339759]	14946	-2.1882739067077637	-0.5371721	Yes	
row_253	Ripk3	receptor-interacting serine-threonine kinase 3 [Source:MGI Symbol;Acc:MGI:2154952]	14951	-2.203356981277466	-0.5317269	Yes	
row_254	Lilrb4b	leukocyte immunoglobulin-like receptor, subfamily B, member 4B [Source:MGI Symbol;Acc:MGI:102702]	14956	-2.218184232711792	-0.52624327	Yes	
row_255	Slamf6	SLAM family member 6 [Source:MGI Symbol;Acc:MGI:1353620]	14959	-2.2255918979644775	-0.52060795	Yes	
row_256	Lgals9	lectin, galactose binding, soluble 9 [Source:MGI Symbol;Acc:MGI:109496]	14971	-2.265756130218506	-0.51546466	Yes	
row_257	Slamf9	SLAM family member 9 [Source:MGI Symbol;Acc:MGI:1923692]	14990	-2.30002760887146	-0.51069623	Yes	
row_258	Rigi	RNA sensor RIG-I [Source:MGI Symbol;Acc:MGI:2442858]	14993	-2.3021128177642822	-0.5048626	Yes	
row_259	Il6	interleukin 6 [Source:MGI Symbol;Acc:MGI:96559]	14997	-2.304513931274414	-0.499089	Yes	
row_260	Fas	Fas cell surface death receptor [Source:MGI Symbol;Acc:MGI:95484]	15005	-2.3231923580169678	-0.49353194	Yes	
row_261	Clcf1	cardiotrophin-like cytokine factor 1 [Source:MGI Symbol;Acc:MGI:1930088]	15006	-2.3279359340667725	-0.48749894	Yes	
row_262	Cd74	CD74 antigen (invariant polypeptide of major histocompatibility complex, class II antigen-associated) [Source:MGI Symbol;Acc:MGI:96534]	15010	-2.3369808197021484	-0.4816412	Yes	
row_263	Gimap5	GTPase, IMAP family member 5 [Source:MGI Symbol;Acc:MGI:2442232]	15011	-2.338693857192993	-0.47558033	Yes	
row_264	Spn	sialophorin [Source:MGI Symbol;Acc:MGI:98384]	15031	-2.3822696208953857	-0.47066498	Yes	
row_265	Ptprc	protein tyrosine phosphatase receptor type C [Source:MGI Symbol;Acc:MGI:97810]	15038	-2.397634506225586	-0.46484876	Yes	
row_266	Myo1g	myosin IG [Source:MGI Symbol;Acc:MGI:1927091]	15039	-2.4009087085723877	-0.45862663	Yes	
row_267	C2	complement C2 [Source:MGI Symbol;Acc:MGI:88226]	15041	-2.4040307998657227	-0.45246267	Yes	
row_268	Was	Wiskott-Aldrich syndrome [Source:MGI Symbol;Acc:MGI:105059]	15063	-2.46127986907959	-0.44747502	Yes	
row_269	H2-Q7	histocompatibility 2, Q region locus 7 [Source:MGI Symbol;Acc:MGI:95936]	15066	-2.4679741859436035	-0.44121158	Yes	
row_270	Batf	basic leucine zipper transcription factor, ATF-like [Source:MGI Symbol;Acc:MGI:1859147]	15072	-2.4776346683502197	-0.43512177	Yes	
row_271	Adora3	adenosine A3 receptor [Source:MGI Symbol;Acc:MGI:104847]	15075	-2.4813241958618164	-0.42882374	Yes	
row_272	H2-Q4	histocompatibility 2, Q region locus 4 [Source:MGI Symbol;Acc:MGI:95933]	15088	-2.5195188522338867	-0.42308906	Yes	
row_273	Irf7	interferon regulatory factor 7 [Source:MGI Symbol;Acc:MGI:1859212]	15092	-2.53041410446167	-0.41673002	Yes	
row_274	Ifnb1	interferon beta 1, fibroblast [Source:MGI Symbol;Acc:MGI:107657]	15104	-2.5572633743286133	-0.41083127	Yes	
row_275	C1ra	complement component 1, r subcomponent A [Source:MGI Symbol;Acc:MGI:1355313]	15106	-2.5632481575012207	-0.4042547	Yes	
row_276	Rac2	Rac family small GTPase 2 [Source:MGI Symbol;Acc:MGI:97846]	15110	-2.565918445587158	-0.39780366	Yes	
row_277	Pirb	paired Ig-like receptor B [Source:MGI Symbol;Acc:MGI:894311]	15118	-2.589735269546509	-0.39155582	Yes	
row_278	Stx11	syntaxin 11 [Source:MGI Symbol;Acc:MGI:1921982]	15136	-2.640815496444702	-0.38583797	Yes	
row_279	Cd274	CD274 antigen [Source:MGI Symbol;Acc:MGI:1926446]	15140	-2.6653146743774414	-0.37912932	Yes	
row_280	Spi1	Spi-1 proto-oncogene [Source:MGI Symbol;Acc:MGI:98282]	15143	-2.6677331924438477	-0.3723482	Yes	
row_281	Cd40	CD40 antigen [Source:MGI Symbol;Acc:MGI:88336]	15153	-2.693387508392334	-0.3659642	Yes	
row_282	Klrd1	killer cell lectin-like receptor, subfamily D, member 1 [Source:MGI Symbol;Acc:MGI:1196275]	15156	-2.69734525680542	-0.35910633	Yes	
row_283	Il7r	interleukin 7 receptor [Source:MGI Symbol;Acc:MGI:96562]	15157	-2.6980695724487305	-0.3521141	Yes	
row_284	Ptafr	platelet-activating factor receptor [Source:MGI Symbol;Acc:MGI:106066]	15164	-2.7209060192108154	-0.34546012	Yes	
row_285	Slfn2	schlafen 2 [Source:MGI Symbol;Acc:MGI:1313258]	15167	-2.737316131591797	-0.33849865	Yes	
row_286	Cd8a	CD8 subunit alpha [Source:MGI Symbol;Acc:MGI:88346]	15168	-2.737701416015625	-0.3314037	Yes	
row_287	Fcgr2b	Fc receptor, IgG, low affinity IIb [Source:MGI Symbol;Acc:MGI:95499]	15178	-2.755366563796997	-0.3248591	Yes	
row_288	Il1b	interleukin 1 beta [Source:MGI Symbol;Acc:MGI:96543]	15181	-2.7633743286132812	-0.31783012	Yes	
row_289	H2-M3	histocompatibility 2, M region locus 3 [Source:MGI Symbol;Acc:MGI:95915]	15183	-2.7687342166900635	-0.31072098	Yes	
row_290	Cd84	CD84 antigen [Source:MGI Symbol;Acc:MGI:1336885]	15193	-2.8030569553375244	-0.3040528	Yes	
row_291	Tnfrsf1b	tumor necrosis factor receptor superfamily, member 1b [Source:MGI Symbol;Acc:MGI:1314883]	15213	-2.8627378940582275	-0.29789227	Yes	
row_292	Tlr4	toll-like receptor 4 [Source:MGI Symbol;Acc:MGI:96824]	15219	-2.874952554702759	-0.29077283	Yes	
row_293	Cd2	CD2 antigen [Source:MGI Symbol;Acc:MGI:88320]	15220	-2.8780975341796875	-0.28331405	Yes	
row_294	C3	complement component 3 [Source:MGI Symbol;Acc:MGI:88227]	15222	-2.885869026184082	-0.27590135	Yes	
row_295	Nkg7	natural killer cell group 7 sequence [Source:MGI Symbol;Acc:MGI:1931250]	15226	-2.903459072113037	-0.26857555	Yes	
row_296	Lat	linker for activation of T cells [Source:MGI Symbol;Acc:MGI:1342293]	15232	-2.9246413707733154	-0.26132733	Yes	
row_297	Ccr2	C-C motif chemokine receptor 2 [Source:MGI Symbol;Acc:MGI:106185]	15238	-2.941856861114502	-0.2540345	Yes	
row_298	Icam1	intercellular adhesion molecule 1 [Source:MGI Symbol;Acc:MGI:96392]	15247	-2.96921706199646	-0.24686944	Yes	
row_299	Fgl2	fibrinogen-like protein 2 [Source:MGI Symbol;Acc:MGI:103266]	15258	-3.023555040359497	-0.23969604	Yes	
row_300	Plcg2	phospholipase C, gamma 2 [Source:MGI Symbol;Acc:MGI:97616]	15264	-3.042161464691162	-0.23214325	Yes	
row_301	Fcgr4	Fc receptor, IgG, low affinity IV [Source:MGI Symbol;Acc:MGI:2179523]	15278	-3.108071804046631	-0.22494952	Yes	
row_302	Calhm6	calcium homeostasis modulator family member 6 [Source:MGI Symbol;Acc:MGI:2443082]	15282	-3.134615182876587	-0.21702467	Yes	
row_303	Prf1	perforin 1 (pore forming protein) [Source:MGI Symbol;Acc:MGI:97551]	15286	-3.156561851501465	-0.20904294	Yes	
row_304	Ifng	interferon gamma [Source:MGI Symbol;Acc:MGI:107656]	15290	-3.171190023422241	-0.2010233	Yes	
row_305	Sash3	SAM and SH3 domain containing 3 [Source:MGI Symbol;Acc:MGI:1921381]	15292	-3.185924530029297	-0.19283299	Yes	
row_306	Milr1	mast cell immunoglobulin like receptor 1 [Source:MGI Symbol;Acc:MGI:2685731]	15293	-3.199131727218628	-0.18454224	Yes	
row_307	Il2rb	interleukin 2 receptor, beta chain [Source:MGI Symbol;Acc:MGI:96550]	15295	-3.206148147583008	-0.17629954	Yes	
row_308	Gzmb	granzyme B [Source:MGI Symbol;Acc:MGI:109267]	15296	-3.2067456245422363	-0.16798905	Yes	
row_309	Fcgr1	Fc receptor, IgG, high affinity I [Source:MGI Symbol;Acc:MGI:95498]	15299	-3.2211050987243652	-0.15977381	Yes	
row_310	Klrk1	killer cell lectin-like receptor subfamily K, member 1 [Source:MGI Symbol;Acc:MGI:1196250]	15300	-3.2218995094299316	-0.15142405	Yes	
row_311	Cxcl5	C-X-C motif chemokine ligand 5 [Source:MGI Symbol;Acc:MGI:1096868]	15308	-3.2467052936553955	-0.14347364	Yes	
row_312	Bcl3	B cell leukemia/lymphoma 3 [Source:MGI Symbol;Acc:MGI:88140]	15314	-3.2798244953155518	-0.13530493	Yes	
row_313	Itgb2	integrin beta 2 [Source:MGI Symbol;Acc:MGI:96611]	15324	-3.344736337661743	-0.12723294	Yes	
row_314	H2-Q6	histocompatibility 2, Q region locus 6 [Source:MGI Symbol;Acc:MGI:95935]	15334	-3.4526796340942383	-0.1188812	Yes	
row_315	Dnase1l3	deoxyribonuclease 1-like 3 [Source:MGI Symbol;Acc:MGI:1314633]	15357	-3.6645095348358154	-0.110841535	Yes	
row_316	Csf2rb2	colony stimulating factor 2 receptor, beta 2, low-affinity (granulocyte-macrophage) [Source:MGI Symbol;Acc:MGI:1339760]	15359	-3.6874818801879883	-0.101351425	Yes	
row_317	Cxcl1	C-X-C motif chemokine ligand 1 [Source:MGI Symbol;Acc:MGI:108068]	15364	-3.713824987411499	-0.09199174	Yes	
row_318	Klrc1	killer cell lectin-like receptor subfamily C, member 1 [Source:MGI Symbol;Acc:MGI:1336161]	15367	-3.7327613830566406	-0.08245052	Yes	
row_319	Il18rap	interleukin 18 receptor accessory protein [Source:MGI Symbol;Acc:MGI:1338888]	15372	-3.793020725250244	-0.072885595	Yes	
row_320	H2-T23	histocompatibility 2, T region locus 23 [Source:MGI Symbol;Acc:MGI:95957]	15377	-3.80800199508667	-0.06328185	Yes	
row_321	Tlr2	toll-like receptor 2 [Source:MGI Symbol;Acc:MGI:1346060]	15378	-3.8438563346862793	-0.053320244	Yes	
row_322	Il12b	interleukin 12b [Source:MGI Symbol;Acc:MGI:96540]	15398	-4.15106201171875	-0.043820944	Yes	
row_323	Fgr	FGR proto-oncogene, Src family tyrosine kinase [Source:MGI Symbol;Acc:MGI:95527]	15400	-4.204682350158691	-0.03299047	Yes	
row_324	Clec7a	C-type lectin domain family 7, member a [Source:MGI Symbol;Acc:MGI:1861431]	15405	-4.382608890533447	-0.021897592	Yes	
row_325	Scimp	SLP adaptor and CSK interacting membrane protein [Source:MGI Symbol;Acc:MGI:3610314]	15408	-4.431081771850586	-0.010546626	Yes	
row_326	Tnf	tumor necrosis factor [Source:MGI Symbol;Acc:MGI:104798]	15411	-4.453005790710449	8.611592E-4	Yes	
