NAME	SYMBOL	TITLE	RANK IN GENE LIST	RANK METRIC SCORE	RUNNING ES	CORE ENRICHMENT	
row_0	SLC6A3	solute carrier family 6 member 3 [Source:HGNC Symbol;Acc:HGNC:11049]	15	1.790374755859375	0.17055357	Yes	
row_1	OR14A2	olfactory receptor family 14 subfamily A member 2 [Source:HGNC Symbol;Acc:HGNC:15024]	176	1.0379048585891724	0.25806493	Yes	
row_2	OR52B2	olfactory receptor family 52 subfamily B member 2 [Source:HGNC Symbol;Acc:HGNC:15207]	469	0.7111456394195557	0.30433178	Yes	
row_3	FZD2	frizzled class receptor 2 [Source:HGNC Symbol;Acc:HGNC:4040]	472	0.7085575461387634	0.37212554	Yes	
row_4	TTC8	tetratricopeptide repeat domain 8 [Source:HGNC Symbol;Acc:HGNC:20087]	613	0.6221250295639038	0.4212693	Yes	
row_5	CFAP69	cilia and flagella associated protein 69 [Source:HGNC Symbol;Acc:HGNC:26107]	751	0.5603173971176147	0.46471155	Yes	
row_6	DRD2	dopamine receptor D2 [Source:HGNC Symbol;Acc:HGNC:3023]	836	0.525939404964447	0.50883687	Yes	
row_7	OR51V1	olfactory receptor family 51 subfamily V member 1 [Source:HGNC Symbol;Acc:HGNC:19597]	1218	0.41466179490089417	0.5199911	Yes	
row_8	MKKS	McKusick-Kaufman syndrome [Source:HGNC Symbol;Acc:HGNC:7108]	1362	0.38228487968444824	0.5459112	Yes	
row_9	BBS1	Bardet-Biedl syndrome 1 [Source:HGNC Symbol;Acc:HGNC:966]	1448	0.3650366961956024	0.5745324	Yes	
row_10	NCAM2	neural cell adhesion molecule 2 [Source:HGNC Symbol;Acc:HGNC:7657]	1500	0.35694620013237	0.60493076	Yes	
row_11	OR10AD1	olfactory receptor family 10 subfamily AD member 1 [Source:HGNC Symbol;Acc:HGNC:14819]	1651	0.33322304487228394	0.6256207	Yes	
row_12	PDE4A	phosphodiesterase 4A [Source:HGNC Symbol;Acc:HGNC:8780]	1776	0.3156035244464874	0.64657336	Yes	
row_13	OMP	olfactory marker protein [Source:HGNC Symbol;Acc:HGNC:8136]	1830	0.30659016966819763	0.67199284	Yes	
row_14	SYT10	synaptotagmin 10 [Source:HGNC Symbol;Acc:HGNC:19266]	1933	0.2951553761959076	0.6926366	Yes	
row_15	BBS4	Bardet-Biedl syndrome 4 [Source:HGNC Symbol;Acc:HGNC:969]	4685	0.10711275041103363	0.4963452	No	
row_16	NAV2	neuron navigator 2 [Source:HGNC Symbol;Acc:HGNC:15997]	4962	0.09518641233444214	0.4847488	No	
row_17	UBR3	ubiquitin protein ligase E3 component n-recognin 3 [Source:HGNC Symbol;Acc:HGNC:30467]	7966	-0.03831968456506729	0.262939	No	
row_18	ADCY3	adenylate cyclase 3 [Source:HGNC Symbol;Acc:HGNC:234]	9559	-0.14372408390045166	0.15718332	No	
row_19	SLC24A4	solute carrier family 24 member 4 [Source:HGNC Symbol;Acc:HGNC:10978]	10082	-0.19996610283851624	0.13716309	No	
row_20	B2M	beta-2-microglobulin [Source:HGNC Symbol;Acc:HGNC:914]	12473	-1.118391513824463	0.06494979	No	
