NAME	SYMBOL	TITLE	RANK IN GENE LIST	RANK METRIC SCORE	RUNNING ES	CORE ENRICHMENT	
row_0	Nr4a3	nuclear receptor subfamily 4, group A, member 3 [Source:MGI Symbol;Acc:MGI:1352457]	474	0.8380746841430664	-0.027910275	No	
row_1	Cd46	CD46 antigen, complement regulatory protein [Source:MGI Symbol;Acc:MGI:1203290]	687	0.7108524441719055	-0.039089743	No	
row_2	Crhr1	corticotropin releasing hormone receptor 1 [Source:MGI Symbol;Acc:MGI:88498]	729	0.6905965209007263	-0.03910593	No	
row_3	Rbp4	retinol binding protein 4, plasma [Source:MGI Symbol;Acc:MGI:97879]	968	0.5975260138511658	-0.052434344	No	
row_4	Pla2g5	phospholipase A2, group V [Source:MGI Symbol;Acc:MGI:101899]	998	0.5835901498794556	-0.052076768	No	
row_5	Pomc	pro-opiomelanocortin-alpha [Source:MGI Symbol;Acc:MGI:97742]	1230	0.5155611634254456	-0.06526298	No	
row_6	Il4	interleukin 4 [Source:MGI Symbol;Acc:MGI:96556]	1379	0.47648885846138	-0.073144205	No	
row_7	Kmt5c	lysine methyltransferase 5C [Source:MGI Symbol;Acc:MGI:2385262]	1413	0.46825796365737915	-0.073497035	No	
row_8	Shld1	shieldin complex subunit 1 [Source:MGI Symbol;Acc:MGI:1920997]	1672	0.41480594873428345	-0.088849165	No	
row_9	Ephb2	Eph receptor B2 [Source:MGI Symbol;Acc:MGI:99611]	2001	0.3605872094631195	-0.10901358	No	
row_10	Msh2	mutS homolog 2 [Source:MGI Symbol;Acc:MGI:101816]	3179	0.23531974852085114	-0.18547885	No	
row_11	Socs5	suppressor of cytokine signaling 5 [Source:MGI Symbol;Acc:MGI:2385459]	3195	0.23403799533843994	-0.18555701	No	
row_12	Appl2	adaptor protein, phosphotyrosine interaction, PH domain and leucine zipper containing 2 [Source:MGI Symbol;Acc:MGI:2384914]	3205	0.23336371779441833	-0.18524334	No	
row_13	Prkcz	protein kinase C, zeta [Source:MGI Symbol;Acc:MGI:97602]	3256	0.23019728064537048	-0.18763736	No	
row_14	Fer	FER tyrosine kinase [Source:MGI Symbol;Acc:MGI:105917]	3327	0.22449909150600433	-0.19136833	No	
row_15	Cd55	CD55 molecule, decay accelerating factor for complement [Source:MGI Symbol;Acc:MGI:104850]	4075	0.1763404905796051	-0.23979339	No	
row_16	Mlh1	mutL homolog 1 [Source:MGI Symbol;Acc:MGI:101938]	4207	0.16988244652748108	-0.24774651	No	
row_17	Shld2	shieldin complex subunit 2 [Source:MGI Symbol;Acc:MGI:1922948]	4273	0.16610905528068542	-0.2513753	No	
row_18	Gprc5b	G protein-coupled receptor, family C, group 5, member B [Source:MGI Symbol;Acc:MGI:1927596]	4414	0.15806768834590912	-0.25996593	No	
row_19	Rif1	replication timing regulatory factor 1 [Source:MGI Symbol;Acc:MGI:1098622]	5192	0.12283960729837418	-0.3105708	No	
row_20	Klhl22	kelch-like 22 [Source:MGI Symbol;Acc:MGI:1337995]	5231	0.12104836106300354	-0.3125994	No	
row_21	Zbtb1	zinc finger and BTB domain containing 1 [Source:MGI Symbol;Acc:MGI:2442326]	5301	0.11796639859676361	-0.31667793	No	
row_22	Nsd2	nuclear receptor binding SET domain protein 2 [Source:MGI Symbol;Acc:MGI:1276574]	5307	0.11771050840616226	-0.31654996	No	
row_23	Hmces	5-hydroxymethylcytosine (hmC) binding, ES cell specific [Source:MGI Symbol;Acc:MGI:1914053]	5417	0.11319224536418915	-0.3232767	No	
row_24	Gpi1	glucose-6-phosphate isomerase 1 [Source:MGI Symbol;Acc:MGI:95797]	5459	0.11165819317102432	-0.32553893	No	
row_25	Pld2	phospholipase D2 [Source:MGI Symbol;Acc:MGI:892877]	5493	0.1103811040520668	-0.32728016	No	
row_26	Hspa8	heat shock protein 8 [Source:MGI Symbol;Acc:MGI:105384]	5674	0.10325077176094055	-0.33871314	No	
row_27	Cadm1	cell adhesion molecule 1 [Source:MGI Symbol;Acc:MGI:1889272]	5681	0.10294981300830841	-0.3387082	No	
row_28	Tek	TEK receptor tyrosine kinase [Source:MGI Symbol;Acc:MGI:98664]	5781	0.09889744967222214	-0.34483296	No	
row_29	Pms2	PMS1 homolog2, mismatch repair system component [Source:MGI Symbol;Acc:MGI:104288]	5861	0.09578385949134827	-0.34965497	No	
row_30	Opa1	OPA1, mitochondrial dynamin like GTPase [Source:MGI Symbol;Acc:MGI:1921393]	5878	0.09514905512332916	-0.35033768	No	
row_31	Rasgrp1	RAS guanyl releasing protein 1 [Source:MGI Symbol;Acc:MGI:1314635]	5924	0.09335950762033463	-0.35293388	No	
row_32	Foxp1	forkhead box P1 [Source:MGI Symbol;Acc:MGI:1914004]	6280	0.07949679344892502	-0.37596384	No	
row_33	Ddx1	DEAD box helicase 1 [Source:MGI Symbol;Acc:MGI:2144727]	6323	0.07770732045173645	-0.37842354	No	
row_34	Card9	caspase recruitment domain family, member 9 [Source:MGI Symbol;Acc:MGI:2685628]	6355	0.07664771378040314	-0.38016418	No	
row_35	Tfrc	transferrin receptor [Source:MGI Symbol;Acc:MGI:98822]	6408	0.07494381070137024	-0.383292	No	
row_36	Phb1	prohibitin 1 [Source:MGI Symbol;Acc:MGI:97572]	6515	0.07078352570533752	-0.38998604	No	
row_37	Rtn4	reticulon 4 [Source:MGI Symbol;Acc:MGI:1915835]	6693	0.06403952836990356	-0.4013739	No	
row_38	Sema7a	sema domain, immunoglobulin domain (Ig), and GPI membrane anchor, (semaphorin) 7A [Source:MGI Symbol;Acc:MGI:1306826]	6860	0.057941555976867676	-0.41206226	No	
row_39	Stat5b	signal transducer and activator of transcription 5B [Source:MGI Symbol;Acc:MGI:103035]	7007	0.052116189152002335	-0.4214584	No	
row_40	Ddrgk1	DDRGK domain containing 1 [Source:MGI Symbol;Acc:MGI:1924256]	7008	0.052107732743024826	-0.42125624	No	
row_41	Ywhag	tyrosine 3-monooxygenase/tryptophan 5-monooxygenase activation protein, gamma polypeptide [Source:MGI Symbol;Acc:MGI:108109]	7106	0.048321135342121124	-0.42744574	No	
row_42	Dhx36	DEAH-box helicase 36 [Source:MGI Symbol;Acc:MGI:1919412]	7340	0.03847242146730423	-0.44261435	No	
row_43	Ankrd17	ankyrin repeat domain 17 [Source:MGI Symbol;Acc:MGI:1932101]	7480	0.03276115655899048	-0.45162535	No	
row_44	Ep300	E1A binding protein p300 [Source:MGI Symbol;Acc:MGI:1276116]	7804	0.019705791026353836	-0.47278354	No	
row_45	Stxbp1	syntaxin binding protein 1 [Source:MGI Symbol;Acc:MGI:107363]	7873	0.017181282863020897	-0.47718734	No	
row_46	Ap1g1	adaptor protein complex AP-1, gamma 1 subunit [Source:MGI Symbol;Acc:MGI:101919]	7899	0.016353324055671692	-0.47876742	No	
row_47	Mr1	major histocompatibility complex, class I-related [Source:MGI Symbol;Acc:MGI:1195463]	7982	0.012948499992489815	-0.48410803	No	
row_48	Paxip1	PAX interacting (with transcription-activation domain) protein 1 [Source:MGI Symbol;Acc:MGI:1890430]	8040	0.00983131118118763	-0.4878172	No	
row_49	Stx4a	syntaxin 4A (placental) [Source:MGI Symbol;Acc:MGI:893577]	8047	0.00970086082816124	-0.488174	No	
row_50	Brd4	bromodomain containing 4 [Source:MGI Symbol;Acc:MGI:1888520]	8130	0.005677942186594009	-0.49354282	No	
row_51	Map3k7	mitogen-activated protein kinase kinase kinase 7 [Source:MGI Symbol;Acc:MGI:1346877]	8323	-0.002356388373300433	-0.5061561	No	
row_52	Il2	interleukin 2 [Source:MGI Symbol;Acc:MGI:96548]	8445	-0.007063490804284811	-0.5140835	No	
row_53	Trp53bp1	transformation related protein 53 binding protein 1 [Source:MGI Symbol;Acc:MGI:1351320]	8543	-0.011310144327580929	-0.52041656	No	
row_54	Hspd1	heat shock protein 1 (chaperonin) [Source:MGI Symbol;Acc:MGI:96242]	8597	-0.013060055673122406	-0.5238502	No	
row_55	Crtam	cytotoxic and regulatory T cell molecule [Source:MGI Symbol;Acc:MGI:1859822]	8607	-0.013651235960423946	-0.5243889	No	
row_56	Kit	KIT proto-oncogene receptor tyrosine kinase [Source:MGI Symbol;Acc:MGI:96677]	8765	-0.020402859896421432	-0.53463125	No	
row_57	Myo18a	myosin XVIIIA [Source:MGI Symbol;Acc:MGI:2667185]	9005	-0.030521465465426445	-0.55022514	No	
row_58	Prkaa1	protein kinase, AMP-activated, alpha 1 catalytic subunit [Source:MGI Symbol;Acc:MGI:2145955]	9176	-0.03867869824171066	-0.5612512	No	
row_59	Shb	src homology 2 domain-containing transforming protein B [Source:MGI Symbol;Acc:MGI:98294]	9470	-0.05292174592614174	-0.5803083	No	
row_60	Atad5	ATPase family, AAA domain containing 5 [Source:MGI Symbol;Acc:MGI:2442925]	9482	-0.053510796278715134	-0.58082384	No	
row_61	Hk1	hexokinase 1 [Source:MGI Symbol;Acc:MGI:96103]	9485	-0.05358447879552841	-0.5807474	No	
row_62	Kmt5b	lysine methyltransferase 5B [Source:MGI Symbol;Acc:MGI:2444557]	9510	-0.05491992458701134	-0.5821122	No	
row_63	Gata3	GATA binding protein 3 [Source:MGI Symbol;Acc:MGI:95663]	9548	-0.05682508647441864	-0.5843242	No	
row_64	Mavs	mitochondrial antiviral signaling protein [Source:MGI Symbol;Acc:MGI:2444773]	9551	-0.05702131241559982	-0.5842344	No	
row_65	Cfp	complement factor properdin [Source:MGI Symbol;Acc:MGI:97545]	9685	-0.06427650153636932	-0.59272873	No	
row_66	Cd81	CD81 antigen [Source:MGI Symbol;Acc:MGI:1096398]	9704	-0.0650256797671318	-0.5936598	No	
row_67	H2-T13	histocompatibility 2, T region locus 13 [Source:MGI Symbol;Acc:MGI:95945]	9822	-0.07124589383602142	-0.60107523	No	
row_68	Phb2	prohibitin 2 [Source:MGI Symbol;Acc:MGI:102520]	9964	-0.07978861033916473	-0.6100353	No	
row_69	Stx7	syntaxin 7 [Source:MGI Symbol;Acc:MGI:1858210]	10056	-0.08486060798168182	-0.61568856	No	
row_70	Panx1	pannexin 1 [Source:MGI Symbol;Acc:MGI:1860055]	10193	-0.09243489801883698	-0.62427086	No	
row_71	Wnt5a	wingless-type MMTV integration site family, member 5A [Source:MGI Symbol;Acc:MGI:98958]	10388	-0.10429193824529648	-0.63662016	No	
row_72	Cyrib	CYFIP related Rac1 interactor B [Source:MGI Symbol;Acc:MGI:1923520]	10406	-0.10513588786125183	-0.63732994	No	
row_73	Sphk2	sphingosine kinase 2 [Source:MGI Symbol;Acc:MGI:1861380]	10664	-0.12072138488292694	-0.6537572	No	
row_74	Xbp1	X-box binding protein 1 [Source:MGI Symbol;Acc:MGI:98970]	10794	-0.13093045353889465	-0.66173	No	
row_75	Rara	retinoic acid receptor, alpha [Source:MGI Symbol;Acc:MGI:97856]	11171	-0.1622963696718216	-0.68581927	No	
row_76	Mif	macrophage migration inhibitory factor (glycosylation-inhibiting factor) [Source:MGI Symbol;Acc:MGI:96982]	11220	-0.16628685593605042	-0.68832976	No	
row_77	Dnajb9	DnaJ heat shock protein family (Hsp40) member B9 [Source:MGI Symbol;Acc:MGI:1351618]	11253	-0.1694701611995697	-0.68977606	No	
row_78	Brd2	bromodomain containing 2 [Source:MGI Symbol;Acc:MGI:99495]	11337	-0.17734363675117493	-0.6945446	No	
row_79	Snx4	sorting nexin 4 [Source:MGI Symbol;Acc:MGI:1916400]	11340	-0.17782345414161682	-0.6939862	No	
row_80	Il18	interleukin 18 [Source:MGI Symbol;Acc:MGI:107936]	11397	-0.1832057386636734	-0.696957	No	
row_81	Sirt1	sirtuin 1 [Source:MGI Symbol;Acc:MGI:2135607]	11575	-0.20096233487129211	-0.7078137	No	
row_82	Exosc3	exosome component 3 [Source:MGI Symbol;Acc:MGI:1913612]	11687	-0.21316932141780853	-0.714284	No	
row_83	Fbxo38	F-box protein 38 [Source:MGI Symbol;Acc:MGI:2444639]	11792	-0.22501645982265472	-0.72024816	No	
row_84	Dpp4	dipeptidylpeptidase 4 [Source:MGI Symbol;Acc:MGI:94919]	11913	-0.23846042156219482	-0.7272121	No	
row_85	Nppc	natriuretic peptide type C [Source:MGI Symbol;Acc:MGI:97369]	11918	-0.2389037013053894	-0.7265482	No	
row_86	Rps19	ribosomal protein S19 [Source:MGI Symbol;Acc:MGI:1333780]	12102	-0.2597241699695587	-0.73757136	No	
row_87	Dennd1b	DENN domain containing 1B [Source:MGI Symbol;Acc:MGI:2447812]	12348	-0.29408881068229675	-0.7525372	No	
row_88	Traf2	TNF receptor-associated factor 2 [Source:MGI Symbol;Acc:MGI:101835]	12482	-0.3134261667728424	-0.7600649	No	
row_89	Ddx21	DExD box helicase 21 [Source:MGI Symbol;Acc:MGI:1860494]	12585	-0.32710686326026917	-0.7655015	No	
row_90	Stxbp2	syntaxin binding protein 2 [Source:MGI Symbol;Acc:MGI:107370]	12693	-0.3439672887325287	-0.77120143	No	
row_91	H2-T24	histocompatibility 2, T region locus 24 [Source:MGI Symbol;Acc:MGI:95958]	13078	-0.42471209168434143	-0.7947986	No	
row_92	Mad2l2	MAD2 mitotic arrest deficient-like 2 [Source:MGI Symbol;Acc:MGI:1919140]	13088	-0.4283888041973114	-0.7937283	No	
row_93	Pla2g3	phospholipase A2, group III [Source:MGI Symbol;Acc:MGI:2444945]	13103	-0.4342503547668457	-0.792964	No	
row_94	Lamp1	lysosomal-associated membrane protein 1 [Source:MGI Symbol;Acc:MGI:96745]	13126	-0.43872785568237305	-0.7927082	No	
row_95	Tbx21	T-box 21 [Source:MGI Symbol;Acc:MGI:1888984]	13216	-0.46224460005760193	-0.7967659	No	
row_96	Pvr	poliovirus receptor [Source:MGI Symbol;Acc:MGI:107741]	13340	-0.5014012455940247	-0.802907	No	
row_97	Trem2	triggering receptor expressed on myeloid cells 2 [Source:MGI Symbol;Acc:MGI:1913150]	13349	-0.5038224458694458	-0.80147827	No	
row_98	Mapkapk2	MAP kinase-activated protein kinase 2 [Source:MGI Symbol;Acc:MGI:109298]	13555	-0.5824083089828491	-0.81269586	No	
row_99	Il33	interleukin 33 [Source:MGI Symbol;Acc:MGI:1924375]	13609	-0.6050872206687927	-0.8138327	No	
row_100	Gab2	growth factor receptor bound protein 2-associated protein 2 [Source:MGI Symbol;Acc:MGI:1333854]	13667	-0.634711503982544	-0.81511754	No	
row_101	Adora2b	adenosine A2b receptor [Source:MGI Symbol;Acc:MGI:99403]	13692	-0.6444120407104492	-0.81419533	No	
row_102	Traf6	TNF receptor-associated factor 6 [Source:MGI Symbol;Acc:MGI:108072]	13714	-0.6538277268409729	-0.8130393	No	
row_103	Ptpn22	protein tyrosine phosphatase, non-receptor type 22 (lymphoid) [Source:MGI Symbol;Acc:MGI:107170]	13782	-0.6843134760856628	-0.8147892	No	
row_104	Stap1	signal transducing adaptor family member 1 [Source:MGI Symbol;Acc:MGI:1926193]	13846	-0.7126943469047546	-0.8161659	Yes	
row_105	Vamp8	vesicle-associated membrane protein 8 [Source:MGI Symbol;Acc:MGI:1336882]	13852	-0.7152400612831116	-0.8137198	Yes	
row_106	Nfkbid	nuclear factor of kappa light polypeptide gene enhancer in B cells inhibitor, delta [Source:MGI Symbol;Acc:MGI:3041243]	13927	-0.7558355927467346	-0.8156524	Yes	
row_107	Cd24a	CD24a antigen [Source:MGI Symbol;Acc:MGI:88323]	13950	-0.7726616859436035	-0.8141011	Yes	
row_108	Inava	innate immunity activator [Source:MGI Symbol;Acc:MGI:1921579]	13954	-0.7741163969039917	-0.81129503	Yes	
row_109	Hlx	H2.0-like homeobox [Source:MGI Symbol;Acc:MGI:96109]	13987	-0.7970489263534546	-0.81030655	Yes	
row_110	Lbp	lipopolysaccharide binding protein [Source:MGI Symbol;Acc:MGI:1098776]	14002	-0.8066551089286804	-0.8080975	Yes	
row_111	P2rx7	purinergic receptor P2X, ligand-gated ion channel, 7 [Source:MGI Symbol;Acc:MGI:1339957]	14045	-0.830166757106781	-0.80763793	Yes	
row_112	Nectin2	nectin cell adhesion molecule 2 [Source:MGI Symbol;Acc:MGI:97822]	14052	-0.8350293636322021	-0.8047928	Yes	
row_113	Ticam1	TIR domain containing adaptor molecule 1 [Source:MGI Symbol;Acc:MGI:2147032]	14082	-0.8556047677993774	-0.8033799	Yes	
row_114	Laptm5	lysosomal-associated protein transmembrane 5 [Source:MGI Symbol;Acc:MGI:108046]	14185	-0.9294797778129578	-0.8064796	Yes	
row_115	Fadd	Fas associated via death domain [Source:MGI Symbol;Acc:MGI:109324]	14215	-0.9544616937637329	-0.8046832	Yes	
row_116	Fzd5	frizzled class receptor 5 [Source:MGI Symbol;Acc:MGI:108571]	14219	-0.9562937021255493	-0.8011704	Yes	
row_117	Cd300a	CD300A molecule [Source:MGI Symbol;Acc:MGI:2443411]	14303	-1.0459003448486328	-0.80256927	Yes	
row_118	Cd28	CD28 antigen [Source:MGI Symbol;Acc:MGI:88327]	14305	-1.046858549118042	-0.7985737	Yes	
row_119	Ripk2	receptor (TNFRSF)-interacting serine-threonine kinase 2 [Source:MGI Symbol;Acc:MGI:1891456]	14349	-1.0947935581207275	-0.79715323	Yes	
row_120	Slamf1	signaling lymphocytic activation molecule family member 1 [Source:MGI Symbol;Acc:MGI:1351314]	14354	-1.1003212928771973	-0.7931474	Yes	
row_121	B2m	beta-2 microglobulin [Source:MGI Symbol;Acc:MGI:88127]	14367	-1.118391513824463	-0.7895974	Yes	
row_122	Malt1	MALT1 paracaspase [Source:MGI Symbol;Acc:MGI:2445027]	14384	-1.142586588859558	-0.7862165	Yes	
row_123	Itgam	integrin alpha M [Source:MGI Symbol;Acc:MGI:96607]	14429	-1.188663125038147	-0.7844976	Yes	
row_124	Fcgr3	Fc receptor, IgG, low affinity III [Source:MGI Symbol;Acc:MGI:95500]	14430	-1.1911050081253052	-0.7798766	Yes	
row_125	Tgfb1	transforming growth factor, beta 1 [Source:MGI Symbol;Acc:MGI:98725]	14447	-1.212853193283081	-0.7762231	Yes	
row_126	Il1r1	interleukin 1 receptor, type I [Source:MGI Symbol;Acc:MGI:96545]	14470	-1.2378168106079102	-0.7728672	Yes	
row_127	Tirap	toll-interleukin 1 receptor (TIR) domain-containing adaptor protein [Source:MGI Symbol;Acc:MGI:2152213]	14495	-1.2793903350830078	-0.7694815	Yes	
row_128	Tyrobp	TYRO protein tyrosine kinase binding protein [Source:MGI Symbol;Acc:MGI:1277211]	14501	-1.2893348932266235	-0.7648081	Yes	
row_129	Nod1	nucleotide-binding oligomerization domain containing 1 [Source:MGI Symbol;Acc:MGI:1341839]	14513	-1.3084510564804077	-0.760455	Yes	
row_130	H2-D1	histocompatibility 2, D region locus 1 [Source:MGI Symbol;Acc:MGI:95896]	14527	-1.3243019580841064	-0.75617194	Yes	
row_131	Gata2	GATA binding protein 2 [Source:MGI Symbol;Acc:MGI:95662]	14563	-1.3658682107925415	-0.7531739	Yes	
row_132	Stat6	signal transducer and activator of transcription 6 [Source:MGI Symbol;Acc:MGI:103034]	14576	-1.3939892053604126	-0.74855465	Yes	
row_133	Arid5a	AT-rich interaction domain 5A [Source:MGI Symbol;Acc:MGI:2443039]	14597	-1.4312337636947632	-0.74431694	Yes	
row_134	H2-T22	histocompatibility 2, T region locus 22 [Source:MGI Symbol;Acc:MGI:95956]	14598	-1.4313725233078003	-0.73876375	Yes	
row_135	Tlr3	toll-like receptor 3 [Source:MGI Symbol;Acc:MGI:2156367]	14643	-1.505021572113037	-0.73581755	Yes	
row_136	Tap2	transporter 2, ATP-binding cassette, sub-family B (MDR/TAP) [Source:MGI Symbol;Acc:MGI:98484]	14651	-1.5208073854446411	-0.7303776	Yes	
row_137	Nfkbiz	nuclear factor of kappa light polypeptide gene enhancer in B cells inhibitor, zeta [Source:MGI Symbol;Acc:MGI:1931595]	14655	-1.5256743431091309	-0.72465587	Yes	
row_138	H2-K1	histocompatibility 2, K1, K region [Source:MGI Symbol;Acc:MGI:95904]	14674	-1.5491504669189453	-0.71982914	Yes	
row_139	Myd88	myeloid differentiation primary response gene 88 [Source:MGI Symbol;Acc:MGI:108005]	14676	-1.5513466596603394	-0.7138763	Yes	
row_140	Hpx	hemopexin [Source:MGI Symbol;Acc:MGI:105112]	14683	-1.561322808265686	-0.70821345	Yes	
row_141	Tnfrsf4	tumor necrosis factor receptor superfamily, member 4 [Source:MGI Symbol;Acc:MGI:104512]	14705	-1.621773362159729	-0.7033022	Yes	
row_142	Lacc1	laccase domain containing 1 [Source:MGI Symbol;Acc:MGI:2445077]	14713	-1.6358959674835205	-0.6974158	Yes	
row_143	Btk	Bruton agammaglobulinemia tyrosine kinase [Source:MGI Symbol;Acc:MGI:88216]	14738	-1.687743902206421	-0.6924459	Yes	
row_144	Anxa1	annexin A1 [Source:MGI Symbol;Acc:MGI:96819]	14745	-1.7074098587036133	-0.6862163	Yes	
row_145	Stat5a	signal transducer and activator of transcription 5A [Source:MGI Symbol;Acc:MGI:103036]	14753	-1.7267537117004395	-0.67997736	Yes	
row_146	H2-DMb2	histocompatibility 2, class II, locus Mb2 [Source:MGI Symbol;Acc:MGI:95923]	14764	-1.7442938089370728	-0.67386764	Yes	
row_147	Nlrp3	NLR family, pyrin domain containing 3 [Source:MGI Symbol;Acc:MGI:2653833]	14789	-1.8187140226364136	-0.66838956	Yes	
row_148	Il13ra1	interleukin 13 receptor, alpha 1 [Source:MGI Symbol;Acc:MGI:105052]	14797	-1.8387569189071655	-0.66171616	Yes	
row_149	Irf1	interferon regulatory factor 1 [Source:MGI Symbol;Acc:MGI:96590]	14811	-1.8624831438064575	-0.65534514	Yes	
row_150	Ffar2	free fatty acid receptor 2 [Source:MGI Symbol;Acc:MGI:2441731]	14814	-1.8681418895721436	-0.648229	Yes	
row_151	Arg1	arginase, liver [Source:MGI Symbol;Acc:MGI:88070]	14815	-1.8745911121368408	-0.64095634	Yes	
row_152	Nod2	nucleotide-binding oligomerization domain containing 2 [Source:MGI Symbol;Acc:MGI:2429397]	14821	-1.8870857954025269	-0.63396394	Yes	
row_153	Il4ra	interleukin 4 receptor, alpha [Source:MGI Symbol;Acc:MGI:105367]	14839	-1.922226071357727	-0.6276241	Yes	
row_154	Pycard	PYD and CARD domain containing [Source:MGI Symbol;Acc:MGI:1931465]	14845	-1.946400761604309	-0.62040156	Yes	
row_155	Fcer1g	Fc receptor, IgE, high affinity I, gamma polypeptide [Source:MGI Symbol;Acc:MGI:95496]	14849	-1.9575062990188599	-0.61300445	Yes	
row_156	Ccl2	C-C motif chemokine ligand 2 [Source:MGI Symbol;Acc:MGI:98259]	14858	-1.9816153049468994	-0.60584253	Yes	
row_157	Cd1d1	CD1d1 antigen [Source:MGI Symbol;Acc:MGI:107674]	14872	-2.011352062225342	-0.59889394	Yes	
row_158	Rsad2	radical S-adenosyl methionine domain containing 2 [Source:MGI Symbol;Acc:MGI:1929628]	14874	-2.018421173095703	-0.59112906	Yes	
row_159	Cd36	CD36 molecule [Source:MGI Symbol;Acc:MGI:107899]	14876	-2.0263617038726807	-0.5833334	Yes	
row_160	Gimap3	GTPase, IMAP family member 3 [Source:MGI Symbol;Acc:MGI:1932723]	14884	-2.031559467315674	-0.57591194	Yes	
row_161	Ptpn6	protein tyrosine phosphatase, non-receptor type 6 [Source:MGI Symbol;Acc:MGI:96055]	14896	-2.0592994689941406	-0.56864583	Yes	
row_162	Vav1	vav 1 oncogene [Source:MGI Symbol;Acc:MGI:98923]	14899	-2.0627310276031494	-0.5607748	Yes	
row_163	Syk	spleen tyrosine kinase [Source:MGI Symbol;Acc:MGI:99515]	14902	-2.071566104888916	-0.55286944	Yes	
row_164	Trim6	tripartite motif-containing 6 [Source:MGI Symbol;Acc:MGI:2137352]	14950	-2.20326828956604	-0.5474115	Yes	
row_165	Slamf6	SLAM family member 6 [Source:MGI Symbol;Acc:MGI:1353620]	14959	-2.2255918979644775	-0.53930306	Yes	
row_166	Casp1	caspase 1 [Source:MGI Symbol;Acc:MGI:96544]	14968	-2.260185956954956	-0.5310604	Yes	
row_167	Ccr7	C-C motif chemokine receptor 7 [Source:MGI Symbol;Acc:MGI:103011]	14982	-2.284374713897705	-0.52305263	Yes	
row_168	Rigi	RNA sensor RIG-I [Source:MGI Symbol;Acc:MGI:2442858]	14993	-2.3021128177642822	-0.5147788	Yes	
row_169	Il6	interleukin 6 [Source:MGI Symbol;Acc:MGI:96559]	14997	-2.304513931274414	-0.50603545	Yes	
row_170	Clcf1	cardiotrophin-like cytokine factor 1 [Source:MGI Symbol;Acc:MGI:1930088]	15006	-2.3279359340667725	-0.49752995	Yes	
row_171	Cd74	CD74 antigen (invariant polypeptide of major histocompatibility complex, class II antigen-associated) [Source:MGI Symbol;Acc:MGI:96534]	15010	-2.3369808197021484	-0.48866063	Yes	
row_172	Gimap5	GTPase, IMAP family member 5 [Source:MGI Symbol;Acc:MGI:2442232]	15011	-2.338693857192993	-0.47958747	Yes	
row_173	Ddx60	DExD/H box helicase 60 [Source:MGI Symbol;Acc:MGI:2384570]	15024	-2.364609718322754	-0.47120267	Yes	
row_174	Cd37	CD37 antigen [Source:MGI Symbol;Acc:MGI:88330]	15027	-2.3744184970855713	-0.46212238	Yes	
row_175	Ptprc	protein tyrosine phosphatase receptor type C [Source:MGI Symbol;Acc:MGI:97810]	15038	-2.397634506225586	-0.45347795	Yes	
row_176	Irf5	interferon regulatory factor 5 [Source:MGI Symbol;Acc:MGI:1350924]	15057	-2.4426302909851074	-0.4451849	Yes	
row_177	H2-Q7	histocompatibility 2, Q region locus 7 [Source:MGI Symbol;Acc:MGI:95936]	15066	-2.4679741859436035	-0.4361361	Yes	
row_178	Adora3	adenosine A3 receptor [Source:MGI Symbol;Acc:MGI:104847]	15075	-2.4813241958618164	-0.4270355	Yes	
row_179	H2-Q4	histocompatibility 2, Q region locus 4 [Source:MGI Symbol;Acc:MGI:95933]	15088	-2.5195188522338867	-0.41804972	Yes	
row_180	Casp4	caspase 4, apoptosis-related cysteine peptidase [Source:MGI Symbol;Acc:MGI:107700]	15130	-2.620363235473633	-0.4105792	Yes	
row_181	Spi1	Spi-1 proto-oncogene [Source:MGI Symbol;Acc:MGI:98282]	15143	-2.6677331924438477	-0.4010184	Yes	
row_182	Tlr7	toll-like receptor 7 [Source:MGI Symbol;Acc:MGI:2176882]	15150	-2.6877198219299316	-0.3909856	Yes	
row_183	Cd40	CD40 antigen [Source:MGI Symbol;Acc:MGI:88336]	15153	-2.693387508392334	-0.38066784	Yes	
row_184	Klrd1	killer cell lectin-like receptor, subfamily D, member 1 [Source:MGI Symbol;Acc:MGI:1196275]	15156	-2.69734525680542	-0.37033474	Yes	
row_185	Cd86	CD86 antigen [Source:MGI Symbol;Acc:MGI:101773]	15160	-2.7075791358947754	-0.36002767	Yes	
row_186	Ptafr	platelet-activating factor receptor [Source:MGI Symbol;Acc:MGI:106066]	15164	-2.7209060192108154	-0.3496689	Yes	
row_187	Il1b	interleukin 1 beta [Source:MGI Symbol;Acc:MGI:96543]	15181	-2.7633743286132812	-0.34	Yes	
row_188	H2-M3	histocompatibility 2, M region locus 3 [Source:MGI Symbol;Acc:MGI:95915]	15183	-2.7687342166900635	-0.3293242	Yes	
row_189	Dhx58	DExH-box helicase 58 [Source:MGI Symbol;Acc:MGI:1931560]	15186	-2.7815897464752197	-0.31866425	Yes	
row_190	Tlr4	toll-like receptor 4 [Source:MGI Symbol;Acc:MGI:96824]	15219	-2.874952554702759	-0.30961433	Yes	
row_191	C3	complement component 3 [Source:MGI Symbol;Acc:MGI:88227]	15222	-2.885869026184082	-0.29854983	Yes	
row_192	Ccr2	C-C motif chemokine receptor 2 [Source:MGI Symbol;Acc:MGI:106185]	15238	-2.941856861114502	-0.28812277	Yes	
row_193	Plcg2	phospholipase C, gamma 2 [Source:MGI Symbol;Acc:MGI:97616]	15264	-3.042161464691162	-0.27796397	Yes	
row_194	H2-DMb1	histocompatibility 2, class II, locus Mb1 [Source:MGI Symbol;Acc:MGI:95922]	15270	-3.0603208541870117	-0.2664199	Yes	
row_195	Ifng	interferon gamma [Source:MGI Symbol;Acc:MGI:107656]	15290	-3.171190023422241	-0.25536606	Yes	
row_196	Sash3	SAM and SH3 domain containing 3 [Source:MGI Symbol;Acc:MGI:1921381]	15292	-3.185924530029297	-0.24307173	Yes	
row_197	Fcgr1	Fc receptor, IgG, high affinity I [Source:MGI Symbol;Acc:MGI:95498]	15299	-3.2211050987243652	-0.23096962	Yes	
row_198	Klrk1	killer cell lectin-like receptor subfamily K, member 1 [Source:MGI Symbol;Acc:MGI:1196250]	15300	-3.2218995094299316	-0.21846996	Yes	
row_199	Itgb2	integrin beta 2 [Source:MGI Symbol;Acc:MGI:96611]	15324	-3.344736337661743	-0.20700583	Yes	
row_200	Klk7	kallikrein related-peptidase 7 (chymotryptic, stratum corneum) [Source:MGI Symbol;Acc:MGI:1346336]	15327	-3.3562138080596924	-0.19411658	Yes	
row_201	H2-Q6	histocompatibility 2, Q region locus 6 [Source:MGI Symbol;Acc:MGI:95935]	15334	-3.4526796340942383	-0.18111604	Yes	
row_202	Cd244a	CD244 molecule A [Source:MGI Symbol;Acc:MGI:109294]	15342	-3.4986789226531982	-0.1680028	Yes	
row_203	Cxcl1	C-X-C motif chemokine ligand 1 [Source:MGI Symbol;Acc:MGI:108068]	15364	-3.713824987411499	-0.15497525	Yes	
row_204	Klrc1	killer cell lectin-like receptor subfamily C, member 1 [Source:MGI Symbol;Acc:MGI:1336161]	15367	-3.7327613830566406	-0.14062515	Yes	
row_205	Il18rap	interleukin 18 receptor accessory protein [Source:MGI Symbol;Acc:MGI:1338888]	15372	-3.793020725250244	-0.12617275	Yes	
row_206	H2-T23	histocompatibility 2, T region locus 23 [Source:MGI Symbol;Acc:MGI:95957]	15377	-3.80800199508667	-0.11166224	Yes	
row_207	Tlr2	toll-like receptor 2 [Source:MGI Symbol;Acc:MGI:1346060]	15378	-3.8438563346862793	-0.09674965	Yes	
row_208	Il2rg	interleukin 2 receptor, gamma chain [Source:MGI Symbol;Acc:MGI:96551]	15387	-3.993579149246216	-0.08178213	Yes	
row_209	Il12b	interleukin 12b [Source:MGI Symbol;Acc:MGI:96540]	15398	-4.15106201171875	-0.066335134	Yes	
row_210	Fgr	FGR proto-oncogene, Src family tyrosine kinase [Source:MGI Symbol;Acc:MGI:95527]	15400	-4.204682350158691	-0.05008843	Yes	
row_211	Clec7a	C-type lectin domain family 7, member a [Source:MGI Symbol;Acc:MGI:1861431]	15405	-4.382608890533447	-0.033348676	Yes	
row_212	Scimp	SLP adaptor and CSK interacting membrane protein [Source:MGI Symbol;Acc:MGI:3610314]	15408	-4.431081771850586	-0.016289378	Yes	
row_213	Tnf	tumor necrosis factor [Source:MGI Symbol;Acc:MGI:104798]	15411	-4.453005790710449	8.549767E-4	Yes	
