NAME	SYMBOL	TITLE	RANK IN GENE LIST	RANK METRIC SCORE	RUNNING ES	CORE ENRICHMENT	
row_0	Tmem232	transmembrane protein 232 [Source:MGI Symbol;Acc:MGI:2685786]	39	1.6575260162353516	0.023544053	Yes	
row_1	Catsperz	cation channel sperm associated auxiliary subunit zeta [Source:MGI Symbol;Acc:MGI:1914327]	130	1.319861650466919	0.038433652	Yes	
row_2	Ccdc65	coiled-coil domain containing 65 [Source:MGI Symbol;Acc:MGI:2146001]	156	1.247536063194275	0.056439012	Yes	
row_3	Cfap119	cilia and flagella associated protein 119 [Source:MGI Symbol;Acc:MGI:2685012]	220	1.1065763235092163	0.06973781	Yes	
row_4	Catspere2	cation channel sperm associated auxiliary subunit epsilon 2 [Source:MGI Symbol;Acc:MGI:5589632]	221	1.105651617050171	0.08714563	Yes	
row_5	Dnah5	dynein, axonemal, heavy chain 5 [Source:MGI Symbol;Acc:MGI:107718]	314	0.980681300163269	0.09656413	Yes	
row_6	Enkur	enkurin, TRPC channel interacting protein [Source:MGI Symbol;Acc:MGI:1918483]	376	0.9299280643463135	0.10721261	Yes	
row_7	Bbof1	basal body orientation factor 1 [Source:MGI Symbol;Acc:MGI:1920123]	406	0.902338445186615	0.11952123	Yes	
row_8	Armc3	armadillo repeat containing 3 [Source:MGI Symbol;Acc:MGI:1918132]	424	0.88844895362854	0.13239661	Yes	
row_9	Cfap61	cilia and flagella associated protein 61 [Source:MGI Symbol;Acc:MGI:1926024]	443	0.8655701875686646	0.14484632	Yes	
row_10	Tekt1	tektin 1 [Source:MGI Symbol;Acc:MGI:1333819]	465	0.8468325734138489	0.15680467	Yes	
row_11	Dnaaf11	dynein axonemal assembly factor 11 [Source:MGI Symbol;Acc:MGI:1859553]	470	0.84113609790802	0.16978602	Yes	
row_12	Ccdc159	coiled-coil domain containing 159 [Source:MGI Symbol;Acc:MGI:1914369]	479	0.8358190655708313	0.18242186	Yes	
row_13	Cfap44	cilia and flagella associated protein 44 [Source:MGI Symbol;Acc:MGI:1277238]	505	0.8209275007247925	0.19371052	Yes	
row_14	Tcte1	t-complex-associated testis expressed 1 [Source:MGI Symbol;Acc:MGI:98640]	511	0.818659245967865	0.20627256	Yes	
row_15	Slc9b2	solute carrier family 9, subfamily B (NHA2, cation proton antiporter 2), member 2 [Source:MGI Symbol;Acc:MGI:2140077]	544	0.7923492789268494	0.2166531	Yes	
row_16	Rsph1	radial spoke head 1 homolog (Chlamydomonas) [Source:MGI Symbol;Acc:MGI:1194909]	546	0.7912442684173584	0.2290453	Yes	
row_17	Spata33	spermatogenesis associated 33 [Source:MGI Symbol;Acc:MGI:2444920]	557	0.7839186191558838	0.24073309	Yes	
row_18	Wt1	WT1 transcription factor [Source:MGI Symbol;Acc:MGI:98968]	562	0.7813954949378967	0.25277388	Yes	
row_19	Armc2	armadillo repeat containing 2 [Source:MGI Symbol;Acc:MGI:1916449]	567	0.7779614925384521	0.26476058	Yes	
row_20	Dnah6	dynein, axonemal, heavy chain 6 [Source:MGI Symbol;Acc:MGI:107744]	576	0.772081732749939	0.27639294	Yes	
row_21	Tekt5	tektin 5 [Source:MGI Symbol;Acc:MGI:1917676]	651	0.7235775589942932	0.28294164	Yes	
row_22	Efcab6	EF-hand calcium binding domain 6 [Source:MGI Symbol;Acc:MGI:1924877]	657	0.7208757400512695	0.29396412	Yes	
row_23	Cabcoco1	ciliary associated calcium binding coiled-coil 1 [Source:MGI Symbol;Acc:MGI:1920537]	773	0.6716176271438599	0.29701117	Yes	
row_24	Spag8	sperm associated antigen 8 [Source:MGI Symbol;Acc:MGI:3056295]	816	0.6559699773788452	0.30459	Yes	
row_25	Cfap90	cilia and flagella associated protein 90 [Source:MGI Symbol;Acc:MGI:1916565]	817	0.6553799510002136	0.31490853	Yes	
row_26	Pfn4	profilin family, member 4 [Source:MGI Symbol;Acc:MGI:1920121]	827	0.6514195203781128	0.32457566	Yes	
row_27	Cfap251	cilia and flagella associated protein 251 [Source:MGI Symbol;Acc:MGI:1918495]	929	0.611162543296814	0.32758725	Yes	
row_28	Iqub	IQ motif and ubiquitin domain containing [Source:MGI Symbol;Acc:MGI:3041159]	958	0.6010476350784302	0.33521765	Yes	
row_29	Clxn	calaxin [Source:MGI Symbol;Acc:MGI:1914043]	1031	0.5749020576477051	0.3395565	Yes	
row_30	Dnah1	dynein, axonemal, heavy chain 1 [Source:MGI Symbol;Acc:MGI:107721]	1049	0.5708892345428467	0.34743208	Yes	
row_31	Cfap69	cilia and flagella associated protein 69 [Source:MGI Symbol;Acc:MGI:2443778]	1079	0.5603173971176147	0.35435578	Yes	
row_32	Ccdc146	coiled-coil domain containing 146 [Source:MGI Symbol;Acc:MGI:1922422]	1219	0.5183676481246948	0.35341913	Yes	
row_33	Lrrc23	leucine rich repeat containing 23 [Source:MGI Symbol;Acc:MGI:1315192]	1240	0.5126099586486816	0.3601808	Yes	
row_34	Nme5	NME/NM23 family member 5 [Source:MGI Symbol;Acc:MGI:1922783]	1320	0.48938849568367004	0.36271507	Yes	
row_35	Tacr3	tachykinin receptor 3 [Source:MGI Symbol;Acc:MGI:892968]	1337	0.4848073124885559	0.3693008	Yes	
row_36	Ccdc39	coiled-coil domain containing 39 [Source:MGI Symbol;Acc:MGI:1289263]	1350	0.482610285282135	0.37611377	Yes	
row_37	Kif9	kinesin family member 9 [Source:MGI Symbol;Acc:MGI:1098237]	1374	0.4778643846511841	0.38213202	Yes	
row_38	Garin5a	golgi associated RAB2 interactor 5A [Source:MGI Symbol;Acc:MGI:1922788]	1443	0.46095922589302063	0.38493872	Yes	
row_39	Catsper2	cation channel, sperm associated 2 [Source:MGI Symbol;Acc:MGI:2387404]	1501	0.44815194606781006	0.38826373	Yes	
row_40	Pierce2	piercer of microtubule wall 2 [Source:MGI Symbol;Acc:MGI:3648770]	1519	0.4449078142642975	0.39415583	Yes	
row_41	Bbs2	Bardet-Biedl syndrome 2 [Source:MGI Symbol;Acc:MGI:2135267]	1529	0.44150757789611816	0.40051803	Yes	
row_42	Nphp4	nephronophthisis 4 (juvenile) homolog (human) [Source:MGI Symbol;Acc:MGI:2384210]	1572	0.4325195252895355	0.40457872	Yes	
row_43	Spag6l	sperm associated antigen 6-like [Source:MGI Symbol;Acc:MGI:1354388]	1577	0.4316013753414154	0.41111222	Yes	
row_44	Cep131	centrosomal protein 131 [Source:MGI Symbol;Acc:MGI:107440]	1605	0.42521363496780396	0.4160397	Yes	
row_45	Ttll1	tubulin tyrosine ligase-like 1 [Source:MGI Symbol;Acc:MGI:2443047]	1677	0.41411978006362915	0.41791254	Yes	
row_46	Drc1	dynein regulatory complex subunit 1 [Source:MGI Symbol;Acc:MGI:2685906]	1700	0.41114377975463867	0.4229458	Yes	
row_47	Celf3	CUGBP, Elav-like family member 3 [Source:MGI Symbol;Acc:MGI:1926034]	1714	0.4075676202774048	0.4285118	Yes	
row_48	Mkks	McKusick-Kaufman syndrome [Source:MGI Symbol;Acc:MGI:1891836]	1856	0.38228487968444824	0.42530167	Yes	
row_49	Bbs1	Bardet-Biedl syndrome 1 [Source:MGI Symbol;Acc:MGI:1277215]	1965	0.3650366961956024	0.42397997	Yes	
row_50	Spmip6	sperm microtubule inner protein 6 [Source:MGI Symbol;Acc:MGI:1920971]	2027	0.35631242394447327	0.42559722	Yes	
row_51	Neurl1a	neuralized E3 ubiquitin protein ligase 1A [Source:MGI Symbol;Acc:MGI:1334263]	2040	0.3536243140697479	0.4303794	Yes	
row_52	Cimip2b	ciliary microtubule inner protein 2B [Source:MGI Symbol;Acc:MGI:2445194]	2071	0.3499065935611725	0.43392485	Yes	
row_53	Odad3	outer dynein arm docking complex subunit 3 [Source:MGI Symbol;Acc:MGI:1924859]	2075	0.34927836060523987	0.43922767	Yes	
row_54	Dnah12	dynein, axonemal, heavy chain 12 [Source:MGI Symbol;Acc:MGI:107720]	2182	0.3370797634124756	0.4375967	Yes	
row_55	Cfap65	cilia and flagella associated protein 65 [Source:MGI Symbol;Acc:MGI:2444274]	2216	0.3323952555656433	0.4406701	Yes	
row_56	Cfap210	cilia and flagella associated protein 210 [Source:MGI Symbol;Acc:MGI:1923100]	2257	0.3279726505279541	0.44321567	Yes	
row_57	Rsph9	radial spoke head 9 homolog (Chlamydomonas) [Source:MGI Symbol;Acc:MGI:1922814]	2392	0.31037017703056335	0.4393315	Yes	
row_58	Dzip1	DAZ interacting protein 1 [Source:MGI Symbol;Acc:MGI:1914311]	2437	0.30474653840065	0.44124958	Yes	
row_59	Cacna1e	calcium channel, voltage-dependent, R type, alpha 1E subunit [Source:MGI Symbol;Acc:MGI:106217]	2460	0.3026745319366455	0.44457504	Yes	
row_60	Tacr1	tachykinin receptor 1 [Source:MGI Symbol;Acc:MGI:98475]	2537	0.2949850559234619	0.44424492	Yes	
row_61	Atp2b4	ATPase, Ca++ transporting, plasma membrane 4 [Source:MGI Symbol;Acc:MGI:88111]	2655	0.28186509013175964	0.44102463	Yes	
row_62	Cep78	centrosomal protein 78 [Source:MGI Symbol;Acc:MGI:1924386]	2697	0.276694655418396	0.44269744	Yes	
row_63	Rabl2	RAB, member RAS oncogene family-like 2 [Source:MGI Symbol;Acc:MGI:1915958]	2713	0.27468013763427734	0.4460403	Yes	
row_64	Ift81	intraflagellar transport 81 [Source:MGI Symbol;Acc:MGI:1098597]	2718	0.2745067775249481	0.45010042	Yes	
row_65	Ttll3	tubulin tyrosine ligase-like family, member 3 [Source:MGI Symbol;Acc:MGI:2141418]	2721	0.2743183970451355	0.4542885	Yes	
row_66	Vps13a	vacuolar protein sorting 13A [Source:MGI Symbol;Acc:MGI:2444304]	2788	0.2688221335411072	0.454201	Yes	
row_67	Dync2h1	dynein cytoplasmic 2 heavy chain 1 [Source:MGI Symbol;Acc:MGI:107736]	2863	0.26162606477737427	0.45347658	Yes	
row_68	Pacrg	PARK2 co-regulated [Source:MGI Symbol;Acc:MGI:1916560]	2942	0.2544041872024536	0.45237663	Yes	
row_69	Ift88	intraflagellar transport 88 [Source:MGI Symbol;Acc:MGI:98715]	2946	0.2542172074317932	0.45618278	Yes	
row_70	Nsun7	NOL1/NOP2/Sun domain family, member 7 [Source:MGI Symbol;Acc:MGI:1918168]	2994	0.24967095255851746	0.4570374	Yes	
row_71	Rfx3	regulatory factor X, 3 (influences HLA class II expression) [Source:MGI Symbol;Acc:MGI:106582]	3204	0.2334696501493454	0.4470334	No	
row_72	Dusp3	dual specificity phosphatase 3 (vaccinia virus phosphatase VH1-related) [Source:MGI Symbol;Acc:MGI:1919599]	3299	0.22616299986839294	0.4444416	No	
row_73	Cfap45	cilia and flagella associated protein 45 [Source:MGI Symbol;Acc:MGI:1919120]	3423	0.21759574115276337	0.43981668	No	
row_74	Ttll5	tubulin tyrosine ligase-like family, member 5 [Source:MGI Symbol;Acc:MGI:2443657]	3614	0.20413285493850708	0.43059447	No	
row_75	Dnah9	dynein, axonemal, heavy chain 9 [Source:MGI Symbol;Acc:MGI:1289279]	3823	0.19160428643226624	0.4199968	No	
row_76	Dnah11	dynein, axonemal, heavy chain 11 [Source:MGI Symbol;Acc:MGI:1100864]	4121	0.1739664077758789	0.40329608	No	
row_77	Cfap206	cilia and flagella associated protein 206 [Source:MGI Symbol;Acc:MGI:1916579]	4125	0.17385710775852203	0.405837	No	
row_78	Dnah7b	dynein, axonemal, heavy chain 7B [Source:MGI Symbol;Acc:MGI:2684953]	4370	0.16062507033348083	0.39239526	No	
row_79	Meig1	meiosis expressed gene 1 [Source:MGI Symbol;Acc:MGI:1202878]	4425	0.15731652081012726	0.39133763	No	
row_80	Drc7	dynein regulatory complex subunit 7 [Source:MGI Symbol;Acc:MGI:2685616]	4999	0.13161510229110718	0.3559049	No	
row_81	Ddx4	DEAD box helicase 4 [Source:MGI Symbol;Acc:MGI:102670]	5187	0.12306830286979675	0.34560275	No	
row_82	Ift46	intraflagellar transport 46 [Source:MGI Symbol;Acc:MGI:1923818]	5236	0.12070537358522415	0.3443614	No	
row_83	Ing2	inhibitor of growth family, member 2 [Source:MGI Symbol;Acc:MGI:1916510]	5286	0.11858679354190826	0.34302124	No	
row_84	Cfap144	cilia and flagella associated protein 144 [Source:MGI Symbol;Acc:MGI:1922679]	5407	0.1135280579328537	0.33695424	No	
row_85	Tac1	tachykinin 1 [Source:MGI Symbol;Acc:MGI:98474]	5445	0.11212199181318283	0.33629775	No	
row_86	Cfap68	cilia and flagella associated protein 68 [Source:MGI Symbol;Acc:MGI:1915971]	5450	0.1119065061211586	0.33779785	No	
row_87	Bbs4	Bardet-Biedl syndrome 4 [Source:MGI Symbol;Acc:MGI:2143311]	5571	0.10711275041103363	0.33162984	No	
row_88	Ccnyl1	cyclin Y-like 1 [Source:MGI Symbol;Acc:MGI:2138614]	5582	0.10662619769573212	0.33265406	No	
row_89	Sord	sorbitol dehydrogenase [Source:MGI Symbol;Acc:MGI:98266]	5596	0.10614467412233353	0.33347437	No	
row_90	Ash1l	ASH1 like histone lysine methyltransferase [Source:MGI Symbol;Acc:MGI:2183158]	5901	0.09433527290821075	0.31506172	No	
row_91	Dnaaf2	dynein, axonemal assembly factor 2 [Source:MGI Symbol;Acc:MGI:1923566]	6105	0.08584504574537277	0.30312622	No	
row_92	Septin4	septin 4 [Source:MGI Symbol;Acc:MGI:1270156]	6262	0.07998009026050568	0.2941747	No	
row_93	Cfap126	cilia and flagella associated protein 126 [Source:MGI Symbol;Acc:MGI:1922722]	6449	0.07337456941604614	0.28315556	No	
row_94	Nme7	NME/NM23 family member 7 [Source:MGI Symbol;Acc:MGI:2449121]	6742	0.06261385232210159	0.26502892	No	
row_95	Cep128	centrosomal protein 128 [Source:MGI Symbol;Acc:MGI:1922466]	6882	0.05714498460292816	0.2568306	No	
row_96	Ttc12	tetratricopeptide repeat domain 12 [Source:MGI Symbol;Acc:MGI:2444588]	6922	0.05561860278248787	0.2551536	No	
row_97	Tpgs1	tubulin polyglutamylase complex subunit 1 [Source:MGI Symbol;Acc:MGI:106618]	7091	0.04888331890106201	0.24492702	No	
row_98	Cfap54	cilia and flagella associated protein 54 [Source:MGI Symbol;Acc:MGI:1922208]	7157	0.04597955197095871	0.24139646	No	
row_99	Ube2b	ubiquitin-conjugating enzyme E2B [Source:MGI Symbol;Acc:MGI:102944]	7460	0.033847417682409286	0.22216238	No	
row_100	Tuba1a	tubulin, alpha 1A [Source:MGI Symbol;Acc:MGI:98869]	7512	0.031649522483348846	0.21932255	No	
row_101	Spef2	sperm flagellar 2 [Source:MGI Symbol;Acc:MGI:2443727]	7835	0.018707891926169395	0.19854103	No	
row_102	Vdac3	voltage-dependent anion channel 3 [Source:MGI Symbol;Acc:MGI:106922]	7859	0.017878355458378792	0.1973171	No	
row_103	Dnai1	dynein axonemal intermediate chain 1 [Source:MGI Symbol;Acc:MGI:1916172]	8245	0.0011857878416776657	0.17213613	No	
row_104	Dnaja1	DnaJ heat shock protein family (Hsp40) member A1 [Source:MGI Symbol;Acc:MGI:1270129]	8356	-0.0035338441375643015	0.16499187	No	
row_105	Pierce1	piercer of microtubule wall 1 [Source:MGI Symbol;Acc:MGI:1916577]	8359	-0.003634552238509059	0.16491818	No	
row_106	Lztfl1	leucine zipper transcription factor-like 1 [Source:MGI Symbol;Acc:MGI:1934860]	8540	-0.011156822554767132	0.15331219	No	
row_107	Gas8	growth arrest specific 8 [Source:MGI Symbol;Acc:MGI:1202386]	8568	-0.012223358266055584	0.15173739	No	
row_108	Eno4	enolase 4 [Source:MGI Symbol;Acc:MGI:2441717]	8587	-0.012771434150636196	0.15076031	No	
row_109	Tmf1	TATA element modulatory factor 1 [Source:MGI Symbol;Acc:MGI:2684999]	8683	-0.017069566994905472	0.14481097	No	
row_110	Ints13	integrator complex subunit 13 [Source:MGI Symbol;Acc:MGI:1918427]	8916	-0.026514260098338127	0.1300432	No	
row_111	Efhc2	EF-hand domain (C-terminal) containing 2 [Source:MGI Symbol;Acc:MGI:1921655]	9118	-0.035937342792749405	0.11745283	No	
row_112	Dnhd1	dynein heavy chain domain 1 [Source:MGI Symbol;Acc:MGI:1924755]	9263	-0.042418256402015686	0.108695365	No	
row_113	Poc1b	POC1 centriolar protein B [Source:MGI Symbol;Acc:MGI:1918511]	9415	-0.05027646943926811	0.099603444	No	
row_114	Inpp5b	inositol polyphosphate-5-phosphatase B [Source:MGI Symbol;Acc:MGI:103257]	9619	-0.06031648814678192	0.08726601	No	
row_115	AU040320	expressed sequence AU040320 [Source:MGI Symbol;Acc:MGI:2140475]	10228	-0.094422347843647	0.04895685	No	
row_116	Slirp	SRA stem-loop interacting RNA binding protein [Source:MGI Symbol;Acc:MGI:1916394]	10285	-0.09797556698322296	0.046834014	No	
row_117	Cfap20	cilia and flagella associated protein 20 [Source:MGI Symbol;Acc:MGI:107428]	10356	-0.10203692317008972	0.043858774	No	
row_118	Ccdc40	coiled-coil domain containing 40 [Source:MGI Symbol;Acc:MGI:2443893]	10516	-0.1112901046872139	0.035203848	No	
row_119	Dpcd	deleted in primary ciliary dyskinesia [Source:MGI Symbol;Acc:MGI:1924407]	10676	-0.1216176450252533	0.026711522	No	
row_120	Spag6	sperm associated antigen 6 [Source:MGI Symbol;Acc:MGI:3040687]	10679	-0.12214288860559464	0.02850368	No	
row_121	Anxa5	annexin A5 [Source:MGI Symbol;Acc:MGI:106008]	10764	-0.12864470481872559	0.025031012	No	
row_122	Adcy3	adenylate cyclase 3 [Source:MGI Symbol;Acc:MGI:99675]	10966	-0.14372408390045166	0.014137689	No	
row_123	Ropn1l	ropporin 1-like [Source:MGI Symbol;Acc:MGI:2182357]	11014	-0.14717578887939453	0.013378564	No	
row_124	Dnah10	dynein, axonemal, heavy chain 10 [Source:MGI Symbol;Acc:MGI:1860299]	11147	-0.16087773442268372	0.007271612	No	
row_125	Pltp	phospholipid transfer protein [Source:MGI Symbol;Acc:MGI:103151]	11880	-0.23456864058971405	-0.036947276	No	
row_126	Cfap95	cilia and flagella associated protein 95 [Source:MGI Symbol;Acc:MGI:1914733]	12363	-0.2957007586956024	-0.06384028	No	
row_127	Met	met proto-oncogene [Source:MGI Symbol;Acc:MGI:96969]	12381	-0.29821473360061646	-0.060257778	No	
row_128	Tubb4b	tubulin, beta 4B class IVB [Source:MGI Symbol;Acc:MGI:1915472]	12489	-0.31434813141822815	-0.06231209	No	
row_129	Tac2	tachykinin 2 [Source:MGI Symbol;Acc:MGI:98476]	12517	-0.3175259828567505	-0.059080083	No	
row_130	Dnah2	dynein, axonemal, heavy chain 2 [Source:MGI Symbol;Acc:MGI:107731]	12666	-0.33855313062667847	-0.0634369	No	
row_131	Yif1b	Yip1 interacting factor homolog B (S. cerevisiae) [Source:MGI Symbol;Acc:MGI:1924504]	13002	-0.40780502557754517	-0.07894321	No	
row_132	Pla2g3	phospholipase A2, group III [Source:MGI Symbol;Acc:MGI:2444945]	13103	-0.4342503547668457	-0.07865156	No	
row_133	Rsph4a	radial spoke head 4 homolog A (Chlamydomonas) [Source:MGI Symbol;Acc:MGI:3027894]	13151	-0.44542521238327026	-0.07471493	No	
row_134	Dnali1	dynein, axonemal, light intermediate polypeptide 1 [Source:MGI Symbol;Acc:MGI:1922813]	13399	-0.5236194729804993	-0.0826379	No	
row_135	Iqcg	IQ motif containing G [Source:MGI Symbol;Acc:MGI:1916957]	13586	-0.5935432314872742	-0.08546729	No	
row_136	Ttll9	tubulin tyrosine ligase-like family, member 9 [Source:MGI Symbol;Acc:MGI:1913589]	13659	-0.6281144022941589	-0.08029066	No	
row_137	Klc3	kinesin light chain 3 [Source:MGI Symbol;Acc:MGI:1277971]	13669	-0.6348882913589478	-0.07088382	No	
row_138	Cfap161	cilia and flagella associated protein 161 [Source:MGI Symbol;Acc:MGI:1922806]	13728	-0.6575449705123901	-0.06432748	No	
row_139	Dnah14	dynein, axonemal, heavy chain 14 [Source:MGI Symbol;Acc:MGI:2444525]	13837	-0.7079229354858398	-0.060250647	No	
row_140	Spag16	sperm associated antigen 16 [Source:MGI Symbol;Acc:MGI:1913972]	14225	-0.9670018553733826	-0.070356324	No	
row_141	Efhc1	EF-hand domain (C-terminal) containing 1 [Source:MGI Symbol;Acc:MGI:1919127]	14296	-1.0411338806152344	-0.058546055	No	
row_142	Cfap43	cilia and flagella associated protein 43 [Source:MGI Symbol;Acc:MGI:1289258]	14378	-1.1371890306472778	-0.045943446	No	
row_143	Mns1	meiosis-specific nuclear structural protein 1 [Source:MGI Symbol;Acc:MGI:107933]	14436	-1.1956710815429688	-0.030849185	No	
row_144	Cfap53	cilia and flagella associated protein 53 [Source:MGI Symbol;Acc:MGI:1921703]	14526	-1.3226492404937744	-0.015850242	No	
row_145	Insl6	insulin-like 6 [Source:MGI Symbol;Acc:MGI:1351595]	14781	-1.795190453529358	-0.004211269	No	
row_146	Efhb	EF hand domain family, member B [Source:MGI Symbol;Acc:MGI:3045296]	15236	-2.936429977416992	0.01230511	No	
