NAME	SYMBOL	TITLE	RANK IN GENE LIST	RANK METRIC SCORE	RUNNING ES	CORE ENRICHMENT	
row_0	DLX5	distal-less homeobox 5 [Source:HGNC Symbol;Acc:HGNC:2918]	290	0.8753687143325806	0.07140582	Yes	
row_1	UNCX	UNC homeobox [Source:HGNC Symbol;Acc:HGNC:33194]	291	0.8731162548065186	0.16436324	Yes	
row_2	EFNA2	ephrin A2 [Source:HGNC Symbol;Acc:HGNC:3222]	375	0.7900396585464478	0.24223895	Yes	
row_3	TTC8	tetratricopeptide repeat domain 8 [Source:HGNC Symbol;Acc:HGNC:20087]	613	0.6221250295639038	0.29066542	Yes	
row_4	SLIT3	slit guidance ligand 3 [Source:HGNC Symbol;Acc:HGNC:11087]	837	0.5259349942207336	0.32990292	Yes	
row_5	SLIT2	slit guidance ligand 2 [Source:HGNC Symbol;Acc:HGNC:11086]	1129	0.43397653102874756	0.35424024	Yes	
row_6	RPGRIP1L	RPGRIP1 like [Source:HGNC Symbol;Acc:HGNC:29168]	1296	0.39681336283683777	0.38401377	Yes	
row_7	SEMA3A	semaphorin 3A [Source:HGNC Symbol;Acc:HGNC:10723]	1353	0.3840790390968323	0.4206972	Yes	
row_8	LHX2	LIM homeobox 2 [Source:HGNC Symbol;Acc:HGNC:6594]	1531	0.35160279273986816	0.44483078	Yes	
row_9	NR2E1	nuclear receptor subfamily 2 group E member 1 [Source:HGNC Symbol;Acc:HGNC:7973]	1568	0.3460460901260376	0.47896788	Yes	
row_10	ROBO2	roundabout guidance receptor 2 [Source:HGNC Symbol;Acc:HGNC:10250]	1675	0.3300425112247467	0.5061411	Yes	
row_11	LRRK2	leucine rich repeat kinase 2 [Source:HGNC Symbol;Acc:HGNC:18618]	1712	0.32532379031181335	0.538072	Yes	
row_12	ROBO1	roundabout guidance receptor 1 [Source:HGNC Symbol;Acc:HGNC:10249]	1891	0.3002241849899292	0.55666035	Yes	
row_13	SLIT1	slit guidance ligand 1 [Source:HGNC Symbol;Acc:HGNC:11085]	1981	0.2900276482105255	0.5808508	Yes	
row_14	ERBB4	erb-b2 receptor tyrosine kinase 4 [Source:HGNC Symbol;Acc:HGNC:3432]	2355	0.24770203232765198	0.5791944	Yes	
row_15	ARX	aristaless related homeobox [Source:HGNC Symbol;Acc:HGNC:18060]	2572	0.23002415895462036	0.5874534	Yes	
row_16	OGDH	oxoglutarate dehydrogenase [Source:HGNC Symbol;Acc:HGNC:8124]	2957	0.19957037270069122	0.5798461	No	
row_17	ATP1A2	ATPase Na+/K+ transporting subunit alpha 2 [Source:HGNC Symbol;Acc:HGNC:800]	3743	0.1525045782327652	0.5370956	No	
row_18	AGTPBP1	ATP/GTP binding protein 1 [Source:HGNC Symbol;Acc:HGNC:17258]	4352	0.12199988216161728	0.5043977	No	
row_19	SEMA7A	semaphorin 7A (John Milton Hagen blood group) [Source:HGNC Symbol;Acc:HGNC:10741]	5865	0.057941555976867676	0.3969506	No	
row_20	EXT1	exostosin glycosyltransferase 1 [Source:HGNC Symbol;Acc:HGNC:3512]	5964	0.05367487296462059	0.3953012	No	
row_21	CHD7	chromodomain helicase DNA binding protein 7 [Source:HGNC Symbol;Acc:HGNC:20626]	7863	-0.0330461747944355	0.2561985	No	
row_22	EOMES	eomesodermin [Source:HGNC Symbol;Acc:HGNC:3372]	8419	-0.06422706693410873	0.22133228	No	
row_23	SKI	SKI proto-oncogene [Source:HGNC Symbol;Acc:HGNC:10896]	8707	-0.08181538432836533	0.20847689	No	
row_24	SRF	serum response factor [Source:HGNC Symbol;Acc:HGNC:11291]	8859	-0.09102924168109894	0.20682187	No	
row_25	WNT5A	Wnt family member 5A [Source:HGNC Symbol;Acc:HGNC:12784]	9052	-0.10429193824529648	0.20349804	No	
row_26	DLX2	distal-less homeobox 2 [Source:HGNC Symbol;Acc:HGNC:2915]	9304	-0.12076767534017563	0.19749488	No	
row_27	CSF1R	colony stimulating factor 1 receptor [Source:HGNC Symbol;Acc:HGNC:2433]	9362	-0.12606008350849152	0.20663288	No	
row_28	ID2	inhibitor of DNA binding 2 [Source:HGNC Symbol;Acc:HGNC:5361]	10196	-0.21339675784111023	0.16675851	No	
row_29	SALL1	spalt like transcription factor 1 [Source:HGNC Symbol;Acc:HGNC:10524]	10496	-0.25163933634757996	0.17108192	No	
row_30	ATF5	activating transcription factor 5 [Source:HGNC Symbol;Acc:HGNC:790]	11292	-0.3982361853122711	0.15374212	No	
