NAME	SYMBOL	TITLE	RANK IN GENE LIST	RANK METRIC SCORE	RUNNING ES	CORE ENRICHMENT	
row_0	Gli2	GLI-Kruppel family member GLI2 [Source:MGI Symbol;Acc:MGI:95728]	578	0.7694270610809326	-0.036288884	No	
row_1	Hyal1	hyaluronoglucosaminidase 1 [Source:MGI Symbol;Acc:MGI:96298]	612	0.7514179348945618	-0.036482595	No	
row_2	Gsdme	gasdermin E [Source:MGI Symbol;Acc:MGI:1889850]	948	0.6042795777320862	-0.057094764	No	
row_3	Mapk11	mitogen-activated protein kinase 11 [Source:MGI Symbol;Acc:MGI:1338024]	997	0.5836677551269531	-0.058728557	No	
row_4	Agbl4	ATP/GTP binding protein-like 4 [Source:MGI Symbol;Acc:MGI:1918244]	1032	0.5748801827430725	-0.059457235	No	
row_5	Agbl5	ATP/GTP binding protein-like 5 [Source:MGI Symbol;Acc:MGI:2441745]	1199	0.5244437456130981	-0.0690737	No	
row_6	Polr3g	polymerase (RNA) III (DNA directed) polypeptide G [Source:MGI Symbol;Acc:MGI:1914736]	1355	0.4816705584526062	-0.078074224	No	
row_7	Il4	interleukin 4 [Source:MGI Symbol;Acc:MGI:96556]	1379	0.47648885846138	-0.0783346	No	
row_8	Garin5a	golgi associated RAB2 interactor 5A [Source:MGI Symbol;Acc:MGI:1922788]	1443	0.46095922589302063	-0.081288904	No	
row_9	Crebzf	CREB/ATF bZIP transcription factor [Source:MGI Symbol;Acc:MGI:2675296]	1860	0.3816235065460205	-0.10786386	No	
row_10	Irf3	interferon regulatory factor 3 [Source:MGI Symbol;Acc:MGI:1859179]	1885	0.37732234597206116	-0.10845382	No	
row_11	Traf3ip1	TRAF3 interacting protein 1 [Source:MGI Symbol;Acc:MGI:1921269]	2022	0.3576070964336395	-0.11652365	No	
row_12	Trim65	tripartite motif-containing 65 [Source:MGI Symbol;Acc:MGI:2442815]	2043	0.35351336002349854	-0.11691154	No	
row_13	Pou2f2	POU domain, class 2, transcription factor 2 [Source:MGI Symbol;Acc:MGI:101897]	2422	0.30613407492637634	-0.14116684	No	
row_14	Flt3	FMS-like tyrosine kinase 3 [Source:MGI Symbol;Acc:MGI:95559]	2431	0.3052869141101837	-0.14088693	No	
row_15	Dus2	dihydrouridine synthase 2 [Source:MGI Symbol;Acc:MGI:1913619]	2480	0.3006795644760132	-0.14327197	No	
row_16	Acta2	actin alpha 2, smooth muscle, aorta [Source:MGI Symbol;Acc:MGI:87909]	2489	0.30015867948532104	-0.14300568	No	
row_17	Clpb	ClpB caseinolytic peptidase B [Source:MGI Symbol;Acc:MGI:1100517]	2543	0.2942616045475006	-0.14573935	No	
row_18	Oprk1	opioid receptor, kappa 1 [Source:MGI Symbol;Acc:MGI:97439]	2634	0.2837921977043152	-0.15095454	No	
row_19	Pim2	proviral integration site 2 [Source:MGI Symbol;Acc:MGI:97587]	2748	0.27183082699775696	-0.15772678	No	
row_20	Zdhhc1	zinc finger, DHHC domain containing 1 [Source:MGI Symbol;Acc:MGI:1918046]	2842	0.2640053629875183	-0.16319345	No	
row_21	Bnip3l	BCL2/adenovirus E1B interacting protein 3-like [Source:MGI Symbol;Acc:MGI:1332659]	3146	0.23779772222042084	-0.18265635	No	
row_22	Usp29	ubiquitin specific peptidase 29 [Source:MGI Symbol;Acc:MGI:1888998]	3387	0.21994227170944214	-0.19798866	No	
row_23	Akap1	A kinase anchor protein 1 [Source:MGI Symbol;Acc:MGI:104729]	3481	0.21369394659996033	-0.20358889	No	
row_24	Kctd9	potassium channel tetramerisation domain containing 9 [Source:MGI Symbol;Acc:MGI:2145579]	3527	0.20979303121566772	-0.20601624	No	
row_25	Yju2b	YJU2 splicing factor homolog B [Source:MGI Symbol;Acc:MGI:1914986]	4200	0.17015331983566284	-0.25012982	No	
row_26	Ttc4	tetratricopeptide repeat domain 4 [Source:MGI Symbol;Acc:MGI:1919604]	4262	0.16707926988601685	-0.25373164	No	
row_27	Vapb	vesicle-associated membrane protein, associated protein B and C [Source:MGI Symbol;Acc:MGI:1928744]	4281	0.16559381783008575	-0.25448576	No	
row_28	Rab2b	RAB2B, member RAS oncogene family [Source:MGI Symbol;Acc:MGI:1923588]	4296	0.16489547491073608	-0.25497645	No	
row_29	Trim7	tripartite motif-containing 7 [Source:MGI Symbol;Acc:MGI:2137353]	4442	0.1567923128604889	-0.26417625	No	
row_30	Hsp90aa1	heat shock protein 90, alpha (cytosolic), class A member 1 [Source:MGI Symbol;Acc:MGI:96250]	4465	0.15572668612003326	-0.26522183	No	
row_31	Rnf26rt	ring finger protein 26, retrotransposed [Source:MGI Symbol;Acc:MGI:3644000]	4469	0.15553472936153412	-0.26500788	No	
row_32	Ercc6	excision repair cross-complementing rodent repair deficiency, complementation group 6 [Source:MGI Symbol;Acc:MGI:1100494]	4560	0.15182335674762726	-0.27057344	No	
row_33	Hcfc2	host cell factor C2 [Source:MGI Symbol;Acc:MGI:1915183]	4772	0.14127880334854126	-0.28419134	No	
row_34	Xpr1	xenotropic and polytropic retrovirus receptor 1 [Source:MGI Symbol;Acc:MGI:97932]	4790	0.1405663937330246	-0.28494558	No	
row_35	Rb1cc1	RB1-inducible coiled-coil 1 [Source:MGI Symbol;Acc:MGI:1341850]	4856	0.1374378204345703	-0.28889138	No	
row_36	Bnip3l-ps	BCL2/adenovirus E1B interacting protein 3-like, pseudogene [Source:MGI Symbol;Acc:MGI:3642435]	4891	0.13585154712200165	-0.29078552	No	
row_37	Dclk1	doublecortin-like kinase 1 [Source:MGI Symbol;Acc:MGI:1330861]	4953	0.13322849571704865	-0.2944772	No	
row_38	Polr3h	polymerase (RNA) III (DNA directed) polypeptide H [Source:MGI Symbol;Acc:MGI:1926179]	5163	0.12458670139312744	-0.3080068	No	
row_39	Rnf216	ring finger protein 216 [Source:MGI Symbol;Acc:MGI:1344349]	5319	0.11710479110479355	-0.31797513	No	
row_40	Zmynd11	zinc finger, MYND domain containing 11 [Source:MGI Symbol;Acc:MGI:1913755]	5404	0.11359988898038864	-0.3232442	No	
row_41	Crebbp	CREB binding protein [Source:MGI Symbol;Acc:MGI:1098280]	5412	0.1134248822927475	-0.32340732	No	
row_42	Usp20	ubiquitin specific peptidase 20 [Source:MGI Symbol;Acc:MGI:1921520]	5447	0.11204611510038376	-0.32536468	No	
row_43	Abcf3	ATP-binding cassette, sub-family F member 3 [Source:MGI Symbol;Acc:MGI:1351656]	5501	0.11002110689878464	-0.3285874	No	
row_44	Elmod2	ELMO/CED-12 domain containing 2 [Source:MGI Symbol;Acc:MGI:2445165]	5576	0.10687819123268127	-0.33321118	No	
row_45	Traf3	TNF receptor-associated factor 3 [Source:MGI Symbol;Acc:MGI:108041]	5646	0.10407471656799316	-0.3375108	No	
row_46	Mtor	mechanistic target of rapamycin kinase [Source:MGI Symbol;Acc:MGI:1928394]	5665	0.10360562801361084	-0.33842948	No	
row_47	Trim32	tripartite motif-containing 32 [Source:MGI Symbol;Acc:MGI:1917057]	5700	0.102329321205616	-0.34041262	No	
row_48	Stmn1	stathmin 1 [Source:MGI Symbol;Acc:MGI:96739]	5711	0.10192310810089111	-0.34080523	No	
row_49	Prkra	protein kinase, interferon inducible double stranded RNA dependent activator [Source:MGI Symbol;Acc:MGI:1344375]	5715	0.10187461972236633	-0.34073374	No	
row_50	Gbf1	golgi-specific brefeldin A-resistance factor 1 [Source:MGI Symbol;Acc:MGI:1861607]	5718	0.10143262892961502	-0.3405971	No	
row_51	Abcc9	ATP-binding cassette, sub-family C member 9 [Source:MGI Symbol;Acc:MGI:1352630]	5788	0.09854239970445633	-0.3449114	No	
row_52	Cct5	chaperonin containing TCP1 subunit 5 [Source:MGI Symbol;Acc:MGI:107185]	5807	0.09803447872400284	-0.34584486	No	
row_53	Ube2n	ubiquitin-conjugating enzyme E2N [Source:MGI Symbol;Acc:MGI:1934835]	5910	0.0940178707242012	-0.35235965	No	
row_54	Marchf2	membrane associated ring-CH-type finger 2 [Source:MGI Symbol;Acc:MGI:1925915]	5966	0.09174118936061859	-0.35576355	No	
row_55	Atg16l1	autophagy related 16 like 1 [Source:MGI Symbol;Acc:MGI:1924290]	6002	0.09031012654304504	-0.35784495	No	
row_56	Serinc5	serine incorporator 5 [Source:MGI Symbol;Acc:MGI:2444223]	6121	0.08524314314126968	-0.3654441	No	
row_57	Ube2w	ubiquitin-conjugating enzyme E2W (putative) [Source:MGI Symbol;Acc:MGI:1914049]	6132	0.08495886623859406	-0.36588174	No	
row_58	Dhx16	DEAH-box helicase 16 [Source:MGI Symbol;Acc:MGI:1916442]	6201	0.08242687582969666	-0.3701725	No	
row_59	Trim8	tripartite motif-containing 8 [Source:MGI Symbol;Acc:MGI:1933302]	6233	0.08114884793758392	-0.3720129	No	
row_60	Atg7	autophagy related 7 [Source:MGI Symbol;Acc:MGI:1921494]	6276	0.07955393940210342	-0.37458706	No	
row_61	Nck1	non-catalytic region of tyrosine kinase adaptor protein 1 [Source:MGI Symbol;Acc:MGI:109601]	6297	0.07852879911661148	-0.37570494	No	
row_62	Ddx1	DEAD box helicase 1 [Source:MGI Symbol;Acc:MGI:2144727]	6323	0.07770732045173645	-0.3771566	No	
row_63	Card9	caspase recruitment domain family, member 9 [Source:MGI Symbol;Acc:MGI:2685628]	6355	0.07664771378040314	-0.37900895	No	
row_64	Exosc5	exosome component 5 [Source:MGI Symbol;Acc:MGI:107889]	6357	0.07655856758356094	-0.37887204	No	
row_65	Pqbp1	polyglutamine binding protein 1 [Source:MGI Symbol;Acc:MGI:1859638]	6412	0.07487288117408752	-0.38225442	No	
row_66	Ddx41	DEAD box helicase 41 [Source:MGI Symbol;Acc:MGI:1920185]	6482	0.07203508168458939	-0.3866391	No	
row_67	Phb1	prohibitin 1 [Source:MGI Symbol;Acc:MGI:97572]	6515	0.07078352570533752	-0.38857332	No	
row_68	Ncbp1	nuclear cap binding protein subunit 1 [Source:MGI Symbol;Acc:MGI:1891840]	6529	0.07038449496030807	-0.3892486	No	
row_69	Ifnar1	interferon (alpha and beta) receptor 1 [Source:MGI Symbol;Acc:MGI:107658]	6546	0.06948229670524597	-0.39012524	No	
row_70	Trim44	tripartite motif-containing 44 [Source:MGI Symbol;Acc:MGI:1931835]	6583	0.06822424381971359	-0.39233154	No	
row_71	Smpd1	sphingomyelin phosphodiesterase 1, acid lysosomal [Source:MGI Symbol;Acc:MGI:98325]	6640	0.06602325290441513	-0.39587006	No	
row_72	Senp7	SUMO1/sentrin specific peptidase 7 [Source:MGI Symbol;Acc:MGI:1913565]	6664	0.0651308074593544	-0.39722246	No	
row_73	Ppm1b	protein phosphatase 1B, magnesium dependent, beta isoform [Source:MGI Symbol;Acc:MGI:101841]	6669	0.0649530291557312	-0.3973153	No	
row_74	Ndufaf4	NADH:ubiquinone oxidoreductase complex assembly factor 4 [Source:MGI Symbol;Acc:MGI:1915743]	6881	0.057159435003995895	-0.41115654	No	
row_75	Ext1	exostosin glycosyltransferase 1 [Source:MGI Symbol;Acc:MGI:894663]	6967	0.05367487296462059	-0.416651	No	
row_76	Trim27	tripartite motif-containing 27 [Source:MGI Symbol;Acc:MGI:97904]	6987	0.05295974761247635	-0.41777045	No	
row_77	Atg12	autophagy related 12 [Source:MGI Symbol;Acc:MGI:1914776]	6998	0.052497126162052155	-0.41829425	No	
row_78	Cxadr	coxsackie virus and adenovirus receptor [Source:MGI Symbol;Acc:MGI:1201679]	7056	0.050024304538965225	-0.42194155	No	
row_79	Cnot7	CCR4-NOT transcription complex, subunit 7 [Source:MGI Symbol;Acc:MGI:1298230]	7183	0.044984858483076096	-0.43017814	No	
row_80	Polr3b	polymerase (RNA) III (DNA directed) polypeptide B [Source:MGI Symbol;Acc:MGI:1917678]	7231	0.04254738241434097	-0.4331821	No	
row_81	Dhx36	DEAH-box helicase 36 [Source:MGI Symbol;Acc:MGI:1919412]	7340	0.03847242146730423	-0.44024226	No	
row_82	Polr3k	polymerase (RNA) III (DNA directed) polypeptide K [Source:MGI Symbol;Acc:MGI:1914255]	7362	0.03772974759340286	-0.44153476	No	
row_83	Chuk	conserved helix-loop-helix ubiquitous kinase [Source:MGI Symbol;Acc:MGI:99484]	7419	0.035773083567619324	-0.44515356	No	
row_84	Atf2	activating transcription factor 2 [Source:MGI Symbol;Acc:MGI:109349]	7443	0.03464754298329353	-0.44658688	No	
row_85	Kcnj8	potassium inwardly-rectifying channel, subfamily J, member 8 [Source:MGI Symbol;Acc:MGI:1100508]	7531	0.03092506341636181	-0.4522744	No	
row_86	Penk	preproenkephalin [Source:MGI Symbol;Acc:MGI:104629]	7603	0.02798636630177498	-0.45690864	No	
row_87	Ivns1abp	influenza virus NS1A binding protein [Source:MGI Symbol;Acc:MGI:2152389]	7632	0.026414355263113976	-0.4586954	No	
row_88	Nt5c2	5'-nucleotidase, cytosolic II [Source:MGI Symbol;Acc:MGI:2178563]	7644	0.025884171947836876	-0.4593562	No	
row_89	Rrp1b	ribosomal RNA processing 1B [Source:MGI Symbol;Acc:MGI:1919712]	7779	0.021032055839896202	-0.4681869	No	
row_90	Eef1g	eukaryotic translation elongation factor 1 gamma [Source:MGI Symbol;Acc:MGI:1914410]	7832	0.01877584494650364	-0.47158554	No	
row_91	Smurf1	SMAD specific E3 ubiquitin protein ligase 1 [Source:MGI Symbol;Acc:MGI:1923038]	7878	0.017135389149188995	-0.47452435	No	
row_92	Ddx17	DEAD box helicase 17 [Source:MGI Symbol;Acc:MGI:1914290]	8010	0.011557931080460548	-0.48318124	No	
row_93	Bcl2	B cell leukemia/lymphoma 2 [Source:MGI Symbol;Acc:MGI:88138]	8029	0.010574852116405964	-0.48434687	No	
row_94	Trim11	tripartite motif-containing 11 [Source:MGI Symbol;Acc:MGI:2137355]	8041	0.009806524962186813	-0.48505032	No	
row_95	Rheb	Ras homolog enriched in brain [Source:MGI Symbol;Acc:MGI:97912]	8148	0.005280610639601946	-0.49206597	No	
row_96	Calr	calreticulin [Source:MGI Symbol;Acc:MGI:88252]	8198	0.002841582987457514	-0.49530795	No	
row_97	Trim13	tripartite motif-containing 13 [Source:MGI Symbol;Acc:MGI:1913847]	8231	0.001744033768773079	-0.4974255	No	
row_98	Uap1	UDP-N-acetylglucosamine pyrophosphorylase 1 [Source:MGI Symbol;Acc:MGI:1334459]	8244	0.0012867170153185725	-0.49821788	No	
row_99	Dicer1	dicer 1, ribonuclease type III [Source:MGI Symbol;Acc:MGI:2177178]	8285	-6.46323140244931E-4	-0.50086886	No	
row_100	Eif2ak4	eukaryotic translation initiation factor 2 alpha kinase 4 [Source:MGI Symbol;Acc:MGI:1353427]	8320	-0.002228036057204008	-0.50311774	No	
row_101	Sin3a	transcriptional regulator, SIN3A (yeast) [Source:MGI Symbol;Acc:MGI:107157]	8390	-0.004680459387600422	-0.5076812	No	
row_102	Ilf3	interleukin enhancer binding factor 3 [Source:MGI Symbol;Acc:MGI:1339973]	8432	-0.006285025272518396	-0.51038355	No	
row_103	Setd2	SET domain containing 2 [Source:MGI Symbol;Acc:MGI:1918177]	8443	-0.006767557933926582	-0.51102877	No	
row_104	Rpsa	ribosomal protein SA [Source:MGI Symbol;Acc:MGI:105381]	8448	-0.007154259365051985	-0.51127505	No	
row_105	Hyal2	hyaluronoglucosaminidase 2 [Source:MGI Symbol;Acc:MGI:1196334]	8450	-0.007384639233350754	-0.5113217	No	
row_106	Atg5	autophagy related 5 [Source:MGI Symbol;Acc:MGI:1277186]	8454	-0.007538876961916685	-0.51150066	No	
row_107	Ncbp3	nuclear cap binding subunit 3 [Source:MGI Symbol;Acc:MGI:1914124]	8468	-0.008056668564677238	-0.51234144	No	
row_108	G3bp1	G3BP stress granule assembly factor 1 [Source:MGI Symbol;Acc:MGI:1351465]	8479	-0.008715876378118992	-0.5129815	No	
row_109	Atad3a	ATPase family, AAA domain containing 3A [Source:MGI Symbol;Acc:MGI:1919214]	8553	-0.011707408353686333	-0.51779157	No	
row_110	Epg5	ectopic P-granules 5 autophagy tethering factor [Source:MGI Symbol;Acc:MGI:1918673]	8659	-0.016021501272916794	-0.5247123	No	
row_111	Ilrun	inflammation and lipid regulator with UBA-like and NBR1-like domains [Source:MGI Symbol;Acc:MGI:106281]	8725	-0.019226567819714546	-0.5289719	No	
row_112	Smarca5	SWI/SNF related, matrix associated, actin dependent regulator of chromatin, subfamily a, member 5 [Source:MGI Symbol;Acc:MGI:1935129]	8807	-0.0218916404992342	-0.53428555	No	
row_113	Itch	itchy, E3 ubiquitin protein ligase [Source:MGI Symbol;Acc:MGI:1202301]	8842	-0.02345556765794754	-0.53647804	No	
row_114	Chrm2	cholinergic receptor, muscarinic 2, cardiac [Source:MGI Symbol;Acc:MGI:88397]	8873	-0.024802373722195625	-0.5384017	No	
row_115	Mapk14	mitogen-activated protein kinase 14 [Source:MGI Symbol;Acc:MGI:1346865]	8940	-0.027561787515878677	-0.54270554	No	
row_116	Polr3d	polymerase (RNA) III (DNA directed) polypeptide D [Source:MGI Symbol;Acc:MGI:1914315]	8968	-0.02878306433558464	-0.54441965	No	
row_117	Chmp3	charged multivesicular body protein 3 [Source:MGI Symbol;Acc:MGI:1913950]	9107	-0.03551758825778961	-0.55347717	No	
row_118	Sap30bp	SAP30 binding protein [Source:MGI Symbol;Acc:MGI:1927479]	9170	-0.038591738790273666	-0.5574864	No	
row_119	Selenok	selenoprotein K [Source:MGI Symbol;Acc:MGI:1931466]	9210	-0.04002238065004349	-0.55996656	No	
row_120	Mul1	mitochondrial ubiquitin ligase activator of NFKB 1 [Source:MGI Symbol;Acc:MGI:1915600]	9227	-0.040738217532634735	-0.56091946	No	
row_121	Gata3	GATA binding protein 3 [Source:MGI Symbol;Acc:MGI:95663]	9548	-0.05682508647441864	-0.5819902	No	
row_122	Mavs	mitochondrial antiviral signaling protein [Source:MGI Symbol;Acc:MGI:2444773]	9551	-0.05702131241559982	-0.58197147	No	
row_123	Arf1	ADP-ribosylation factor 1 [Source:MGI Symbol;Acc:MGI:99431]	9602	-0.05947204679250717	-0.58512944	No	
row_124	Trim28	tripartite motif-containing 28 [Source:MGI Symbol;Acc:MGI:109274]	9615	-0.06006850674748421	-0.5857658	No	
row_125	Nmb	neuromedin B [Source:MGI Symbol;Acc:MGI:1915289]	9647	-0.06228475645184517	-0.58765626	No	
row_126	Dhx9	DExH-box helicase 9 [Source:MGI Symbol;Acc:MGI:108177]	9761	-0.06751791387796402	-0.59497094	No	
row_127	Exosc4	exosome component 4 [Source:MGI Symbol;Acc:MGI:1923576]	9775	-0.06853179633617401	-0.5956511	No	
row_128	Phb2	prohibitin 2 [Source:MGI Symbol;Acc:MGI:102520]	9964	-0.07978861033916473	-0.607907	No	
row_129	C1qbp	complement component 1, q subcomponent binding protein [Source:MGI Symbol;Acc:MGI:1194505]	10001	-0.0819370299577713	-0.6100769	No	
row_130	Bax	BCL2-associated X protein [Source:MGI Symbol;Acc:MGI:99702]	10049	-0.08451990783214569	-0.6129694	No	
row_131	Ddx56	DEAD box helicase 56 [Source:MGI Symbol;Acc:MGI:1277172]	10051	-0.08466151356697083	-0.61281097	No	
row_132	Rps15a	ribosomal protein S15A [Source:MGI Symbol;Acc:MGI:2389091]	10085	-0.08680599182844162	-0.61476904	No	
row_133	Rnf185	ring finger protein 185 [Source:MGI Symbol;Acc:MGI:1922078]	10131	-0.0889887660741806	-0.61751705	No	
row_134	Hes1	hes family bHLH transcription factor 1 [Source:MGI Symbol;Acc:MGI:104853]	10180	-0.09162396192550659	-0.62045705	No	
row_135	Tomm70a	translocase of outer mitochondrial membrane 70A [Source:MGI Symbol;Acc:MGI:106295]	10208	-0.09333007037639618	-0.6219999	No	
row_136	Lyst	lysosomal trafficking regulator [Source:MGI Symbol;Acc:MGI:107448]	10231	-0.09465184807777405	-0.6232076	No	
row_137	Tarbp2	TARBP2, RISC loading complex RNA binding subunit [Source:MGI Symbol;Acc:MGI:103027]	10248	-0.09546048939228058	-0.6240153	No	
row_138	Lsm14a	LSM14A mRNA processing body assembly factor [Source:MGI Symbol;Acc:MGI:1914320]	10332	-0.10102862864732742	-0.6292514	No	
row_139	Usp27x	ubiquitin specific peptidase 27, X chromosome [Source:MGI Symbol;Acc:MGI:1859645]	10345	-0.10152212530374527	-0.6297777	No	
row_140	Fmr1	fragile X messenger ribonucleoprotein 1 [Source:MGI Symbol;Acc:MGI:95564]	10363	-0.10249349474906921	-0.63063306	No	
row_141	Clu	clusterin [Source:MGI Symbol;Acc:MGI:88423]	10410	-0.10545151680707932	-0.63340366	No	
row_142	Ddx3x	DEAD box helicase 3, X-linked [Source:MGI Symbol;Acc:MGI:103064]	10454	-0.10776858776807785	-0.6359692	No	
row_143	Bnip3	BCL2/adenovirus E1B interacting protein 3 [Source:MGI Symbol;Acc:MGI:109326]	10467	-0.10868633538484573	-0.6364765	No	
row_144	Atg14	autophagy related 14 [Source:MGI Symbol;Acc:MGI:1261775]	10561	-0.1146848276257515	-0.6423396	No	
row_145	Skp2	S-phase kinase-associated protein 2 [Source:MGI Symbol;Acc:MGI:1351663]	10619	-0.11754603683948517	-0.6458076	No	
row_146	Dhx15	DEAH-box helicase 15 [Source:MGI Symbol;Acc:MGI:1099786]	10629	-0.11811394989490509	-0.6460909	No	
row_147	Trim35	tripartite motif-containing 35 [Source:MGI Symbol;Acc:MGI:1914104]	10684	-0.12261388450860977	-0.6493466	No	
row_148	Mid2	midline 2 [Source:MGI Symbol;Acc:MGI:1344333]	10812	-0.13206346333026886	-0.6574183	No	
row_149	Crcp	calcitonin gene-related peptide-receptor component protein [Source:MGI Symbol;Acc:MGI:1100818]	10872	-0.13618068397045135	-0.6609695	No	
row_150	Htra1	HtrA serine peptidase 1 [Source:MGI Symbol;Acc:MGI:1929076]	10878	-0.13697494566440582	-0.6609375	No	
row_151	Zcchc3	zinc finger, CCHC domain containing 3 [Source:MGI Symbol;Acc:MGI:1915167]	11099	-0.15487781167030334	-0.6751162	No	
row_152	Gtf2f1	general transcription factor IIF, polypeptide 1 [Source:MGI Symbol;Acc:MGI:1923848]	11244	-0.16831254959106445	-0.68421906	No	
row_153	Zmpste24	zinc metallopeptidase, STE24 [Source:MGI Symbol;Acc:MGI:1890508]	11270	-0.17130796611309052	-0.68542224	No	
row_154	Itgb8	integrin beta 8 [Source:MGI Symbol;Acc:MGI:1338035]	11344	-0.17809458076953888	-0.6897906	No	
row_155	Serinc3	serine incorporator 3 [Source:MGI Symbol;Acc:MGI:1349457]	11394	-0.1828213781118393	-0.69255483	No	
row_156	Uri1	URI1, prefoldin-like chaperone [Source:MGI Symbol;Acc:MGI:1342294]	11443	-0.1879415214061737	-0.6952391	No	
row_157	Gpr108	G protein-coupled receptor 108 [Source:MGI Symbol;Acc:MGI:1925558]	11452	-0.18834787607192993	-0.6952697	No	
row_158	Tmem120a	transmembrane protein 120A [Source:MGI Symbol;Acc:MGI:2686991]	11511	-0.19525089859962463	-0.6985978	No	
row_159	Rnf26	ring finger protein 26 [Source:MGI Symbol;Acc:MGI:2388131]	11519	-0.19548316299915314	-0.6985431	No	
row_160	Cd2ap	CD2-associated protein [Source:MGI Symbol;Acc:MGI:1330281]	11609	-0.20401990413665771	-0.7039037	No	
row_161	Aup1	ancient ubiquitous protein 1 [Source:MGI Symbol;Acc:MGI:107789]	11791	-0.2248602658510208	-0.7153102	No	
row_162	Riok3	RIO kinase 3 [Source:MGI Symbol;Acc:MGI:1914128]	11825	-0.22821156680583954	-0.71689284	No	
row_163	Ifngr2	interferon gamma receptor 2 [Source:MGI Symbol;Acc:MGI:107654]	11831	-0.22875599563121796	-0.71661717	No	
row_164	Polr3c	polymerase (RNA) III (DNA directed) polypeptide C [Source:MGI Symbol;Acc:MGI:1921664]	11879	-0.23422332108020782	-0.71911234	No	
row_165	Gpam	glycerol-3-phosphate acyltransferase, mitochondrial [Source:MGI Symbol;Acc:MGI:109162]	11895	-0.23615595698356628	-0.71948016	No	
row_166	Bcl2l1	BCL2-like 1 [Source:MGI Symbol;Acc:MGI:88139]	11903	-0.23708151280879974	-0.719315	No	
row_167	Tagap	T cell activation Rho GTPase activating protein [Source:MGI Symbol;Acc:MGI:3615484]	11961	-0.24301685392856598	-0.72244996	No	
row_168	Creb3	cAMP responsive element binding protein 3 [Source:MGI Symbol;Acc:MGI:99946]	12099	-0.25896894931793213	-0.73084795	No	
row_169	Armc5	armadillo repeat containing 5 [Source:MGI Symbol;Acc:MGI:2384586]	12167	-0.2689826488494873	-0.7345772	No	
row_170	Psma2	proteasome subunit alpha 2 [Source:MGI Symbol;Acc:MGI:104885]	12274	-0.2844339609146118	-0.74085176	No	
row_171	Polr3e	polymerase (RNA) III (DNA directed) polypeptide E [Source:MGI Symbol;Acc:MGI:1349452]	12416	-0.3034515678882599	-0.7493969	No	
row_172	Shfl	shiftless antiviral inhibitor of ribosomal frameshifting [Source:MGI Symbol;Acc:MGI:2441788]	12460	-0.3098844587802887	-0.751426	No	
row_173	Pcbp2	poly(rC) binding protein 2 [Source:MGI Symbol;Acc:MGI:108202]	12464	-0.3108959197998047	-0.7507996	No	
row_174	Hif1a	hypoxia inducible factor 1, alpha subunit [Source:MGI Symbol;Acc:MGI:106918]	12581	-0.32677969336509705	-0.7576249	No	
row_175	Lyset	lysosomal enzyme trafficking factor [Source:MGI Symbol;Acc:MGI:2443862]	12582	-0.32690486311912537	-0.7567571	No	
row_176	Ddx21	DExD box helicase 21 [Source:MGI Symbol;Acc:MGI:1860494]	12585	-0.32710686326026917	-0.7560214	No	
row_177	Becn1	beclin 1, autophagy related [Source:MGI Symbol;Acc:MGI:1891828]	12617	-0.33183181285858154	-0.7571963	No	
row_178	Polr3f	polymerase (RNA) III (DNA directed) polypeptide F [Source:MGI Symbol;Acc:MGI:1924086]	12622	-0.33221787214279175	-0.75657964	No	
row_179	Trim41	tripartite motif-containing 41 [Source:MGI Symbol;Acc:MGI:2384814]	12734	-0.3512493073940277	-0.7630084	No	
row_180	Tbk1	TANK-binding kinase 1 [Source:MGI Symbol;Acc:MGI:1929658]	12808	-0.3692692518234253	-0.7668693	No	
row_181	Pde12	phosphodiesterase 12 [Source:MGI Symbol;Acc:MGI:2443226]	12832	-0.3729657828807831	-0.7674045	No	
row_182	Smad3	SMAD family member 3 [Source:MGI Symbol;Acc:MGI:1201674]	12844	-0.3757282495498657	-0.7671366	No	
row_183	Irf2	interferon regulatory factor 2 [Source:MGI Symbol;Acc:MGI:96591]	12868	-0.3798767626285553	-0.7676534	No	
row_184	Morc3	microrchidia 3 [Source:MGI Symbol;Acc:MGI:2136841]	12939	-0.39386290311813354	-0.77125007	No	
row_185	Ddit4	DNA-damage-inducible transcript 4 [Source:MGI Symbol;Acc:MGI:1921997]	12967	-0.4008311331272125	-0.7719766	No	
row_186	Rnasel	ribonuclease L (2', 5'-oligoisoadenylate synthetase-dependent) [Source:MGI Symbol;Acc:MGI:1098272]	12970	-0.4013919234275818	-0.77104366	No	
row_187	Gpr146	G protein-coupled receptor 146 [Source:MGI Symbol;Acc:MGI:1933113]	13125	-0.43855899572372437	-0.7800923	No	
row_188	Tbx21	T-box 21 [Source:MGI Symbol;Acc:MGI:1888984]	13216	-0.46224460005760193	-0.7848337	No	
row_189	Nfkb1	nuclear factor of kappa light polypeptide gene enhancer in B cells 1, p105 [Source:MGI Symbol;Acc:MGI:97312]	13226	-0.46479663252830505	-0.78419673	No	
row_190	Nt5c3	5'-nucleotidase, cytosolic III [Source:MGI Symbol;Acc:MGI:1927186]	13296	-0.4859841465950012	-0.7874825	No	
row_191	2410002F23Rik	RIKEN cDNA 2410002F23 gene [Source:MGI Symbol;Acc:MGI:1914226]	13379	-0.5148986577987671	-0.7915537	No	
row_192	Ifnar2	interferon (alpha and beta) receptor 2 [Source:MGI Symbol;Acc:MGI:1098243]	13431	-0.5319105386734009	-0.7935238	No	
row_193	Adar	adenosine deaminase, RNA-specific [Source:MGI Symbol;Acc:MGI:1889575]	13482	-0.5521957874298096	-0.7953738	No	
row_194	Npc2	NPC intracellular cholesterol transporter 2 [Source:MGI Symbol;Acc:MGI:1915213]	13542	-0.5773018598556519	-0.79775393	No	
row_195	Ifitm7	interferon induced transmembrane protein 7 [Source:MGI Symbol;Acc:MGI:1921732]	13585	-0.5934695601463318	-0.79896384	No	
row_196	Ifngr1	interferon gamma receptor 1 [Source:MGI Symbol;Acc:MGI:107655]	13591	-0.5971054434776306	-0.7977103	No	
row_197	Il33	interleukin 33 [Source:MGI Symbol;Acc:MGI:1924375]	13609	-0.6050872206687927	-0.7972314	No	
row_198	Rela	v-rel reticuloendotheliosis viral oncogene homolog A (avian) [Source:MGI Symbol;Acc:MGI:103290]	13625	-0.612684428691864	-0.7965997	No	
row_199	Traf6	TNF receptor-associated factor 6 [Source:MGI Symbol;Acc:MGI:108072]	13714	-0.6538277268409729	-0.8006999	No	
row_200	Batf3	basic leucine zipper transcription factor, ATF-like 3 [Source:MGI Symbol;Acc:MGI:1925491]	13766	-0.6755163073539734	-0.80228883	No	
row_201	Ptpn22	protein tyrosine phosphatase, non-receptor type 22 (lymphoid) [Source:MGI Symbol;Acc:MGI:107170]	13782	-0.6843134760856628	-0.801467	No	
row_202	Lgals8	lectin, galactose binding, soluble 8 [Source:MGI Symbol;Acc:MGI:1928481]	13789	-0.6859774589538574	-0.8000438	No	
row_203	Il17ra	interleukin 17 receptor A [Source:MGI Symbol;Acc:MGI:107399]	13800	-0.6918795704841614	-0.7988703	No	
row_204	Vamp8	vesicle-associated membrane protein 8 [Source:MGI Symbol;Acc:MGI:1336882]	13852	-0.7152400612831116	-0.80035377	No	
row_205	Map3k14	mitogen-activated protein kinase kinase kinase 14 [Source:MGI Symbol;Acc:MGI:1858204]	13931	-0.7592806220054626	-0.8035109	No	
row_206	Trim26	tripartite motif-containing 26 [Source:MGI Symbol;Acc:MGI:1337056]	13941	-0.7640314698219299	-0.8020795	No	
row_207	Cgas	cyclic GMP-AMP synthase [Source:MGI Symbol;Acc:MGI:2442261]	13988	-0.7976584434509277	-0.8030126	No	
row_208	Il10rb	interleukin 10 receptor, beta [Source:MGI Symbol;Acc:MGI:109380]	14049	-0.8327741622924805	-0.8047809	No	
row_209	Ticam1	TIR domain containing adaptor molecule 1 [Source:MGI Symbol;Acc:MGI:2147032]	14082	-0.8556047677993774	-0.8046317	No	
row_210	Znfx1	zinc finger, NFX1-type containing 1 [Source:MGI Symbol;Acc:MGI:2138982]	14146	-0.8929374814033508	-0.8064393	No	
row_211	Traf3ip2	TRAF3 interacting protein 2 [Source:MGI Symbol;Acc:MGI:2143599]	14179	-0.9277524352073669	-0.8060985	No	
row_212	Fadd	Fas associated via death domain [Source:MGI Symbol;Acc:MGI:109324]	14215	-0.9544616937637329	-0.80588585	No	
row_213	Cdk6	cyclin dependent kinase 6 [Source:MGI Symbol;Acc:MGI:1277162]	14284	-1.03165864944458	-0.80765676	Yes	
row_214	Odc1	ornithine decarboxylase, structural 1 [Source:MGI Symbol;Acc:MGI:97402]	14313	-1.0555509328842163	-0.8067115	Yes	
row_215	Sertad3	SERTA domain containing 3 [Source:MGI Symbol;Acc:MGI:2180697]	14361	-1.1126869916915894	-0.80687463	Yes	
row_216	Unc13d	unc-13 homolog D [Source:MGI Symbol;Acc:MGI:1917700]	14365	-1.1171257495880127	-0.80410796	Yes	
row_217	Stat2	signal transducer and activator of transcription 2 [Source:MGI Symbol;Acc:MGI:103039]	14394	-1.1547363996505737	-0.8028994	Yes	
row_218	Samhd1	SAM domain and HD domain, 1 [Source:MGI Symbol;Acc:MGI:1927468]	14423	-1.1817749738693237	-0.8016191	Yes	
row_219	Tgfb1	transforming growth factor, beta 1 [Source:MGI Symbol;Acc:MGI:98725]	14447	-1.212853193283081	-0.7999247	Yes	
row_220	Trim56	tripartite motif-containing 56 [Source:MGI Symbol;Acc:MGI:2685298]	14569	-1.3731642961502075	-0.80430377	Yes	
row_221	Tspan32	tetraspanin 32 [Source:MGI Symbol;Acc:MGI:1350360]	14628	-1.4758557081222534	-0.8042323	Yes	
row_222	Unc93b1	unc-93 homolog B1, TLR signaling regulator [Source:MGI Symbol;Acc:MGI:1859307]	14631	-1.4811433553695679	-0.800433	Yes	
row_223	Tlr3	toll-like receptor 3 [Source:MGI Symbol;Acc:MGI:2156367]	14643	-1.505021572113037	-0.7971672	Yes	
row_224	Trim12c	tripartite motif-containing 12C [Source:MGI Symbol;Acc:MGI:4821183]	14649	-1.5173454284667969	-0.79347074	Yes	
row_225	Hspb1	heat shock protein 1 [Source:MGI Symbol;Acc:MGI:96240]	14663	-1.5398118495941162	-0.7902452	Yes	
row_226	Pml	promyelocytic leukemia [Source:MGI Symbol;Acc:MGI:104662]	14668	-1.542829155921936	-0.78641474	Yes	
row_227	Stat1	signal transducer and activator of transcription 1 [Source:MGI Symbol;Acc:MGI:103063]	14671	-1.5451865196228027	-0.78244543	Yes	
row_228	Myd88	myeloid differentiation primary response gene 88 [Source:MGI Symbol;Acc:MGI:108005]	14676	-1.5513466596603394	-0.7785924	Yes	
row_229	Mov10	Mov10 RISC complex RNA helicase [Source:MGI Symbol;Acc:MGI:97054]	14684	-1.5672293901443481	-0.77489614	Yes	
row_230	Rnf135	ring finger protein 135 [Source:MGI Symbol;Acc:MGI:1919206]	14687	-1.5722724199295044	-0.7708549	Yes	
row_231	Ifi203-ps	interferon activated gene 203, pseudogene [Source:MGI Symbol;Acc:MGI:3840117]	14691	-1.5808827877044678	-0.76685715	Yes	
row_232	Trim12a	tripartite motif-containing 12A [Source:MGI Symbol;Acc:MGI:1923931]	14692	-1.5810374021530151	-0.76266	Yes	
row_233	Ifit1bl2	interferon induced protein with tetratricopeptide repeats 1B like 2 [Source:MGI Symbol;Acc:MGI:2148249]	14696	-1.592668890953064	-0.758631	Yes	
row_234	Ifitm3	interferon induced transmembrane protein 3 [Source:MGI Symbol;Acc:MGI:1913391]	14712	-1.6358919143676758	-0.755283	Yes	
row_235	Isg15	ISG15 ubiquitin-like modifier [Source:MGI Symbol;Acc:MGI:1855694]	14784	-1.8063654899597168	-0.7551963	Yes	
row_236	Nlrp3	NLR family, pyrin domain containing 3 [Source:MGI Symbol;Acc:MGI:2653833]	14789	-1.8187140226364136	-0.7506334	Yes	
row_237	Irf1	interferon regulatory factor 1 [Source:MGI Symbol;Acc:MGI:96590]	14811	-1.8624831438064575	-0.7470818	Yes	
row_238	Ifit1	interferon-induced protein with tetratricopeptide repeats 1 [Source:MGI Symbol;Acc:MGI:99450]	14826	-1.8987250328063965	-0.7429698	Yes	
row_239	Trim25	tripartite motif-containing 25 [Source:MGI Symbol;Acc:MGI:102749]	14829	-1.904001235961914	-0.73804796	Yes	
row_240	Ikbke	inhibitor of kappaB kinase epsilon [Source:MGI Symbol;Acc:MGI:1929612]	14841	-1.9334088563919067	-0.7336449	Yes	
row_241	Gbp7	guanylate binding protein 7 [Source:MGI Symbol;Acc:MGI:2444421]	14844	-1.9389517307281494	-0.72863024	Yes	
row_242	Pycard	PYD and CARD domain containing [Source:MGI Symbol;Acc:MGI:1931465]	14845	-1.946400761604309	-0.72346324	Yes	
row_243	Cxcl10	C-X-C motif chemokine ligand 10 [Source:MGI Symbol;Acc:MGI:1352450]	14865	-1.9963130950927734	-0.7194237	Yes	
row_244	Ifitm2	interferon induced transmembrane protein 2 [Source:MGI Symbol;Acc:MGI:1933382]	14866	-1.9979737997055054	-0.7141198	Yes	
row_245	Rsad2	radical S-adenosyl methionine domain containing 2 [Source:MGI Symbol;Acc:MGI:1929628]	14874	-2.018421173095703	-0.7092258	Yes	
row_246	Bst2	bone marrow stromal cell antigen 2 [Source:MGI Symbol;Acc:MGI:1916800]	14885	-2.0329341888427734	-0.7044922	Yes	
row_247	Zc3hav1	zinc finger CCCH type, antiviral 1 [Source:MGI Symbol;Acc:MGI:1926031]	14889	-2.0419869422912598	-0.69927037	Yes	
row_248	Il15	interleukin 15 [Source:MGI Symbol;Acc:MGI:103014]	14897	-2.0606555938720703	-0.69426423	Yes	
row_249	Ifit3	interferon-induced protein with tetratricopeptide repeats 3 [Source:MGI Symbol;Acc:MGI:1101055]	14898	-2.060908794403076	-0.6887932	Yes	
row_250	Nmi	N-myc (and STAT) interactor [Source:MGI Symbol;Acc:MGI:1928368]	14905	-2.080019235610962	-0.6836693	Yes	
row_251	Irak3	interleukin-1 receptor-associated kinase 3 [Source:MGI Symbol;Acc:MGI:1921164]	14908	-2.0854570865631104	-0.6782658	Yes	
row_252	Ifi203	interferon activated gene 203 [Source:MGI Symbol;Acc:MGI:96428]	14921	-2.127992868423462	-0.6734125	Yes	
row_253	Itgax	integrin alpha X [Source:MGI Symbol;Acc:MGI:96609]	14928	-2.1485540866851807	-0.66810673	Yes	
row_254	Igtp	interferon gamma induced GTPase [Source:MGI Symbol;Acc:MGI:107729]	14947	-2.189880847930908	-0.663487	Yes	
row_255	Trim6	tripartite motif-containing 6 [Source:MGI Symbol;Acc:MGI:2137352]	14950	-2.20326828956604	-0.65777075	Yes	
row_256	Ripk3	receptor-interacting serine-threonine kinase 3 [Source:MGI Symbol;Acc:MGI:2154952]	14951	-2.203356981277466	-0.6519216	Yes	
row_257	Ifit3b	interferon-induced protein with tetratricopeptide repeats 3B [Source:MGI Symbol;Acc:MGI:3698419]	14964	-2.2504079341888428	-0.6467433	Yes	
row_258	Casp1	caspase 1 [Source:MGI Symbol;Acc:MGI:96544]	14968	-2.260185956954956	-0.6409422	Yes	
row_259	Lgals9	lectin, galactose binding, soluble 9 [Source:MGI Symbol;Acc:MGI:109496]	14971	-2.265756130218506	-0.63506	Yes	
row_260	Sting1	stimulator of interferon response cGAMP interactor 1 [Source:MGI Symbol;Acc:MGI:1919762]	14972	-2.269554615020752	-0.6290351	Yes	
row_261	Mndal	myeloid nuclear differentiation antigen like [Source:MGI Symbol;Acc:MGI:3780953]	14974	-2.2712693214416504	-0.62307197	Yes	
row_262	Ifitm1	interferon induced transmembrane protein 1 [Source:MGI Symbol;Acc:MGI:1915963]	14977	-2.2766151428222656	-0.617161	Yes	
row_263	Tlr13	toll-like receptor 13 [Source:MGI Symbol;Acc:MGI:3045213]	14983	-2.289768934249878	-0.611414	Yes	
row_264	Dtx3l	deltex 3-like, E3 ubiquitin ligase [Source:MGI Symbol;Acc:MGI:2656973]	14984	-2.2925052642822266	-0.60532814	Yes	
row_265	Gbp4	guanylate binding protein 4 [Source:MGI Symbol;Acc:MGI:97072]	14985	-2.2936439514160156	-0.5992393	Yes	
row_266	Eif2ak2	eukaryotic translation initiation factor 2-alpha kinase 2 [Source:MGI Symbol;Acc:MGI:1353449]	14986	-2.2941997051239014	-0.593149	Yes	
row_267	Irgm1	immunity-related GTPase family M member 1 [Source:MGI Symbol;Acc:MGI:107567]	14987	-2.294926404953003	-0.58705676	Yes	
row_268	Rigi	RNA sensor RIG-I [Source:MGI Symbol;Acc:MGI:2442858]	14993	-2.3021128177642822	-0.58127695	Yes	
row_269	Apobec1	apolipoprotein B mRNA editing enzyme, catalytic polypeptide 1 [Source:MGI Symbol;Acc:MGI:103298]	14995	-2.303417682647705	-0.5752285	Yes	
row_270	Rtp4	receptor transporter protein 4 [Source:MGI Symbol;Acc:MGI:1915025]	14996	-2.3041794300079346	-0.5691117	Yes	
row_271	Il6	interleukin 6 [Source:MGI Symbol;Acc:MGI:96559]	14997	-2.304513931274414	-0.56299394	Yes	
row_272	Wdfy4	WD repeat and FYVE domain containing 4 [Source:MGI Symbol;Acc:MGI:3584510]	14998	-2.304975748062134	-0.55687505	Yes	
row_273	Gbp5	guanylate binding protein 5 [Source:MGI Symbol;Acc:MGI:2429943]	15002	-2.319401741027832	-0.55091673	Yes	
row_274	Ccl5	C-C motif chemokine ligand 5 [Source:MGI Symbol;Acc:MGI:98262]	15003	-2.320327043533325	-0.54475707	Yes	
row_275	Trim30a	tripartite motif-containing 30A [Source:MGI Symbol;Acc:MGI:98178]	15007	-2.3282415866851807	-0.5387753	Yes	
row_276	Pmaip1	phorbol-12-myristate-13-acetate-induced protein 1 [Source:MGI Symbol;Acc:MGI:1930146]	15012	-2.348163604736328	-0.532807	Yes	
row_277	Trim5	tripartite motif-containing 5 [Source:MGI Symbol;Acc:MGI:3646853]	15016	-2.3537275791168213	-0.5267576	Yes	
row_278	Ifih1	interferon induced with helicase C domain 1 [Source:MGI Symbol;Acc:MGI:1918836]	15019	-2.357480049133301	-0.5206319	Yes	
row_279	Ifi44	interferon-induced protein 44 [Source:MGI Symbol;Acc:MGI:2443016]	15022	-2.3628525733947754	-0.514492	Yes	
row_280	Ddx60	DExD/H box helicase 60 [Source:MGI Symbol;Acc:MGI:2384570]	15024	-2.364609718322754	-0.50828105	Yes	
row_281	Ifi27l2a	interferon, alpha-inducible protein 27 like 2A [Source:MGI Symbol;Acc:MGI:1924183]	15026	-2.3724827766418457	-0.5020492	Yes	
row_282	Cd37	CD37 antigen [Source:MGI Symbol;Acc:MGI:88330]	15027	-2.3744184970855713	-0.49574593	Yes	
row_283	Mx2	MX dynamin-like GTPase 2 [Source:MGI Symbol;Acc:MGI:97244]	15030	-2.378819227218628	-0.4895636	Yes	
row_284	Spn	sialophorin [Source:MGI Symbol;Acc:MGI:98384]	15031	-2.3822696208953857	-0.48323947	Yes	
row_285	Parp9	poly (ADP-ribose) polymerase family, member 9 [Source:MGI Symbol;Acc:MGI:1933117]	15036	-2.3888864517211914	-0.47716308	Yes	
row_286	Ptprc	protein tyrosine phosphatase receptor type C [Source:MGI Symbol;Acc:MGI:97810]	15038	-2.397634506225586	-0.47086447	Yes	
row_287	Trim30d	tripartite motif-containing 30D [Source:MGI Symbol;Acc:MGI:3035181]	15046	-2.4166648387908936	-0.46491325	Yes	
row_288	Oasl2	2'-5' oligoadenylate synthetase-like 2 [Source:MGI Symbol;Acc:MGI:1344390]	15047	-2.4213457107543945	-0.4584854	Yes	
row_289	Apobec3	apolipoprotein B mRNA editing enzyme, catalytic polypeptide 3 [Source:MGI Symbol;Acc:MGI:1933111]	15050	-2.433757781982422	-0.45215723	Yes	
row_290	Zc3h12a	zinc finger CCCH type containing 12A [Source:MGI Symbol;Acc:MGI:2385891]	15056	-2.4416534900665283	-0.44600704	Yes	
row_291	Irf5	interferon regulatory factor 5 [Source:MGI Symbol;Acc:MGI:1350924]	15057	-2.4426302909851074	-0.43952268	Yes	
row_292	Aim2	absent in melanoma 2 [Source:MGI Symbol;Acc:MGI:2686159]	15062	-2.460636615753174	-0.4332558	Yes	
row_293	H2-Q7	histocompatibility 2, Q region locus 7 [Source:MGI Symbol;Acc:MGI:95936]	15066	-2.4679741859436035	-0.4269031	Yes	
row_294	Slfn8	schlafen 8 [Source:MGI Symbol;Acc:MGI:2672859]	15067	-2.469101905822754	-0.42034847	Yes	
row_295	Trim34a	tripartite motif-containing 34A [Source:MGI Symbol;Acc:MGI:2137359]	15081	-2.503077745437622	-0.41456577	Yes	
row_296	Gbp2	guanylate binding protein 2 [Source:MGI Symbol;Acc:MGI:102772]	15086	-2.514849901199341	-0.40815493	Yes	
row_297	Irf7	interferon regulatory factor 7 [Source:MGI Symbol;Acc:MGI:1859212]	15092	-2.53041410446167	-0.40176913	Yes	
row_298	Usp18	ubiquitin specific peptidase 18 [Source:MGI Symbol;Acc:MGI:1344364]	15097	-2.5402445793151855	-0.3952909	Yes	
row_299	Ifnb1	interferon beta 1, fibroblast [Source:MGI Symbol;Acc:MGI:107657]	15104	-2.5572633743286133	-0.38890013	Yes	
row_300	Ifit2	interferon-induced protein with tetratricopeptide repeats 2 [Source:MGI Symbol;Acc:MGI:99449]	15108	-2.5637428760528564	-0.38229322	Yes	
row_301	Mx1	MX dynamin-like GTPase 1 [Source:MGI Symbol;Acc:MGI:97243]	15123	-2.597391366958618	-0.37632647	Yes	
row_302	Tlr7	toll-like receptor 7 [Source:MGI Symbol;Acc:MGI:2176882]	15150	-2.6877198219299316	-0.3709157	Yes	
row_303	Cd40	CD40 antigen [Source:MGI Symbol;Acc:MGI:88336]	15153	-2.693387508392334	-0.3638983	Yes	
row_304	Lcn2	lipocalin 2 [Source:MGI Symbol;Acc:MGI:96757]	15154	-2.69460391998291	-0.35674506	Yes	
row_305	Cd86	CD86 antigen [Source:MGI Symbol;Acc:MGI:101773]	15160	-2.7075791358947754	-0.34988892	Yes	
row_306	Cd8a	CD8 subunit alpha [Source:MGI Symbol;Acc:MGI:88346]	15168	-2.737701416015625	-0.34308547	Yes	
row_307	Oas1a	2'-5' oligoadenylate synthetase 1A [Source:MGI Symbol;Acc:MGI:2180860]	15172	-2.741467237472534	-0.33600676	Yes	
row_308	Zbp1	Z-DNA binding protein 1 [Source:MGI Symbol;Acc:MGI:1927449]	15179	-2.755458116531372	-0.32908985	Yes	
row_309	Plscr1	phospholipid scramblase 1 [Source:MGI Symbol;Acc:MGI:893575]	15180	-2.7605626583099365	-0.3217615	Yes	
row_310	Il1b	interleukin 1 beta [Source:MGI Symbol;Acc:MGI:96543]	15181	-2.7633743286132812	-0.31442565	Yes	
row_311	Oas1c	2'-5' oligoadenylate synthetase 1C [Source:MGI Symbol;Acc:MGI:2149633]	15185	-2.7806854248046875	-0.3072428	Yes	
row_312	Dhx58	DExH-box helicase 58 [Source:MGI Symbol;Acc:MGI:1931560]	15186	-2.7815897464752197	-0.29985863	Yes	
row_313	Irgm2	immunity-related GTPase family M member 2 [Source:MGI Symbol;Acc:MGI:1926262]	15188	-2.7880640029907227	-0.29252356	Yes	
row_314	Oasl1	2'-5' oligoadenylate synthetase-like 1 [Source:MGI Symbol;Acc:MGI:2180849]	15192	-2.798686981201172	-0.28529295	Yes	
row_315	Ifi209	interferon activated gene 209 [Source:MGI Symbol;Acc:MGI:2138243]	15216	-2.871985912322998	-0.2791941	Yes	
row_316	Traf3ip3	TRAF3 interacting protein 3 [Source:MGI Symbol;Acc:MGI:2441706]	15235	-2.935764789581299	-0.27259433	Yes	
row_317	Oas2	2'-5' oligoadenylate synthetase 2 [Source:MGI Symbol;Acc:MGI:2180852]	15248	-2.9717226028442383	-0.26550123	Yes	
row_318	Ifi213	interferon activated gene 213 [Source:MGI Symbol;Acc:MGI:3695276]	15250	-2.9802963733673096	-0.25765586	Yes	
row_319	Ifit1bl1	interferon induced protein with tetratricpeptide repeats 1B like 1 [Source:MGI Symbol;Acc:MGI:3650685]	15252	-2.993684768676758	-0.24977495	Yes	
row_320	Cxcl9	C-X-C motif chemokine ligand 9 [Source:MGI Symbol;Acc:MGI:1352449]	15254	-3.0131638050079346	-0.24184233	Yes	
row_321	Fgl2	fibrinogen-like protein 2 [Source:MGI Symbol;Acc:MGI:103266]	15258	-3.023555040359497	-0.23401476	Yes	
row_322	Prf1	perforin 1 (pore forming protein) [Source:MGI Symbol;Acc:MGI:97551]	15286	-3.156561851501465	-0.22742572	Yes	
row_323	Ifng	interferon gamma [Source:MGI Symbol;Acc:MGI:107656]	15290	-3.171190023422241	-0.21920623	Yes	
row_324	Nlrc5	NLR family, CARD domain containing 5 [Source:MGI Symbol;Acc:MGI:3612191]	15298	-3.2144079208374023	-0.21113728	Yes	
row_325	Ifi208	interferon activated gene 208 [Source:MGI Symbol;Acc:MGI:2442822]	15302	-3.2272236347198486	-0.20276904	Yes	
row_326	Trim21	tripartite motif-containing 21 [Source:MGI Symbol;Acc:MGI:106657]	15313	-3.2677388191223145	-0.19475746	Yes	
row_327	Bcl3	B cell leukemia/lymphoma 3 [Source:MGI Symbol;Acc:MGI:88140]	15314	-3.2798244953155518	-0.18605064	Yes	
row_328	Oas1b	2'-5' oligoadenylate synthetase 1B [Source:MGI Symbol;Acc:MGI:97430]	15315	-3.299004077911377	-0.17729288	Yes	
row_329	Isg20	interferon-stimulated protein [Source:MGI Symbol;Acc:MGI:1928895]	15319	-3.3070926666259766	-0.16871262	Yes	
row_330	Acod1	aconitate decarboxylase 1 [Source:MGI Symbol;Acc:MGI:103206]	15320	-3.3143413066864014	-0.15991417	Yes	
row_331	Ifi207	interferon activated gene 207 [Source:MGI Symbol;Acc:MGI:2138302]	15350	-3.5752596855163574	-0.15234625	Yes	
row_332	Oas3	2'-5' oligoadenylate synthetase 3 [Source:MGI Symbol;Acc:MGI:2180850]	15353	-3.5899810791015625	-0.1429487	Yes	
row_333	Ifi214	interferon activated gene 214 [Source:MGI Symbol;Acc:MGI:3584522]	15358	-3.6673147678375244	-0.13347848	Yes	
row_334	Rnase6	ribonuclease, RNase A family, 6 [Source:MGI Symbol;Acc:MGI:1925666]	15368	-3.7366790771484375	-0.12415571	Yes	
row_335	Il12rb1	interleukin 12 receptor, beta 1 [Source:MGI Symbol;Acc:MGI:104579]	15380	-3.862640857696533	-0.11463119	Yes	
row_336	Ifi206	interferon activated gene 206 [Source:MGI Symbol;Acc:MGI:3646410]	15389	-4.038980960845947	-0.104439594	Yes	
row_337	Gm12250	predicted gene 12250 [Source:MGI Symbol;Acc:MGI:3649299]	15390	-4.051843643188477	-0.09368331	Yes	
row_338	Trim30c	tripartite motif-containing 30C [Source:MGI Symbol;Acc:MGI:4821257]	15391	-4.0568342208862305	-0.08291378	Yes	
row_339	Il12b	interleukin 12b [Source:MGI Symbol;Acc:MGI:96540]	15398	-4.15106201171875	-0.07229201	Yes	
row_340	Tgtp1	T cell specific GTPase 1 [Source:MGI Symbol;Acc:MGI:98734]	15403	-4.28012752532959	-0.06119498	Yes	
row_341	Tnf	tumor necrosis factor [Source:MGI Symbol;Acc:MGI:104798]	15411	-4.453005790710449	-0.04983797	Yes	
row_342	Trim30b	tripartite motif-containing 30B [Source:MGI Symbol;Acc:MGI:4821256]	15412	-4.527985572814941	-0.03781769	Yes	
row_343	Slfn9	schlafen 9 [Source:MGI Symbol;Acc:MGI:2445121]	15413	-4.570064067840576	-0.025685707	Yes	
row_344	Ifitm6	interferon induced transmembrane protein 6 [Source:MGI Symbol;Acc:MGI:2686976]	15422	-4.900644302368164	-0.013206685	Yes	
row_345	Mlkl	mixed lineage kinase domain-like [Source:MGI Symbol;Acc:MGI:1921818]	15423	-5.0	6.663345E-5	Yes	
