NAME	SYMBOL	TITLE	RANK IN GENE LIST	RANK METRIC SCORE	RUNNING ES	CORE ENRICHMENT	
row_0	STAB2	stabilin 2 [Source:HGNC Symbol;Acc:HGNC:18629]	296	0.867010235786438	-0.017871227	No	
row_1	DEFB136	defensin beta 136 [Source:HGNC Symbol;Acc:HGNC:34433]	474	0.7082936763763428	-0.027564876	No	
row_2	PLA2G1B	phospholipase A2 group IB [Source:HGNC Symbol;Acc:HGNC:9030]	1173	0.423661470413208	-0.07818394	No	
row_3	PLA2G6	phospholipase A2 group VI [Source:HGNC Symbol;Acc:HGNC:9039]	1321	0.38948148488998413	-0.0872741	No	
row_4	CD4	CD4 molecule [Source:HGNC Symbol;Acc:HGNC:1678]	1413	0.3724377453327179	-0.0922145	No	
row_5	ADGRB1	adhesion G protein-coupled receptor B1 [Source:HGNC Symbol;Acc:HGNC:943]	1525	0.35189515352249146	-0.09877623	No	
row_6	VGF	VGF nerve growth factor inducible [Source:HGNC Symbol;Acc:HGNC:12684]	1956	0.2921639084815979	-0.12979688	No	
row_7	DROSHA	drosha ribonuclease III [Source:HGNC Symbol;Acc:HGNC:17904]	2502	0.2348402440547943	-0.1698222	No	
row_8	CHGA	chromogranin A [Source:HGNC Symbol;Acc:HGNC:1929]	3489	0.1665012091398239	-0.2435862	No	
row_9	BPIFA1	BPI fold containing family A member 1 [Source:HGNC Symbol;Acc:HGNC:15749]	3744	0.15245556831359863	-0.26201528	No	
row_10	IGHM	immunoglobulin heavy constant mu [Source:HGNC Symbol;Acc:HGNC:5541]	4165	0.13169346749782562	-0.2931182	No	
row_11	ROMO1	reactive oxygen species modulator 1 [Source:HGNC Symbol;Acc:HGNC:16185]	4682	0.10736269503831863	-0.3316151	No	
row_12	TUSC2	tumor suppressor 2, mitochondrial calcium regulator [Source:HGNC Symbol;Acc:HGNC:17034]	4704	0.10633917152881622	-0.33264855	No	
row_13	PPP1R11	protein phosphatase 1 regulatory inhibitor subunit 11 [Source:HGNC Symbol;Acc:HGNC:9285]	4882	0.09858133643865585	-0.3455309	No	
row_14	CARD9	caspase recruitment domain family member 9 [Source:HGNC Symbol;Acc:HGNC:16391]	5407	0.07664771378040314	-0.38479394	No	
row_15	SYT11	synaptotagmin 11 [Source:HGNC Symbol;Acc:HGNC:19239]	5445	0.0753982812166214	-0.38720033	No	
row_16	MAPKBP1	mitogen-activated protein kinase binding protein 1 [Source:HGNC Symbol;Acc:HGNC:29536]	5542	0.07138705998659134	-0.39409366	No	
row_17	SIRT2	sirtuin 2 [Source:HGNC Symbol;Acc:HGNC:10886]	6251	0.0406544990837574	-0.44747272	No	
row_18	ANKRD17	ankyrin repeat domain 17 [Source:HGNC Symbol;Acc:HGNC:23575]	6433	0.03276115655899048	-0.4610021	No	
row_19	RBCK1	RANBP2-type and C3HC4-type zinc finger containing 1 [Source:HGNC Symbol;Acc:HGNC:15864]	6440	0.032315563410520554	-0.46128726	No	
row_20	COCH	cochlin [Source:HGNC Symbol;Acc:HGNC:2180]	6769	0.01819094642996788	-0.4860199	No	
row_21	MR1	major histocompatibility complex, class I-related [Source:HGNC Symbol;Acc:HGNC:4975]	6899	0.012948499992489815	-0.49571678	No	
row_22	RPL39	ribosomal protein L39 [Source:HGNC Symbol;Acc:HGNC:10350]	7409	-0.01135927066206932	-0.5341859	No	
row_23	TMF1	TATA element modulatory factor 1 [Source:HGNC Symbol;Acc:HGNC:11870]	7535	-0.017069566994905472	-0.5435584	No	
row_24	RAB14	RAB14, member RAS oncogene family [Source:HGNC Symbol;Acc:HGNC:16524]	7882	-0.03393256291747093	-0.56957126	No	
row_25	MAVS	mitochondrial antiviral signaling protein [Source:HGNC Symbol;Acc:HGNC:29233]	8311	-0.05702131241559982	-0.60167027	No	
row_26	CFP	complement factor properdin [Source:HGNC Symbol;Acc:HGNC:8864]	8421	-0.06427650153636932	-0.6095848	No	
row_27	RAB1A	RAB1A, member RAS oncogene family [Source:HGNC Symbol;Acc:HGNC:9758]	8492	-0.06750886142253876	-0.6145304	No	
row_28	SHARPIN	SHANK associated RH domain interactor [Source:HGNC Symbol;Acc:HGNC:25321]	8759	-0.08485818654298782	-0.6342213	No	
row_29	LYST	lysosomal trafficking regulator [Source:HGNC Symbol;Acc:HGNC:1968]	8913	-0.09465184807777405	-0.64530754	No	
row_30	PRKD1	protein kinase D1 [Source:HGNC Symbol;Acc:HGNC:9407]	9182	-0.11252781748771667	-0.6650052	No	
row_31	RPL30	ribosomal protein L30 [Source:HGNC Symbol;Acc:HGNC:10333]	9406	-0.12995843589305878	-0.6812054	No	
row_32	SEH1L	SEH1 like nucleoporin [Source:HGNC Symbol;Acc:HGNC:30379]	9890	-0.17853087186813354	-0.71683216	No	
row_33	PRKCD	protein kinase C delta [Source:HGNC Symbol;Acc:HGNC:9399]	10284	-0.22514791786670685	-0.7454026	No	
row_34	AQP1	aquaporin 1 (Colton blood group) [Source:HGNC Symbol;Acc:HGNC:633]	10332	-0.23093096911907196	-0.7477525	No	
row_35	RPS19	ribosomal protein S19 [Source:HGNC Symbol;Acc:HGNC:10402]	10554	-0.2597241699695587	-0.7631226	No	
row_36	RBPJ	recombination signal binding protein for immunoglobulin kappa J region [Source:HGNC Symbol;Acc:HGNC:5724]	10661	-0.27816110849380493	-0.7696915	No	
row_37	OPTN	optineurin [Source:HGNC Symbol;Acc:HGNC:17142]	10718	-0.2872796058654785	-0.772428	No	
row_38	TF	transferrin [Source:HGNC Symbol;Acc:HGNC:11740]	10946	-0.32229822874069214	-0.78792506	No	
row_39	WFDC2	WAP four-disulfide core domain 2 [Source:HGNC Symbol;Acc:HGNC:15939]	11031	-0.33563998341560364	-0.79252803	No	
row_40	TBK1	TANK binding kinase 1 [Source:HGNC Symbol;Acc:HGNC:11584]	11170	-0.3692692518234253	-0.8010427	No	
row_41	ADAM17	ADAM metallopeptidase domain 17 [Source:HGNC Symbol;Acc:HGNC:195]	11327	-0.40658193826675415	-0.8107246	No	
row_42	COLEC12	collectin subfamily member 12 [Source:HGNC Symbol;Acc:HGNC:16016]	11556	-0.4762701392173767	-0.82549214	No	
row_43	TREM2	triggering receptor expressed on myeloid cells 2 [Source:HGNC Symbol;Acc:HGNC:17761]	11625	-0.5038224458694458	-0.8280045	No	
row_44	PGLYRP1	peptidoglycan recognition protein 1 [Source:HGNC Symbol;Acc:HGNC:8904]	11888	-0.6359253525733948	-0.8445106	No	
row_45	JCHAIN	joining chain of multimeric IgA and IgM [Source:HGNC Symbol;Acc:HGNC:5713]	11951	-0.668448805809021	-0.8457078	Yes	
row_46	ADAMTS5	ADAM metallopeptidase with thrombospondin type 1 motif 5 [Source:HGNC Symbol;Acc:HGNC:221]	11957	-0.6708831191062927	-0.84257764	Yes	
row_47	RNF31	ring finger protein 31 [Source:HGNC Symbol;Acc:HGNC:16031]	11987	-0.6860858201980591	-0.8411846	Yes	
row_48	NOTCH2	notch receptor 2 [Source:HGNC Symbol;Acc:HGNC:7882]	12051	-0.7242401242256165	-0.8421657	Yes	
row_49	SHC1	SHC adaptor protein 1 [Source:HGNC Symbol;Acc:HGNC:10840]	12058	-0.7284313440322876	-0.83881027	Yes	
row_50	ANXA3	annexin A3 [Source:HGNC Symbol;Acc:HGNC:541]	12158	-0.803488552570343	-0.8421019	Yes	
row_51	LBP	lipopolysaccharide binding protein [Source:HGNC Symbol;Acc:HGNC:6517]	12167	-0.8066551089286804	-0.83848876	Yes	
row_52	STAB1	stabilin 1 [Source:HGNC Symbol;Acc:HGNC:18628]	12198	-0.8275593519210815	-0.83643156	Yes	
row_53	P2RX7	purinergic receptor P2X 7 [Source:HGNC Symbol;Acc:HGNC:8537]	12203	-0.830166757106781	-0.8323927	Yes	
row_54	TRBC2	T cell receptor beta constant 2 [Source:HGNC Symbol;Acc:HGNC:12157]	12212	-0.8367474675178528	-0.82862216	Yes	
row_55	ZNFX1	zinc finger NFX1-type containing 1 [Source:HGNC Symbol;Acc:HGNC:29271]	12284	-0.8929374814033508	-0.82932657	Yes	
row_56	GRN	granulin precursor [Source:HGNC Symbol;Acc:HGNC:4601]	12330	-0.9392642974853516	-0.8278206	Yes	
row_57	IGKC	immunoglobulin kappa constant [Source:HGNC Symbol;Acc:HGNC:5716]	12446	-1.0751280784606934	-0.8309027	Yes	
row_58	IGHA1	immunoglobulin heavy constant alpha 1 [Source:HGNC Symbol;Acc:HGNC:5478]	12456	-1.0936496257781982	-0.8258643	Yes	
row_59	RIPK2	receptor interacting serine/threonine kinase 2 [Source:HGNC Symbol;Acc:HGNC:10020]	12458	-1.0947935581207275	-0.8202144	Yes	
row_60	SSC5D	scavenger receptor cysteine rich family member with 5 domains [Source:HGNC Symbol;Acc:HGNC:26641]	12467	-1.1103785037994385	-0.8150128	Yes	
row_61	RARRES2	retinoic acid receptor responder 2 [Source:HGNC Symbol;Acc:HGNC:9868]	12487	-1.1381347179412842	-0.8104987	Yes	
row_62	HMGB2	high mobility group box 2 [Source:HGNC Symbol;Acc:HGNC:5000]	12517	-1.1749645471572876	-0.80654895	Yes	
row_63	TIRAP	TIR domain containing adaptor protein [Source:HGNC Symbol;Acc:HGNC:17192]	12592	-1.2793903350830078	-0.8054593	Yes	
row_64	NOD1	nucleotide binding oligomerization domain containing 1 [Source:HGNC Symbol;Acc:HGNC:16390]	12609	-1.3084510564804077	-0.7998274	Yes	
row_65	EMILIN1	elastin microfibril interfacer 1 [Source:HGNC Symbol;Acc:HGNC:19880]	12616	-1.3163834810256958	-0.79339707	Yes	
row_66	MICA	MHC class I polypeptide-related sequence A [Source:HGNC Symbol;Acc:HGNC:7090]	12650	-1.366855502128601	-0.78874654	Yes	
row_67	CEBPB	CCAAT enhancer binding protein beta [Source:HGNC Symbol;Acc:HGNC:1834]	12673	-1.4194316864013672	-0.78298837	Yes	
row_68	IL6R	interleukin 6 receptor [Source:HGNC Symbol;Acc:HGNC:6019]	12681	-1.4358460903167725	-0.77600896	Yes	
row_69	EMILIN2	elastin microfibril interfacer 2 [Source:HGNC Symbol;Acc:HGNC:19881]	12691	-1.4469263553619385	-0.769123	Yes	
row_70	LPO	lactoperoxidase [Source:HGNC Symbol;Acc:HGNC:6678]	12709	-1.4854846000671387	-0.7626409	Yes	
row_71	TLR3	toll like receptor 3 [Source:HGNC Symbol;Acc:HGNC:11849]	12716	-1.505021572113037	-0.75522405	Yes	
row_72	TNFRSF1A	TNF receptor superfamily member 1A [Source:HGNC Symbol;Acc:HGNC:11916]	12729	-1.5303750038146973	-0.7481287	Yes	
row_73	MYD88	MYD88 innate immune signal transduction adaptor [Source:HGNC Symbol;Acc:HGNC:7562]	12742	-1.5513466596603394	-0.7409237	Yes	
row_74	TLR6	toll like receptor 6 [Source:HGNC Symbol;Acc:HGNC:16711]	12756	-1.5908817052841187	-0.7335877	Yes	
row_75	LYZ	lysozyme [Source:HGNC Symbol;Acc:HGNC:6740]	12812	-1.7441409826278687	-0.72862923	Yes	
row_76	ISG15	ISG15 ubiquitin like modifier [Source:HGNC Symbol;Acc:HGNC:4053]	12828	-1.8063654899597168	-0.7203176	Yes	
row_77	IRF8	interferon regulatory factor 8 [Source:HGNC Symbol;Acc:HGNC:5358]	12831	-1.8086981773376465	-0.7110098	Yes	
row_78	EPHA2	EPH receptor A2 [Source:HGNC Symbol;Acc:HGNC:3386]	12841	-1.8409148454666138	-0.7020633	Yes	
row_79	S100A9	S100 calcium binding protein A9 [Source:HGNC Symbol;Acc:HGNC:10499]	12842	-1.8434122800827026	-0.6924225	Yes	
row_80	NOD2	nucleotide binding oligomerization domain containing 2 [Source:HGNC Symbol;Acc:HGNC:5331]	12865	-1.8870857954025269	-0.6842186	Yes	
row_81	PYCARD	PYD and CARD domain containing [Source:HGNC Symbol;Acc:HGNC:16608]	12886	-1.946400761604309	-0.6755531	Yes	
row_82	FCER1G	Fc fragment of IgE receptor Ig [Source:HGNC Symbol;Acc:HGNC:3611]	12890	-1.9575062990188599	-0.66554266	Yes	
row_83	CYBA	cytochrome b-245 alpha chain [Source:HGNC Symbol;Acc:HGNC:2577]	12892	-1.9694020748138428	-0.6553187	Yes	
row_84	TREM1	triggering receptor expressed on myeloid cells 1 [Source:HGNC Symbol;Acc:HGNC:17760]	12900	-1.992090106010437	-0.6454302	Yes	
row_85	CD36	CD36 molecule [Source:HGNC Symbol;Acc:HGNC:1663]	12913	-2.0263617038726807	-0.63574094	Yes	
row_86	SLC11A1	solute carrier family 11 member 1 [Source:HGNC Symbol;Acc:HGNC:10907]	12928	-2.0568742752075195	-0.6260435	Yes	
row_87	SYK	spleen associated tyrosine kinase [Source:HGNC Symbol;Acc:HGNC:11491]	12934	-2.071566104888916	-0.61558795	Yes	
row_88	MPEG1	macrophage expressed 1 [Source:HGNC Symbol;Acc:HGNC:29619]	12942	-2.093082904815674	-0.60517126	Yes	
row_89	ARG2	arginase 2 [Source:HGNC Symbol;Acc:HGNC:664]	12945	-2.0990161895751953	-0.5943451	Yes	
row_90	S100A8	S100 calcium binding protein A8 [Source:HGNC Symbol;Acc:HGNC:10498]	12947	-2.1063108444213867	-0.5834051	Yes	
row_91	HAVCR2	hepatitis A virus cellular receptor 2 [Source:HGNC Symbol;Acc:HGNC:18437]	12958	-2.150355339050293	-0.572916	Yes	
row_92	IRGM	immunity related GTPase M [Source:HGNC Symbol;Acc:HGNC:29597]	12973	-2.189880847930908	-0.56252295	Yes	
row_93	IL6	interleukin 6 [Source:HGNC Symbol;Acc:HGNC:6018]	13013	-2.304513931274414	-0.55342275	Yes	
row_94	GSDMD	gasdermin D [Source:HGNC Symbol;Acc:HGNC:25697]	13038	-2.3764994144439697	-0.5428106	Yes	
row_95	SPN	sialophorin [Source:HGNC Symbol;Acc:HGNC:11249]	13040	-2.3822696208953857	-0.5304274	Yes	
row_96	GBP6	guanylate binding protein family member 6 [Source:HGNC Symbol;Acc:HGNC:25395]	13052	-2.4154176712036133	-0.5186277	Yes	
row_97	GBP2	guanylate binding protein 2 [Source:HGNC Symbol;Acc:HGNC:4183]	13083	-2.514849901199341	-0.5077463	Yes	
row_98	CXCL13	C-X-C motif chemokine ligand 13 [Source:HGNC Symbol;Acc:HGNC:10639]	13087	-2.528752088546753	-0.49474832	Yes	
row_99	ANG	angiogenin [Source:HGNC Symbol;Acc:HGNC:483]	13093	-2.5452792644500732	-0.48181534	Yes	
row_100	LCN2	lipocalin 2 [Source:HGNC Symbol;Acc:HGNC:6526]	13140	-2.69460391998291	-0.47120488	Yes	
row_101	IL7R	interleukin 7 receptor [Source:HGNC Symbol;Acc:HGNC:6024]	13142	-2.6980695724487305	-0.45717004	Yes	
row_102	SLPI	secretory leukocyte peptidase inhibitor [Source:HGNC Symbol;Acc:HGNC:11092]	13152	-2.740548610687256	-0.4435186	Yes	
row_103	TRBC1	T cell receptor beta constant 1 [Source:HGNC Symbol;Acc:HGNC:12156]	13153	-2.7407925128936768	-0.42918465	Yes	
row_104	TLR4	toll like receptor 4 [Source:HGNC Symbol;Acc:HGNC:11850]	13184	-2.874952554702759	-0.41641986	Yes	
row_105	OAS2	2'-5'-oligoadenylate synthetase 2 [Source:HGNC Symbol;Acc:HGNC:8087]	13208	-2.9717226028442383	-0.40261915	Yes	
row_106	NOS2	nitric oxide synthase 2 [Source:HGNC Symbol;Acc:HGNC:7873]	13217	-3.02119779586792	-0.38742426	Yes	
row_107	PLAC8	placenta associated 8 [Source:HGNC Symbol;Acc:HGNC:19254]	13219	-3.0261621475219727	-0.37167355	Yes	
row_108	CLEC4D	C-type lectin domain family 4 member D [Source:HGNC Symbol;Acc:HGNC:14554]	13233	-3.0995049476623535	-0.3564476	Yes	
row_109	ACP5	acid phosphatase 5, tartrate resistant [Source:HGNC Symbol;Acc:HGNC:124]	13234	-3.0996084213256836	-0.34023708	Yes	
row_110	SERPINE1	serpin family E member 1 [Source:HGNC Symbol;Acc:HGNC:8583]	13240	-3.148061752319336	-0.32415164	Yes	
row_111	KLRK1	killer cell lectin like receptor K1 [Source:HGNC Symbol;Acc:HGNC:18788]	13253	-3.2218995094299316	-0.3082099	Yes	
row_112	CXCL6	C-X-C motif chemokine ligand 6 [Source:HGNC Symbol;Acc:HGNC:10643]	13260	-3.2467052936553955	-0.29168424	Yes	
row_113	BCL3	BCL3 transcription coactivator [Source:HGNC Symbol;Acc:HGNC:998]	13264	-3.2798244953155518	-0.27475828	Yes	
row_114	KLK7	kallikrein related peptidase 7 [Source:HGNC Symbol;Acc:HGNC:6368]	13275	-3.3562138080596924	-0.2579627	Yes	
row_115	C5AR1	complement C5a receptor 1 [Source:HGNC Symbol;Acc:HGNC:1338]	13276	-3.366755723953247	-0.24035504	Yes	
row_116	SELP	selectin P [Source:HGNC Symbol;Acc:HGNC:10721]	13279	-3.445255994796753	-0.22248822	Yes	
row_117	TNFSF8	TNF superfamily member 8 [Source:HGNC Symbol;Acc:HGNC:11938]	13286	-3.513672113418579	-0.20456637	Yes	
row_118	HP	haptoglobin [Source:HGNC Symbol;Acc:HGNC:5141]	13288	-3.5385115146636963	-0.18613614	Yes	
row_119	OAS3	2'-5'-oligoadenylate synthetase 3 [Source:HGNC Symbol;Acc:HGNC:8088]	13294	-3.5899810791015625	-0.16773953	Yes	
row_120	RNASE6	ribonuclease A family member k6 [Source:HGNC Symbol;Acc:HGNC:10048]	13302	-3.7366790771484375	-0.14872707	Yes	
row_121	TLR2	toll like receptor 2 [Source:HGNC Symbol;Acc:HGNC:11848]	13308	-3.8438563346862793	-0.1290027	Yes	
row_122	CLEC4E	C-type lectin domain family 4 member E [Source:HGNC Symbol;Acc:HGNC:14555]	13313	-3.92596435546875	-0.10877325	Yes	
row_123	SLAMF8	SLAM family member 8 [Source:HGNC Symbol;Acc:HGNC:21391]	13319	-4.137258529663086	-0.08751443	Yes	
row_124	FPR2	formyl peptide receptor 2 [Source:HGNC Symbol;Acc:HGNC:3827]	13320	-4.141956329345703	-0.065852575	Yes	
row_125	IL12B	interleukin 12B [Source:HGNC Symbol;Acc:HGNC:5970]	13321	-4.15106201171875	-0.044143103	Yes	
row_126	FGR	FGR proto-oncogene, Src family tyrosine kinase [Source:HGNC Symbol;Acc:HGNC:3697]	13322	-4.204682350158691	-0.022153199	Yes	
row_127	TNF	tumor necrosis factor [Source:HGNC Symbol;Acc:HGNC:11892]	13331	-4.453005790710449	5.2984466E-4	Yes	
