NAME	SYMBOL	TITLE	RANK IN GENE LIST	RANK METRIC SCORE	RUNNING ES	CORE ENRICHMENT	
row_0	SLC26A6	solute carrier family 26 member 6 [Source:HGNC Symbol;Acc:HGNC:14472]	610	0.622623085975647	-0.040572744	No	
row_1	MRC1	mannose receptor C-type 1 [Source:HGNC Symbol;Acc:HGNC:7228]	686	0.5859822630882263	-0.041098267	No	
row_2	PPARG	peroxisome proliferator activated receptor gamma [Source:HGNC Symbol;Acc:HGNC:9236]	1156	0.4286375939846039	-0.072731346	No	
row_3	CDC42EP2	CDC42 effector protein 2 [Source:HGNC Symbol;Acc:HGNC:16263]	1833	0.30642440915107727	-0.121054195	No	
row_4	CX3CL1	C-X3-C motif chemokine ligand 1 [Source:HGNC Symbol;Acc:HGNC:10647]	2264	0.2570033073425293	-0.15124817	No	
row_5	DAPK3	death associated protein kinase 3 [Source:HGNC Symbol;Acc:HGNC:2676]	2353	0.24776844680309296	-0.15571757	No	
row_6	GAPDH	glyceraldehyde-3-phosphate dehydrogenase [Source:HGNC Symbol;Acc:HGNC:4141]	3792	0.14989547431468964	-0.26290813	No	
row_7	STXBP4	syntaxin binding protein 4 [Source:HGNC Symbol;Acc:HGNC:19694]	3813	0.14835017919540405	-0.26311758	No	
row_8	GSN	gelsolin [Source:HGNC Symbol;Acc:HGNC:4620]	4628	0.1098780706524849	-0.32357502	No	
row_9	RPS6KB1	ribosomal protein S6 kinase B1 [Source:HGNC Symbol;Acc:HGNC:10436]	4871	0.0991152971982956	-0.34096673	No	
row_10	SIRPA	signal regulatory protein alpha [Source:HGNC Symbol;Acc:HGNC:9662]	4959	0.0953734815120697	-0.34669575	No	
row_11	HSP90AB1	heat shock protein 90 alpha family class B member 1 [Source:HGNC Symbol;Acc:HGNC:5258]	5391	0.07705908268690109	-0.3785416	No	
row_12	KIF5B	kinesin family member 5B [Source:HGNC Symbol;Acc:HGNC:6324]	5552	0.07109063118696213	-0.38999155	No	
row_13	SYNCRIP	synaptotagmin binding cytoplasmic RNA interacting protein [Source:HGNC Symbol;Acc:HGNC:16918]	6684	0.02207154780626297	-0.47513735	No	
row_14	STXBP1	syntaxin binding protein 1 [Source:HGNC Symbol;Acc:HGNC:11444]	6795	0.017181282863020897	-0.48328683	No	
row_15	STX4	syntaxin 4 [Source:HGNC Symbol;Acc:HGNC:11439]	6960	0.00970086082816124	-0.4955764	No	
row_16	VPS26B	VPS26, retromer complex component B [Source:HGNC Symbol;Acc:HGNC:28119]	7423	-0.011945961974561214	-0.5303318	No	
row_17	FLNB	filamin B [Source:HGNC Symbol;Acc:HGNC:3755]	7502	-0.015530673786997795	-0.5360812	No	
row_18	MED1	mediator complex subunit 1 [Source:HGNC Symbol;Acc:HGNC:9234]	7872	-0.03352471441030502	-0.5636302	No	
row_19	ACTR2	actin related protein 2 [Source:HGNC Symbol;Acc:HGNC:169]	8143	-0.04684118181467056	-0.58359265	No	
row_20	STX8	syntaxin 8 [Source:HGNC Symbol;Acc:HGNC:11443]	8519	-0.06951785087585449	-0.6112791	No	
row_21	DAPK1	death associated protein kinase 1 [Source:HGNC Symbol;Acc:HGNC:2674]	8533	-0.07061068713665009	-0.6116414	No	
row_22	ACTR3	actin related protein 3 [Source:HGNC Symbol;Acc:HGNC:170]	8861	-0.09111984819173813	-0.6355168	No	
row_23	CDC37	cell division cycle 37 [Source:HGNC Symbol;Acc:HGNC:1735]	8925	-0.09531385451555252	-0.6394354	No	
row_24	NR1H2	nuclear receptor subfamily 1 group H member 2 [Source:NCBI gene;Acc:7376]	8934	-0.09581375867128372	-0.6391997	No	
row_25	WNT5A	Wnt family member 5A [Source:HGNC Symbol;Acc:HGNC:12784]	9052	-0.10429193824529648	-0.6471142	No	
row_26	JAK1	Janus kinase 1 [Source:HGNC Symbol;Acc:HGNC:6190]	9071	-0.10519875586032867	-0.64755076	No	
row_27	CDC42	cell division cycle 42 [Source:HGNC Symbol;Acc:HGNC:1736]	9367	-0.12671592831611633	-0.6686998	No	
row_28	CD47	CD47 molecule [Source:HGNC Symbol;Acc:HGNC:1682]	9645	-0.15214423835277557	-0.6882678	No	
row_29	PTPN2	protein tyrosine phosphatase non-receptor type 2 [Source:HGNC Symbol;Acc:HGNC:9650]	10059	-0.19716961681842804	-0.7177032	No	
row_30	RAB43	RAB43, member RAS oncogene family [Source:HGNC Symbol;Acc:HGNC:19983]	10474	-0.24849775433540344	-0.7467645	No	
row_31	AQP4	aquaporin 4 [Source:HGNC Symbol;Acc:HGNC:637]	10512	-0.25404876470565796	-0.74733067	No	
row_32	CDC42EP4	CDC42 effector protein 4 [Source:HGNC Symbol;Acc:HGNC:17147]	10656	-0.2772391438484192	-0.7556919	No	
row_33	VAMP3	vesicle associated membrane protein 3 [Source:HGNC Symbol;Acc:HGNC:12644]	10686	-0.2815931737422943	-0.7554131	No	
row_34	ZYX	zyxin [Source:HGNC Symbol;Acc:HGNC:13200]	11169	-0.36926397681236267	-0.7885473	No	
row_35	PDE12	phosphodiesterase 12 [Source:HGNC Symbol;Acc:HGNC:25386]	11191	-0.3729657828807831	-0.7868644	No	
row_36	STXBP3	syntaxin binding protein 3 [Source:HGNC Symbol;Acc:HGNC:11446]	11389	-0.42384016513824463	-0.79801583	No	
row_37	ASS1	argininosuccinate synthase 1 [Source:HGNC Symbol;Acc:HGNC:758]	11483	-0.4530479609966278	-0.80106413	No	
row_38	JAK2	Janus kinase 2 [Source:HGNC Symbol;Acc:HGNC:6192]	11827	-0.6027401089668274	-0.8216647	No	
row_39	CCL17	C-C motif chemokine ligand 17 [Source:HGNC Symbol;Acc:HGNC:10615]	11886	-0.6351541876792908	-0.8204767	No	
row_40	MYO1C	myosin IC [Source:HGNC Symbol;Acc:HGNC:7597]	12050	-0.7241659760475159	-0.8264317	No	
row_41	VIM	vimentin [Source:HGNC Symbol;Acc:HGNC:12692]	12182	-0.8160416483879089	-0.8291672	No	
row_42	EDN1	endothelin 1 [Source:HGNC Symbol;Acc:HGNC:3176]	12299	-0.9116153120994568	-0.8299336	Yes	
row_43	CLDN1	claudin 1 [Source:HGNC Symbol;Acc:HGNC:2032]	12313	-0.9275903701782227	-0.82278824	Yes	
row_44	NR1H3	nuclear receptor subfamily 1 group H member 3 [Source:HGNC Symbol;Acc:HGNC:7966]	12438	-1.064737319946289	-0.82281685	Yes	
row_45	TP53	tumor protein p53 [Source:HGNC Symbol;Acc:HGNC:11998]	12448	-1.0768723487854004	-0.8140618	Yes	
row_46	RAB7B	RAB7B, member RAS oncogene family [Source:HGNC Symbol;Acc:HGNC:30513]	12612	-1.311622977256775	-0.8148703	Yes	
row_47	AIF1	allograft inflammatory factor 1 [Source:HGNC Symbol;Acc:HGNC:352]	12708	-1.483351230621338	-0.8090434	Yes	
row_48	TLR3	toll like receptor 3 [Source:HGNC Symbol;Acc:HGNC:11849]	12716	-1.505021572113037	-0.79638666	Yes	
row_49	STAT1	signal transducer and activator of transcription 1 [Source:HGNC Symbol;Acc:HGNC:11362]	12739	-1.5451865196228027	-0.78450984	Yes	
row_50	HPX	hemopexin [Source:HGNC Symbol;Acc:HGNC:5171]	12748	-1.561322808265686	-0.7714353	Yes	
row_51	IRF8	interferon regulatory factor 8 [Source:HGNC Symbol;Acc:HGNC:5358]	12831	-1.8086981773376465	-0.7617773	Yes	
row_52	MYC	MYC proto-oncogene, bHLH transcription factor [Source:HGNC Symbol;Acc:HGNC:7553]	12835	-1.8232520818710327	-0.7460308	Yes	
row_53	IRF1	interferon regulatory factor 1 [Source:HGNC Symbol;Acc:HGNC:6116]	12854	-1.8624831438064575	-0.7310725	Yes	
row_54	ARG1	arginase 1 [Source:HGNC Symbol;Acc:HGNC:663]	12859	-1.8745911121368408	-0.7149517	Yes	
row_55	GBP3	guanylate binding protein 3 [Source:HGNC Symbol;Acc:HGNC:4184]	12885	-1.9389517307281494	-0.69985163	Yes	
row_56	TXK	TXK tyrosine kinase [Source:HGNC Symbol;Acc:HGNC:12434]	12887	-1.9520033597946167	-0.6828263	Yes	
row_57	CCL2	C-C motif chemokine ligand 2 [Source:HGNC Symbol;Acc:HGNC:10618]	12897	-1.9816153049468994	-0.6661452	Yes	
row_58	CCL3	C-C motif chemokine ligand 3 [Source:HGNC Symbol;Acc:HGNC:10627]	12910	-2.0173068046569824	-0.64937776	Yes	
row_59	CCL7	C-C motif chemokine ligand 7 [Source:HGNC Symbol;Acc:HGNC:10634]	12926	-2.0477163791656494	-0.6325703	Yes	
row_60	NMI	N-myc and STAT interactor [Source:HGNC Symbol;Acc:HGNC:7854]	12937	-2.080019235610962	-0.6151026	Yes	
row_61	IRGM	immunity related GTPase M [Source:HGNC Symbol;Acc:HGNC:29597]	12973	-2.189880847930908	-0.5985587	Yes	
row_62	CASP1	caspase 1 [Source:HGNC Symbol;Acc:HGNC:1499]	12991	-2.260185956954956	-0.5800408	Yes	
row_63	GBP5	guanylate binding protein 5 [Source:HGNC Symbol;Acc:HGNC:19895]	13015	-2.319401741027832	-0.56145686	Yes	
row_64	CCL5	C-C motif chemokine ligand 5 [Source:HGNC Symbol;Acc:HGNC:10632]	13016	-2.320327043533325	-0.54112935	Yes	
row_65	CCL15	C-C motif chemokine ligand 15 [Source:HGNC Symbol;Acc:HGNC:10613]	13022	-2.3299803733825684	-0.5210945	Yes	
row_66	PARP9	poly(ADP-ribose) polymerase family member 9 [Source:HGNC Symbol;Acc:HGNC:24118]	13045	-2.3888864517211914	-0.5018264	Yes	
row_67	CCL23	C-C motif chemokine ligand 23 [Source:HGNC Symbol;Acc:HGNC:10622]	13050	-2.4084231853485107	-0.48102888	Yes	
row_68	GBP6	guanylate binding protein family member 6 [Source:HGNC Symbol;Acc:HGNC:25395]	13052	-2.4154176712036133	-0.45994377	Yes	
row_69	WAS	WASP actin nucleation promoting factor [Source:HGNC Symbol;Acc:HGNC:12731]	13068	-2.46127986907959	-0.43951324	Yes	
row_70	GBP2	guanylate binding protein 2 [Source:HGNC Symbol;Acc:HGNC:4183]	13083	-2.514849901199341	-0.41853794	Yes	
row_71	RAB20	RAB20, member RAS oncogene family [Source:HGNC Symbol;Acc:HGNC:18260]	13106	-2.575129508972168	-0.39763817	Yes	
row_72	PARP14	poly(ADP-ribose) polymerase family member 14 [Source:HGNC Symbol;Acc:HGNC:29232]	13109	-2.582247018814087	-0.37516698	Yes	
row_73	HCK	HCK proto-oncogene, Src family tyrosine kinase [Source:HGNC Symbol;Acc:HGNC:4840]	13144	-2.7148704528808594	-0.35394847	Yes	
row_74	TLR4	toll like receptor 4 [Source:HGNC Symbol;Acc:HGNC:11850]	13184	-2.874952554702759	-0.33170483	Yes	
row_75	NOS2	nitric oxide synthase 2 [Source:HGNC Symbol;Acc:HGNC:7873]	13217	-3.02119779586792	-0.30765176	Yes	
row_76	IFNG	interferon gamma [Source:HGNC Symbol;Acc:HGNC:5438]	13245	-3.171190023422241	-0.28190744	Yes	
row_77	NLRC5	NLR family CARD domain containing 5 [Source:HGNC Symbol;Acc:HGNC:29933]	13251	-3.2144079208374023	-0.25412446	Yes	
row_78	CCL4	C-C motif chemokine ligand 4 [Source:HGNC Symbol;Acc:HGNC:10630]	13254	-3.2221391201019287	-0.22604741	Yes	
row_79	CCL8	C-C motif chemokine ligand 8 [Source:HGNC Symbol;Acc:HGNC:10635]	13257	-3.2444639205932617	-0.19777478	Yes	
row_80	ACOD1	aconitate decarboxylase 1 [Source:HGNC Symbol;Acc:HGNC:33904]	13270	-3.3143413066864014	-0.16964452	Yes	
row_81	SOCS1	suppressor of cytokine signaling 1 [Source:HGNC Symbol;Acc:HGNC:19383]	13295	-3.596463203430176	-0.13994816	Yes	
row_82	TLR2	toll like receptor 2 [Source:HGNC Symbol;Acc:HGNC:11848]	13308	-3.8438563346862793	-0.107179016	Yes	
row_83	IL12RB1	interleukin 12 receptor subunit beta 1 [Source:HGNC Symbol;Acc:HGNC:5971]	13309	-3.862640857696533	-0.07333985	Yes	
row_84	IL12B	interleukin 12B [Source:HGNC Symbol;Acc:HGNC:5970]	13321	-4.15106201171875	-0.03780394	Yes	
row_85	TNF	tumor necrosis factor [Source:HGNC Symbol;Acc:HGNC:11892]	13331	-4.453005790710449	5.2809453E-4	Yes	
