NAME	SYMBOL	TITLE	RANK IN GENE LIST	RANK METRIC SCORE	RUNNING ES	CORE ENRICHMENT	
row_0	CD46	CD46 molecule [Source:HGNC Symbol;Acc:HGNC:6953]	470	0.7108524441719055	-0.03281073	No	
row_1	TRPM4	transient receptor potential cation channel subfamily M member 4 [Source:HGNC Symbol;Acc:HGNC:17993]	713	0.5763267874717712	-0.048825607	No	
row_2	APLF	aprataxin and PNKP like factor [Source:HGNC Symbol;Acc:HGNC:28724]	846	0.5228782296180725	-0.056689337	No	
row_3	TMEM98	transmembrane protein 98 [Source:HGNC Symbol;Acc:HGNC:24529]	850	0.5220269560813904	-0.054735538	No	
row_4	IL4	interleukin 4 [Source:HGNC Symbol;Acc:HGNC:6014]	987	0.47648885846138	-0.063097715	No	
row_5	KMT5C	lysine methyltransferase 5C [Source:HGNC Symbol;Acc:HGNC:28405]	1009	0.46825796365737915	-0.062739074	No	
row_6	SHLD1	shieldin complex subunit 1 [Source:HGNC Symbol;Acc:HGNC:26318]	1216	0.41480594873428345	-0.07668837	No	
row_7	CD4	CD4 molecule [Source:HGNC Symbol;Acc:HGNC:1678]	1413	0.3724377453327179	-0.09005346	No	
row_8	EPHB2	EPH receptor B2 [Source:HGNC Symbol;Acc:HGNC:3393]	1479	0.3605872094631195	-0.09349473	No	
row_9	LIG4	DNA ligase 4 [Source:HGNC Symbol;Acc:HGNC:6601]	2057	0.27806273102760315	-0.1362608	No	
row_10	MSH2	mutS homolog 2 [Source:HGNC Symbol;Acc:HGNC:7325]	2497	0.23531974852085114	-0.16869926	No	
row_11	SOCS5	suppressor of cytokine signaling 5 [Source:HGNC Symbol;Acc:HGNC:16852]	2512	0.23403799533843994	-0.16878678	No	
row_12	LEF1	lymphoid enhancer binding factor 1 [Source:HGNC Symbol;Acc:HGNC:6551]	2513	0.23399358987808228	-0.16780864	No	
row_13	PRKCZ	protein kinase C zeta [Source:HGNC Symbol;Acc:HGNC:9412]	2570	0.23019728064537048	-0.17110977	No	
row_14	MEF2C	myocyte enhancer factor 2C [Source:HGNC Symbol;Acc:HGNC:6996]	2719	0.2177361398935318	-0.18146719	No	
row_15	PRKCQ	protein kinase C theta [Source:HGNC Symbol;Acc:HGNC:9410]	2828	0.20861954987049103	-0.18881741	No	
row_16	HRAS	HRas proto-oncogene, GTPase [Source:HGNC Symbol;Acc:HGNC:5173]	2985	0.19736522436141968	-0.19986905	No	
row_17	CD55	CD55 molecule (Cromer blood group) [Source:HGNC Symbol;Acc:HGNC:2665]	3309	0.1763404905796051	-0.2237227	No	
row_18	MLH1	mutL homolog 1 [Source:HGNC Symbol;Acc:HGNC:7127]	3434	0.16988244652748108	-0.23245297	No	
row_19	SHLD2	shieldin complex subunit 2 [Source:HGNC Symbol;Acc:HGNC:28773]	3494	0.16610905528068542	-0.23625042	No	
row_20	THOC1	THO complex 1 [Source:HGNC Symbol;Acc:HGNC:19070]	3944	0.14187291264533997	-0.26984084	No	
row_21	IGHM	immunoglobulin heavy constant mu [Source:HGNC Symbol;Acc:HGNC:5541]	4165	0.13169346749782562	-0.28603947	No	
row_22	JAG1	jagged canonical Notch ligand 1 [Source:HGNC Symbol;Acc:HGNC:6188]	4185	0.13080409169197083	-0.28693917	No	
row_23	SMAD7	SMAD family member 7 [Source:HGNC Symbol;Acc:HGNC:6773]	4288	0.12548799812793732	-0.29418012	No	
row_24	SUSD4	sushi domain containing 4 [Source:HGNC Symbol;Acc:HGNC:25470]	4289	0.12542270123958588	-0.29365584	No	
row_25	RIF1	replication timing regulatory factor 1 [Source:HGNC Symbol;Acc:HGNC:23207]	4339	0.12283960729837418	-0.29687282	No	
row_26	ZBTB1	zinc finger and BTB domain containing 1 [Source:HGNC Symbol;Acc:HGNC:20259]	4444	0.11796639859676361	-0.30429748	No	
row_27	NSD2	nuclear receptor binding SET domain protein 2 [Source:HGNC Symbol;Acc:HGNC:12766]	4450	0.11771050840616226	-0.30418608	No	
row_28	HMCES	5-hydroxymethylcytosine binding, ES cell specific [Source:HGNC Symbol;Acc:HGNC:24446]	4547	0.11319224536418915	-0.31102163	No	
row_29	DUSP22	dual specificity phosphatase 22 [Source:HGNC Symbol;Acc:HGNC:16077]	4598	0.11111384630203247	-0.31436378	No	
row_30	MTOR	mechanistic target of rapamycin kinase [Source:HGNC Symbol;Acc:HGNC:3942]	4767	0.10360562801361084	-0.32672092	No	
row_31	CADM1	cell adhesion molecule 1 [Source:HGNC Symbol;Acc:HGNC:5951]	4780	0.10294981300830841	-0.32720417	No	
row_32	NDFIP1	Nedd4 family interacting protein 1 [Source:HGNC Symbol;Acc:HGNC:17592]	4996	0.0937916487455368	-0.34318057	No	
row_33	BACH2	BTB domain and CNC homolog 2 [Source:HGNC Symbol;Acc:HGNC:14078]	5077	0.09030946344137192	-0.34889364	No	
row_34	HPRT1	hypoxanthine phosphoribosyltransferase 1 [Source:HGNC Symbol;Acc:HGNC:5157]	5366	0.0781039446592331	-0.37049332	No	
row_35	CARD9	caspase recruitment domain family member 9 [Source:HGNC Symbol;Acc:HGNC:16391]	5407	0.07664771378040314	-0.3732182	No	
row_36	TFRC	transferrin receptor [Source:HGNC Symbol;Acc:HGNC:11763]	5457	0.07494381070137024	-0.3766354	No	
row_37	PHB	prohibitin [Source:HGNC Symbol;Acc:HGNC:8912]	5558	0.07078352570533752	-0.38395277	No	
row_38	RNF168	ring finger protein 168 [Source:HGNC Symbol;Acc:HGNC:26661]	5754	0.06274642795324326	-0.3985363	No	
row_39	CR2	complement C3d receptor 2 [Source:HGNC Symbol;Acc:HGNC:2336]	5796	0.06101199984550476	-0.40140268	No	
row_40	GNL1	G protein nucleolar 1 (putative) [Source:HGNC Symbol;Acc:HGNC:4413]	5860	0.05811968818306923	-0.4059561	No	
row_41	PPP3CB	protein phosphatase 3 catalytic subunit beta [Source:HGNC Symbol;Acc:HGNC:9315]	5991	0.05269104987382889	-0.41563305	No	
row_42	NBN	nibrin [Source:HGNC Symbol;Acc:HGNC:7652]	6317	0.037998128682374954	-0.44021726	No	
row_43	EMP2	epithelial membrane protein 2 [Source:HGNC Symbol;Acc:HGNC:3334]	6712	0.020889833569526672	-0.47012612	No	
row_44	MR1	major histocompatibility complex, class I-related [Source:HGNC Symbol;Acc:HGNC:4975]	6899	0.012948499992489815	-0.48423263	No	
row_45	PAXIP1	PAX interacting protein 1 [Source:HGNC Symbol;Acc:HGNC:8624]	6954	0.00983131118118763	-0.48830268	No	
row_46	MAP3K7	mitogen-activated protein kinase kinase kinase 7 [Source:HGNC Symbol;Acc:HGNC:6859]	7212	-0.002356388373300433	-0.5078589	No	
row_47	IL2	interleukin 2 [Source:HGNC Symbol;Acc:HGNC:6001]	7324	-0.007063490804284811	-0.51628006	No	
row_48	TP53BP1	tumor protein p53 binding protein 1 [Source:HGNC Symbol;Acc:HGNC:11999]	7408	-0.011310144327580929	-0.5225518	No	
row_49	RC3H2	ring finger and CCCH-type domains 2 [Source:HGNC Symbol;Acc:HGNC:21461]	7435	-0.012477763928472996	-0.5244791	No	
row_50	CRTAM	cytotoxic and regulatory T cell molecule [Source:HGNC Symbol;Acc:HGNC:24313]	7467	-0.013651235960423946	-0.5267821	No	
row_51	RORA	RAR related orphan receptor A [Source:HGNC Symbol;Acc:HGNC:10258]	7897	-0.03497491031885147	-0.5592967	No	
row_52	ATAD5	ATPase family AAA domain containing 5 [Source:HGNC Symbol;Acc:HGNC:25752]	8252	-0.053510796278715134	-0.5860239	No	
row_53	KMT5B	lysine methyltransferase 5B [Source:HGNC Symbol;Acc:HGNC:24283]	8277	-0.05491992458701134	-0.5876215	No	
row_54	GATA3	GATA binding protein 3 [Source:HGNC Symbol;Acc:HGNC:4172]	8309	-0.05682508647441864	-0.5897441	No	
row_55	CD81	CD81 molecule [Source:HGNC Symbol;Acc:HGNC:1701]	8440	-0.0650256797671318	-0.5993695	No	
row_56	SUPT6H	SPT6 homolog, histone chaperone and transcription elongation factor [Source:HGNC Symbol;Acc:HGNC:11470]	8523	-0.06971243023872375	-0.60532093	No	
row_57	RC3H1	ring finger and CCCH-type domains 1 [Source:HGNC Symbol;Acc:HGNC:29434]	8562	-0.07200045883655548	-0.607913	No	
row_58	C1QBP	complement C1q binding protein [Source:HGNC Symbol;Acc:HGNC:1243]	8709	-0.0819370299577713	-0.61868584	No	
row_59	RNF8	ring finger protein 8 [Source:HGNC Symbol;Acc:HGNC:10071]	8718	-0.08245417475700378	-0.6189502	No	
row_60	STX7	syntaxin 7 [Source:HGNC Symbol;Acc:HGNC:11442]	8760	-0.08486060798168182	-0.6217169	No	
row_61	MSH6	mutS homolog 6 [Source:HGNC Symbol;Acc:HGNC:7329]	8904	-0.09406300634145737	-0.6322106	No	
row_62	CLU	clusterin [Source:HGNC Symbol;Acc:HGNC:2095]	9073	-0.10545151680707932	-0.6445601	No	
row_63	SLC15A4	solute carrier family 15 member 4 [Source:HGNC Symbol;Acc:HGNC:23090]	9853	-0.17477574944496155	-0.7031367	No	
row_64	SEMA4A	semaphorin 4A [Source:HGNC Symbol;Acc:HGNC:10729]	9927	-0.18259111046791077	-0.70793104	No	
row_65	IL18	interleukin 18 [Source:HGNC Symbol;Acc:HGNC:5986]	9936	-0.1832057386636734	-0.7077743	No	
row_66	EXOSC3	exosome component 3 [Source:HGNC Symbol;Acc:HGNC:17944]	10194	-0.21316932141780853	-0.72644925	No	
row_67	ENTPD7	ectonucleoside triphosphate diphosphohydrolase 7 [Source:HGNC Symbol;Acc:HGNC:19745]	10241	-0.21888776123523712	-0.72903633	No	
row_68	PKN1	protein kinase N1 [Source:HGNC Symbol;Acc:HGNC:9405]	10274	-0.22395913302898407	-0.73053634	No	
row_69	FBXO38	F-box protein 38 [Source:HGNC Symbol;Acc:HGNC:28844]	10281	-0.22501645982265472	-0.73005253	No	
row_70	PRKCD	protein kinase C delta [Source:HGNC Symbol;Acc:HGNC:9399]	10284	-0.22514791786670685	-0.7292636	No	
row_71	CR1	complement C3b/C4b receptor 1 (Knops blood group) [Source:HGNC Symbol;Acc:HGNC:2334]	10295	-0.22655810415744781	-0.7290779	No	
row_72	BCL6	BCL6 transcription repressor [Source:HGNC Symbol;Acc:HGNC:1001]	10620	-0.27032357454299927	-0.7526148	No	
row_73	DENND1B	DENN domain containing 1B [Source:HGNC Symbol;Acc:HGNC:28404]	10770	-0.29408881068229675	-0.76272917	No	
row_74	IL20RB	interleukin 20 receptor subunit beta [Source:HGNC Symbol;Acc:HGNC:6004]	10780	-0.29539915919303894	-0.7621795	No	
row_75	RFTN1	raftlin, lipid raft linker 1 [Source:HGNC Symbol;Acc:HGNC:30278]	10824	-0.3028486967086792	-0.7641872	No	
row_76	TRAF2	TNF receptor associated factor 2 [Source:HGNC Symbol;Acc:HGNC:12032]	10885	-0.3134261667728424	-0.76744497	No	
row_77	ERCC1	ERCC excision repair 1, endonuclease non-catalytic subunit [Source:HGNC Symbol;Acc:HGNC:3433]	11023	-0.3341098725795746	-0.77647847	No	
row_78	BCL10	BCL10 immune signaling adaptor [Source:HGNC Symbol;Acc:HGNC:989]	11283	-0.3952125906944275	-0.7945447	No	
row_79	ADAM17	ADAM metallopeptidase domain 17 [Source:HGNC Symbol;Acc:HGNC:195]	11327	-0.40658193826675415	-0.7961188	No	
row_80	FOXJ1	forkhead box J1 [Source:HGNC Symbol;Acc:HGNC:3816]	11397	-0.4254794716835022	-0.7995933	No	
row_81	MAD2L2	mitotic arrest deficient 2 like 2 [Source:HGNC Symbol;Acc:HGNC:6764]	11403	-0.4283888041973114	-0.7981832	No	
row_82	CRACR2A	calcium release activated channel regulator 2A [Source:HGNC Symbol;Acc:HGNC:28657]	11466	-0.4475226104259491	-0.80103266	No	
row_83	NOTCH1	notch receptor 1 [Source:HGNC Symbol;Acc:HGNC:7881]	11508	-0.459946870803833	-0.80223143	No	
row_84	TBX21	T-box 21 [Source:HGNC Symbol;Acc:HGNC:11599]	11514	-0.46224460005760193	-0.8006798	No	
row_85	PVR	PVR cell adhesion molecule [Source:HGNC Symbol;Acc:HGNC:9705]	11618	-0.5014012455940247	-0.80642545	No	
row_86	TREM2	triggering receptor expressed on myeloid cells 2 [Source:HGNC Symbol;Acc:HGNC:17761]	11625	-0.5038224458694458	-0.8047762	No	
row_87	RAB27A	RAB27A, member RAS oncogene family [Source:HGNC Symbol;Acc:HGNC:9766]	11731	-0.5529008507728577	-0.81045884	No	
row_88	ZBTB7B	zinc finger and BTB domain containing 7B [Source:HGNC Symbol;Acc:HGNC:18668]	11780	-0.5764588713645935	-0.81170344	No	
row_89	AGER	advanced glycosylation end-product specific receptor [Source:HGNC Symbol;Acc:HGNC:320]	11844	-0.6114444732666016	-0.8139438	No	
row_90	TRAF6	TNF receptor associated factor 6 [Source:HGNC Symbol;Acc:HGNC:12036]	11923	-0.6538277268409729	-0.817149	No	
row_91	RORC	RAR related orphan receptor C [Source:HGNC Symbol;Acc:HGNC:10260]	11969	-0.6768618226051331	-0.8177455	No	
row_92	IL17RA	interleukin 17 receptor A [Source:HGNC Symbol;Acc:HGNC:5985]	11997	-0.6918795704841614	-0.8169089	No	
row_93	NFKBID	NFKB inhibitor delta [Source:HGNC Symbol;Acc:HGNC:15671]	12099	-0.7558355927467346	-0.82143867	Yes	
row_94	SWAP70	switching B cell complex subunit SWAP70 [Source:HGNC Symbol;Acc:HGNC:17070]	12102	-0.7572450041770935	-0.8184255	Yes	
row_95	CEACAM1	carcinoembryonic antigen related cell adhesion molecule 1 [Source:HGNC Symbol;Acc:HGNC:1814]	12140	-0.7821909189224243	-0.81797266	Yes	
row_96	UNG	uracil DNA glycosylase [Source:HGNC Symbol;Acc:HGNC:12572]	12145	-0.7864665985107422	-0.81498957	Yes	
row_97	STAT3	signal transducer and activator of transcription 3 [Source:HGNC Symbol;Acc:HGNC:11364]	12150	-0.7922405004501343	-0.81198233	Yes	
row_98	HLX	H2.0 like homeobox [Source:HGNC Symbol;Acc:HGNC:4978]	12154	-0.7970489263534546	-0.8088789	Yes	
row_99	P2RX7	purinergic receptor P2X 7 [Source:HGNC Symbol;Acc:HGNC:8537]	12203	-0.830166757106781	-0.80906296	Yes	
row_100	NECTIN2	nectin cell adhesion molecule 2 [Source:HGNC Symbol;Acc:HGNC:9707]	12209	-0.8350293636322021	-0.80595297	Yes	
row_101	TRBC2	T cell receptor beta constant 2 [Source:HGNC Symbol;Acc:HGNC:12157]	12212	-0.8367474675178528	-0.8026074	Yes	
row_102	TRAF3IP2	TRAF3 interacting protein 2 [Source:HGNC Symbol;Acc:HGNC:1343]	12314	-0.9277524352073669	-0.8064186	Yes	
row_103	FADD	Fas associated via death domain [Source:HGNC Symbol;Acc:HGNC:3573]	12345	-0.9544616937637329	-0.8047127	Yes	
row_104	FZD5	frizzled class receptor 5 [Source:HGNC Symbol;Acc:HGNC:4043]	12349	-0.9562937021255493	-0.80094355	Yes	
row_105	C1QC	complement C1q C chain [Source:HGNC Symbol;Acc:HGNC:1245]	12386	-1.0127390623092651	-0.7994508	Yes	
row_106	EBI3	Epstein-Barr virus induced 3 [Source:HGNC Symbol;Acc:HGNC:3129]	12402	-1.0250225067138672	-0.796308	Yes	
row_107	C1QA	complement C1q A chain [Source:HGNC Symbol;Acc:HGNC:1241]	12404	-1.0306638479232788	-0.7920757	Yes	
row_108	CD28	CD28 molecule [Source:HGNC Symbol;Acc:HGNC:1653]	12423	-1.046858549118042	-0.78906995	Yes	
row_109	C1RL	complement C1r subcomponent like [Source:HGNC Symbol;Acc:HGNC:21265]	12437	-1.061173439025879	-0.7856237	Yes	
row_110	C1QB	complement C1q B chain [Source:HGNC Symbol;Acc:HGNC:1242]	12444	-1.0711430311203003	-0.7816029	Yes	
row_111	IGKC	immunoglobulin kappa constant [Source:HGNC Symbol;Acc:HGNC:5716]	12446	-1.0751280784606934	-0.7771847	Yes	
row_112	IGHA1	immunoglobulin heavy constant alpha 1 [Source:HGNC Symbol;Acc:HGNC:5478]	12456	-1.0936496257781982	-0.7732982	Yes	
row_113	RIPK2	receptor interacting serine/threonine kinase 2 [Source:HGNC Symbol;Acc:HGNC:10020]	12458	-1.0947935581207275	-0.7687979	Yes	
row_114	SLAMF1	signaling lymphocytic activation molecule family member 1 [Source:HGNC Symbol;Acc:HGNC:10903]	12463	-1.1003212928771973	-0.76450276	Yes	
row_115	UNC13D	unc-13 homolog D [Source:HGNC Symbol;Acc:HGNC:23147]	12471	-1.1171257495880127	-0.76036584	Yes	
row_116	B2M	beta-2-microglobulin [Source:HGNC Symbol;Acc:HGNC:914]	12473	-1.118391513824463	-0.75576687	Yes	
row_117	JAK3	Janus kinase 3 [Source:HGNC Symbol;Acc:HGNC:6193]	12476	-1.1279429197311401	-0.7512041	Yes	
row_118	MALT1	MALT1 paracaspase [Source:HGNC Symbol;Acc:HGNC:6819]	12490	-1.142586588859558	-0.7474175	Yes	
row_119	CTSH	cathepsin H [Source:HGNC Symbol;Acc:HGNC:2535]	12494	-1.1514723300933838	-0.7428325	Yes	
row_120	HFE	homeostatic iron regulator [Source:HGNC Symbol;Acc:HGNC:4886]	12497	-1.152908205986023	-0.7381653	Yes	
row_121	TGFB1	transforming growth factor beta 1 [Source:HGNC Symbol;Acc:HGNC:11766]	12548	-1.212853193283081	-0.73690194	Yes	
row_122	HLA-DMA	major histocompatibility complex, class II, DM alpha [Source:HGNC Symbol;Acc:HGNC:4934]	12554	-1.2230600118637085	-0.7321699	Yes	
row_123	IL1R1	interleukin 1 receptor type 1 [Source:HGNC Symbol;Acc:HGNC:5993]	12568	-1.2378168106079102	-0.72798526	Yes	
row_124	NCKAP1L	NCK associated protein 1 like [Source:HGNC Symbol;Acc:HGNC:4862]	12583	-1.265770435333252	-0.7237599	Yes	
row_125	MICA	MHC class I polypeptide-related sequence A [Source:HGNC Symbol;Acc:HGNC:7090]	12650	-1.366855502128601	-0.72307086	Yes	
row_126	INPP5D	inositol polyphosphate-5-phosphatase D [Source:HGNC Symbol;Acc:HGNC:6079]	12652	-1.3713209629058838	-0.71741456	Yes	
row_127	CD80	CD80 molecule [Source:HGNC Symbol;Acc:HGNC:1700]	12658	-1.3855133056640625	-0.7120034	Yes	
row_128	STAT6	signal transducer and activator of transcription 6 [Source:HGNC Symbol;Acc:HGNC:11368]	12659	-1.3939892053604126	-0.7061762	Yes	
row_129	ARID5A	AT-rich interaction domain 5A [Source:HGNC Symbol;Acc:HGNC:17361]	12678	-1.4312337636947632	-0.7015637	Yes	
row_130	LOXL3	lysyl oxidase like 3 [Source:HGNC Symbol;Acc:HGNC:13869]	12679	-1.4314550161361694	-0.6955799	Yes	
row_131	IL6R	interleukin 6 receptor [Source:HGNC Symbol;Acc:HGNC:6019]	12681	-1.4358460903167725	-0.6896539	Yes	
row_132	NFKBIZ	NFKB inhibitor zeta [Source:HGNC Symbol;Acc:HGNC:29805]	12727	-1.5256743431091309	-0.68670213	Yes	
row_133	MYD88	MYD88 innate immune signal transduction adaptor [Source:HGNC Symbol;Acc:HGNC:7562]	12742	-1.5513466596603394	-0.681283	Yes	
row_134	HPX	hemopexin [Source:HGNC Symbol;Acc:HGNC:5171]	12748	-1.561322808265686	-0.675137	Yes	
row_135	TCIRG1	T cell immune regulator 1, ATPase H+ transporting V0 subunit a3 [Source:HGNC Symbol;Acc:HGNC:11647]	12761	-1.602987289428711	-0.6693497	Yes	
row_136	PLA2G4A	phospholipase A2 group IVA [Source:HGNC Symbol;Acc:HGNC:9035]	12768	-1.6328383684158325	-0.66298085	Yes	
row_137	TNFSF13B	TNF superfamily member 13b [Source:HGNC Symbol;Acc:HGNC:11929]	12787	-1.6782976388931274	-0.6573355	Yes	
row_138	C4A	complement C4A (Rodgers blood group) [Source:HGNC Symbol;Acc:HGNC:1323]	12788	-1.6785578727722168	-0.65031874	Yes	
row_139	BTK	Bruton tyrosine kinase [Source:HGNC Symbol;Acc:HGNC:1133]	12793	-1.687743902206421	-0.6435681	Yes	
row_140	ANXA1	annexin A1 [Source:HGNC Symbol;Acc:HGNC:533]	12799	-1.7074098587036133	-0.63681144	Yes	
row_141	CLEC6A	C-type lectin domain containing 6A [Source:HGNC Symbol;Acc:HGNC:14556]	12802	-1.7152905464172363	-0.62979335	Yes	
row_142	CTSC	cathepsin C [Source:HGNC Symbol;Acc:HGNC:2528]	12815	-1.7535220384597778	-0.6233768	Yes	
row_143	RELB	RELB proto-oncogene, NF-kB subunit [Source:HGNC Symbol;Acc:HGNC:9956]	12823	-1.789119839668274	-0.6164308	Yes	
row_144	NLRP3	NLR family pyrin domain containing 3 [Source:HGNC Symbol;Acc:HGNC:16400]	12833	-1.8187140226364136	-0.60951334	Yes	
row_145	KLHL6	kelch like family member 6 [Source:HGNC Symbol;Acc:HGNC:18653]	12856	-1.8633590936660767	-0.603399	Yes	
row_146	ARG1	arginase 1 [Source:HGNC Symbol;Acc:HGNC:663]	12859	-1.8745911121368408	-0.595715	Yes	
row_147	NOD2	nucleotide binding oligomerization domain containing 2 [Source:HGNC Symbol;Acc:HGNC:5331]	12865	-1.8870857954025269	-0.5882072	Yes	
row_148	IL4R	interleukin 4 receptor [Source:HGNC Symbol;Acc:HGNC:6015]	12880	-1.922226071357727	-0.5812377	Yes	
row_149	FCER1G	Fc fragment of IgE receptor Ig [Source:HGNC Symbol;Acc:HGNC:3611]	12890	-1.9575062990188599	-0.57374007	Yes	
row_150	PARP3	poly(ADP-ribose) polymerase family member 3 [Source:HGNC Symbol;Acc:HGNC:273]	12893	-1.9706056118011475	-0.5656547	Yes	
row_151	C1S	complement C1s [Source:HGNC Symbol;Acc:HGNC:1247]	12898	-1.9825427532196045	-0.5576717	Yes	
row_152	CD1D	CD1d molecule [Source:HGNC Symbol;Acc:HGNC:1637]	12909	-2.011352062225342	-0.55002517	Yes	
row_153	RSAD2	radical S-adenosyl methionine domain containing 2 [Source:HGNC Symbol;Acc:HGNC:30908]	12911	-2.018421173095703	-0.54166377	Yes	
row_154	SERPING1	serpin family G member 1 [Source:HGNC Symbol;Acc:HGNC:1228]	12912	-2.0194497108459473	-0.533222	Yes	
row_155	SLC11A1	solute carrier family 11 member 1 [Source:HGNC Symbol;Acc:HGNC:10907]	12928	-2.0568742752075195	-0.5257658	Yes	
row_156	PTPN6	protein tyrosine phosphatase non-receptor type 6 [Source:HGNC Symbol;Acc:HGNC:9658]	12929	-2.0592994689941406	-0.51715744	Yes	
row_157	HAVCR2	hepatitis A virus cellular receptor 2 [Source:HGNC Symbol;Acc:HGNC:18437]	12958	-2.150355339050293	-0.51030016	Yes	
row_158	RIPK3	receptor interacting serine/threonine kinase 3 [Source:HGNC Symbol;Acc:HGNC:10021]	12977	-2.203356981277466	-0.50246	Yes	
row_159	SLAMF6	SLAM family member 6 [Source:HGNC Symbol;Acc:HGNC:21392]	12985	-2.2255918979644775	-0.4936894	Yes	
row_160	TNFAIP3	TNF alpha induced protein 3 [Source:HGNC Symbol;Acc:HGNC:11896]	13008	-2.3014543056488037	-0.4857437	Yes	
row_161	IL6	interleukin 6 [Source:HGNC Symbol;Acc:HGNC:6018]	13013	-2.304513931274414	-0.4764148	Yes	
row_162	CLCF1	cardiotrophin like cytokine factor 1 [Source:HGNC Symbol;Acc:HGNC:17412]	13020	-2.3279359340667725	-0.4671403	Yes	
row_163	CD74	CD74 molecule [Source:HGNC Symbol;Acc:HGNC:1697]	13023	-2.3369808197021484	-0.4575234	Yes	
row_164	IL18BP	interleukin 18 binding protein [Source:HGNC Symbol;Acc:HGNC:5987]	13034	-2.363203525543213	-0.44840598	Yes	
row_165	SPN	sialophorin [Source:HGNC Symbol;Acc:HGNC:11249]	13040	-2.3822696208953857	-0.4388282	Yes	
row_166	PTPRC	protein tyrosine phosphatase receptor type C [Source:HGNC Symbol;Acc:HGNC:9666]	13047	-2.397634506225586	-0.4292623	Yes	
row_167	MYO1G	myosin IG [Source:HGNC Symbol;Acc:HGNC:13880]	13048	-2.4009087085723877	-0.41922596	Yes	
row_168	C2	complement C2 [Source:HGNC Symbol;Acc:HGNC:1248]	13049	-2.4040307998657227	-0.40917653	Yes	
row_169	ZC3H12A	zinc finger CCCH-type containing 12A [Source:HGNC Symbol;Acc:HGNC:26259]	13061	-2.4416534900665283	-0.3998073	Yes	
row_170	WAS	WASP actin nucleation promoting factor [Source:HGNC Symbol;Acc:HGNC:12731]	13068	-2.46127986907959	-0.38997537	Yes	
row_171	BATF	basic leucine zipper ATF-like transcription factor [Source:HGNC Symbol;Acc:HGNC:958]	13074	-2.4776346683502197	-0.37999892	Yes	
row_172	ADA	adenosine deaminase [Source:HGNC Symbol;Acc:HGNC:186]	13085	-2.5194742679595947	-0.37022826	Yes	
row_173	CXCL13	C-X-C motif chemokine ligand 13 [Source:HGNC Symbol;Acc:HGNC:10639]	13087	-2.528752088546753	-0.3597336	Yes	
row_174	IRF7	interferon regulatory factor 7 [Source:HGNC Symbol;Acc:HGNC:6122]	13088	-2.53041410446167	-0.34915587	Yes	
row_175	IFNB1	interferon beta 1 [Source:HGNC Symbol;Acc:HGNC:5434]	13099	-2.5572633743286133	-0.33922726	Yes	
row_176	C1R	complement C1r [Source:HGNC Symbol;Acc:HGNC:1246]	13101	-2.5632481575012207	-0.3285884	Yes	
row_177	NFKB2	nuclear factor kappa B subunit 2 [Source:HGNC Symbol;Acc:HGNC:7795]	13108	-2.5770087242126465	-0.31827268	Yes	
row_178	CSF2RB	colony stimulating factor 2 receptor beta common subunit [Source:HGNC Symbol;Acc:HGNC:2436]	13119	-2.6046905517578125	-0.3081458	Yes	
row_179	HLA-DQB1	major histocompatibility complex, class II, DQ beta 1 [Source:HGNC Symbol;Acc:HGNC:4944]	13128	-2.6507036685943604	-0.29767427	Yes	
row_180	CD274	CD274 molecule [Source:HGNC Symbol;Acc:HGNC:17635]	13130	-2.6653146743774414	-0.28660876	Yes	
row_181	IL21R	interleukin 21 receptor [Source:HGNC Symbol;Acc:HGNC:6006]	13132	-2.6676392555236816	-0.27553353	Yes	
row_182	CD40	CD40 molecule [Source:HGNC Symbol;Acc:HGNC:11919]	13139	-2.693387508392334	-0.26473135	Yes	
row_183	KLRD1	killer cell lectin like receptor D1 [Source:HGNC Symbol;Acc:HGNC:6378]	13141	-2.69734525680542	-0.25353193	Yes	
row_184	IL7R	interleukin 7 receptor [Source:HGNC Symbol;Acc:HGNC:6024]	13142	-2.6980695724487305	-0.24225336	Yes	
row_185	CD8A	CD8a molecule [Source:HGNC Symbol;Acc:HGNC:1706]	13151	-2.737701416015625	-0.23141818	Yes	
row_186	TRBC1	T cell receptor beta constant 1 [Source:HGNC Symbol;Acc:HGNC:12156]	13153	-2.7407925128936768	-0.22003715	Yes	
row_187	FCGR2B	Fc fragment of IgG receptor IIb [Source:HGNC Symbol;Acc:HGNC:3618]	13158	-2.755366563796997	-0.2088236	Yes	
row_188	IL1B	interleukin 1 beta [Source:HGNC Symbol;Acc:HGNC:5992]	13160	-2.7633743286132812	-0.19734818	Yes	
row_189	TNFRSF1B	TNF receptor superfamily member 1B [Source:HGNC Symbol;Acc:HGNC:11917]	13180	-2.8627378940582275	-0.18682778	Yes	
row_190	TLR4	toll like receptor 4 [Source:HGNC Symbol;Acc:HGNC:11850]	13184	-2.874952554702759	-0.17503819	Yes	
row_191	C3	complement C3 [Source:HGNC Symbol;Acc:HGNC:1318]	13187	-2.885869026184082	-0.16312684	Yes	
row_192	LY9	lymphocyte antigen 9 [Source:HGNC Symbol;Acc:HGNC:6730]	13188	-2.8907649517059326	-0.15104276	Yes	
row_193	CCR2	C-C motif chemokine receptor 2 [Source:HGNC Symbol;Acc:HGNC:1603]	13202	-2.941856861114502	-0.13973482	Yes	
row_194	ICAM1	intercellular adhesion molecule 1 [Source:HGNC Symbol;Acc:HGNC:5344]	13207	-2.96921706199646	-0.12762733	Yes	
row_195	HLA-DMB	major histocompatibility complex, class II, DM beta [Source:HGNC Symbol;Acc:HGNC:4935]	13227	-3.0603208541870117	-0.11628098	Yes	
row_196	PRF1	perforin 1 [Source:HGNC Symbol;Acc:HGNC:9360]	13242	-3.156561851501465	-0.10415166	Yes	
row_197	SASH3	SAM and SH3 domain containing 3 [Source:HGNC Symbol;Acc:HGNC:15975]	13246	-3.185924530029297	-0.09106214	Yes	
row_198	FCGR1A	Fc fragment of IgG receptor Ia [Source:HGNC Symbol;Acc:HGNC:3613]	13252	-3.2211050987243652	-0.07797782	Yes	
row_199	BCL3	BCL3 transcription coactivator [Source:HGNC Symbol;Acc:HGNC:998]	13264	-3.2798244953155518	-0.06510484	Yes	
row_200	IL12RB1	interleukin 12 receptor subunit beta 1 [Source:HGNC Symbol;Acc:HGNC:5971]	13309	-3.862640857696533	-0.05230792	Yes	
row_201	IL12B	interleukin 12B [Source:HGNC Symbol;Acc:HGNC:5970]	13321	-4.15106201171875	-0.035792954	Yes	
row_202	CLEC7A	C-type lectin domain containing 7A [Source:HGNC Symbol;Acc:HGNC:14558]	13326	-4.382608890533447	-0.017777145	Yes	
row_203	TNF	tumor necrosis factor [Source:HGNC Symbol;Acc:HGNC:11892]	13331	-4.453005790710449	5.329416E-4	Yes	
