NAME	SYMBOL	TITLE	RANK IN GENE LIST	RANK METRIC SCORE	RUNNING ES	CORE ENRICHMENT	
row_0	CATSPERZ	catsper channel auxiliary subunit zeta [Source:HGNC Symbol;Acc:HGNC:19231]	82	1.319861650466919	0.028558444	Yes	
row_1	CCDC65	coiled-coil domain containing 65 [Source:HGNC Symbol;Acc:HGNC:29937]	99	1.247536063194275	0.060197104	Yes	
row_2	DNAH5	dynein axonemal heavy chain 5 [Source:HGNC Symbol;Acc:HGNC:2950]	207	0.980681300163269	0.077937014	Yes	
row_3	HYDIN	HYDIN axonemal central pair apparatus protein [Source:HGNC Symbol;Acc:HGNC:19368]	237	0.9474567770957947	0.100692935	Yes	
row_4	ENKUR	enkurin, TRPC channel interacting protein [Source:HGNC Symbol;Acc:HGNC:28388]	250	0.9299280643463135	0.12427122	Yes	
row_5	STK36	serine/threonine kinase 36 [Source:HGNC Symbol;Acc:HGNC:17209]	281	0.8900033235549927	0.1454389	Yes	
row_6	CFAP61	cilia and flagella associated protein 61 [Source:HGNC Symbol;Acc:HGNC:15872]	299	0.8655701875686646	0.16694506	Yes	
row_7	TEKT1	tektin 1 [Source:HGNC Symbol;Acc:HGNC:15534]	316	0.8468325734138489	0.18803339	Yes	
row_8	CFAP44	cilia and flagella associated protein 44 [Source:HGNC Symbol;Acc:HGNC:25631]	344	0.8209275007247925	0.2076089	Yes	
row_9	TCTE1	t-complex-associated-testis-expressed 1 [Source:HGNC Symbol;Acc:HGNC:11693]	349	0.818659245967865	0.2288617	Yes	
row_10	SLC9B2	solute carrier family 9 member B2 [Source:HGNC Symbol;Acc:HGNC:25143]	370	0.7923492789268494	0.24821343	Yes	
row_11	ARMC2	armadillo repeat containing 2 [Source:HGNC Symbol;Acc:HGNC:23045]	389	0.7779614925384521	0.26733738	Yes	
row_12	ZMYND10	zinc finger MYND-type containing 10 [Source:HGNC Symbol;Acc:HGNC:19412]	427	0.7421851754188538	0.2840844	Yes	
row_13	TEKT5	tektin 5 [Source:HGNC Symbol;Acc:HGNC:26554]	443	0.7235775589942932	0.302003	Yes	
row_14	CACNA1I	calcium voltage-gated channel subunit alpha1 I [Source:HGNC Symbol;Acc:HGNC:1396]	592	0.6319621801376343	0.30746487	Yes	
row_15	SPAG17	sperm associated antigen 17 [Source:HGNC Symbol;Acc:HGNC:26620]	593	0.6305770874023438	0.32406765	Yes	
row_16	EFCAB1	EF-hand calcium binding domain 1 [Source:HGNC Symbol;Acc:HGNC:25678]	716	0.5749020576477051	0.32999074	Yes	
row_17	DNAH1	dynein axonemal heavy chain 1 [Source:HGNC Symbol;Acc:HGNC:2940]	731	0.5708892345428467	0.34396467	Yes	
row_18	CFAP69	cilia and flagella associated protein 69 [Source:HGNC Symbol;Acc:HGNC:26107]	751	0.5603173971176147	0.3572826	Yes	
row_19	KIF27	kinesin family member 27 [Source:HGNC Symbol;Acc:HGNC:18632]	844	0.5237077474594116	0.3641235	Yes	
row_20	NME5	NME/NM23 family member 5 [Source:HGNC Symbol;Acc:HGNC:7853]	940	0.48938849568367004	0.36983415	Yes	
row_21	TACR3	tachykinin receptor 3 [Source:HGNC Symbol;Acc:HGNC:11528]	953	0.4848073124885559	0.38169262	Yes	
row_22	SPEF1	sperm flagellar 1 [Source:HGNC Symbol;Acc:HGNC:15874]	957	0.48352792859077454	0.3941971	Yes	
row_23	CCDC39	coiled-coil domain containing 39 [Source:HGNC Symbol;Acc:HGNC:25244]	964	0.482610285282135	0.40645087	Yes	
row_24	KIF9	kinesin family member 9 [Source:HGNC Symbol;Acc:HGNC:16666]	983	0.4778643846511841	0.4176734	Yes	
row_25	CATSPER2	cation channel sperm associated 2 [Source:HGNC Symbol;Acc:HGNC:18810]	1080	0.44815194606781006	0.42222282	Yes	
row_26	BBS2	Bardet-Biedl syndrome 2 [Source:HGNC Symbol;Acc:HGNC:967]	1103	0.44150757789611816	0.432186	Yes	
row_27	CFAP46	cilia and flagella associated protein 46 [Source:HGNC Symbol;Acc:HGNC:25247]	1128	0.43413031101226807	0.4418039	Yes	
row_28	NPHP4	nephrocystin 4 [Source:HGNC Symbol;Acc:HGNC:19104]	1138	0.4325195252895355	0.45251223	Yes	
row_29	SPAG6	sperm associated antigen 6 [Source:HGNC Symbol;Acc:HGNC:11215]	1142	0.4316013753414154	0.4636495	Yes	
row_30	CEP131	centrosomal protein 131 [Source:HGNC Symbol;Acc:HGNC:29511]	1165	0.42521363496780396	0.4731837	Yes	
row_31	TTLL1	tubulin tyrosine ligase like 1 [Source:HGNC Symbol;Acc:HGNC:1312]	1221	0.41411978006362915	0.4799335	Yes	
row_32	DRC1	dynein regulatory complex subunit 1 [Source:HGNC Symbol;Acc:HGNC:24245]	1242	0.41114377975463867	0.48924825	Yes	
row_33	CELF3	CUGBP Elav-like family member 3 [Source:HGNC Symbol;Acc:HGNC:11967]	1254	0.4075676202774048	0.49914855	Yes	
row_34	MKKS	McKusick-Kaufman syndrome [Source:HGNC Symbol;Acc:HGNC:7108]	1362	0.38228487968444824	0.50113297	Yes	
row_35	NEURL1	neuralized E3 ubiquitin protein ligase 1 [Source:HGNC Symbol;Acc:HGNC:7761]	1514	0.3536243140697479	0.49903977	Yes	
row_36	CFAP65	cilia and flagella associated protein 65 [Source:HGNC Symbol;Acc:HGNC:25325]	1658	0.3323952555656433	0.49699178	Yes	
row_37	RSPH9	radial spoke head 9 homolog [Source:HGNC Symbol;Acc:HGNC:21057]	1807	0.31037017703056335	0.49398628	Yes	
row_38	DZIP1	DAZ interacting zinc finger protein 1 [Source:HGNC Symbol;Acc:HGNC:20908]	1847	0.30474653840065	0.4990647	Yes	
row_39	TACR1	tachykinin receptor 1 [Source:HGNC Symbol;Acc:HGNC:11526]	1934	0.2949850559234619	0.5003365	Yes	
row_40	ATP2B4	ATPase plasma membrane Ca2+ transporting 4 [Source:HGNC Symbol;Acc:HGNC:817]	2033	0.28186509013175964	0.5003567	Yes	
row_41	TTLL3	tubulin tyrosine ligase like 3 [Source:HGNC Symbol;Acc:HGNC:24483]	2091	0.2743183970451355	0.50327456	Yes	
row_42	CELSR2	cadherin EGF LAG seven-pass G-type receptor 2 [Source:HGNC Symbol;Acc:HGNC:3231]	2111	0.27208659052848816	0.5090035	Yes	
row_43	VPS13A	vacuolar protein sorting 13 homolog A [Source:HGNC Symbol;Acc:HGNC:1908]	2149	0.2688221335411072	0.5132871	Yes	
row_44	RFX3	regulatory factor X3 [Source:HGNC Symbol;Acc:HGNC:9984]	2521	0.2334696501493454	0.49141523	No	
row_45	CFAP45	cilia and flagella associated protein 45 [Source:HGNC Symbol;Acc:HGNC:17229]	2720	0.21759574115276337	0.48219085	No	
row_46	DNAH9	dynein axonemal heavy chain 9 [Source:HGNC Symbol;Acc:HGNC:2953]	3081	0.19160428643226624	0.46004742	No	
row_47	SLC26A8	solute carrier family 26 member 8 [Source:HGNC Symbol;Acc:HGNC:14468]	3346	0.1741136759519577	0.44469368	No	
row_48	DNAH11	dynein axonemal heavy chain 11 [Source:HGNC Symbol;Acc:HGNC:2942]	3350	0.1739664077758789	0.44904757	No	
row_49	DNAH7	dynein axonemal heavy chain 7 [Source:HGNC Symbol;Acc:HGNC:18661]	3580	0.16062507033348083	0.435982	No	
row_50	MEIG1	meiosis/spermiogenesis associated 1 [Source:HGNC Symbol;Acc:HGNC:23429]	3634	0.15731652081012726	0.43612134	No	
row_51	SPA17	sperm autoantigenic protein 17 [Source:HGNC Symbol;Acc:HGNC:11210]	3800	0.14941298961639404	0.427594	No	
row_52	DRC7	dynein regulatory complex subunit 7 [Source:HGNC Symbol;Acc:HGNC:25289]	4168	0.13161510229110718	0.40334243	No	
row_53	DDX4	DEAD-box helicase 4 [Source:HGNC Symbol;Acc:HGNC:18700]	4335	0.12306830286979675	0.39404595	No	
row_54	ING2	inhibitor of growth family member 2 [Source:HGNC Symbol;Acc:HGNC:6063]	4429	0.11858679354190826	0.39014465	No	
row_55	CFAP100	cilia and flagella associated protein 100 [Source:HGNC Symbol;Acc:HGNC:26842]	4634	0.10964488983154297	0.37762484	No	
row_56	BBS4	Bardet-Biedl syndrome 4 [Source:HGNC Symbol;Acc:HGNC:969]	4685	0.10711275041103363	0.37666893	No	
row_57	CCNYL1	cyclin Y like 1 [Source:HGNC Symbol;Acc:HGNC:26868]	4695	0.10662619769573212	0.37879664	No	
row_58	SORD	sorbitol dehydrogenase [Source:HGNC Symbol;Acc:HGNC:11184]	4708	0.10614467412233353	0.3806851	No	
row_59	ASH1L	ASH1 like histone lysine methyltransferase [Source:HGNC Symbol;Acc:HGNC:19088]	4985	0.09433527290821075	0.36232457	No	
row_60	DNAAF2	dynein axonemal assembly factor 2 [Source:HGNC Symbol;Acc:HGNC:20188]	5173	0.08584504574537277	0.35046202	No	
row_61	DNAAF4	dynein axonemal assembly factor 4 [Source:HGNC Symbol;Acc:HGNC:21493]	5275	0.08178042620420456	0.34498742	No	
row_62	CFAP298	cilia and flagella associated protein 298 [Source:HGNC Symbol;Acc:HGNC:1301]	5401	0.07682133466005325	0.3375697	No	
row_63	TTC12	tetratricopeptide repeat domain 12 [Source:HGNC Symbol;Acc:HGNC:23700]	5924	0.05561860278248787	0.29961112	No	
row_64	TPGS1	tubulin polyglutamylase complex subunit 1 [Source:HGNC Symbol;Acc:HGNC:25058]	6081	0.04888331890106201	0.28911662	No	
row_65	CFAP54	cilia and flagella associated protein 54 [Source:HGNC Symbol;Acc:HGNC:26456]	6143	0.04597955197095871	0.28572032	No	
row_66	UBE2B	ubiquitin conjugating enzyme E2 B [Source:HGNC Symbol;Acc:HGNC:12473]	6414	0.033847417682409286	0.2662203	No	
row_67	CCDC103	coiled-coil domain containing 103 [Source:HGNC Symbol;Acc:HGNC:32700]	6597	0.025174865499138832	0.25313798	No	
row_68	SPEF2	sperm flagellar 2 [Source:HGNC Symbol;Acc:HGNC:26293]	6758	0.018707891926169395	0.24154685	No	
row_69	DNAI1	dynein axonemal intermediate chain 1 [Source:HGNC Symbol;Acc:HGNC:2954]	7142	0.0011857878416776657	0.21265277	No	
row_70	CCSAP	centriole, cilia and spindle associated protein [Source:HGNC Symbol;Acc:HGNC:29578]	7401	-0.010858266614377499	0.19345373	No	
row_71	GAS8	growth arrest specific 8 [Source:HGNC Symbol;Acc:HGNC:4166]	7430	-0.012223358266055584	0.19166091	No	
row_72	ENO4	enolase 4 [Source:HGNC Symbol;Acc:HGNC:31670]	7448	-0.012771434150636196	0.19071329	No	
row_73	TMF1	TATA element modulatory factor 1 [Source:HGNC Symbol;Acc:HGNC:11870]	7535	-0.017069566994905472	0.18466775	No	
row_74	INTS13	integrator complex subunit 13 [Source:HGNC Symbol;Acc:HGNC:20174]	7741	-0.026514260098338127	0.16988364	No	
row_75	OFD1	OFD1 centriole and centriolar satellite protein [Source:HGNC Symbol;Acc:HGNC:2567]	7994	-0.039532747119665146	0.15189272	No	
row_76	DNHD1	dynein heavy chain domain 1 [Source:HGNC Symbol;Acc:HGNC:26532]	8061	-0.042418256402015686	0.14802507	No	
row_77	INPP5B	inositol polyphosphate-5-phosphatase B [Source:HGNC Symbol;Acc:HGNC:6077]	8367	-0.06031648814678192	0.12657864	No	
row_78	SLIRP	SRA stem-loop interacting RNA binding protein [Source:HGNC Symbol;Acc:HGNC:20495]	8964	-0.09797556698322296	0.08414659	No	
row_79	CFAP20	cilia and flagella associated protein 20 [Source:HGNC Symbol;Acc:HGNC:29523]	9027	-0.10203692317008972	0.08215075	No	
row_80	DPCD	deleted in primary ciliary dyskinesia homolog (mouse) [Source:HGNC Symbol;Acc:HGNC:24542]	9314	-0.1216176450252533	0.06375331	No	
row_81	ADCY3	adenylate cyclase 3 [Source:HGNC Symbol;Acc:HGNC:234]	9559	-0.14372408390045166	0.04910988	No	
row_82	ROPN1L	rhophilin associated tail protein 1 like [Source:HGNC Symbol;Acc:HGNC:24060]	9600	-0.14717578887939453	0.04996403	No	
row_83	CABYR	calcium binding tyrosine phosphorylation regulated [Source:HGNC Symbol;Acc:HGNC:15569]	9999	-0.19035924971103668	0.024917942	No	
row_84	PLTP	phospholipid transfer protein [Source:HGNC Symbol;Acc:HGNC:9093]	10360	-0.23456864058971405	0.0039057431	No	
row_85	AQP4	aquaporin 4 [Source:HGNC Symbol;Acc:HGNC:637]	10512	-0.25404876470565796	-8.092472E-4	No	
row_86	CAMSAP3	calmodulin regulated spectrin associated protein family member 3 [Source:HGNC Symbol;Acc:HGNC:29307]	10955	-0.3238409757614136	-0.025663834	No	
row_87	PLA2G3	phospholipase A2 group III [Source:HGNC Symbol;Acc:HGNC:17934]	11417	-0.4342503547668457	-0.04904633	No	
row_88	DNAAF5	dynein axonemal assembly factor 5 [Source:HGNC Symbol;Acc:HGNC:26013]	11428	-0.4366303086280823	-0.038305294	No	
row_89	RSPH4A	radial spoke head component 4A [Source:HGNC Symbol;Acc:HGNC:21558]	11459	-0.44542521238327026	-0.028843151	No	
row_90	SLC9A3R1	SLC9A3 regulator 1 [Source:HGNC Symbol;Acc:HGNC:11075]	11613	-0.49914148449897766	-0.027256012	No	
row_91	IQCG	IQ motif containing G [Source:HGNC Symbol;Acc:HGNC:25251]	11813	-0.5935432314872742	-0.026657378	No	
row_92	TTLL9	tubulin tyrosine ligase like 9 [Source:HGNC Symbol;Acc:HGNC:16118]	11875	-0.6281144022941589	-0.014726329	No	
row_93	KLC3	kinesin light chain 3 [Source:HGNC Symbol;Acc:HGNC:20717]	11883	-0.6348882913589478	0.0014613156	No	
row_94	DNAI2	dynein axonemal intermediate chain 2 [Source:HGNC Symbol;Acc:HGNC:18744]	12168	-0.8066580891609192	0.0012517067	No	
row_95	SPAG16	sperm associated antigen 16 [Source:HGNC Symbol;Acc:HGNC:23225]	12354	-0.9670018553733826	0.012740649	No	
row_96	CFAP43	cilia and flagella associated protein 43 [Source:HGNC Symbol;Acc:HGNC:26684]	12484	-1.1371890306472778	0.03293983	No	
row_97	MNS1	meiosis specific nuclear structural 1 [Source:HGNC Symbol;Acc:HGNC:29636]	12538	-1.1956710815429688	0.060418557	No	
