NAME	SYMBOL	TITLE	RANK IN GENE LIST	RANK METRIC SCORE	RUNNING ES	CORE ENRICHMENT	
row_0	SLC6A3	solute carrier family 6 member 3 [Source:HGNC Symbol;Acc:HGNC:11049]	15	1.790374755859375	0.118231595	Yes	
row_1	CHRNA6	cholinergic receptor nicotinic alpha 6 subunit [Source:HGNC Symbol;Acc:HGNC:15963]	18	1.6984312534332275	0.23131114	Yes	
row_2	SLC18A2	solute carrier family 18 member A2 [Source:HGNC Symbol;Acc:HGNC:10935]	58	1.402576208114624	0.32188445	Yes	
row_3	SLC22A3	solute carrier family 22 member 3 [Source:HGNC Symbol;Acc:HGNC:10967]	90	1.2757800817489624	0.4046062	Yes	
row_4	SLC6A2	solute carrier family 6 member 2 [Source:HGNC Symbol;Acc:HGNC:11048]	145	1.0975368022918701	0.4737153	Yes	
row_5	GRM2	glutamate metabotropic receptor 2 [Source:HGNC Symbol;Acc:HGNC:4594]	483	0.7021533250808716	0.49518389	Yes	
row_6	DRD2	dopamine receptor D2 [Source:HGNC Symbol;Acc:HGNC:3023]	836	0.525939404964447	0.5037767	Yes	
row_7	SNCG	synuclein gamma [Source:HGNC Symbol;Acc:HGNC:11141]	926	0.4923762381076813	0.52990943	Yes	
row_8	SLC29A4	solute carrier family 29 member 4 [Source:HGNC Symbol;Acc:HGNC:23097]	1731	0.32199880480766296	0.490916	Yes	
row_9	RAB3B	RAB3B, member RAS oncogene family [Source:HGNC Symbol;Acc:HGNC:9778]	1782	0.3147471845149994	0.50813943	Yes	
row_10	SYT10	synaptotagmin 10 [Source:HGNC Symbol;Acc:HGNC:19266]	1933	0.2951553761959076	0.5165368	Yes	
row_11	OPRK1	opioid receptor kappa 1 [Source:HGNC Symbol;Acc:HGNC:8154]	2014	0.2837921977043152	0.5294405	Yes	
row_12	DRD1	dopamine receptor D1 [Source:HGNC Symbol;Acc:HGNC:3020]	2340	0.2490902841091156	0.5216069	Yes	
row_13	SYT7	synaptotagmin 7 [Source:HGNC Symbol;Acc:HGNC:11514]	2557	0.23082295060157776	0.52075225	Yes	
row_14	SYT3	synaptotagmin 3 [Source:HGNC Symbol;Acc:HGNC:11511]	2838	0.20808111131191254	0.5135687	Yes	
row_15	SYT17	synaptotagmin 17 [Source:HGNC Symbol;Acc:HGNC:24119]	2933	0.2014501690864563	0.5199301	Yes	
row_16	KCNA2	potassium voltage-gated channel subfamily A member 2 [Source:HGNC Symbol;Acc:HGNC:6220]	2965	0.19904503226280212	0.5308687	Yes	
row_17	CXCL12	C-X-C motif chemokine ligand 12 [Source:HGNC Symbol;Acc:HGNC:10672]	3105	0.1899378001689911	0.5330787	Yes	
row_18	SNCA	synuclein alpha [Source:HGNC Symbol;Acc:HGNC:11138]	3150	0.18686185777187347	0.5422275	Yes	
row_19	SYT13	synaptotagmin 13 [Source:HGNC Symbol;Acc:HGNC:14962]	3620	0.15816180408000946	0.51750326	No	
row_20	PINK1	PTEN induced kinase 1 [Source:HGNC Symbol;Acc:HGNC:14581]	3702	0.15427826344966888	0.52169746	No	
row_21	SYT5	synaptotagmin 5 [Source:HGNC Symbol;Acc:HGNC:11513]	3755	0.15202517807483673	0.5279222	No	
row_22	CHRNB2	cholinergic receptor nicotinic beta 2 subunit [Source:HGNC Symbol;Acc:HGNC:1962]	3923	0.1430443674325943	0.5249003	No	
row_23	ABAT	4-aminobutyrate aminotransferase [Source:HGNC Symbol;Acc:HGNC:23]	4303	0.12483958154916763	0.50472254	No	
row_24	SYT1	synaptotagmin 1 [Source:HGNC Symbol;Acc:HGNC:11509]	4511	0.11457598954439163	0.49679476	No	
row_25	PRKN	parkin RBR E3 ubiquitin protein ligase [Source:HGNC Symbol;Acc:HGNC:8607]	4904	0.09793118387460709	0.47384545	No	
row_26	SYT6	synaptotagmin 6 [Source:HGNC Symbol;Acc:HGNC:18638]	4939	0.09618919342756271	0.47770137	No	
row_27	CHRNA4	cholinergic receptor nicotinic alpha 4 subunit [Source:HGNC Symbol;Acc:HGNC:1958]	5171	0.08601465821266174	0.46606472	No	
row_28	SYT2	synaptotagmin 2 [Source:HGNC Symbol;Acc:HGNC:11510]	5298	0.08090458810329437	0.4619833	No	
row_29	HTR1B	5-hydroxytryptamine receptor 1B [Source:HGNC Symbol;Acc:HGNC:5287]	5346	0.07904975116252899	0.46371898	No	
row_30	SYT11	synaptotagmin 11 [Source:HGNC Symbol;Acc:HGNC:19239]	5445	0.0753982812166214	0.46137604	No	
row_31	PARK7	Parkinsonism associated deglycase [Source:HGNC Symbol;Acc:HGNC:16369]	5639	0.06723161041736603	0.45134473	No	
row_32	GABBR1	gamma-aminobutyric acid type B receptor subunit 1 [Source:HGNC Symbol;Acc:HGNC:4070]	5923	0.05584099516272545	0.43378612	No	
row_33	RAB3A	RAB3A, member RAS oncogene family [Source:HGNC Symbol;Acc:HGNC:9777]	5975	0.05317304655909538	0.43349585	No	
row_34	SYT4	synaptotagmin 4 [Source:HGNC Symbol;Acc:HGNC:11512]	6843	0.01548224687576294	0.36933026	No	
row_35	CNR1	cannabinoid receptor 1 [Source:HGNC Symbol;Acc:HGNC:2159]	6877	0.01388664823025465	0.36777446	No	
row_36	SYT9	synaptotagmin 9 [Source:HGNC Symbol;Acc:HGNC:19265]	6889	0.013199251145124435	0.36782724	No	
row_37	DTNBP1	dystrobrevin binding protein 1 [Source:HGNC Symbol;Acc:HGNC:17328]	8482	-0.06701283156871796	0.25257754	No	
row_38	SYT12	synaptotagmin 12 [Source:HGNC Symbol;Acc:HGNC:18381]	9336	-0.12369581311941147	0.19667904	No	
row_39	TOR1A	torsin family 1 member A [Source:HGNC Symbol;Acc:HGNC:3098]	9762	-0.16519133746623993	0.17573221	No	
row_40	SLC22A2	solute carrier family 22 member 2 [Source:HGNC Symbol;Acc:HGNC:10966]	12661	-1.3965647220611572	0.05091001	No	
