NAME	SYMBOL	TITLE	RANK IN GENE LIST	RANK METRIC SCORE	RUNNING ES	CORE ENRICHMENT	
row_0	CD46	CD46 molecule [Source:HGNC Symbol;Acc:HGNC:6953]	470	0.7108524441719055	-0.032110725	No	
row_1	TRPM4	transient receptor potential cation channel subfamily M member 4 [Source:HGNC Symbol;Acc:HGNC:17993]	713	0.5763267874717712	-0.047579788	No	
row_2	APLF	aprataxin and PNKP like factor [Source:HGNC Symbol;Acc:HGNC:28724]	846	0.5228782296180725	-0.054961998	No	
row_3	IL4	interleukin 4 [Source:HGNC Symbol;Acc:HGNC:6014]	987	0.47648885846138	-0.063186824	No	
row_4	KMT5C	lysine methyltransferase 5C [Source:HGNC Symbol;Acc:HGNC:28405]	1009	0.46825796365737915	-0.06241214	No	
row_5	SHLD1	shieldin complex subunit 1 [Source:HGNC Symbol;Acc:HGNC:26318]	1216	0.41480594873428345	-0.075963624	No	
row_6	LIG4	DNA ligase 4 [Source:HGNC Symbol;Acc:HGNC:6601]	2057	0.27806273102760315	-0.13837624	No	
row_7	MSH2	mutS homolog 2 [Source:HGNC Symbol;Acc:HGNC:7325]	2497	0.23531974852085114	-0.17053871	No	
row_8	PRKCZ	protein kinase C zeta [Source:HGNC Symbol;Acc:HGNC:9412]	2570	0.23019728064537048	-0.17484382	No	
row_9	CD55	CD55 molecule (Cromer blood group) [Source:HGNC Symbol;Acc:HGNC:2665]	3309	0.1763404905796051	-0.23002174	No	
row_10	MLH1	mutL homolog 1 [Source:HGNC Symbol;Acc:HGNC:7127]	3434	0.16988244652748108	-0.23858291	No	
row_11	SHLD2	shieldin complex subunit 2 [Source:HGNC Symbol;Acc:HGNC:28773]	3494	0.16610905528068542	-0.24222471	No	
row_12	THOC1	THO complex 1 [Source:HGNC Symbol;Acc:HGNC:19070]	3944	0.14187291264533997	-0.27561995	No	
row_13	VAMP2	vesicle associated membrane protein 2 [Source:HGNC Symbol;Acc:HGNC:12643]	4070	0.13579058647155762	-0.28442964	No	
row_14	IGHM	immunoglobulin heavy constant mu [Source:HGNC Symbol;Acc:HGNC:5541]	4165	0.13169346749782562	-0.29090482	No	
row_15	JAG1	jagged canonical Notch ligand 1 [Source:HGNC Symbol;Acc:HGNC:6188]	4185	0.13080409169197083	-0.2916863	No	
row_16	SMAD7	SMAD family member 7 [Source:HGNC Symbol;Acc:HGNC:6773]	4288	0.12548799812793732	-0.29880068	No	
row_17	SUSD4	sushi domain containing 4 [Source:HGNC Symbol;Acc:HGNC:25470]	4289	0.12542270123958588	-0.29816583	No	
row_18	RIF1	replication timing regulatory factor 1 [Source:HGNC Symbol;Acc:HGNC:23207]	4339	0.12283960729837418	-0.30126688	No	
row_19	ZBTB1	zinc finger and BTB domain containing 1 [Source:HGNC Symbol;Acc:HGNC:20259]	4444	0.11796639859676361	-0.3085713	No	
row_20	NSD2	nuclear receptor binding SET domain protein 2 [Source:HGNC Symbol;Acc:HGNC:12766]	4450	0.11771050840616226	-0.30835536	No	
row_21	HMCES	5-hydroxymethylcytosine binding, ES cell specific [Source:HGNC Symbol;Acc:HGNC:24446]	4547	0.11319224536418915	-0.31507614	No	
row_22	DUSP22	dual specificity phosphatase 22 [Source:HGNC Symbol;Acc:HGNC:16077]	4598	0.11111384630203247	-0.31831253	No	
row_23	CADM1	cell adhesion molecule 1 [Source:HGNC Symbol;Acc:HGNC:5951]	4780	0.10294981300830841	-0.33154315	No	
row_24	NDFIP1	Nedd4 family interacting protein 1 [Source:HGNC Symbol;Acc:HGNC:17592]	4996	0.0937916487455368	-0.3474033	No	
row_25	RASGRP1	RAS guanyl releasing protein 1 [Source:HGNC Symbol;Acc:HGNC:9878]	5006	0.09335950762033463	-0.34761453	No	
row_26	CRK	CRK proto-oncogene, adaptor protein [Source:HGNC Symbol;Acc:HGNC:2362]	5279	0.08166471123695374	-0.36786672	No	
row_27	HPRT1	hypoxanthine phosphoribosyltransferase 1 [Source:HGNC Symbol;Acc:HGNC:5157]	5366	0.0781039446592331	-0.37400535	No	
row_28	CARD9	caspase recruitment domain family member 9 [Source:HGNC Symbol;Acc:HGNC:16391]	5407	0.07664771378040314	-0.3766564	No	
row_29	TFRC	transferrin receptor [Source:HGNC Symbol;Acc:HGNC:11763]	5457	0.07494381070137024	-0.3799999	No	
row_30	KIF5B	kinesin family member 5B [Source:HGNC Symbol;Acc:HGNC:6324]	5552	0.07109063118696213	-0.38678184	No	
row_31	RNF168	ring finger protein 168 [Source:HGNC Symbol;Acc:HGNC:26661]	5754	0.06274642795324326	-0.40173548	No	
row_32	CR2	complement C3d receptor 2 [Source:HGNC Symbol;Acc:HGNC:2336]	5796	0.06101199984550476	-0.40454167	No	
row_33	GNL1	G protein nucleolar 1 (putative) [Source:HGNC Symbol;Acc:HGNC:4413]	5860	0.05811968818306923	-0.409034	No	
row_34	PPP3CB	protein phosphatase 3 catalytic subunit beta [Source:HGNC Symbol;Acc:HGNC:9315]	5991	0.05269104987382889	-0.41864422	No	
row_35	TUBB	tubulin beta class I [Source:HGNC Symbol;Acc:HGNC:20778]	6195	0.04349526762962341	-0.43384725	No	
row_36	NBN	nibrin [Source:HGNC Symbol;Acc:HGNC:7652]	6317	0.037998128682374954	-0.44284803	No	
row_37	EMP2	epithelial membrane protein 2 [Source:HGNC Symbol;Acc:HGNC:3334]	6712	0.020889833569526672	-0.47267696	No	
row_38	ARL8B	ADP ribosylation factor like GTPase 8B [Source:HGNC Symbol;Acc:HGNC:25564]	6819	0.016360748559236526	-0.48064762	No	
row_39	AP1G1	adaptor related protein complex 1 subunit gamma 1 [Source:HGNC Symbol;Acc:HGNC:555]	6820	0.016353324055671692	-0.48056486	No	
row_40	MR1	major histocompatibility complex, class I-related [Source:HGNC Symbol;Acc:HGNC:4975]	6899	0.012948499992489815	-0.48642546	No	
row_41	PAXIP1	PAX interacting protein 1 [Source:HGNC Symbol;Acc:HGNC:8624]	6954	0.00983131118118763	-0.49047843	No	
row_42	MAP3K7	mitogen-activated protein kinase kinase kinase 7 [Source:HGNC Symbol;Acc:HGNC:6859]	7212	-0.002356388373300433	-0.5099924	No	
row_43	PLEKHM2	pleckstrin homology and RUN domain containing M2 [Source:HGNC Symbol;Acc:HGNC:29131]	7318	-0.006547974888235331	-0.51793677	No	
row_44	IL2	interleukin 2 [Source:HGNC Symbol;Acc:HGNC:6001]	7324	-0.007063490804284811	-0.5182809	No	
row_45	TP53BP1	tumor protein p53 binding protein 1 [Source:HGNC Symbol;Acc:HGNC:11999]	7408	-0.011310144327580929	-0.5245297	No	
row_46	CRTAM	cytotoxic and regulatory T cell molecule [Source:HGNC Symbol;Acc:HGNC:24313]	7467	-0.013651235960423946	-0.52886724	No	
row_47	ATAD5	ATPase family AAA domain containing 5 [Source:HGNC Symbol;Acc:HGNC:25752]	8252	-0.053510796278715134	-0.58816177	No	
row_48	KMT5B	lysine methyltransferase 5B [Source:HGNC Symbol;Acc:HGNC:24283]	8277	-0.05491992458701134	-0.5897072	No	
row_49	GATA3	GATA binding protein 3 [Source:HGNC Symbol;Acc:HGNC:4172]	8309	-0.05682508647441864	-0.5917749	No	
row_50	CD81	CD81 molecule [Source:HGNC Symbol;Acc:HGNC:1701]	8440	-0.0650256797671318	-0.60132265	No	
row_51	SUPT6H	SPT6 homolog, histone chaperone and transcription elongation factor [Source:HGNC Symbol;Acc:HGNC:11470]	8523	-0.06971243023872375	-0.60719985	No	
row_52	CEBPG	CCAAT enhancer binding protein gamma [Source:HGNC Symbol;Acc:HGNC:1837]	8548	-0.07134270668029785	-0.6086621	No	
row_53	C1QBP	complement C1q binding protein [Source:HGNC Symbol;Acc:HGNC:1243]	8709	-0.0819370299577713	-0.6204036	No	
row_54	RNF8	ring finger protein 8 [Source:HGNC Symbol;Acc:HGNC:10071]	8718	-0.08245417475700378	-0.620594	No	
row_55	STX7	syntaxin 7 [Source:HGNC Symbol;Acc:HGNC:11442]	8760	-0.08486060798168182	-0.6232795	No	
row_56	MSH6	mutS homolog 6 [Source:HGNC Symbol;Acc:HGNC:7329]	8904	-0.09406300634145737	-0.633668	No	
row_57	LYST	lysosomal trafficking regulator [Source:HGNC Symbol;Acc:HGNC:1968]	8913	-0.09465184807777405	-0.63379675	No	
row_58	CLU	clusterin [Source:HGNC Symbol;Acc:HGNC:2095]	9073	-0.10545151680707932	-0.6453432	No	
row_59	SLC15A4	solute carrier family 15 member 4 [Source:HGNC Symbol;Acc:HGNC:23090]	9853	-0.17477574944496155	-0.7036441	No	
row_60	GFER	growth factor, augmenter of liver regeneration [Source:HGNC Symbol;Acc:HGNC:4236]	9855	-0.17510312795639038	-0.7028337	No	
row_61	IL18	interleukin 18 [Source:HGNC Symbol;Acc:HGNC:5986]	9936	-0.1832057386636734	-0.7079845	No	
row_62	PRDX1	peroxiredoxin 1 [Source:HGNC Symbol;Acc:HGNC:9352]	9983	-0.18814972043037415	-0.71052706	No	
row_63	PIK3R6	phosphoinositide-3-kinase regulatory subunit 6 [Source:HGNC Symbol;Acc:HGNC:27101]	9994	-0.18987949192523956	-0.7103257	No	
row_64	EXOSC3	exosome component 3 [Source:HGNC Symbol;Acc:HGNC:17944]	10194	-0.21316932141780853	-0.72436595	No	
row_65	FBXO38	F-box protein 38 [Source:HGNC Symbol;Acc:HGNC:28844]	10281	-0.22501645982265472	-0.72976094	No	
row_66	PRKCD	protein kinase C delta [Source:HGNC Symbol;Acc:HGNC:9399]	10284	-0.22514791786670685	-0.7287733	No	
row_67	CR1	complement C3b/C4b receptor 1 (Knops blood group) [Source:HGNC Symbol;Acc:HGNC:2334]	10295	-0.22655810415744781	-0.7283863	No	
row_68	CORO1A	coronin 1A [Source:HGNC Symbol;Acc:HGNC:2252]	10379	-0.23673555254936218	-0.73349404	No	
row_69	BCL6	BCL6 transcription repressor [Source:HGNC Symbol;Acc:HGNC:1001]	10620	-0.27032357454299927	-0.75036	No	
row_70	DENND1B	DENN domain containing 1B [Source:HGNC Symbol;Acc:HGNC:28404]	10770	-0.29408881068229675	-0.7601919	No	
row_71	IL20RB	interleukin 20 receptor subunit beta [Source:HGNC Symbol;Acc:HGNC:6004]	10780	-0.29539915919303894	-0.75938046	No	
row_72	RFTN1	raftlin, lipid raft linker 1 [Source:HGNC Symbol;Acc:HGNC:30278]	10824	-0.3028486967086792	-0.76111454	No	
row_73	TRAF2	TNF receptor associated factor 2 [Source:HGNC Symbol;Acc:HGNC:12032]	10885	-0.3134261667728424	-0.7640866	No	
row_74	TUBB4B	tubulin beta 4B class IVb [Source:HGNC Symbol;Acc:HGNC:20771]	10891	-0.31434813141822815	-0.7628754	No	
row_75	ERCC1	ERCC excision repair 1, endonuclease non-catalytic subunit [Source:HGNC Symbol;Acc:HGNC:3433]	11023	-0.3341098725795746	-0.77113706	No	
row_76	ARRB2	arrestin beta 2 [Source:HGNC Symbol;Acc:HGNC:712]	11184	-0.3717876076698303	-0.7814114	No	
row_77	BCL10	BCL10 immune signaling adaptor [Source:HGNC Symbol;Acc:HGNC:989]	11283	-0.3952125906944275	-0.78685665	No	
row_78	FOXJ1	forkhead box J1 [Source:HGNC Symbol;Acc:HGNC:3816]	11397	-0.4254794716835022	-0.7932883	No	
row_79	MAD2L2	mitotic arrest deficient 2 like 2 [Source:HGNC Symbol;Acc:HGNC:6764]	11403	-0.4283888041973114	-0.7914998	No	
row_80	LAMP1	lysosomal associated membrane protein 1 [Source:HGNC Symbol;Acc:HGNC:6499]	11439	-0.43872785568237305	-0.79193825	No	
row_81	TBX21	T-box 21 [Source:HGNC Symbol;Acc:HGNC:11599]	11514	-0.46224460005760193	-0.79522073	No	
row_82	RNF19B	ring finger protein 19B [Source:HGNC Symbol;Acc:HGNC:26886]	11611	-0.4984840154647827	-0.79999125	No	
row_83	PVR	PVR cell adhesion molecule [Source:HGNC Symbol;Acc:HGNC:9705]	11618	-0.5014012455940247	-0.7979092	No	
row_84	TREM2	triggering receptor expressed on myeloid cells 2 [Source:HGNC Symbol;Acc:HGNC:17761]	11625	-0.5038224458694458	-0.7958148	No	
row_85	RAB27A	RAB27A, member RAS oncogene family [Source:HGNC Symbol;Acc:HGNC:9766]	11731	-0.5529008507728577	-0.80099374	No	
row_86	AGER	advanced glycosylation end-product specific receptor [Source:HGNC Symbol;Acc:HGNC:320]	11844	-0.6114444732666016	-0.8064081	No	
row_87	TRAF6	TNF receptor associated factor 6 [Source:HGNC Symbol;Acc:HGNC:12036]	11923	-0.6538277268409729	-0.80902475	No	
row_88	SWAP70	switching B cell complex subunit SWAP70 [Source:HGNC Symbol;Acc:HGNC:17070]	12102	-0.7572450041770935	-0.8187156	Yes	
row_89	CEACAM1	carcinoembryonic antigen related cell adhesion molecule 1 [Source:HGNC Symbol;Acc:HGNC:1814]	12140	-0.7821909189224243	-0.81756747	Yes	
row_90	UNG	uracil DNA glycosylase [Source:HGNC Symbol;Acc:HGNC:12572]	12145	-0.7864665985107422	-0.8138905	Yes	
row_91	P2RX7	purinergic receptor P2X 7 [Source:HGNC Symbol;Acc:HGNC:8537]	12203	-0.830166757106781	-0.8140191	Yes	
row_92	NECTIN2	nectin cell adhesion molecule 2 [Source:HGNC Symbol;Acc:HGNC:9707]	12209	-0.8350293636322021	-0.81017226	Yes	
row_93	TRBC2	T cell receptor beta constant 2 [Source:HGNC Symbol;Acc:HGNC:12157]	12212	-0.8367474675178528	-0.80608886	Yes	
row_94	TRAF3IP2	TRAF3 interacting protein 2 [Source:HGNC Symbol;Acc:HGNC:1343]	12314	-0.9277524352073669	-0.8090665	Yes	
row_95	FADD	Fas associated via death domain [Source:HGNC Symbol;Acc:HGNC:3573]	12345	-0.9544616937637329	-0.8065145	Yes	
row_96	FZD5	frizzled class receptor 5 [Source:HGNC Symbol;Acc:HGNC:4043]	12349	-0.9562937021255493	-0.80190194	Yes	
row_97	C1QC	complement C1q C chain [Source:HGNC Symbol;Acc:HGNC:1245]	12386	-1.0127390623092651	-0.7995109	Yes	
row_98	C1QA	complement C1q A chain [Source:HGNC Symbol;Acc:HGNC:1241]	12404	-1.0306638479232788	-0.7955856	Yes	
row_99	CD28	CD28 molecule [Source:HGNC Symbol;Acc:HGNC:1653]	12423	-1.046858549118042	-0.7916542	Yes	
row_100	C1RL	complement C1r subcomponent like [Source:HGNC Symbol;Acc:HGNC:21265]	12437	-1.061173439025879	-0.7872706	Yes	
row_101	C1QB	complement C1q B chain [Source:HGNC Symbol;Acc:HGNC:1242]	12444	-1.0711430311203003	-0.7823046	Yes	
row_102	IGKC	immunoglobulin kappa constant [Source:HGNC Symbol;Acc:HGNC:5716]	12446	-1.0751280784606934	-0.7769386	Yes	
row_103	IGHA1	immunoglobulin heavy constant alpha 1 [Source:HGNC Symbol;Acc:HGNC:5478]	12456	-1.0936496257781982	-0.7720866	Yes	
row_104	SLAMF1	signaling lymphocytic activation molecule family member 1 [Source:HGNC Symbol;Acc:HGNC:10903]	12463	-1.1003212928771973	-0.76697296	Yes	
row_105	UNC13D	unc-13 homolog D [Source:HGNC Symbol;Acc:HGNC:23147]	12471	-1.1171257495880127	-0.76185024	Yes	
row_106	B2M	beta-2-microglobulin [Source:HGNC Symbol;Acc:HGNC:914]	12473	-1.118391513824463	-0.7562652	Yes	
row_107	MALT1	MALT1 paracaspase [Source:HGNC Symbol;Acc:HGNC:6819]	12490	-1.142586588859558	-0.7516974	Yes	
row_108	CTSH	cathepsin H [Source:HGNC Symbol;Acc:HGNC:2535]	12494	-1.1514723300933838	-0.7460969	Yes	
row_109	HFE	homeostatic iron regulator [Source:HGNC Symbol;Acc:HGNC:4886]	12497	-1.152908205986023	-0.7404132	Yes	
row_110	TGFB1	transforming growth factor beta 1 [Source:HGNC Symbol;Acc:HGNC:11766]	12548	-1.212853193283081	-0.7380729	Yes	
row_111	HLA-DMA	major histocompatibility complex, class II, DM alpha [Source:HGNC Symbol;Acc:HGNC:4934]	12554	-1.2230600118637085	-0.73226196	Yes	
row_112	IL1R1	interleukin 1 receptor type 1 [Source:HGNC Symbol;Acc:HGNC:5993]	12568	-1.2378168106079102	-0.72698414	Yes	
row_113	NCKAP1L	NCK associated protein 1 like [Source:HGNC Symbol;Acc:HGNC:4862]	12583	-1.265770435333252	-0.7216409	Yes	
row_114	MICA	MHC class I polypeptide-related sequence A [Source:HGNC Symbol;Acc:HGNC:7090]	12650	-1.366855502128601	-0.71973664	Yes	
row_115	INPP5D	inositol polyphosphate-5-phosphatase D [Source:HGNC Symbol;Acc:HGNC:6079]	12652	-1.3713209629058838	-0.7128714	Yes	
row_116	STAT6	signal transducer and activator of transcription 6 [Source:HGNC Symbol;Acc:HGNC:11368]	12659	-1.3939892053604126	-0.7062713	Yes	
row_117	ARID5A	AT-rich interaction domain 5A [Source:HGNC Symbol;Acc:HGNC:17361]	12678	-1.4312337636947632	-0.70039433	Yes	
row_118	SERPINB9	serpin family B member 9 [Source:HGNC Symbol;Acc:HGNC:8955]	12732	-1.5375686883926392	-0.69663835	Yes	
row_119	MYD88	MYD88 innate immune signal transduction adaptor [Source:HGNC Symbol;Acc:HGNC:7562]	12742	-1.5513466596603394	-0.68946964	Yes	
row_120	HPX	hemopexin [Source:HGNC Symbol;Acc:HGNC:5171]	12748	-1.561322808265686	-0.6819466	Yes	
row_121	TCIRG1	T cell immune regulator 1, ATPase H+ transporting V0 subunit a3 [Source:HGNC Symbol;Acc:HGNC:11647]	12761	-1.602987289428711	-0.6747444	Yes	
row_122	C4A	complement C4A (Rodgers blood group) [Source:HGNC Symbol;Acc:HGNC:1323]	12788	-1.6785578727722168	-0.66822344	Yes	
row_123	BTK	Bruton tyrosine kinase [Source:HGNC Symbol;Acc:HGNC:1133]	12793	-1.687743902206421	-0.6599844	Yes	
row_124	CTSC	cathepsin C [Source:HGNC Symbol;Acc:HGNC:2528]	12815	-1.7535220384597778	-0.6527041	Yes	
row_125	NLRP3	NLR family pyrin domain containing 3 [Source:HGNC Symbol;Acc:HGNC:16400]	12833	-1.8187140226364136	-0.6447899	Yes	
row_126	ARG1	arginase 1 [Source:HGNC Symbol;Acc:HGNC:663]	12859	-1.8745911121368408	-0.63720065	Yes	
row_127	NOD2	nucleotide binding oligomerization domain containing 2 [Source:HGNC Symbol;Acc:HGNC:5331]	12865	-1.8870857954025269	-0.62802863	Yes	
row_128	IL4R	interleukin 4 receptor [Source:HGNC Symbol;Acc:HGNC:6015]	12880	-1.922226071357727	-0.61936253	Yes	
row_129	FCER1G	Fc fragment of IgE receptor Ig [Source:HGNC Symbol;Acc:HGNC:3611]	12890	-1.9575062990188599	-0.610138	Yes	
row_130	PARP3	poly(ADP-ribose) polymerase family member 3 [Source:HGNC Symbol;Acc:HGNC:273]	12893	-1.9706056118011475	-0.6003153	Yes	
row_131	C1S	complement C1s [Source:HGNC Symbol;Acc:HGNC:1247]	12898	-1.9825427532196045	-0.5905841	Yes	
row_132	CD1D	CD1d molecule [Source:HGNC Symbol;Acc:HGNC:1637]	12909	-2.011352062225342	-0.581163	Yes	
row_133	RSAD2	radical S-adenosyl methionine domain containing 2 [Source:HGNC Symbol;Acc:HGNC:30908]	12911	-2.018421173095703	-0.5710223	Yes	
row_134	SERPING1	serpin family G member 1 [Source:HGNC Symbol;Acc:HGNC:1228]	12912	-2.0194497108459473	-0.5608004	Yes	
row_135	PTPN6	protein tyrosine phosphatase non-receptor type 6 [Source:HGNC Symbol;Acc:HGNC:9658]	12929	-2.0592994689941406	-0.5515924	Yes	
row_136	VAV1	vav guanine nucleotide exchange factor 1 [Source:HGNC Symbol;Acc:HGNC:12657]	12932	-2.0627310276031494	-0.5413034	Yes	
row_137	HAVCR2	hepatitis A virus cellular receptor 2 [Source:HGNC Symbol;Acc:HGNC:18437]	12958	-2.150355339050293	-0.53231835	Yes	
row_138	RIPK3	receptor interacting serine/threonine kinase 3 [Source:HGNC Symbol;Acc:HGNC:10021]	12977	-2.203356981277466	-0.5225331	Yes	
row_139	SLAMF6	SLAM family member 6 [Source:HGNC Symbol;Acc:HGNC:21392]	12985	-2.2255918979644775	-0.51179963	Yes	
row_140	IL6	interleukin 6 [Source:HGNC Symbol;Acc:HGNC:6018]	13013	-2.304513931274414	-0.50218624	Yes	
row_141	CLCF1	cardiotrophin like cytokine factor 1 [Source:HGNC Symbol;Acc:HGNC:17412]	13020	-2.3279359340667725	-0.4908587	Yes	
row_142	CD74	CD74 molecule [Source:HGNC Symbol;Acc:HGNC:1697]	13023	-2.3369808197021484	-0.47918153	Yes	
row_143	PTPRC	protein tyrosine phosphatase receptor type C [Source:HGNC Symbol;Acc:HGNC:9666]	13047	-2.397634506225586	-0.46879283	Yes	
row_144	MYO1G	myosin IG [Source:HGNC Symbol;Acc:HGNC:13880]	13048	-2.4009087085723877	-0.45664012	Yes	
row_145	C2	complement C2 [Source:HGNC Symbol;Acc:HGNC:1248]	13049	-2.4040307998657227	-0.4444716	Yes	
row_146	WAS	WASP actin nucleation promoting factor [Source:HGNC Symbol;Acc:HGNC:12731]	13068	-2.46127986907959	-0.43338087	Yes	
row_147	BATF	basic leucine zipper ATF-like transcription factor [Source:HGNC Symbol;Acc:HGNC:958]	13074	-2.4776346683502197	-0.42121965	Yes	
row_148	IRF7	interferon regulatory factor 7 [Source:HGNC Symbol;Acc:HGNC:6122]	13088	-2.53041410446167	-0.40939912	Yes	
row_149	IFNB1	interferon beta 1 [Source:HGNC Symbol;Acc:HGNC:5434]	13099	-2.5572633743286133	-0.39721474	Yes	
row_150	C1R	complement C1r [Source:HGNC Symbol;Acc:HGNC:1246]	13101	-2.5632481575012207	-0.38431627	Yes	
row_151	CSF2RB	colony stimulating factor 2 receptor beta common subunit [Source:HGNC Symbol;Acc:HGNC:2436]	13119	-2.6046905517578125	-0.37242365	Yes	
row_152	HLA-DQB1	major histocompatibility complex, class II, DQ beta 1 [Source:HGNC Symbol;Acc:HGNC:4944]	13128	-2.6507036685943604	-0.35961434	Yes	
row_153	IL21R	interleukin 21 receptor [Source:HGNC Symbol;Acc:HGNC:6006]	13132	-2.6676392555236816	-0.34633943	Yes	
row_154	CD40	CD40 molecule [Source:HGNC Symbol;Acc:HGNC:11919]	13139	-2.693387508392334	-0.33316213	Yes	
row_155	KLRD1	killer cell lectin like receptor D1 [Source:HGNC Symbol;Acc:HGNC:6378]	13141	-2.69734525680542	-0.3195849	Yes	
row_156	IL7R	interleukin 7 receptor [Source:HGNC Symbol;Acc:HGNC:6024]	13142	-2.6980695724487305	-0.30592805	Yes	
row_157	SLAMF7	SLAM family member 7 [Source:HGNC Symbol;Acc:HGNC:21394]	13148	-2.7218472957611084	-0.29253072	Yes	
row_158	CD8A	CD8a molecule [Source:HGNC Symbol;Acc:HGNC:1706]	13151	-2.737701416015625	-0.2788252	Yes	
row_159	TRBC1	T cell receptor beta constant 1 [Source:HGNC Symbol;Acc:HGNC:12156]	13153	-2.7407925128936768	-0.26502806	Yes	
row_160	FCGR2B	Fc fragment of IgG receptor IIb [Source:HGNC Symbol;Acc:HGNC:3618]	13158	-2.755366563796997	-0.25138506	Yes	
row_161	IL1B	interleukin 1 beta [Source:HGNC Symbol;Acc:HGNC:5992]	13160	-2.7633743286132812	-0.23747362	Yes	
row_162	TNFRSF1B	TNF receptor superfamily member 1B [Source:HGNC Symbol;Acc:HGNC:11917]	13180	-2.8627378940582275	-0.22442679	Yes	
row_163	C3	complement C3 [Source:HGNC Symbol;Acc:HGNC:1318]	13187	-2.885869026184082	-0.2102752	Yes	
row_164	NKG7	natural killer cell granule protein 7 [Source:HGNC Symbol;Acc:HGNC:7830]	13190	-2.903459072113037	-0.19573067	Yes	
row_165	CCR2	C-C motif chemokine receptor 2 [Source:HGNC Symbol;Acc:HGNC:1603]	13202	-2.941856861114502	-0.18167555	Yes	
row_166	ICAM1	intercellular adhesion molecule 1 [Source:HGNC Symbol;Acc:HGNC:5344]	13207	-2.96921706199646	-0.16695012	Yes	
row_167	HLA-DMB	major histocompatibility complex, class II, DM beta [Source:HGNC Symbol;Acc:HGNC:4935]	13227	-3.0603208541870117	-0.1529032	Yes	
row_168	PRF1	perforin 1 [Source:HGNC Symbol;Acc:HGNC:9360]	13242	-3.156561851501465	-0.13798924	Yes	
row_169	SASH3	SAM and SH3 domain containing 3 [Source:HGNC Symbol;Acc:HGNC:15975]	13246	-3.185924530029297	-0.12209091	Yes	
row_170	GZMB	granzyme B [Source:HGNC Symbol;Acc:HGNC:4709]	13249	-3.2067456245422363	-0.10601123	Yes	
row_171	FCGR1A	Fc fragment of IgG receptor Ia [Source:HGNC Symbol;Acc:HGNC:3613]	13252	-3.2211050987243652	-0.08985886	Yes	
row_172	KLRK1	killer cell lectin like receptor K1 [Source:HGNC Symbol;Acc:HGNC:18788]	13253	-3.2218995094299316	-0.073550515	Yes	
row_173	BCL3	BCL3 transcription coactivator [Source:HGNC Symbol;Acc:HGNC:998]	13264	-3.2798244953155518	-0.05770873	Yes	
row_174	IL12RB1	interleukin 12 receptor subunit beta 1 [Source:HGNC Symbol;Acc:HGNC:5971]	13309	-3.862640857696533	-0.041500088	Yes	
row_175	IL12B	interleukin 12B [Source:HGNC Symbol;Acc:HGNC:5970]	13321	-4.15106201171875	-0.021324323	Yes	
row_176	TNF	tumor necrosis factor [Source:HGNC Symbol;Acc:HGNC:11892]	13331	-4.453005790710449	5.3174706E-4	Yes	
