NAME	SYMBOL	TITLE	RANK IN GENE LIST	RANK METRIC SCORE	RUNNING ES	CORE ENRICHMENT	
row_0	DBH	dopamine beta-hydroxylase [Source:HGNC Symbol;Acc:HGNC:2689]	297	0.8666535019874573	-0.019704724	No	
row_1	NR4A3	nuclear receptor subfamily 4 group A member 3 [Source:HGNC Symbol;Acc:HGNC:7982]	324	0.8380746841430664	-0.018797409	No	
row_2	CD46	CD46 molecule [Source:HGNC Symbol;Acc:HGNC:6953]	470	0.7108524441719055	-0.027423844	No	
row_3	TRPM4	transient receptor potential cation channel subfamily M member 4 [Source:HGNC Symbol;Acc:HGNC:17993]	713	0.5763267874717712	-0.043927938	No	
row_4	APLF	aprataxin and PNKP like factor [Source:HGNC Symbol;Acc:HGNC:28724]	846	0.5228782296180725	-0.052210044	No	
row_5	IL4	interleukin 4 [Source:HGNC Symbol;Acc:HGNC:6014]	987	0.47648885846138	-0.061263744	No	
row_6	KMT5C	lysine methyltransferase 5C [Source:HGNC Symbol;Acc:HGNC:28405]	1009	0.46825796365737915	-0.061251488	No	
row_7	PLA2G1B	phospholipase A2 group IB [Source:HGNC Symbol;Acc:HGNC:9030]	1173	0.423661470413208	-0.07224537	No	
row_8	SHLD1	shieldin complex subunit 1 [Source:HGNC Symbol;Acc:HGNC:26318]	1216	0.41480594873428345	-0.074022606	No	
row_9	LIG4	DNA ligase 4 [Source:HGNC Symbol;Acc:HGNC:6601]	2057	0.27806273102760315	-0.13725795	No	
row_10	MSH2	mutS homolog 2 [Source:HGNC Symbol;Acc:HGNC:7325]	2497	0.23531974852085114	-0.16999513	No	
row_11	PRKCZ	protein kinase C zeta [Source:HGNC Symbol;Acc:HGNC:9412]	2570	0.23019728064537048	-0.17470261	No	
row_12	FER	FER tyrosine kinase [Source:HGNC Symbol;Acc:HGNC:3655]	2632	0.22449909150600433	-0.17858912	No	
row_13	PDPK1	3-phosphoinositide dependent protein kinase 1 [Source:HGNC Symbol;Acc:HGNC:8816]	2974	0.1985515058040619	-0.2039638	No	
row_14	CPLX2	complexin 2 [Source:HGNC Symbol;Acc:HGNC:2310]	3061	0.19333048164844513	-0.20986854	No	
row_15	CD55	CD55 molecule (Cromer blood group) [Source:HGNC Symbol;Acc:HGNC:2665]	3309	0.1763404905796051	-0.2281361	No	
row_16	MLH1	mutL homolog 1 [Source:HGNC Symbol;Acc:HGNC:7127]	3434	0.16988244652748108	-0.23702592	No	
row_17	CHGA	chromogranin A [Source:HGNC Symbol;Acc:HGNC:1929]	3489	0.1665012091398239	-0.24057776	No	
row_18	SHLD2	shieldin complex subunit 2 [Source:HGNC Symbol;Acc:HGNC:28773]	3494	0.16610905528068542	-0.24030979	No	
row_19	THOC1	THO complex 1 [Source:HGNC Symbol;Acc:HGNC:19070]	3944	0.14187291264533997	-0.27413392	No	
row_20	VAMP2	vesicle associated membrane protein 2 [Source:HGNC Symbol;Acc:HGNC:12643]	4070	0.13579058647155762	-0.28321788	No	
row_21	IGHM	immunoglobulin heavy constant mu [Source:HGNC Symbol;Acc:HGNC:5541]	4165	0.13169346749782562	-0.28994688	No	
row_22	JAG1	jagged canonical Notch ligand 1 [Source:HGNC Symbol;Acc:HGNC:6188]	4185	0.13080409169197083	-0.2909472	No	
row_23	SMAD7	SMAD family member 7 [Source:HGNC Symbol;Acc:HGNC:6773]	4288	0.12548799812793732	-0.298309	No	
row_24	SUSD4	sushi domain containing 4 [Source:HGNC Symbol;Acc:HGNC:25470]	4289	0.12542270123958588	-0.29787585	No	
row_25	RIF1	replication timing regulatory factor 1 [Source:HGNC Symbol;Acc:HGNC:23207]	4339	0.12283960729837418	-0.30119637	No	
row_26	ZBTB1	zinc finger and BTB domain containing 1 [Source:HGNC Symbol;Acc:HGNC:20259]	4444	0.11796639859676361	-0.30873698	No	
row_27	NSD2	nuclear receptor binding SET domain protein 2 [Source:HGNC Symbol;Acc:HGNC:12766]	4450	0.11771050840616226	-0.30871257	No	
row_28	HMCES	5-hydroxymethylcytosine binding, ES cell specific [Source:HGNC Symbol;Acc:HGNC:24446]	4547	0.11319224536418915	-0.3156583	No	
row_29	DUSP22	dual specificity phosphatase 22 [Source:HGNC Symbol;Acc:HGNC:16077]	4598	0.11111384630203247	-0.31909576	No	
row_30	CAMK4	calcium/calmodulin dependent protein kinase IV [Source:HGNC Symbol;Acc:HGNC:1464]	4639	0.10947391390800476	-0.3217746	No	
row_31	TUSC2	tumor suppressor 2, mitochondrial calcium regulator [Source:HGNC Symbol;Acc:HGNC:17034]	4704	0.10633917152881622	-0.32629848	No	
row_32	CADM1	cell adhesion molecule 1 [Source:HGNC Symbol;Acc:HGNC:5951]	4780	0.10294981300830841	-0.33167467	No	
row_33	PTGDS	prostaglandin D2 synthase [Source:HGNC Symbol;Acc:HGNC:9592]	4804	0.10202808678150177	-0.33308005	No	
row_34	C12orf4	chromosome 12 open reading frame 4 [Source:HGNC Symbol;Acc:HGNC:1184]	4977	0.0946074053645134	-0.34589815	No	
row_35	NDFIP1	Nedd4 family interacting protein 1 [Source:HGNC Symbol;Acc:HGNC:17592]	4996	0.0937916487455368	-0.34694985	No	
row_36	RASGRP1	RAS guanyl releasing protein 1 [Source:HGNC Symbol;Acc:HGNC:9878]	5006	0.09335950762033463	-0.34731525	No	
row_37	CRK	CRK proto-oncogene, adaptor protein [Source:HGNC Symbol;Acc:HGNC:2362]	5279	0.08166471123695374	-0.36782038	No	
row_38	HPRT1	hypoxanthine phosphoribosyltransferase 1 [Source:HGNC Symbol;Acc:HGNC:5157]	5366	0.0781039446592331	-0.37412304	No	
row_39	DDX1	DEAD-box helicase 1 [Source:HGNC Symbol;Acc:HGNC:2734]	5378	0.07770732045173645	-0.37469533	No	
row_40	CARD9	caspase recruitment domain family member 9 [Source:HGNC Symbol;Acc:HGNC:16391]	5407	0.07664771378040314	-0.3765705	No	
row_41	TFRC	transferrin receptor [Source:HGNC Symbol;Acc:HGNC:11763]	5457	0.07494381070137024	-0.3800564	No	
row_42	KIF5B	kinesin family member 5B [Source:HGNC Symbol;Acc:HGNC:6324]	5552	0.07109063118696213	-0.3869947	No	
row_43	RNF168	ring finger protein 168 [Source:HGNC Symbol;Acc:HGNC:26661]	5754	0.06274642795324326	-0.4021391	No	
row_44	CR2	complement C3d receptor 2 [Source:HGNC Symbol;Acc:HGNC:2336]	5796	0.06101199984550476	-0.40506175	No	
row_45	GNL1	G protein nucleolar 1 (putative) [Source:HGNC Symbol;Acc:HGNC:4413]	5860	0.05811968818306923	-0.40967572	No	
row_46	BCR	BCR activator of RhoGEF and GTPase [Source:HGNC Symbol;Acc:HGNC:1014]	5960	0.05380901321768761	-0.4170558	No	
row_47	PPP3CB	protein phosphatase 3 catalytic subunit beta [Source:HGNC Symbol;Acc:HGNC:9315]	5991	0.05269104987382889	-0.41916654	No	
row_48	TUBB	tubulin beta class I [Source:HGNC Symbol;Acc:HGNC:20778]	6195	0.04349526762962341	-0.43453026	No	
row_49	DHX36	DEAH-box helicase 36 [Source:HGNC Symbol;Acc:HGNC:14410]	6304	0.03847242146730423	-0.44265112	No	
row_50	NBN	nibrin [Source:HGNC Symbol;Acc:HGNC:7652]	6317	0.037998128682374954	-0.44343698	No	
row_51	KMT2E	lysine methyltransferase 2E [Source:HGNC Symbol;Acc:HGNC:18541]	6391	0.03517765924334526	-0.44889438	No	
row_52	EMP2	epithelial membrane protein 2 [Source:HGNC Symbol;Acc:HGNC:3334]	6712	0.020889833569526672	-0.47327772	No	
row_53	STXBP1	syntaxin binding protein 1 [Source:HGNC Symbol;Acc:HGNC:11444]	6795	0.017181282863020897	-0.4794851	No	
row_54	ARL8B	ADP ribosylation factor like GTPase 8B [Source:HGNC Symbol;Acc:HGNC:25564]	6819	0.016360748559236526	-0.48118633	No	
row_55	AP1G1	adaptor related protein complex 1 subunit gamma 1 [Source:HGNC Symbol;Acc:HGNC:555]	6820	0.016353324055671692	-0.48112985	No	
row_56	CX3CR1	C-X3-C motif chemokine receptor 1 [Source:HGNC Symbol;Acc:HGNC:2558]	6884	0.013490796089172363	-0.48589796	No	
row_57	MR1	major histocompatibility complex, class I-related [Source:HGNC Symbol;Acc:HGNC:4975]	6899	0.012948499992489815	-0.48692316	No	
row_58	PAXIP1	PAX interacting protein 1 [Source:HGNC Symbol;Acc:HGNC:8624]	6954	0.00983131118118763	-0.49101606	No	
row_59	STX4	syntaxin 4 [Source:HGNC Symbol;Acc:HGNC:11439]	6960	0.00970086082816124	-0.4913647	No	
row_60	MAP3K7	mitogen-activated protein kinase kinase kinase 7 [Source:HGNC Symbol;Acc:HGNC:6859]	7212	-0.002356388373300433	-0.5105388	No	
row_61	PLEKHM2	pleckstrin homology and RUN domain containing M2 [Source:HGNC Symbol;Acc:HGNC:29131]	7318	-0.006547974888235331	-0.5185407	No	
row_62	IL2	interleukin 2 [Source:HGNC Symbol;Acc:HGNC:6001]	7324	-0.007063490804284811	-0.51889837	No	
row_63	TP53BP1	tumor protein p53 binding protein 1 [Source:HGNC Symbol;Acc:HGNC:11999]	7408	-0.011310144327580929	-0.52520245	No	
row_64	CRTAM	cytotoxic and regulatory T cell molecule [Source:HGNC Symbol;Acc:HGNC:24313]	7467	-0.013651235960423946	-0.52958786	No	
row_65	KIT	KIT proto-oncogene, receptor tyrosine kinase [Source:HGNC Symbol;Acc:HGNC:6342]	7604	-0.020402859896421432	-0.539911	No	
row_66	SNX6	sorting nexin 6 [Source:HGNC Symbol;Acc:HGNC:14970]	7672	-0.02324443683028221	-0.5449511	No	
row_67	CBL	Cbl proto-oncogene [Source:HGNC Symbol;Acc:HGNC:1541]	7925	-0.036041028797626495	-0.5640853	No	
row_68	JAGN1	jagunal homolog 1 [Source:HGNC Symbol;Acc:HGNC:26926]	8046	-0.04163118079304695	-0.5731123	No	
row_69	ATAD5	ATPase family AAA domain containing 5 [Source:HGNC Symbol;Acc:HGNC:25752]	8252	-0.053510796278715134	-0.5885943	No	
row_70	KMT5B	lysine methyltransferase 5B [Source:HGNC Symbol;Acc:HGNC:24283]	8277	-0.05491992458701134	-0.5902388	No	
row_71	GATA3	GATA binding protein 3 [Source:HGNC Symbol;Acc:HGNC:4172]	8309	-0.05682508647441864	-0.5924117	No	
row_72	MAVS	mitochondrial antiviral signaling protein [Source:HGNC Symbol;Acc:HGNC:29233]	8311	-0.05702131241559982	-0.5922912	No	
row_73	CD81	CD81 molecule [Source:HGNC Symbol;Acc:HGNC:1701]	8440	-0.0650256797671318	-0.60184884	No	
row_74	SUPT6H	SPT6 homolog, histone chaperone and transcription elongation factor [Source:HGNC Symbol;Acc:HGNC:11470]	8523	-0.06971243023872375	-0.6078748	No	
row_75	CEBPG	CCAAT enhancer binding protein gamma [Source:HGNC Symbol;Acc:HGNC:1837]	8548	-0.07134270668029785	-0.60946256	No	
row_76	C1QBP	complement C1q binding protein [Source:HGNC Symbol;Acc:HGNC:1243]	8709	-0.0819370299577713	-0.62140733	No	
row_77	RNF8	ring finger protein 8 [Source:HGNC Symbol;Acc:HGNC:10071]	8718	-0.08245417475700378	-0.62173396	No	
row_78	STX7	syntaxin 7 [Source:HGNC Symbol;Acc:HGNC:11442]	8760	-0.08486060798168182	-0.62457424	No	
row_79	RABGEF1	RAB guanine nucleotide exchange factor 1 [Source:HGNC Symbol;Acc:HGNC:17676]	8813	-0.08836833387613297	-0.6282431	No	
row_80	MSH6	mutS homolog 6 [Source:HGNC Symbol;Acc:HGNC:7329]	8904	-0.09406300634145737	-0.6347963	No	
row_81	LYST	lysosomal trafficking regulator [Source:HGNC Symbol;Acc:HGNC:1968]	8913	-0.09465184807777405	-0.6350808	No	
row_82	CLU	clusterin [Source:HGNC Symbol;Acc:HGNC:2095]	9073	-0.10545151680707932	-0.646868	No	
row_83	SPHK2	sphingosine kinase 2 [Source:HGNC Symbol;Acc:HGNC:18859]	9303	-0.12072138488292694	-0.663952	No	
row_84	WDR1	WD repeat domain 1 [Source:HGNC Symbol;Acc:HGNC:12754]	9493	-0.1373586654663086	-0.67792165	No	
row_85	SLC15A4	solute carrier family 15 member 4 [Source:HGNC Symbol;Acc:HGNC:23090]	9853	-0.17477574944496155	-0.70475405	No	
row_86	GFER	growth factor, augmenter of liver regeneration [Source:HGNC Symbol;Acc:HGNC:4236]	9855	-0.17510312795639038	-0.7042258	No	
row_87	SNX4	sorting nexin 4 [Source:HGNC Symbol;Acc:HGNC:11175]	9882	-0.17782345414161682	-0.70559865	No	
row_88	IL18	interleukin 18 [Source:HGNC Symbol;Acc:HGNC:5986]	9936	-0.1832057386636734	-0.7090164	No	
row_89	PRDX1	peroxiredoxin 1 [Source:HGNC Symbol;Acc:HGNC:9352]	9983	-0.18814972043037415	-0.71188205	No	
row_90	PIK3R6	phosphoinositide-3-kinase regulatory subunit 6 [Source:HGNC Symbol;Acc:HGNC:27101]	9994	-0.18987949192523956	-0.71199054	No	
row_91	PIK3CD	phosphatidylinositol-4,5-bisphosphate 3-kinase catalytic subunit delta [Source:HGNC Symbol;Acc:HGNC:8977]	10041	-0.19529178738594055	-0.7148316	No	
row_92	EXOSC3	exosome component 3 [Source:HGNC Symbol;Acc:HGNC:17944]	10194	-0.21316932141780853	-0.72571176	No	
row_93	FBXO38	F-box protein 38 [Source:HGNC Symbol;Acc:HGNC:28844]	10281	-0.22501645982265472	-0.73150706	No	
row_94	PRKCD	protein kinase C delta [Source:HGNC Symbol;Acc:HGNC:9399]	10284	-0.22514791786670685	-0.73088235	No	
row_95	CR1	complement C3b/C4b receptor 1 (Knops blood group) [Source:HGNC Symbol;Acc:HGNC:2334]	10295	-0.22655810415744781	-0.73086417	No	
row_96	CORO1A	coronin 1A [Source:HGNC Symbol;Acc:HGNC:2252]	10379	-0.23673555254936218	-0.7363897	No	
row_97	S100A13	S100 calcium binding protein A13 [Source:HGNC Symbol;Acc:HGNC:10490]	10400	-0.2395227700471878	-0.737091	No	
row_98	BCL6	BCL6 transcription repressor [Source:HGNC Symbol;Acc:HGNC:1001]	10620	-0.27032357454299927	-0.7528941	No	
row_99	VAMP3	vesicle associated membrane protein 3 [Source:HGNC Symbol;Acc:HGNC:12644]	10686	-0.2815931737422943	-0.75688916	No	
row_100	DENND1B	DENN domain containing 1B [Source:HGNC Symbol;Acc:HGNC:28404]	10770	-0.29408881068229675	-0.7622166	No	
row_101	IL20RB	interleukin 20 receptor subunit beta [Source:HGNC Symbol;Acc:HGNC:6004]	10780	-0.29539915919303894	-0.7618843	No	
row_102	RFTN1	raftlin, lipid raft linker 1 [Source:HGNC Symbol;Acc:HGNC:30278]	10824	-0.3028486967086792	-0.7641246	No	
row_103	TRAF2	TNF receptor associated factor 2 [Source:HGNC Symbol;Acc:HGNC:12032]	10885	-0.3134261667728424	-0.7676276	No	
row_104	TUBB4B	tubulin beta 4B class IVb [Source:HGNC Symbol;Acc:HGNC:20771]	10891	-0.31434813141822815	-0.7669241	No	
row_105	DDX21	DExD-box helicase 21 [Source:HGNC Symbol;Acc:HGNC:2744]	10979	-0.32710686326026917	-0.77244323	No	
row_106	ERCC1	ERCC excision repair 1, endonuclease non-catalytic subunit [Source:HGNC Symbol;Acc:HGNC:3433]	11023	-0.3341098725795746	-0.7745756	No	
row_107	STXBP2	syntaxin binding protein 2 [Source:HGNC Symbol;Acc:HGNC:11445]	11074	-0.3439672887325287	-0.77720886	No	
row_108	ACE	angiotensin I converting enzyme [Source:HGNC Symbol;Acc:HGNC:2707]	11140	-0.35956647992134094	-0.7809346	No	
row_109	ARRB2	arrestin beta 2 [Source:HGNC Symbol;Acc:HGNC:712]	11184	-0.3717876076698303	-0.7829368	No	
row_110	BCL10	BCL10 immune signaling adaptor [Source:HGNC Symbol;Acc:HGNC:989]	11283	-0.3952125906944275	-0.7890614	No	
row_111	ADAM17	ADAM metallopeptidase domain 17 [Source:HGNC Symbol;Acc:HGNC:195]	11327	-0.40658193826675415	-0.7909435	No	
row_112	STXBP3	syntaxin binding protein 3 [Source:HGNC Symbol;Acc:HGNC:11446]	11389	-0.42384016513824463	-0.79414153	No	
row_113	FOXJ1	forkhead box J1 [Source:HGNC Symbol;Acc:HGNC:3816]	11397	-0.4254794716835022	-0.7932071	No	
row_114	SNAP23	synaptosome associated protein 23 [Source:HGNC Symbol;Acc:HGNC:11131]	11401	-0.42725491523742676	-0.79196084	No	
row_115	MAD2L2	mitotic arrest deficient 2 like 2 [Source:HGNC Symbol;Acc:HGNC:6764]	11403	-0.4283888041973114	-0.7905578	No	
row_116	PLA2G3	phospholipase A2 group III [Source:HGNC Symbol;Acc:HGNC:17934]	11417	-0.4342503547668457	-0.7900516	No	
row_117	LAMP1	lysosomal associated membrane protein 1 [Source:HGNC Symbol;Acc:HGNC:6499]	11439	-0.43872785568237305	-0.79014134	No	
row_118	TBX21	T-box 21 [Source:HGNC Symbol;Acc:HGNC:11599]	11514	-0.46224460005760193	-0.7942003	No	
row_119	RNF19B	ring finger protein 19B [Source:HGNC Symbol;Acc:HGNC:26886]	11611	-0.4984840154647827	-0.7998154	No	
row_120	PVR	PVR cell adhesion molecule [Source:HGNC Symbol;Acc:HGNC:9705]	11618	-0.5014012455940247	-0.7985423	No	
row_121	TREM2	triggering receptor expressed on myeloid cells 2 [Source:HGNC Symbol;Acc:HGNC:17761]	11625	-0.5038224458694458	-0.7972609	No	
row_122	RAB27A	RAB27A, member RAS oncogene family [Source:HGNC Symbol;Acc:HGNC:9766]	11731	-0.5529008507728577	-0.8033759	No	
row_123	AGER	advanced glycosylation end-product specific receptor [Source:HGNC Symbol;Acc:HGNC:320]	11844	-0.6114444732666016	-0.80982363	No	
row_124	GAB2	GRB2 associated binding protein 2 [Source:HGNC Symbol;Acc:HGNC:14458]	11881	-0.634711503982544	-0.8103829	No	
row_125	ADORA2B	adenosine A2b receptor [Source:HGNC Symbol;Acc:HGNC:264]	11903	-0.6444120407104492	-0.8097623	No	
row_126	TRAF6	TNF receptor associated factor 6 [Source:HGNC Symbol;Acc:HGNC:12036]	11923	-0.6538277268409729	-0.8089563	No	
row_127	STAP1	signal transducing adaptor family member 1 [Source:HGNC Symbol;Acc:HGNC:24133]	12035	-0.7126943469047546	-0.814978	No	
row_128	VAMP8	vesicle associated membrane protein 8 [Source:HGNC Symbol;Acc:HGNC:12647]	12039	-0.7152400612831116	-0.81273717	No	
row_129	SWAP70	switching B cell complex subunit SWAP70 [Source:HGNC Symbol;Acc:HGNC:17070]	12102	-0.7572450041770935	-0.8148602	No	
row_130	CEACAM1	carcinoembryonic antigen related cell adhesion molecule 1 [Source:HGNC Symbol;Acc:HGNC:1814]	12140	-0.7821909189224243	-0.8149866	Yes	
row_131	UNG	uracil DNA glycosylase [Source:HGNC Symbol;Acc:HGNC:12572]	12145	-0.7864665985107422	-0.8125762	Yes	
row_132	ANXA3	annexin A3 [Source:HGNC Symbol;Acc:HGNC:541]	12158	-0.803488552570343	-0.81071836	Yes	
row_133	P2RX7	purinergic receptor P2X 7 [Source:HGNC Symbol;Acc:HGNC:8537]	12203	-0.830166757106781	-0.81121397	Yes	
row_134	NECTIN2	nectin cell adhesion molecule 2 [Source:HGNC Symbol;Acc:HGNC:9707]	12209	-0.8350293636322021	-0.8087123	Yes	
row_135	TRBC2	T cell receptor beta constant 2 [Source:HGNC Symbol;Acc:HGNC:12157]	12212	-0.8367474675178528	-0.80597544	Yes	
row_136	TICAM1	toll like receptor adaptor molecule 1 [Source:HGNC Symbol;Acc:HGNC:18348]	12234	-0.8556047677993774	-0.80462545	Yes	
row_137	TRAF3IP2	TRAF3 interacting protein 2 [Source:HGNC Symbol;Acc:HGNC:1343]	12314	-0.9277524352073669	-0.8074589	Yes	
row_138	FADD	Fas associated via death domain [Source:HGNC Symbol;Acc:HGNC:3573]	12345	-0.9544616937637329	-0.8064553	Yes	
row_139	FZD5	frizzled class receptor 5 [Source:HGNC Symbol;Acc:HGNC:4043]	12349	-0.9562937021255493	-0.803382	Yes	
row_140	C1QC	complement C1q C chain [Source:HGNC Symbol;Acc:HGNC:1245]	12386	-1.0127390623092651	-0.80263567	Yes	
row_141	C1QA	complement C1q A chain [Source:HGNC Symbol;Acc:HGNC:1241]	12404	-1.0306638479232788	-0.8003754	Yes	
row_142	CD300A	CD300a molecule [Source:HGNC Symbol;Acc:HGNC:19319]	12421	-1.0459003448486328	-0.79798615	Yes	
row_143	CD28	CD28 molecule [Source:HGNC Symbol;Acc:HGNC:1653]	12423	-1.046858549118042	-0.7944472	Yes	
row_144	IRAK4	interleukin 1 receptor associated kinase 4 [Source:HGNC Symbol;Acc:HGNC:17967]	12424	-1.0484565496444702	-0.7908263	Yes	
row_145	C1RL	complement C1r subcomponent like [Source:HGNC Symbol;Acc:HGNC:21265]	12437	-1.061173439025879	-0.7880786	Yes	
row_146	C1QB	complement C1q B chain [Source:HGNC Symbol;Acc:HGNC:1242]	12444	-1.0711430311203003	-0.7848379	Yes	
row_147	IGKC	immunoglobulin kappa constant [Source:HGNC Symbol;Acc:HGNC:5716]	12446	-1.0751280784606934	-0.7812013	Yes	
row_148	IGHA1	immunoglobulin heavy constant alpha 1 [Source:HGNC Symbol;Acc:HGNC:5478]	12456	-1.0936496257781982	-0.7781122	Yes	
row_149	SLAMF1	signaling lymphocytic activation molecule family member 1 [Source:HGNC Symbol;Acc:HGNC:10903]	12463	-1.1003212928771973	-0.77477074	Yes	
row_150	UNC13D	unc-13 homolog D [Source:HGNC Symbol;Acc:HGNC:23147]	12471	-1.1171257495880127	-0.77144766	Yes	
row_151	B2M	beta-2-microglobulin [Source:HGNC Symbol;Acc:HGNC:914]	12473	-1.118391513824463	-0.7676617	Yes	
row_152	JAK3	Janus kinase 3 [Source:HGNC Symbol;Acc:HGNC:6193]	12476	-1.1279429197311401	-0.7639191	Yes	
row_153	MALT1	MALT1 paracaspase [Source:HGNC Symbol;Acc:HGNC:6819]	12490	-1.142586588859558	-0.76096666	Yes	
row_154	CTSH	cathepsin H [Source:HGNC Symbol;Acc:HGNC:2535]	12494	-1.1514723300933838	-0.75721925	Yes	
row_155	HFE	homeostatic iron regulator [Source:HGNC Symbol;Acc:HGNC:4886]	12497	-1.152908205986023	-0.7533905	Yes	
row_156	LYN	LYN proto-oncogene, Src family tyrosine kinase [Source:HGNC Symbol;Acc:HGNC:6735]	12499	-1.154542088508606	-0.74947965	Yes	
row_157	ITGAM	integrin subunit alpha M [Source:HGNC Symbol;Acc:HGNC:6149]	12532	-1.188663125038147	-0.74782014	Yes	
row_158	TGFB1	transforming growth factor beta 1 [Source:HGNC Symbol;Acc:HGNC:11766]	12548	-1.212853193283081	-0.74477786	Yes	
row_159	HLA-DMA	major histocompatibility complex, class II, DM alpha [Source:HGNC Symbol;Acc:HGNC:4934]	12554	-1.2230600118637085	-0.7409361	Yes	
row_160	IL1R1	interleukin 1 receptor type 1 [Source:HGNC Symbol;Acc:HGNC:5993]	12568	-1.2378168106079102	-0.73765475	Yes	
row_161	NCKAP1L	NCK associated protein 1 like [Source:HGNC Symbol;Acc:HGNC:4862]	12583	-1.265770435333252	-0.73435324	Yes	
row_162	FOXF1	forkhead box F1 [Source:HGNC Symbol;Acc:HGNC:3809]	12586	-1.271178960800171	-0.73011607	Yes	
row_163	TYROBP	TYRO protein tyrosine kinase binding protein [Source:HGNC Symbol;Acc:HGNC:12449]	12598	-1.2893348932266235	-0.72650397	Yes	
row_164	GATA2	GATA binding protein 2 [Source:HGNC Symbol;Acc:HGNC:4171]	12649	-1.3658682107925415	-0.72560805	Yes	
row_165	MICA	MHC class I polypeptide-related sequence A [Source:HGNC Symbol;Acc:HGNC:7090]	12650	-1.366855502128601	-0.72088754	Yes	
row_166	INPP5D	inositol polyphosphate-5-phosphatase D [Source:HGNC Symbol;Acc:HGNC:6079]	12652	-1.3713209629058838	-0.71622807	Yes	
row_167	STAT6	signal transducer and activator of transcription 6 [Source:HGNC Symbol;Acc:HGNC:11368]	12659	-1.3939892053604126	-0.7118724	Yes	
row_168	PIK3CG	phosphatidylinositol-4,5-bisphosphate 3-kinase catalytic subunit gamma [Source:HGNC Symbol;Acc:HGNC:8978]	12660	-1.3965299129486084	-0.7070494	Yes	
row_169	ARID5A	AT-rich interaction domain 5A [Source:HGNC Symbol;Acc:HGNC:17361]	12678	-1.4312337636947632	-0.7034058	Yes	
row_170	TLR3	toll like receptor 3 [Source:HGNC Symbol;Acc:HGNC:11849]	12716	-1.505021572113037	-0.70103586	Yes	
row_171	SERPINB9	serpin family B member 9 [Source:HGNC Symbol;Acc:HGNC:8955]	12732	-1.5375686883926392	-0.6968721	Yes	
row_172	MYD88	MYD88 innate immune signal transduction adaptor [Source:HGNC Symbol;Acc:HGNC:7562]	12742	-1.5513466596603394	-0.6922023	Yes	
row_173	HPX	hemopexin [Source:HGNC Symbol;Acc:HGNC:5171]	12748	-1.561322808265686	-0.6871923	Yes	
row_174	TCIRG1	T cell immune regulator 1, ATPase H+ transporting V0 subunit a3 [Source:HGNC Symbol;Acc:HGNC:11647]	12761	-1.602987289428711	-0.68257344	Yes	
row_175	C4A	complement C4A (Rodgers blood group) [Source:HGNC Symbol;Acc:HGNC:1323]	12788	-1.6785578727722168	-0.67876345	Yes	
row_176	BTK	Bruton tyrosine kinase [Source:HGNC Symbol;Acc:HGNC:1133]	12793	-1.687743902206421	-0.6732405	Yes	
row_177	CTSC	cathepsin C [Source:HGNC Symbol;Acc:HGNC:2528]	12815	-1.7535220384597778	-0.6687895	Yes	
row_178	LAT2	linker for activation of T cells family member 2 [Source:HGNC Symbol;Acc:HGNC:12749]	12821	-1.771233320236206	-0.6630546	Yes	
row_179	NLRP3	NLR family pyrin domain containing 3 [Source:HGNC Symbol;Acc:HGNC:16400]	12833	-1.8187140226364136	-0.6576143	Yes	
row_180	FES	FES proto-oncogene, tyrosine kinase [Source:HGNC Symbol;Acc:HGNC:3657]	12857	-1.8652138710021973	-0.65293044	Yes	
row_181	ARG1	arginase 1 [Source:HGNC Symbol;Acc:HGNC:663]	12859	-1.8745911121368408	-0.6465329	Yes	
row_182	NOD2	nucleotide binding oligomerization domain containing 2 [Source:HGNC Symbol;Acc:HGNC:5331]	12865	-1.8870857954025269	-0.64039785	Yes	
row_183	IL4R	interleukin 4 receptor [Source:HGNC Symbol;Acc:HGNC:6015]	12880	-1.922226071357727	-0.63482934	Yes	
row_184	FCER1G	Fc fragment of IgE receptor Ig [Source:HGNC Symbol;Acc:HGNC:3611]	12890	-1.9575062990188599	-0.6287568	Yes	
row_185	PARP3	poly(ADP-ribose) polymerase family member 3 [Source:HGNC Symbol;Acc:HGNC:273]	12893	-1.9706056118011475	-0.6221041	Yes	
row_186	C1S	complement C1s [Source:HGNC Symbol;Acc:HGNC:1247]	12898	-1.9825427532196045	-0.615563	Yes	
row_187	TREM1	triggering receptor expressed on myeloid cells 1 [Source:HGNC Symbol;Acc:HGNC:17760]	12900	-1.992090106010437	-0.60875964	Yes	
row_188	CD1D	CD1d molecule [Source:HGNC Symbol;Acc:HGNC:1637]	12909	-2.011352062225342	-0.60242474	Yes	
row_189	CCL3	C-C motif chemokine ligand 3 [Source:HGNC Symbol;Acc:HGNC:10627]	12910	-2.0173068046569824	-0.5954579	Yes	
row_190	RSAD2	radical S-adenosyl methionine domain containing 2 [Source:HGNC Symbol;Acc:HGNC:30908]	12911	-2.018421173095703	-0.5884872	Yes	
row_191	SERPING1	serpin family G member 1 [Source:HGNC Symbol;Acc:HGNC:1228]	12912	-2.0194497108459473	-0.581513	Yes	
row_192	BST2	bone marrow stromal cell antigen 2 [Source:HGNC Symbol;Acc:HGNC:1119]	12920	-2.0329341888427734	-0.5750271	Yes	
row_193	PTPN6	protein tyrosine phosphatase non-receptor type 6 [Source:HGNC Symbol;Acc:HGNC:9658]	12929	-2.0592994689941406	-0.5685266	Yes	
row_194	VAV1	vav guanine nucleotide exchange factor 1 [Source:HGNC Symbol;Acc:HGNC:12657]	12932	-2.0627310276031494	-0.56155574	Yes	
row_195	SYK	spleen associated tyrosine kinase [Source:HGNC Symbol;Acc:HGNC:11491]	12934	-2.071566104888916	-0.55447793	Yes	
row_196	HMOX1	heme oxygenase 1 [Source:HGNC Symbol;Acc:HGNC:5013]	12936	-2.079866647720337	-0.5473715	Yes	
row_197	HAVCR2	hepatitis A virus cellular receptor 2 [Source:HGNC Symbol;Acc:HGNC:18437]	12958	-2.150355339050293	-0.54155004	Yes	
row_198	RIPK3	receptor interacting serine/threonine kinase 3 [Source:HGNC Symbol;Acc:HGNC:10021]	12977	-2.203356981277466	-0.5353163	Yes	
row_199	SLAMF6	SLAM family member 6 [Source:HGNC Symbol;Acc:HGNC:21392]	12985	-2.2255918979644775	-0.5281651	Yes	
row_200	SLAMF9	SLAM family member 9 [Source:HGNC Symbol;Acc:HGNC:18430]	13006	-2.30002760887146	-0.52175033	Yes	
row_201	DDX58	DExD/H-box helicase 58 [Source:HGNC Symbol;Acc:HGNC:19102]	13009	-2.3021128177642822	-0.51395273	Yes	
row_202	IL6	interleukin 6 [Source:HGNC Symbol;Acc:HGNC:6018]	13013	-2.304513931274414	-0.50622326	Yes	
row_203	CLCF1	cardiotrophin like cytokine factor 1 [Source:HGNC Symbol;Acc:HGNC:17412]	13020	-2.3279359340667725	-0.49864218	Yes	
row_204	CD74	CD74 molecule [Source:HGNC Symbol;Acc:HGNC:1697]	13023	-2.3369808197021484	-0.49072418	Yes	
row_205	PTPRC	protein tyrosine phosphatase receptor type C [Source:HGNC Symbol;Acc:HGNC:9666]	13047	-2.397634506225586	-0.4842016	Yes	
row_206	MYO1G	myosin IG [Source:HGNC Symbol;Acc:HGNC:13880]	13048	-2.4009087085723877	-0.47590998	Yes	
row_207	C2	complement C2 [Source:HGNC Symbol;Acc:HGNC:1248]	13049	-2.4040307998657227	-0.46760756	Yes	
row_208	WAS	WASP actin nucleation promoting factor [Source:HGNC Symbol;Acc:HGNC:12731]	13068	-2.46127986907959	-0.46048304	Yes	
row_209	BATF	basic leucine zipper ATF-like transcription factor [Source:HGNC Symbol;Acc:HGNC:958]	13074	-2.4776346683502197	-0.45230857	Yes	
row_210	IRF7	interferon regulatory factor 7 [Source:HGNC Symbol;Acc:HGNC:6122]	13088	-2.53041410446167	-0.44456318	Yes	
row_211	IFNB1	interferon beta 1 [Source:HGNC Symbol;Acc:HGNC:5434]	13099	-2.5572633743286133	-0.4364958	Yes	
row_212	C1R	complement C1r [Source:HGNC Symbol;Acc:HGNC:1246]	13101	-2.5632481575012207	-0.42771995	Yes	
row_213	RAC2	Rac family small GTPase 2 [Source:HGNC Symbol;Acc:HGNC:9802]	13104	-2.565918445587158	-0.4190113	Yes	
row_214	CSF2RB	colony stimulating factor 2 receptor beta common subunit [Source:HGNC Symbol;Acc:HGNC:2436]	13119	-2.6046905517578125	-0.41108584	Yes	
row_215	HLA-DQB1	major histocompatibility complex, class II, DQ beta 1 [Source:HGNC Symbol;Acc:HGNC:4944]	13128	-2.6507036685943604	-0.40254292	Yes	
row_216	IL21R	interleukin 21 receptor [Source:HGNC Symbol;Acc:HGNC:6006]	13132	-2.6676392555236816	-0.3935594	Yes	
row_217	SPI1	Spi-1 proto-oncogene [Source:HGNC Symbol;Acc:HGNC:11241]	13133	-2.6677331924438477	-0.38434628	Yes	
row_218	CD40	CD40 molecule [Source:HGNC Symbol;Acc:HGNC:11919]	13139	-2.693387508392334	-0.37542668	Yes	
row_219	KLRD1	killer cell lectin like receptor D1 [Source:HGNC Symbol;Acc:HGNC:6378]	13141	-2.69734525680542	-0.36618772	Yes	
row_220	IL7R	interleukin 7 receptor [Source:HGNC Symbol;Acc:HGNC:6024]	13142	-2.6980695724487305	-0.35686982	Yes	
row_221	PTAFR	platelet activating factor receptor [Source:HGNC Symbol;Acc:HGNC:9582]	13147	-2.7209060192108154	-0.34777877	Yes	
row_222	SLAMF7	SLAM family member 7 [Source:HGNC Symbol;Acc:HGNC:21394]	13148	-2.7218472957611084	-0.33837876	Yes	
row_223	CD8A	CD8a molecule [Source:HGNC Symbol;Acc:HGNC:1706]	13151	-2.737701416015625	-0.32907686	Yes	
row_224	TRBC1	T cell receptor beta constant 1 [Source:HGNC Symbol;Acc:HGNC:12156]	13153	-2.7407925128936768	-0.31968784	Yes	
row_225	FCGR2B	Fc fragment of IgG receptor IIb [Source:HGNC Symbol;Acc:HGNC:3618]	13158	-2.755366563796997	-0.31047776	Yes	
row_226	IL1B	interleukin 1 beta [Source:HGNC Symbol;Acc:HGNC:5992]	13160	-2.7633743286132812	-0.3010108	Yes	
row_227	CD84	CD84 molecule [Source:HGNC Symbol;Acc:HGNC:1704]	13168	-2.8030569553375244	-0.2918653	Yes	
row_228	TNFRSF1B	TNF receptor superfamily member 1B [Source:HGNC Symbol;Acc:HGNC:11917]	13180	-2.8627378940582275	-0.28281936	Yes	
row_229	TLR4	toll like receptor 4 [Source:HGNC Symbol;Acc:HGNC:11850]	13184	-2.874952554702759	-0.27311987	Yes	
row_230	C3	complement C3 [Source:HGNC Symbol;Acc:HGNC:1318]	13187	-2.885869026184082	-0.26330626	Yes	
row_231	NKG7	natural killer cell granule protein 7 [Source:HGNC Symbol;Acc:HGNC:7830]	13190	-2.903459072113037	-0.2534319	Yes	
row_232	LAT	linker for activation of T cells [Source:HGNC Symbol;Acc:HGNC:18874]	13195	-2.9246413707733154	-0.24363723	Yes	
row_233	CCR2	C-C motif chemokine receptor 2 [Source:HGNC Symbol;Acc:HGNC:1603]	13202	-2.941856861114502	-0.23393595	Yes	
row_234	ICAM1	intercellular adhesion molecule 1 [Source:HGNC Symbol;Acc:HGNC:5344]	13207	-2.96921706199646	-0.22398734	Yes	
row_235	NOS2	nitric oxide synthase 2 [Source:HGNC Symbol;Acc:HGNC:7873]	13217	-3.02119779586792	-0.21424134	Yes	
row_236	PLCG2	phospholipase C gamma 2 [Source:NCBI gene;Acc:5336]	13222	-3.042161464691162	-0.20404081	Yes	
row_237	HLA-DMB	major histocompatibility complex, class II, DM beta [Source:HGNC Symbol;Acc:HGNC:4935]	13227	-3.0603208541870117	-0.19377756	Yes	
row_238	PRF1	perforin 1 [Source:HGNC Symbol;Acc:HGNC:9360]	13242	-3.156561851501465	-0.18394618	Yes	
row_239	SASH3	SAM and SH3 domain containing 3 [Source:HGNC Symbol;Acc:HGNC:15975]	13246	-3.185924530029297	-0.17317274	Yes	
row_240	MILR1	mast cell immunoglobulin like receptor 1 [Source:HGNC Symbol;Acc:HGNC:27570]	13247	-3.199131727218628	-0.16212443	Yes	
row_241	GZMB	granzyme B [Source:HGNC Symbol;Acc:HGNC:4709]	13249	-3.2067456245422363	-0.15112622	Yes	
row_242	FCGR1A	Fc fragment of IgG receptor Ia [Source:HGNC Symbol;Acc:HGNC:3613]	13252	-3.2211050987243652	-0.14015487	Yes	
row_243	KLRK1	killer cell lectin like receptor K1 [Source:HGNC Symbol;Acc:HGNC:18788]	13253	-3.2218995094299316	-0.1290279	Yes	
row_244	CXCL6	C-X-C motif chemokine ligand 6 [Source:HGNC Symbol;Acc:HGNC:10643]	13260	-3.2467052936553955	-0.118273824	Yes	
row_245	BCL3	BCL3 transcription coactivator [Source:HGNC Symbol;Acc:HGNC:998]	13264	-3.2798244953155518	-0.107176095	Yes	
row_246	ITGB2	integrin subunit beta 2 [Source:HGNC Symbol;Acc:HGNC:6155]	13273	-3.344736337661743	-0.09623631	Yes	
row_247	DNASE1L3	deoxyribonuclease 1 like 3 [Source:HGNC Symbol;Acc:HGNC:2959]	13298	-3.6645095348358154	-0.085414946	Yes	
row_248	IL12RB1	interleukin 12 receptor subunit beta 1 [Source:HGNC Symbol;Acc:HGNC:5971]	13309	-3.862640857696533	-0.0728394	Yes	
row_249	IL12B	interleukin 12B [Source:HGNC Symbol;Acc:HGNC:5970]	13321	-4.15106201171875	-0.05934421	Yes	
row_250	FGR	FGR proto-oncogene, Src family tyrosine kinase [Source:HGNC Symbol;Acc:HGNC:3697]	13322	-4.204682350158691	-0.044823177	Yes	
row_251	CLEC7A	C-type lectin domain containing 7A [Source:HGNC Symbol;Acc:HGNC:14558]	13326	-4.382608890533447	-0.02991694	Yes	
row_252	SCIMP	SLP adaptor and CSK interacting membrane protein [Source:HGNC Symbol;Acc:HGNC:33504]	13328	-4.431081771850586	-0.014690454	Yes	
row_253	TNF	tumor necrosis factor [Source:HGNC Symbol;Acc:HGNC:11892]	13331	-4.453005790710449	5.353253E-4	Yes	
