NAME	SYMBOL	TITLE	RANK IN GENE LIST	RANK METRIC SCORE	RUNNING ES	CORE ENRICHMENT	
row_0	Evpl	envoplakin [Source:MGI Symbol;Acc:MGI:107507]	236	1.089576244354248	-0.011668883	No	
row_1	Peli3	pellino 3 [Source:MGI Symbol;Acc:MGI:1924963]	326	0.9712520837783813	-0.014100823	No	
row_2	Stab2	stabilin 2 [Source:MGI Symbol;Acc:MGI:2178743]	440	0.867010235786438	-0.018474922	No	
row_3	H2bc21	H2B clustered histone 21 [Source:MGI Symbol;Acc:MGI:2448415]	590	0.7606025338172913	-0.025586762	No	
row_4	Defb42	defensin beta 42 [Source:MGI Symbol;Acc:MGI:3033850]	694	0.7082936763763428	-0.029861817	No	
row_5	Unc13b	unc-13 homolog B [Source:MGI Symbol;Acc:MGI:1342278]	1025	0.577250599861145	-0.04950302	No	
row_6	Pla2g1b	phospholipase A2, group IB, pancreas [Source:MGI Symbol;Acc:MGI:101842]	1617	0.423661470413208	-0.08682217	No	
row_7	Ighg2c	immunoglobulin heavy constant gamma 2C [Source:MGI Symbol;Acc:MGI:2686979]	1744	0.4025301933288574	-0.09368169	No	
row_8	Pla2g6	phospholipase A2, group VI [Source:MGI Symbol;Acc:MGI:1859152]	1804	0.38948148488998413	-0.09618757	No	
row_9	Adamts4	ADAM metallopeptidase with thrombospondin type 1 motif 4 [Source:MGI Symbol;Acc:MGI:1339949]	1806	0.389303594827652	-0.09488554	No	
row_10	Cd4	CD4 antigen [Source:MGI Symbol;Acc:MGI:88335]	1919	0.3724377453327179	-0.100931495	No	
row_11	Adgrb1	adhesion G protein-coupled receptor B1 [Source:MGI Symbol;Acc:MGI:1933736]	2052	0.35189515352249146	-0.108362906	No	
row_12	Slc15a2	solute carrier family 15 (H+/peptide transporter), member 2 [Source:MGI Symbol;Acc:MGI:1890457]	2211	0.33297571539878845	-0.117568046	No	
row_13	Scd1	stearoyl-Coenzyme A desaturase 1 [Source:MGI Symbol;Acc:MGI:98239]	2423	0.3060877025127411	-0.13034785	No	
row_14	Vgf	VGF nerve growth factor inducible [Source:MGI Symbol;Acc:MGI:1343180]	2561	0.2921639084815979	-0.13831742	No	
row_15	Lgals4	lectin, galactose binding, soluble 4 [Source:MGI Symbol;Acc:MGI:107536]	2728	0.2736288011074066	-0.14825638	No	
row_16	Vip	vasoactive intestinal polypeptide [Source:MGI Symbol;Acc:MGI:98933]	2790	0.2686198055744171	-0.15131818	No	
row_17	Drosha	drosha, ribonuclease type III [Source:MGI Symbol;Acc:MGI:1261425]	3185	0.2348402440547943	-0.17636484	No	
row_18	Chga	chromogranin A [Source:MGI Symbol;Acc:MGI:88394]	4268	0.1665012091398239	-0.24682856	No	
row_19	Nagk	N-acetylglucosamine kinase [Source:MGI Symbol;Acc:MGI:1860418]	4404	0.15858584642410278	-0.25513607	No	
row_20	Bpifa1	BPI fold containing family A, member 1 [Source:MGI Symbol;Acc:MGI:1338036]	4544	0.15245556831359863	-0.2637278	No	
row_21	Ighm	immunoglobulin heavy constant mu [Source:MGI Symbol;Acc:MGI:96448]	4996	0.13169346749782562	-0.2928797	No	
row_22	Npy	neuropeptide Y [Source:MGI Symbol;Acc:MGI:97374]	5102	0.1270381659269333	-0.29932812	No	
row_23	Tac1	tachykinin 1 [Source:MGI Symbol;Acc:MGI:98474]	5445	0.11212199181318283	-0.32139137	No	
row_24	Romo1	reactive oxygen species modulator 1 [Source:MGI Symbol;Acc:MGI:1914317]	5565	0.10736269503831863	-0.32882822	No	
row_25	Tusc2	tumor suppressor 2, mitochondrial calcium regulator [Source:MGI Symbol;Acc:MGI:1931086]	5592	0.10633917152881622	-0.3301619	No	
row_26	Dao	D-amino acid oxidase [Source:MGI Symbol;Acc:MGI:94859]	5667	0.10353121161460876	-0.33465734	No	
row_27	Ppp1r11	protein phosphatase 1, regulatory inhibitor subunit 11 [Source:MGI Symbol;Acc:MGI:1923747]	5787	0.09858133643865585	-0.34212506	No	
row_28	Marchf2	membrane associated ring-CH-type finger 2 [Source:MGI Symbol;Acc:MGI:1925915]	5966	0.09174118936061859	-0.35349098	No	
row_29	Foxp1	forkhead box P1 [Source:MGI Symbol;Acc:MGI:1914004]	6280	0.07949679344892502	-0.37376457	No	
row_30	Slc9a9	solute carrier family 9 (sodium/hydrogen exchanger), member 9 [Source:MGI Symbol;Acc:MGI:2679732]	6294	0.07861243933439255	-0.37434202	No	
row_31	Card9	caspase recruitment domain family, member 9 [Source:MGI Symbol;Acc:MGI:2685628]	6355	0.07664771378040314	-0.3780126	No	
row_32	Syt11	synaptotagmin XI [Source:MGI Symbol;Acc:MGI:1859547]	6393	0.0753982812166214	-0.3801773	No	
row_33	Mapkbp1	mitogen-activated protein kinase binding protein 1 [Source:MGI Symbol;Acc:MGI:1347004]	6498	0.07138705998659134	-0.3867556	No	
row_34	Abcc1	ATP-binding cassette, sub-family C member 1 [Source:MGI Symbol;Acc:MGI:102676]	6888	0.056941013783216476	-0.4120989	No	
row_35	Wfdc18	WAP four-disulfide core domain 18 [Source:MGI Symbol;Acc:MGI:107506]	7201	0.04406028613448143	-0.43243134	No	
row_36	Ankrd17	ankyrin repeat domain 17 [Source:MGI Symbol;Acc:MGI:1932101]	7480	0.03276115655899048	-0.45057088	No	
row_37	Rbck1	RanBP-type and C3HC4-type zinc finger containing 1 [Source:MGI Symbol;Acc:MGI:1344372]	7489	0.032315563410520554	-0.45098266	No	
row_38	App	amyloid beta precursor protein [Source:MGI Symbol;Acc:MGI:88059]	7674	0.02479456551373005	-0.46297777	No	
row_39	Mr1	major histocompatibility complex, class I-related [Source:MGI Symbol;Acc:MGI:1195463]	7982	0.012948499992489815	-0.4830912	No	
row_40	Map3k7	mitogen-activated protein kinase kinase kinase 7 [Source:MGI Symbol;Acc:MGI:1346877]	8323	-0.002356388373300433	-0.50540876	No	
row_41	Pcyox1l	prenylcysteine oxidase 1 like [Source:MGI Symbol;Acc:MGI:3606062]	8382	-0.004373962990939617	-0.5092019	No	
row_42	Rpl39	ribosomal protein L39 [Source:MGI Symbol;Acc:MGI:1914498]	8544	-0.01135927066206932	-0.5197339	No	
row_43	Tmf1	TATA element modulatory factor 1 [Source:MGI Symbol;Acc:MGI:2684999]	8683	-0.017069566994905472	-0.52873564	No	
row_44	Pld1	phospholipase D1 [Source:MGI Symbol;Acc:MGI:109585]	8710	-0.018466586247086525	-0.530378	No	
row_45	Akirin2	akirin 2 [Source:MGI Symbol;Acc:MGI:1889364]	8859	-0.024124056100845337	-0.5400116	No	
row_46	Xiap	X-linked inhibitor of apoptosis [Source:MGI Symbol;Acc:MGI:107572]	9036	-0.03186372295022011	-0.5514565	No	
row_47	Rab14	RAB14, member RAS oncogene family [Source:MGI Symbol;Acc:MGI:1915615]	9076	-0.03393256291747093	-0.5538982	No	
row_48	Mavs	mitochondrial antiviral signaling protein [Source:MGI Symbol;Acc:MGI:2444773]	9551	-0.05702131241559982	-0.5848227	No	
row_49	Rab1a	RAB1A, member RAS oncogene family [Source:MGI Symbol;Acc:MGI:97842]	9760	-0.06750886142253876	-0.5982437	No	
row_50	Pten	phosphatase and tensin homolog [Source:MGI Symbol;Acc:MGI:109583]	9894	-0.0750245675444603	-0.6067135	No	
row_51	Sharpin	SHANK-associated RH domain interacting protein [Source:MGI Symbol;Acc:MGI:1913331]	10055	-0.08485818654298782	-0.6169216	No	
row_52	Tab3	TGF-beta activated kinase 1/MAP3K7 binding protein 3 [Source:MGI Symbol;Acc:MGI:1913974]	10072	-0.08579041808843613	-0.61767083	No	
row_53	Rab34	RAB34, member RAS oncogene family [Source:MGI Symbol;Acc:MGI:104606]	10212	-0.09377778321504593	-0.6264687	No	
row_54	Lyst	lysosomal trafficking regulator [Source:MGI Symbol;Acc:MGI:107448]	10231	-0.09465184807777405	-0.62731814	No	
row_55	Prkd1	protein kinase D1 [Source:MGI Symbol;Acc:MGI:99879]	10535	-0.11252781748771667	-0.64681906	No	
row_56	Dhx15	DEAH-box helicase 15 [Source:MGI Symbol;Acc:MGI:1099786]	10629	-0.11811394989490509	-0.6525109	No	
row_57	Fau	FAU ubiquitin like and ribosomal protein S30 fusion [Source:MGI Symbol;Acc:MGI:102547]	10687	-0.12282424420118332	-0.6558222	No	
row_58	Ikbkg	inhibitor of kappaB kinase gamma [Source:MGI Symbol;Acc:MGI:1338074]	10783	-0.12979091703891754	-0.66160434	No	
row_59	Rpl30	ribosomal protein L30 [Source:MGI Symbol;Acc:MGI:98037]	10786	-0.12995843589305878	-0.6612791	No	
row_60	Seh1l	SEH1-like (S. cerevisiae [Source:MGI Symbol;Acc:MGI:1919374]	11348	-0.17853087186813354	-0.6974895	No	
row_61	Il18	interleukin 18 [Source:MGI Symbol;Acc:MGI:107936]	11397	-0.1832057386636734	-0.6999978	No	
row_62	Tab2	TGF-beta activated kinase 1/MAP3K7 binding protein 2 [Source:MGI Symbol;Acc:MGI:1915902]	11658	-0.21016943454742432	-0.7163321	No	
row_63	Prkcd	protein kinase C, delta [Source:MGI Symbol;Acc:MGI:97598]	11795	-0.22514791786670685	-0.72447145	No	
row_64	Aqp1	aquaporin 1 [Source:MGI Symbol;Acc:MGI:103201]	11848	-0.23093096911907196	-0.7270747	No	
row_65	Rps19	ribosomal protein S19 [Source:MGI Symbol;Acc:MGI:1333780]	12102	-0.2597241699695587	-0.74277526	No	
row_66	Rbpj	recombination signal binding protein for immunoglobulin kappa J region [Source:MGI Symbol;Acc:MGI:96522]	12227	-0.27816110849380493	-0.7499404	No	
row_67	Optn	optineurin [Source:MGI Symbol;Acc:MGI:1918898]	12293	-0.2872796058654785	-0.7531993	No	
row_68	Trf	transferrin [Source:MGI Symbol;Acc:MGI:98821]	12550	-0.32229822874069214	-0.768877	No	
row_69	Wfdc2	WAP four-disulfide core domain 2 [Source:MGI Symbol;Acc:MGI:1914951]	12646	-0.33563998341560364	-0.773936	No	
row_70	Slc30a1	solute carrier family 30 (zinc transporter), member 1 [Source:MGI Symbol;Acc:MGI:1345281]	12668	-0.3386780917644501	-0.7741251	No	
row_71	Tfeb	transcription factor EB [Source:MGI Symbol;Acc:MGI:103270]	12748	-0.35466882586479187	-0.7780666	No	
row_72	Tbk1	TANK-binding kinase 1 [Source:MGI Symbol;Acc:MGI:1929658]	12808	-0.3692692518234253	-0.78064346	No	
row_73	Adam17	a disintegrin and metallopeptidase domain 17 [Source:MGI Symbol;Acc:MGI:1096335]	12996	-0.40658193826675415	-0.79149425	No	
row_74	Nfkb1	nuclear factor of kappa light polypeptide gene enhancer in B cells 1, p105 [Source:MGI Symbol;Acc:MGI:97312]	13226	-0.46479663252830505	-0.80489844	No	
row_75	Colec12	collectin sub-family member 12 [Source:MGI Symbol;Acc:MGI:2152907]	13265	-0.4762701392173767	-0.80572045	No	
row_76	Trem2	triggering receptor expressed on myeloid cells 2 [Source:MGI Symbol;Acc:MGI:1913150]	13349	-0.5038224458694458	-0.80940056	No	
row_77	Tnfaip8	tumor necrosis factor, alpha-induced protein 8 [Source:MGI Symbol;Acc:MGI:2147191]	13460	-0.5438900589942932	-0.8147129	No	
row_78	Il33	interleukin 33 [Source:MGI Symbol;Acc:MGI:1924375]	13609	-0.6050872206687927	-0.8223054	No	
row_79	Pglyrp1	peptidoglycan recognition protein 1 [Source:MGI Symbol;Acc:MGI:1345092]	13675	-0.6359253525733948	-0.82433945	No	
row_80	Ppl	periplakin [Source:MGI Symbol;Acc:MGI:1194898]	13677	-0.6359876990318298	-0.8221708	No	
row_81	Jchain	immunoglobulin joining chain [Source:MGI Symbol;Acc:MGI:96493]	13749	-0.668448805809021	-0.8244846	No	
row_82	Adamts5	ADAM metallopeptidase with thrombospondin type 1 motif 5 [Source:MGI Symbol;Acc:MGI:1346321]	13755	-0.6708831191062927	-0.82245594	No	
row_83	Rnf31	ring finger protein 31 [Source:MGI Symbol;Acc:MGI:1934704]	13790	-0.6860858201980591	-0.8222782	No	
row_84	Rnase4	ribonuclease, RNase A family 4 [Source:MGI Symbol;Acc:MGI:1926217]	13825	-0.7037842273712158	-0.8220383	No	
row_85	Notch2	notch 2 [Source:MGI Symbol;Acc:MGI:97364]	13869	-0.7242401242256165	-0.8223175	No	
row_86	Shc1	src homology 2 domain-containing transforming protein C1 [Source:MGI Symbol;Acc:MGI:98296]	13878	-0.7284313440322876	-0.82028365	No	
row_87	Anxa3	annexin A3 [Source:MGI Symbol;Acc:MGI:1201378]	13993	-0.803488552570343	-0.8249466	No	
row_88	Lbp	lipopolysaccharide binding protein [Source:MGI Symbol;Acc:MGI:1098776]	14002	-0.8066551089286804	-0.822638	No	
row_89	Stab1	stabilin 1 [Source:MGI Symbol;Acc:MGI:2178742]	14040	-0.8275593519210815	-0.8221602	No	
row_90	P2rx7	purinergic receptor P2X, ligand-gated ion channel, 7 [Source:MGI Symbol;Acc:MGI:1339957]	14045	-0.830166757106781	-0.81950635	No	
row_91	Mmrn2	multimerin 2 [Source:MGI Symbol;Acc:MGI:2385618]	14134	-0.8852272033691406	-0.82217485	No	
row_92	Znfx1	zinc finger, NFX1-type containing 1 [Source:MGI Symbol;Acc:MGI:2138982]	14146	-0.8929374814033508	-0.8197601	No	
row_93	Grn	granulin [Source:MGI Symbol;Acc:MGI:95832]	14196	-0.9392642974853516	-0.8196778	No	
row_94	Igha	immunoglobulin heavy constant alpha [Source:MGI Symbol;Acc:MGI:96444]	14347	-1.0936496257781982	-0.8256853	Yes	
row_95	Ripk2	receptor (TNFRSF)-interacting serine-threonine kinase 2 [Source:MGI Symbol;Acc:MGI:1891456]	14349	-1.0947935581207275	-0.8219048	Yes	
row_96	Ssc5d	scavenger receptor cysteine rich family, 5 domains [Source:MGI Symbol;Acc:MGI:3606211]	14360	-1.1103785037994385	-0.8186605	Yes	
row_97	B2m	beta-2 microglobulin [Source:MGI Symbol;Acc:MGI:88127]	14367	-1.118391513824463	-0.81512535	Yes	
row_98	Rarres2	retinoic acid receptor responder (tazarotene induced) 2 [Source:MGI Symbol;Acc:MGI:1918910]	14381	-1.1381347179412842	-0.81198055	Yes	
row_99	Hmgb2	high mobility group box 2 [Source:MGI Symbol;Acc:MGI:96157]	14414	-1.1749645471572876	-0.8099539	Yes	
row_100	Tirap	toll-interleukin 1 receptor (TIR) domain-containing adaptor protein [Source:MGI Symbol;Acc:MGI:2152213]	14495	-1.2793903350830078	-0.81071234	Yes	
row_101	Nod1	nucleotide-binding oligomerization domain containing 1 [Source:MGI Symbol;Acc:MGI:1341839]	14513	-1.3084510564804077	-0.80723184	Yes	
row_102	Emilin1	elastin microfibril interfacer 1 [Source:MGI Symbol;Acc:MGI:1926189]	14520	-1.3163834810256958	-0.80300117	Yes	
row_103	Cebpb	CCAAT/enhancer binding protein beta [Source:MGI Symbol;Acc:MGI:88373]	14591	-1.4194316864013672	-0.80261093	Yes	
row_104	Emilin2	elastin microfibril interfacer 2 [Source:MGI Symbol;Acc:MGI:2389136]	14613	-1.4469263553619385	-0.79890656	Yes	
row_105	Lpo	lactoperoxidase [Source:MGI Symbol;Acc:MGI:1923363]	14634	-1.4854846000671387	-0.7950011	Yes	
row_106	Adm	adrenomedullin [Source:MGI Symbol;Acc:MGI:108058]	14638	-1.4952423572540283	-0.78994507	Yes	
row_107	Nfkbiz	nuclear factor of kappa light polypeptide gene enhancer in B cells inhibitor, zeta [Source:MGI Symbol;Acc:MGI:1931595]	14655	-1.5256743431091309	-0.7856357	Yes	
row_108	Tnfrsf1a	tumor necrosis factor receptor superfamily, member 1a [Source:MGI Symbol;Acc:MGI:1314884]	14658	-1.5303750038146973	-0.78039056	Yes	
row_109	Lyz1	lysozyme 1 [Source:MGI Symbol;Acc:MGI:96902]	14660	-1.534611463546753	-0.7750649	Yes	
row_110	Serpinb9	serine (or cysteine) peptidase inhibitor, clade B, member 9 [Source:MGI Symbol;Acc:MGI:106603]	14662	-1.5375686883926392	-0.76972884	Yes	
row_111	H2-K1	histocompatibility 2, K1, K region [Source:MGI Symbol;Acc:MGI:95904]	14674	-1.5491504669189453	-0.7650087	Yes	
row_112	Myd88	myeloid differentiation primary response gene 88 [Source:MGI Symbol;Acc:MGI:108005]	14676	-1.5513466596603394	-0.75962424	Yes	
row_113	Gimap6	GTPase, IMAP family member 6 [Source:MGI Symbol;Acc:MGI:1918876]	14726	-1.6633336544036865	-0.7569982	Yes	
row_114	Lyz2	lysozyme 2 [Source:MGI Symbol;Acc:MGI:96897]	14763	-1.7441409826278687	-0.7532346	Yes	
row_115	Isg15	ISG15 ubiquitin-like modifier [Source:MGI Symbol;Acc:MGI:1855694]	14784	-1.8063654899597168	-0.74820185	Yes	
row_116	Irf8	interferon regulatory factor 8 [Source:MGI Symbol;Acc:MGI:96395]	14787	-1.8086981773376465	-0.74197894	Yes	
row_117	Nlrp3	NLR family, pyrin domain containing 3 [Source:MGI Symbol;Acc:MGI:2653833]	14789	-1.8187140226364136	-0.7356551	Yes	
row_118	Epha2	Eph receptor A2 [Source:MGI Symbol;Acc:MGI:95278]	14798	-1.8409148454666138	-0.729713	Yes	
row_119	Nod2	nucleotide-binding oligomerization domain containing 2 [Source:MGI Symbol;Acc:MGI:2429397]	14821	-1.8870857954025269	-0.72452796	Yes	
row_120	Ncf1	neutrophil cytosolic factor 1 [Source:MGI Symbol;Acc:MGI:97283]	14822	-1.8886833190917969	-0.7178927	Yes	
row_121	Gbp7	guanylate binding protein 7 [Source:MGI Symbol;Acc:MGI:2444421]	14844	-1.9389517307281494	-0.7124598	Yes	
row_122	Pycard	PYD and CARD domain containing [Source:MGI Symbol;Acc:MGI:1931465]	14845	-1.946400761604309	-0.7056217	Yes	
row_123	Fcer1g	Fc receptor, IgE, high affinity I, gamma polypeptide [Source:MGI Symbol;Acc:MGI:95496]	14849	-1.9575062990188599	-0.6989417	Yes	
row_124	Cyba	cytochrome b-245, alpha polypeptide [Source:MGI Symbol;Acc:MGI:1316658]	14852	-1.9694020748138428	-0.69215417	Yes	
row_125	Trem1	triggering receptor expressed on myeloid cells 1 [Source:MGI Symbol;Acc:MGI:1930005]	14861	-1.992090106010437	-0.6856809	Yes	
row_126	Cd36	CD36 molecule [Source:MGI Symbol;Acc:MGI:107899]	14876	-2.0263617038726807	-0.67948127	Yes	
row_127	Slc11a1	solute carrier family 11 (proton-coupled divalent metal ion transporters), member 1 [Source:MGI Symbol;Acc:MGI:1345275]	14895	-2.0568742752075195	-0.67343706	Yes	
row_128	Syk	spleen tyrosine kinase [Source:MGI Symbol;Acc:MGI:99515]	14902	-2.071566104888916	-0.6665533	Yes	
row_129	Mpeg1	macrophage expressed gene 1 [Source:MGI Symbol;Acc:MGI:1333743]	14910	-2.093082904815674	-0.65965956	Yes	
row_130	Arg2	arginase type II [Source:MGI Symbol;Acc:MGI:1330806]	14913	-2.0990161895751953	-0.6524167	Yes	
row_131	Rnf213	ring finger protein 213 [Source:MGI Symbol;Acc:MGI:1289196]	14920	-2.1156158447265625	-0.6453782	Yes	
row_132	Wfdc17	WAP four-disulfide core domain 17 [Source:MGI Symbol;Acc:MGI:3649773]	14927	-2.1479549407958984	-0.63822603	Yes	
row_133	Havcr2	hepatitis A virus cellular receptor 2 [Source:MGI Symbol;Acc:MGI:2159682]	14929	-2.150355339050293	-0.6307371	Yes	
row_134	Myo1f	myosin IF [Source:MGI Symbol;Acc:MGI:107711]	14940	-2.17348575592041	-0.62375796	Yes	
row_135	Iigp1	interferon inducible GTPase 1 [Source:MGI Symbol;Acc:MGI:1926259]	14943	-2.185330629348755	-0.61621183	Yes	
row_136	Igtp	interferon gamma induced GTPase [Source:MGI Symbol;Acc:MGI:107729]	14947	-2.189880847930908	-0.6087154	Yes	
row_137	Casp1	caspase 1 [Source:MGI Symbol;Acc:MGI:96544]	14968	-2.260185956954956	-0.6020883	Yes	
row_138	Lgals9	lectin, galactose binding, soluble 9 [Source:MGI Symbol;Acc:MGI:109496]	14971	-2.265756130218506	-0.5942596	Yes	
row_139	Gbp4	guanylate binding protein 4 [Source:MGI Symbol;Acc:MGI:97072]	14985	-2.2936439514160156	-0.5870553	Yes	
row_140	Irgm1	immunity-related GTPase family M member 1 [Source:MGI Symbol;Acc:MGI:107567]	14987	-2.294926404953003	-0.5790585	Yes	
row_141	Slamf9	SLAM family member 9 [Source:MGI Symbol;Acc:MGI:1923692]	14990	-2.30002760887146	-0.5711094	Yes	
row_142	Gbp3	guanylate binding protein 3 [Source:MGI Symbol;Acc:MGI:1926263]	15001	-2.31760311126709	-0.56362396	Yes	
row_143	Gbp5	guanylate binding protein 5 [Source:MGI Symbol;Acc:MGI:2429943]	15002	-2.319401741027832	-0.5554755	Yes	
row_144	Gsdmd	gasdermin D [Source:MGI Symbol;Acc:MGI:1916396]	15028	-2.3764994144439697	-0.54876804	Yes	
row_145	Spn	sialophorin [Source:MGI Symbol;Acc:MGI:98384]	15031	-2.3822696208953857	-0.5405301	Yes	
row_146	Gbp6	guanylate binding protein 6 [Source:MGI Symbol;Acc:MGI:2140937]	15044	-2.4154176712036133	-0.53283226	Yes	
row_147	Casp7	caspase 7 [Source:MGI Symbol;Acc:MGI:109383]	15055	-2.441542387008667	-0.52491134	Yes	
row_148	Gbp2	guanylate binding protein 2 [Source:MGI Symbol;Acc:MGI:102772]	15086	-2.514849901199341	-0.5180462	Yes	
row_149	Cxcl13	C-X-C motif chemokine ligand 13 [Source:MGI Symbol;Acc:MGI:1888499]	15090	-2.528752088546753	-0.50935924	Yes	
row_150	Ang	angiogenin, ribonuclease, RNase A family, 5 [Source:MGI Symbol;Acc:MGI:88022]	15098	-2.5452792644500732	-0.5008769	Yes	
row_151	Ifnb1	interferon beta 1, fibroblast [Source:MGI Symbol;Acc:MGI:107657]	15104	-2.5572633743286133	-0.49222112	Yes	
row_152	Casp4	caspase 4, apoptosis-related cysteine peptidase [Source:MGI Symbol;Acc:MGI:107700]	15130	-2.620363235473633	-0.48465693	Yes	
row_153	Lcn2	lipocalin 2 [Source:MGI Symbol;Acc:MGI:96757]	15154	-2.69460391998291	-0.4767006	Yes	
row_154	Il7r	interleukin 7 receptor [Source:MGI Symbol;Acc:MGI:96562]	15157	-2.6980695724487305	-0.46735317	Yes	
row_155	Naip2	NLR family, apoptosis inhibitory protein 2 [Source:MGI Symbol;Acc:MGI:1298226]	15159	-2.7057666778564453	-0.457913	Yes	
row_156	Hck	hemopoietic cell kinase [Source:MGI Symbol;Acc:MGI:96052]	15161	-2.7148704528808594	-0.44844088	Yes	
row_157	Slpi	secretory leukocyte peptidase inhibitor [Source:MGI Symbol;Acc:MGI:109297]	15170	-2.740548610687256	-0.43933818	Yes	
row_158	Oas1a	2'-5' oligoadenylate synthetase 1A [Source:MGI Symbol;Acc:MGI:2180860]	15172	-2.741467237472534	-0.4297726	Yes	
row_159	Il1b	interleukin 1 beta [Source:MGI Symbol;Acc:MGI:96543]	15181	-2.7633743286132812	-0.42058972	Yes	
row_160	H2-M3	histocompatibility 2, M region locus 3 [Source:MGI Symbol;Acc:MGI:95915]	15183	-2.7687342166900635	-0.41092834	Yes	
row_161	Oas1c	2'-5' oligoadenylate synthetase 1C [Source:MGI Symbol;Acc:MGI:2149633]	15185	-2.7806854248046875	-0.40122497	Yes	
row_162	Irgm2	immunity-related GTPase family M member 2 [Source:MGI Symbol;Acc:MGI:1926262]	15188	-2.7880640029907227	-0.39156136	Yes	
row_163	Gbp9	guanylate-binding protein 9 [Source:MGI Symbol;Acc:MGI:3605620]	15195	-2.8077335357666016	-0.3820913	Yes	
row_164	Naip5	NLR family, apoptosis inhibitory protein 5 [Source:MGI Symbol;Acc:MGI:1298220]	15218	-2.873866319656372	-0.37343952	Yes	
row_165	Tlr4	toll-like receptor 4 [Source:MGI Symbol;Acc:MGI:96824]	15219	-2.874952554702759	-0.36333933	Yes	
row_166	Oas2	2'-5' oligoadenylate synthetase 2 [Source:MGI Symbol;Acc:MGI:2180852]	15248	-2.9717226028442383	-0.35473776	Yes	
row_167	Nos2	nitric oxide synthase 2, inducible [Source:MGI Symbol;Acc:MGI:97361]	15257	-3.02119779586792	-0.3446491	Yes	
row_168	Plac8	placenta-specific 8 [Source:MGI Symbol;Acc:MGI:2445289]	15259	-3.0261621475219727	-0.33408335	Yes	
row_169	Clec4d	C-type lectin domain family 4, member d [Source:MGI Symbol;Acc:MGI:1298389]	15276	-3.0995049476623535	-0.3242449	Yes	
row_170	Acp5	acid phosphatase 5, tartrate resistant [Source:MGI Symbol;Acc:MGI:87883]	15277	-3.0996084213256836	-0.31335545	Yes	
row_171	Serpine1	serine (or cysteine) peptidase inhibitor, clade E, member 1 [Source:MGI Symbol;Acc:MGI:97608]	15283	-3.148061752319336	-0.30262408	Yes	
row_172	Ifng	interferon gamma [Source:MGI Symbol;Acc:MGI:107656]	15290	-3.171190023422241	-0.29187712	Yes	
row_173	Gzmb	granzyme B [Source:MGI Symbol;Acc:MGI:109267]	15296	-3.2067456245422363	-0.2809396	Yes	
row_174	Fcgr1	Fc receptor, IgG, high affinity I [Source:MGI Symbol;Acc:MGI:95498]	15299	-3.2211050987243652	-0.26975465	Yes	
row_175	Klrk1	killer cell lectin-like receptor subfamily K, member 1 [Source:MGI Symbol;Acc:MGI:1196250]	15300	-3.2218995094299316	-0.25843558	Yes	
row_176	Cxcl5	C-X-C motif chemokine ligand 5 [Source:MGI Symbol;Acc:MGI:1096868]	15308	-3.2467052936553955	-0.24748899	Yes	
row_177	Bcl3	B cell leukemia/lymphoma 3 [Source:MGI Symbol;Acc:MGI:88140]	15314	-3.2798244953155518	-0.23629473	Yes	
row_178	Oas1b	2'-5' oligoadenylate synthetase 1B [Source:MGI Symbol;Acc:MGI:97430]	15315	-3.299004077911377	-0.22470477	Yes	
row_179	Klk7	kallikrein related-peptidase 7 (chymotryptic, stratum corneum) [Source:MGI Symbol;Acc:MGI:1346336]	15327	-3.3562138080596924	-0.21363613	Yes	
row_180	C5ar1	complement component 5a receptor 1 [Source:MGI Symbol;Acc:MGI:88232]	15328	-3.366755723953247	-0.20180814	Yes	
row_181	Tnfsf8	tumor necrosis factor (ligand) superfamily, member 8 [Source:MGI Symbol;Acc:MGI:88328]	15343	-3.513672113418579	-0.19038332	Yes	
row_182	Hp	haptoglobin [Source:MGI Symbol;Acc:MGI:96211]	15345	-3.5385115146636963	-0.17801759	Yes	
row_183	Oas3	2'-5' oligoadenylate synthetase 3 [Source:MGI Symbol;Acc:MGI:2180850]	15353	-3.5899810791015625	-0.16586502	Yes	
row_184	Naip6	NLR family, apoptosis inhibitory protein 6 [Source:MGI Symbol;Acc:MGI:1298222]	15365	-3.7225558757781982	-0.15350935	Yes	
row_185	Rnase6	ribonuclease, RNase A family, 6 [Source:MGI Symbol;Acc:MGI:1925666]	15368	-3.7366790771484375	-0.14051309	Yes	
row_186	H2-T23	histocompatibility 2, T region locus 23 [Source:MGI Symbol;Acc:MGI:95957]	15377	-3.80800199508667	-0.12766024	Yes	
row_187	Tlr2	toll-like receptor 2 [Source:MGI Symbol;Acc:MGI:1346060]	15378	-3.8438563346862793	-0.11415613	Yes	
row_188	Clec4e	C-type lectin domain family 4, member e [Source:MGI Symbol;Acc:MGI:1861232]	15385	-3.92596435546875	-0.10075753	Yes	
row_189	Gm12250	predicted gene 12250 [Source:MGI Symbol;Acc:MGI:3649299]	15390	-4.051843643188477	-0.086785376	Yes	
row_190	Slamf8	SLAM family member 8 [Source:MGI Symbol;Acc:MGI:1921998]	15395	-4.137258529663086	-0.07251314	Yes	
row_191	Gbp8	guanylate-binding protein 8 [Source:MGI Symbol;Acc:MGI:1923324]	15396	-4.1382365226745605	-0.05797481	Yes	
row_192	Fpr2	formyl peptide receptor 2 [Source:MGI Symbol;Acc:MGI:1278319]	15397	-4.141956329345703	-0.043423414	Yes	
row_193	Il12b	interleukin 12b [Source:MGI Symbol;Acc:MGI:96540]	15398	-4.15106201171875	-0.02884003	Yes	
row_194	Fgr	FGR proto-oncogene, Src family tyrosine kinase [Source:MGI Symbol;Acc:MGI:95527]	15400	-4.204682350158691	-0.01413393	Yes	
row_195	Tnf	tumor necrosis factor [Source:MGI Symbol;Acc:MGI:104798]	15411	-4.453005790710449	8.535947E-4	Yes	
