NAME	SYMBOL	TITLE	RANK IN GENE LIST	RANK METRIC SCORE	RUNNING ES	CORE ENRICHMENT	
row_0	Inhba	inhibin beta-A [Source:MGI Symbol;Acc:MGI:96570]	235	1.0901540517807007	0.19269767	Yes	
row_1	Drd2	dopamine receptor D2 [Source:MGI Symbol;Acc:MGI:94924]	1192	0.525939404964447	0.23096552	Yes	
row_2	Bbs2	Bardet-Biedl syndrome 2 [Source:MGI Symbol;Acc:MGI:2135267]	1529	0.44150757789611816	0.29337424	Yes	
row_3	Mkks	McKusick-Kaufman syndrome [Source:MGI Symbol;Acc:MGI:1891836]	1856	0.38228487968444824	0.3451351	Yes	
row_4	Bbs1	Bardet-Biedl syndrome 1 [Source:MGI Symbol;Acc:MGI:1277215]	1965	0.3650366961956024	0.40775698	Yes	
row_5	Lrrk2	leucine-rich repeat kinase 2 [Source:MGI Symbol;Acc:MGI:1913975]	2284	0.32532379031181335	0.4491715	Yes	
row_6	Foxp2	forkhead box P2 [Source:MGI Symbol;Acc:MGI:2148705]	2875	0.2604387104511261	0.46055228	Yes	
row_7	Drd1	dopamine receptor D1 [Source:MGI Symbol;Acc:MGI:99578]	2999	0.2490902841091156	0.5000831	Yes	
row_8	Secisbp2	SECIS binding protein 2 [Source:MGI Symbol;Acc:MGI:1922670]	3354	0.22249871492385864	0.51954633	Yes	
row_9	Bcl11b	B cell leukemia/lymphoma 11B [Source:MGI Symbol;Acc:MGI:1929913]	3649	0.20190154016017914	0.53897536	Yes	
row_10	Ogdh	oxoglutarate (alpha-ketoglutarate) dehydrogenase (lipoamide) [Source:MGI Symbol;Acc:MGI:1098267]	3687	0.19957037270069122	0.5746426	Yes	
row_11	Shank3	SH3 and multiple ankyrin repeat domains 3 [Source:MGI Symbol;Acc:MGI:1930016]	3816	0.19246502220630646	0.6030473	Yes	
row_12	Slitrk5	SLIT and NTRK-like family, member 5 [Source:MGI Symbol;Acc:MGI:2679448]	3993	0.18142874538898468	0.6262309	Yes	
row_13	Bbs4	Bardet-Biedl syndrome 4 [Source:MGI Symbol;Acc:MGI:2143311]	5571	0.10711275041103363	0.5442938	No	
row_14	Hprt1	hypoxanthine phosphoribosyltransferase 1 [Source:MGI Symbol;Acc:MGI:96217]	6309	0.0781039446592331	0.511351	No	
row_15	Mecp2	methyl CpG binding protein 2 [Source:MGI Symbol;Acc:MGI:99918]	7083	0.04904519021511078	0.47052807	No	
row_16	Htt	huntingtin [Source:MGI Symbol;Acc:MGI:96067]	7159	0.04592405632138252	0.47441977	No	
row_17	Rarb	retinoic acid receptor, beta [Source:MGI Symbol;Acc:MGI:97857]	8002	0.011889571323990822	0.42203018	No	
row_18	Zswim6	zinc finger SWIM-type containing 6 [Source:MGI Symbol;Acc:MGI:1914513]	8353	-0.003423438174650073	0.39996332	No	
row_19	Slc7a11	solute carrier family 7 (cationic amino acid transporter, y+ system), member 11 [Source:MGI Symbol;Acc:MGI:1347355]	12455	-0.3091849088668823	0.19272965	No	
