NAME	SYMBOL	TITLE	RANK IN GENE LIST	RANK METRIC SCORE	RUNNING ES	CORE ENRICHMENT	
row_0	Camk2a	calcium/calmodulin-dependent protein kinase II alpha [Source:MGI Symbol;Acc:MGI:88256]	3160	0.2365744262933731	-0.20411237	No	
row_1	Ndufa13	NADH:ubiquinone oxidoreductase subunit A13 [Source:MGI Symbol;Acc:MGI:1914434]	4669	0.1461782157421112	-0.30128288	No	
row_2	Calm3	calmodulin 3 [Source:MGI Symbol;Acc:MGI:103249]	5224	0.12141039222478867	-0.33650273	No	
row_3	Ddx41	DEAD box helicase 41 [Source:MGI Symbol;Acc:MGI:1920185]	6482	0.07203508168458939	-0.41785136	No	
row_4	Ifnar1	interferon (alpha and beta) receptor 1 [Source:MGI Symbol;Acc:MGI:107658]	6546	0.06948229670524597	-0.4214634	No	
row_5	Calm2	calmodulin 2 [Source:MGI Symbol;Acc:MGI:103250]	7105	0.04842761904001236	-0.45745906	No	
row_6	Calm1	calmodulin 1 [Source:MGI Symbol;Acc:MGI:88251]	7149	0.04632076248526573	-0.4599322	No	
row_7	Ube2k	ubiquitin-conjugating enzyme E2K [Source:MGI Symbol;Acc:MGI:1858216]	8569	-0.012234127148985863	-0.5522527	No	
row_8	Hcn1	hyperpolarization activated cyclic nucleotide gated potassium channel 1 [Source:MGI Symbol;Acc:MGI:1096392]	8815	-0.02217874862253666	-0.5680508	No	
row_9	Mavs	mitochondrial antiviral signaling protein [Source:MGI Symbol;Acc:MGI:2444773]	9551	-0.05702131241559982	-0.6155122	No	
row_10	Capn2	calpain 2 [Source:MGI Symbol;Acc:MGI:88264]	10293	-0.09834299981594086	-0.6630726	No	
row_11	Cdc34	cell division cycle 34 [Source:MGI Symbol;Acc:MGI:102657]	11161	-0.16140654683113098	-0.7183929	No	
row_12	Ube2g2	ubiquitin-conjugating enzyme E2G 2 [Source:MGI Symbol;Acc:MGI:1343188]	11404	-0.18395310640335083	-0.7328534	No	
row_13	Shfl	shiftless antiviral inhibitor of ribosomal frameshifting [Source:MGI Symbol;Acc:MGI:2441788]	12460	-0.3098844587802887	-0.79936814	No	
row_14	Htra2	HtrA serine peptidase 2 [Source:MGI Symbol;Acc:MGI:1928676]	12903	-0.3856545090675354	-0.8254287	No	
row_15	Gpr146	G protein-coupled receptor 146 [Source:MGI Symbol;Acc:MGI:1933113]	13125	-0.43855899572372437	-0.8367239	No	
row_16	Ifnar2	interferon (alpha and beta) receptor 2 [Source:MGI Symbol;Acc:MGI:1098243]	13431	-0.5319105386734009	-0.8528302	No	
row_17	Ifitm7	interferon induced transmembrane protein 7 [Source:MGI Symbol;Acc:MGI:1921732]	13585	-0.5934695601463318	-0.85860336	No	
row_18	Pnpt1	polyribonucleotide nucleotidyltransferase 1 [Source:MGI Symbol;Acc:MGI:1918951]	14166	-0.9152374267578125	-0.88991135	No	
row_19	Tlr3	toll-like receptor 3 [Source:MGI Symbol;Acc:MGI:2156367]	14643	-1.505021572113037	-0.9102825	Yes	
row_20	Stat1	signal transducer and activator of transcription 1 [Source:MGI Symbol;Acc:MGI:103063]	14671	-1.5451865196228027	-0.90113056	Yes	
row_21	Ifitm3	interferon induced transmembrane protein 3 [Source:MGI Symbol;Acc:MGI:1913391]	14712	-1.6358919143676758	-0.8921848	Yes	
row_22	Irf1	interferon regulatory factor 1 [Source:MGI Symbol;Acc:MGI:96590]	14811	-1.8624831438064575	-0.88541615	Yes	
row_23	Ifit1	interferon-induced protein with tetratricopeptide repeats 1 [Source:MGI Symbol;Acc:MGI:99450]	14826	-1.8987250328063965	-0.87292147	Yes	
row_24	Ikbke	inhibitor of kappaB kinase epsilon [Source:MGI Symbol;Acc:MGI:1929612]	14841	-1.9334088563919067	-0.86018187	Yes	
row_25	Gbp7	guanylate binding protein 7 [Source:MGI Symbol;Acc:MGI:2444421]	14844	-1.9389517307281494	-0.8466217	Yes	
row_26	Ifitm2	interferon induced transmembrane protein 2 [Source:MGI Symbol;Acc:MGI:1933382]	14866	-1.9979737997055054	-0.83388203	Yes	
row_27	Bst2	bone marrow stromal cell antigen 2 [Source:MGI Symbol;Acc:MGI:1916800]	14885	-2.0329341888427734	-0.8207002	Yes	
row_28	Ifit3	interferon-induced protein with tetratricopeptide repeats 3 [Source:MGI Symbol;Acc:MGI:1101055]	14898	-2.060908794403076	-0.8069301	Yes	
row_29	Ifi203	interferon activated gene 203 [Source:MGI Symbol;Acc:MGI:96428]	14921	-2.127992868423462	-0.7933376	Yes	
row_30	Iigp1	interferon inducible GTPase 1 [Source:MGI Symbol;Acc:MGI:1926259]	14943	-2.185330629348755	-0.77927506	Yes	
row_31	Igtp	interferon gamma induced GTPase [Source:MGI Symbol;Acc:MGI:107729]	14947	-2.189880847930908	-0.7640083	Yes	
row_32	Trim6	tripartite motif-containing 6 [Source:MGI Symbol;Acc:MGI:2137352]	14950	-2.20326828956604	-0.7485818	Yes	
row_33	Sting1	stimulator of interferon response cGAMP interactor 1 [Source:MGI Symbol;Acc:MGI:1919762]	14972	-2.269554615020752	-0.7339246	Yes	
row_34	Mndal	myeloid nuclear differentiation antigen like [Source:MGI Symbol;Acc:MGI:3780953]	14974	-2.2712693214416504	-0.7179529	Yes	
row_35	Ifitm1	interferon induced transmembrane protein 1 [Source:MGI Symbol;Acc:MGI:1915963]	14977	-2.2766151428222656	-0.70200855	Yes	
row_36	Irgm1	immunity-related GTPase family M member 1 [Source:MGI Symbol;Acc:MGI:107567]	14987	-2.294926404953003	-0.68639076	Yes	
row_37	Gbp3	guanylate binding protein 3 [Source:MGI Symbol;Acc:MGI:1926263]	15001	-2.31760311126709	-0.67087334	Yes	
row_38	Gbp6	guanylate binding protein 6 [Source:MGI Symbol;Acc:MGI:2140937]	15044	-2.4154176712036133	-0.6565538	Yes	
row_39	Aim2	absent in melanoma 2 [Source:MGI Symbol;Acc:MGI:2686159]	15062	-2.460636615753174	-0.640287	Yes	
row_40	Iigp1c	interferon inducible GTPase 1C [Source:MGI Symbol;Acc:MGI:3644953]	15083	-2.51127552986145	-0.6238579	Yes	
row_41	Gbp2	guanylate binding protein 2 [Source:MGI Symbol;Acc:MGI:102772]	15086	-2.514849901199341	-0.60623145	Yes	
row_42	Ifnb1	interferon beta 1, fibroblast [Source:MGI Symbol;Acc:MGI:107657]	15104	-2.5572633743286133	-0.58928233	Yes	
row_43	Gm5431	predicted gene 5431 [Source:MGI Symbol;Acc:MGI:3645205]	15139	-2.6554112434387207	-0.5727473	Yes	
row_44	Ifi205	interferon activated gene 205 [Source:MGI Symbol;Acc:MGI:101847]	15146	-2.678804874420166	-0.5542237	Yes	
row_45	Xaf1	XIAP associated factor 1 [Source:MGI Symbol;Acc:MGI:3772572]	15151	-2.6913058757781982	-0.5354816	Yes	
row_46	Ifi47	interferon gamma inducible protein 47 [Source:MGI Symbol;Acc:MGI:99448]	15158	-2.699024200439453	-0.5168152	Yes	
row_47	Oas1a	2'-5' oligoadenylate synthetase 1A [Source:MGI Symbol;Acc:MGI:2180860]	15172	-2.741467237472534	-0.49830496	Yes	
row_48	Tgtp2	T cell specific GTPase 2 [Source:MGI Symbol;Acc:MGI:3710083]	15175	-2.7457773685455322	-0.479048	Yes	
row_49	Plscr1	phospholipid scramblase 1 [Source:MGI Symbol;Acc:MGI:893575]	15180	-2.7605626583099365	-0.45981687	Yes	
row_50	Oas1c	2'-5' oligoadenylate synthetase 1C [Source:MGI Symbol;Acc:MGI:2149633]	15185	-2.7806854248046875	-0.44044366	Yes	
row_51	Irgm2	immunity-related GTPase family M member 2 [Source:MGI Symbol;Acc:MGI:1926262]	15188	-2.7880640029907227	-0.42088813	Yes	
row_52	Ifi209	interferon activated gene 209 [Source:MGI Symbol;Acc:MGI:2138243]	15216	-2.871985912322998	-0.40236804	Yes	
row_53	Ifi204	interferon activated gene 204 [Source:MGI Symbol;Acc:MGI:96429]	15225	-2.8999128341674805	-0.38241348	Yes	
row_54	Traf3ip3	TRAF3 interacting protein 3 [Source:MGI Symbol;Acc:MGI:2441706]	15235	-2.935764789581299	-0.3622709	Yes	
row_55	Ifi213	interferon activated gene 213 [Source:MGI Symbol;Acc:MGI:3695276]	15250	-2.9802963733673096	-0.3421395	Yes	
row_56	Ifi208	interferon activated gene 208 [Source:MGI Symbol;Acc:MGI:2442822]	15302	-3.2272236347198486	-0.3226741	Yes	
row_57	Oas1b	2'-5' oligoadenylate synthetase 1B [Source:MGI Symbol;Acc:MGI:97430]	15315	-3.299004077911377	-0.30016214	Yes	
row_58	Acod1	aconitate decarboxylase 1 [Source:MGI Symbol;Acc:MGI:103206]	15320	-3.3143413066864014	-0.27702093	Yes	
row_59	Ifi211	interferon activated gene 211 [Source:MGI Symbol;Acc:MGI:3041120]	15325	-3.3498594760894775	-0.25362894	Yes	
row_60	Ifi207	interferon activated gene 207 [Source:MGI Symbol;Acc:MGI:2138302]	15350	-3.5752596855163574	-0.22994787	Yes	
row_61	Ifi214	interferon activated gene 214 [Source:MGI Symbol;Acc:MGI:3584522]	15358	-3.6673147678375244	-0.20450976	Yes	
row_62	Gm12185	predicted gene 12185 [Source:MGI Symbol;Acc:MGI:3652173]	15366	-3.726616859436035	-0.17865294	Yes	
row_63	Gm4841	predicted gene 4841 [Source:MGI Symbol;Acc:MGI:3643814]	15383	-3.8870458602905273	-0.15224946	Yes	
row_64	Ifi206	interferon activated gene 206 [Source:MGI Symbol;Acc:MGI:3646410]	15389	-4.038980960845947	-0.124056876	Yes	
row_65	Gm12250	predicted gene 12250 [Source:MGI Symbol;Acc:MGI:3649299]	15390	-4.051843643188477	-0.09544787	Yes	
row_66	Tgtp1	T cell specific GTPase 1 [Source:MGI Symbol;Acc:MGI:98734]	15403	-4.28012752532959	-0.066008456	Yes	
row_67	F830016B08Rik	RIKEN cDNA F830016B08 gene [Source:MGI Symbol;Acc:MGI:3588218]	15415	-4.623259544372559	-0.03408116	Yes	
row_68	Ifitm6	interferon induced transmembrane protein 6 [Source:MGI Symbol;Acc:MGI:2686976]	15422	-4.900644302368164	1.302808E-4	Yes	
