NAME	SYMBOL	TITLE	RANK IN GENE LIST	RANK METRIC SCORE	RUNNING ES	CORE ENRICHMENT	
row_0	H2bc21	H2B clustered histone 21 [Source:MGI Symbol;Acc:MGI:2448415]	590	0.7606025338172913	-0.035134472	No	
row_1	Ccl27al	C-C motif chemokine ligand 27A like [Source:MGI Symbol;Acc:MGI:3713752]	739	0.6860944628715515	-0.041661542	No	
row_2	Ccl27a	C-C motif chemokine ligand 27A [Source:MGI Symbol;Acc:MGI:1343459]	967	0.598455011844635	-0.05376772	No	
row_3	Pomc	pro-opiomelanocortin-alpha [Source:MGI Symbol;Acc:MGI:97742]	1230	0.5155611634254456	-0.06854906	No	
row_4	Gapdhrt	glyceraldehyde-3-phosphate dehydrogenase, retrotransposed [Source:MGI Symbol;Acc:MGI:3782011]	1371	0.4780694544315338	-0.07551238	No	
row_5	Il4	interleukin 4 [Source:MGI Symbol;Acc:MGI:96556]	1379	0.47648885846138	-0.073771395	No	
row_6	Hmgn2	high mobility group nucleosomal binding domain 2 [Source:MGI Symbol;Acc:MGI:96136]	1421	0.46604955196380615	-0.07430562	No	
row_7	Ccl25	C-C motif chemokine ligand 25 [Source:MGI Symbol;Acc:MGI:1099448]	2956	0.25266480445861816	-0.17361747	No	
row_8	Cxcl14	C-X-C motif chemokine ligand 14 [Source:MGI Symbol;Acc:MGI:1888514]	3392	0.2195740044116974	-0.20109673	No	
row_9	Kctd9	potassium channel tetramerisation domain containing 9 [Source:MGI Symbol;Acc:MGI:2145579]	3527	0.20979303121566772	-0.20890541	No	
row_10	Cxcl12	C-X-C motif chemokine ligand 12 [Source:MGI Symbol;Acc:MGI:103556]	3850	0.1899378001689911	-0.2291199	No	
row_11	Cd55	CD55 molecule, decay accelerating factor for complement [Source:MGI Symbol;Acc:MGI:104850]	4075	0.1763404905796051	-0.24297807	No	
row_12	Igf2	insulin-like growth factor 2 [Source:MGI Symbol;Acc:MGI:96434]	4427	0.15720532834529877	-0.26524317	No	
row_13	Gapdh	glyceraldehyde-3-phosphate dehydrogenase [Source:MGI Symbol;Acc:MGI:95640]	4598	0.14989547431468964	-0.27568638	No	
row_14	Atn1	atrophin 1 [Source:MGI Symbol;Acc:MGI:104725]	5285	0.11859699338674545	-0.32007244	No	
row_15	Tac1	tachykinin 1 [Source:MGI Symbol;Acc:MGI:98474]	5445	0.11212199181318283	-0.3299695	No	
row_16	Romo1	reactive oxygen species modulator 1 [Source:MGI Symbol;Acc:MGI:1914317]	5565	0.10736269503831863	-0.3372685	No	
row_17	Tusc2	tumor suppressor 2, mitochondrial calcium regulator [Source:MGI Symbol;Acc:MGI:1931086]	5592	0.10633917152881622	-0.33848065	No	
row_18	Bad	BCL2-associated agonist of cell death [Source:MGI Symbol;Acc:MGI:1096330]	5636	0.10448303073644638	-0.3408149	No	
row_19	Dao	D-amino acid oxidase [Source:MGI Symbol;Acc:MGI:94859]	5667	0.10353121161460876	-0.342302	No	
row_20	Hspa8	heat shock protein 8 [Source:MGI Symbol;Acc:MGI:105384]	5674	0.10325077176094055	-0.3422184	No	
row_21	Cadm1	cell adhesion molecule 1 [Source:MGI Symbol;Acc:MGI:1889272]	5681	0.10294981300830841	-0.34213617	No	
row_22	Rasgrp1	RAS guanyl releasing protein 1 [Source:MGI Symbol;Acc:MGI:1314635]	5924	0.09335950762033463	-0.3575564	No	
row_23	Crk	v-crk avian sarcoma virus CT10 oncogene homolog [Source:MGI Symbol;Acc:MGI:88508]	6219	0.08166471123695374	-0.37643668	No	
row_24	Hprt1	hypoxanthine phosphoribosyltransferase 1 [Source:MGI Symbol;Acc:MGI:96217]	6309	0.0781039446592331	-0.3819057	No	
row_25	Hsp90ab1	heat shock protein 90 alpha (cytosolic), class B member 1 [Source:MGI Symbol;Acc:MGI:96247]	6339	0.07705908268690109	-0.38344952	No	
row_26	Kif5b	kinesin family member 5B [Source:MGI Symbol;Acc:MGI:1098268]	6509	0.07109063118696213	-0.394191	No	
row_27	Cd59a	CD59a antigen [Source:MGI Symbol;Acc:MGI:109177]	6533	0.07010393589735031	-0.3953739	No	
row_28	Ppp3cb	protein phosphatase 3, catalytic subunit, beta isoform [Source:MGI Symbol;Acc:MGI:107163]	6995	0.05269104987382889	-0.42532653	No	
row_29	Stat5b	signal transducer and activator of transcription 5B [Source:MGI Symbol;Acc:MGI:103035]	7007	0.052116189152002335	-0.42580646	No	
row_30	Emp2	epithelial membrane protein 2 [Source:MGI Symbol;Acc:MGI:1098726]	7785	0.020889833569526672	-0.4766041	No	
row_31	Arl8b	ADP-ribosylation factor-like 8B [Source:MGI Symbol;Acc:MGI:1914416]	7898	0.016360748559236526	-0.4838647	No	
row_32	Ap1g1	adaptor protein complex AP-1, gamma 1 subunit [Source:MGI Symbol;Acc:MGI:101919]	7899	0.016353324055671692	-0.4837892	No	
row_33	Cx3cr1	C-X3-C motif chemokine receptor 1 [Source:MGI Symbol;Acc:MGI:1333815]	7966	0.013490796089172363	-0.48804998	No	
row_34	Mr1	major histocompatibility complex, class I-related [Source:MGI Symbol;Acc:MGI:1195463]	7982	0.012948499992489815	-0.48897272	No	
row_35	Grb2	growth factor receptor bound protein 2 [Source:MGI Symbol;Acc:MGI:95805]	8335	-0.0027091987431049347	-0.5120165	No	
row_36	Ebag9	estrogen receptor-binding fragment-associated gene 9 [Source:MGI Symbol;Acc:MGI:1859920]	8360	-0.0037415989208966494	-0.5135712	No	
row_37	Pcyox1l	prenylcysteine oxidase 1 like [Source:MGI Symbol;Acc:MGI:3606062]	8382	-0.004373962990939617	-0.51492655	No	
row_38	Oga	O-GlcNAcase [Source:MGI Symbol;Acc:MGI:1932139]	8411	-0.0054715401493012905	-0.5167353	No	
row_39	Plekhm2	pleckstrin homology domain containing, family M (with RUN domain) member 2 [Source:MGI Symbol;Acc:MGI:1916832]	8436	-0.006547974888235331	-0.5182771	No	
row_40	Crtam	cytotoxic and regulatory T cell molecule [Source:MGI Symbol;Acc:MGI:1859822]	8607	-0.013651235960423946	-0.5293492	No	
row_41	H2-T13	histocompatibility 2, T region locus 13 [Source:MGI Symbol;Acc:MGI:95945]	9822	-0.07124589383602142	-0.60853827	No	
row_42	Cebpg	CCAAT/enhancer binding protein gamma [Source:MGI Symbol;Acc:MGI:104982]	9825	-0.07134270668029785	-0.6083399	No	
row_43	Stx7	syntaxin 7 [Source:MGI Symbol;Acc:MGI:1858210]	10056	-0.08486060798168182	-0.6230134	No	
row_44	Lyst	lysosomal trafficking regulator [Source:MGI Symbol;Acc:MGI:107448]	10231	-0.09465184807777405	-0.6339736	No	
row_45	Cyrib	CYFIP related Rac1 interactor B [Source:MGI Symbol;Acc:MGI:1923520]	10406	-0.10513588786125183	-0.6448854	No	
row_46	Pik3cb	phosphatidylinositol-4,5-bisphosphate 3-kinase catalytic subunit beta [Source:MGI Symbol;Acc:MGI:1922019]	10466	-0.10859617590904236	-0.6482487	No	
row_47	Gfus	GDP-L-fucose synthase [Source:MGI Symbol;Acc:MGI:98857]	10544	-0.11300797760486603	-0.6527706	No	
row_48	Pik3r1	phosphoinositide-3-kinase regulatory subunit 1 [Source:MGI Symbol;Acc:MGI:97583]	10779	-0.12955646216869354	-0.6674997	No	
row_49	Rpl30	ribosomal protein L30 [Source:MGI Symbol;Acc:MGI:98037]	10786	-0.12995843589305878	-0.66729283	No	
row_50	Gfer	growth factor, augmenter of liver regeneration [Source:MGI Symbol;Acc:MGI:107757]	11308	-0.17510312795639038	-0.70061046	No	
row_51	Il18	interleukin 18 [Source:MGI Symbol;Acc:MGI:107936]	11397	-0.1832057386636734	-0.70552886	No	
row_52	Prdx1	peroxiredoxin 1 [Source:MGI Symbol;Acc:MGI:99523]	11449	-0.18814972043037415	-0.70800084	No	
row_53	Pik3r6	phosphoinositide-3-kinase regulatory subunit 5 [Source:MGI Symbol;Acc:MGI:2144613]	11461	-0.18987949192523956	-0.70784485	No	
row_54	Cr1l	complement C3b/C4b receptor 1 like [Source:MGI Symbol;Acc:MGI:88513]	11808	-0.22655810415744781	-0.7294623	No	
row_55	Coro1a	coronin, actin binding protein 1A [Source:MGI Symbol;Acc:MGI:1345961]	11901	-0.23673555254936218	-0.7343956	No	
row_56	Rps19	ribosomal protein S19 [Source:MGI Symbol;Acc:MGI:1333780]	12102	-0.2597241699695587	-0.7462969	No	
row_57	Stxbp2	syntaxin binding protein 2 [Source:MGI Symbol;Acc:MGI:107370]	12693	-0.3439672887325287	-0.7833545	No	
row_58	Arrb2	arrestin, beta 2 [Source:MGI Symbol;Acc:MGI:99474]	12825	-0.3717876076698303	-0.79021895	No	
row_59	Nts	neurotensin [Source:MGI Symbol;Acc:MGI:1328351]	12847	-0.37638017535209656	-0.7898571	No	
row_60	H2-T24	histocompatibility 2, T region locus 24 [Source:MGI Symbol;Acc:MGI:95958]	13078	-0.42471209168434143	-0.80296177	No	
row_61	Lamp1	lysosomal-associated membrane protein 1 [Source:MGI Symbol;Acc:MGI:96745]	13126	-0.43872785568237305	-0.8040151	No	
row_62	Rnf19b	ring finger protein 19B [Source:MGI Symbol;Acc:MGI:1922484]	13332	-0.4984840154647827	-0.81514174	No	
row_63	Pvr	poliovirus receptor [Source:MGI Symbol;Acc:MGI:107741]	13340	-0.5014012455940247	-0.81328577	No	
row_64	Rab27a	RAB27A, member RAS oncogene family [Source:MGI Symbol;Acc:MGI:1861441]	13483	-0.5529008507728577	-0.8200347	No	
row_65	Ager	advanced glycosylation end product-specific receptor [Source:MGI Symbol;Acc:MGI:893592]	13621	-0.6114444732666016	-0.8261858	No	
row_66	Ccl17	C-C motif chemokine ligand 17 [Source:MGI Symbol;Acc:MGI:1329039]	13672	-0.6351541876792908	-0.82652897	No	
row_67	Pglyrp1	peptidoglycan recognition protein 1 [Source:MGI Symbol;Acc:MGI:1345092]	13675	-0.6359253525733948	-0.8237245	No	
row_68	Stap1	signal transducing adaptor family member 1 [Source:MGI Symbol;Acc:MGI:1926193]	13846	-0.7126943469047546	-0.8315698	No	
row_69	Cfh	complement component factor h [Source:MGI Symbol;Acc:MGI:88385]	13850	-0.7140789031982422	-0.82847005	No	
row_70	Ceacam1	CEA cell adhesion molecule 1 [Source:MGI Symbol;Acc:MGI:1347245]	13971	-0.7821909189224243	-0.83271956	No	
row_71	P2rx7	purinergic receptor P2X, ligand-gated ion channel, 7 [Source:MGI Symbol;Acc:MGI:1339957]	14045	-0.830166757106781	-0.833669	Yes	
row_72	Nectin2	nectin cell adhesion molecule 2 [Source:MGI Symbol;Acc:MGI:97822]	14052	-0.8350293636322021	-0.83020747	Yes	
row_73	Nectin4	nectin cell adhesion molecule 4 [Source:MGI Symbol;Acc:MGI:1918990]	14168	-0.917297899723053	-0.8335058	Yes	
row_74	Fadd	Fas associated via death domain [Source:MGI Symbol;Acc:MGI:109324]	14215	-0.9544616937637329	-0.83211297	Yes	
row_75	Ninj1	ninjurin 1 [Source:MGI Symbol;Acc:MGI:1196617]	14311	-1.052708625793457	-0.8334762	Yes	
row_76	Unc13d	unc-13 homolog D [Source:MGI Symbol;Acc:MGI:1917700]	14365	-1.1171257495880127	-0.83179104	Yes	
row_77	B2m	beta-2 microglobulin [Source:MGI Symbol;Acc:MGI:88127]	14367	-1.118391513824463	-0.826694	Yes	
row_78	Bcl2l11	BCL2 like 11 [Source:MGI Symbol;Acc:MGI:1197519]	14380	-1.137518048286438	-0.8222292	Yes	
row_79	Ctsh	cathepsin H [Source:MGI Symbol;Acc:MGI:107285]	14388	-1.1514723300933838	-0.81737244	Yes	
row_80	Itgam	integrin alpha M [Source:MGI Symbol;Acc:MGI:96607]	14429	-1.188663125038147	-0.8145056	Yes	
row_81	Fcgr3	Fc receptor, IgG, low affinity III [Source:MGI Symbol;Acc:MGI:95500]	14430	-1.1911050081253052	-0.80900735	Yes	
row_82	Tgfb1	transforming growth factor, beta 1 [Source:MGI Symbol;Acc:MGI:98725]	14447	-1.212853193283081	-0.8044568	Yes	
row_83	Nckap1l	NCK associated protein 1 like [Source:MGI Symbol;Acc:MGI:1926063]	14486	-1.265770435333252	-0.80110294	Yes	
row_84	Tyrobp	TYRO protein tyrosine kinase binding protein [Source:MGI Symbol;Acc:MGI:1277211]	14501	-1.2893348932266235	-0.7960684	Yes	
row_85	H2-D1	histocompatibility 2, D region locus 1 [Source:MGI Symbol;Acc:MGI:95896]	14527	-1.3243019580841064	-0.79159284	Yes	
row_86	Inpp5d	inositol polyphosphate-5-phosphatase D [Source:MGI Symbol;Acc:MGI:107357]	14567	-1.3713209629058838	-0.7878173	Yes	
row_87	H2-T22	histocompatibility 2, T region locus 22 [Source:MGI Symbol;Acc:MGI:95956]	14598	-1.4313725233078003	-0.78317505	Yes	
row_88	Tap2	transporter 2, ATP-binding cassette, sub-family B (MDR/TAP) [Source:MGI Symbol;Acc:MGI:98484]	14651	-1.5208073854446411	-0.779561	Yes	
row_89	Lyz1	lysozyme 1 [Source:MGI Symbol;Acc:MGI:96902]	14660	-1.534611463546753	-0.77300113	Yes	
row_90	Serpinb9	serine (or cysteine) peptidase inhibitor, clade B, member 9 [Source:MGI Symbol;Acc:MGI:106603]	14662	-1.5375686883926392	-0.76596916	Yes	
row_91	H2-K1	histocompatibility 2, K1, K region [Source:MGI Symbol;Acc:MGI:95904]	14674	-1.5491504669189453	-0.7595387	Yes	
row_92	Myd88	myeloid differentiation primary response gene 88 [Source:MGI Symbol;Acc:MGI:108005]	14676	-1.5513466596603394	-0.75244313	Yes	
row_93	Stat5a	signal transducer and activator of transcription 5A [Source:MGI Symbol;Acc:MGI:103036]	14753	-1.7267537117004395	-0.74945045	Yes	
row_94	Lyz2	lysozyme 2 [Source:MGI Symbol;Acc:MGI:96897]	14763	-1.7441409826278687	-0.7419889	Yes	
row_95	Ctsc	cathepsin C [Source:MGI Symbol;Acc:MGI:109553]	14767	-1.7535220384597778	-0.73409104	Yes	
row_96	Hcst	hematopoietic cell signal transducer [Source:MGI Symbol;Acc:MGI:1344360]	14792	-1.824895977973938	-0.7272393	Yes	
row_97	Arg1	arginase, liver [Source:MGI Symbol;Acc:MGI:88070]	14815	-1.8745911121368408	-0.7200271	Yes	
row_98	Ncf1	neutrophil cytosolic factor 1 [Source:MGI Symbol;Acc:MGI:97283]	14822	-1.8886833190917969	-0.71170187	Yes	
row_99	Ccr5	C-C motif chemokine receptor 5 [Source:MGI Symbol;Acc:MGI:107182]	14828	-1.903516411781311	-0.70324266	Yes	
row_100	Gbp7	guanylate binding protein 7 [Source:MGI Symbol;Acc:MGI:2444421]	14844	-1.9389517307281494	-0.6952749	Yes	
row_101	Ccl2	C-C motif chemokine ligand 2 [Source:MGI Symbol;Acc:MGI:98259]	14858	-1.9816153049468994	-0.6869792	Yes	
row_102	Trem1	triggering receptor expressed on myeloid cells 1 [Source:MGI Symbol;Acc:MGI:1930005]	14861	-1.992090106010437	-0.6779146	Yes	
row_103	Cxcl10	C-X-C motif chemokine ligand 10 [Source:MGI Symbol;Acc:MGI:1352450]	14865	-1.9963130950927734	-0.668896	Yes	
row_104	Gzmc	granzyme C [Source:MGI Symbol;Acc:MGI:109256]	14868	-2.002321243286133	-0.65978426	Yes	
row_105	Cd1d1	CD1d1 antigen [Source:MGI Symbol;Acc:MGI:107674]	14872	-2.011352062225342	-0.6506963	Yes	
row_106	Gzma	granzyme A [Source:MGI Symbol;Acc:MGI:109266]	14879	-2.0297837257385254	-0.6417197	Yes	
row_107	Gimap3	GTPase, IMAP family member 3 [Source:MGI Symbol;Acc:MGI:1932723]	14884	-2.031559467315674	-0.63260394	Yes	
row_108	Ptpn6	protein tyrosine phosphatase, non-receptor type 6 [Source:MGI Symbol;Acc:MGI:96055]	14896	-2.0592994689941406	-0.62381864	Yes	
row_109	Vav1	vav 1 oncogene [Source:MGI Symbol;Acc:MGI:98923]	14899	-2.0627310276031494	-0.614428	Yes	
row_110	Syk	spleen tyrosine kinase [Source:MGI Symbol;Acc:MGI:99515]	14902	-2.071566104888916	-0.60499656	Yes	
row_111	Tap1	transporter 1, ATP-binding cassette, sub-family B (MDR/TAP) [Source:MGI Symbol;Acc:MGI:98483]	14919	-2.113363265991211	-0.59628916	Yes	
row_112	Clec2d	C-type lectin domain family 2, member d [Source:MGI Symbol;Acc:MGI:2135589]	14922	-2.1317644119262695	-0.58657986	Yes	
row_113	Havcr2	hepatitis A virus cellular receptor 2 [Source:MGI Symbol;Acc:MGI:2159682]	14929	-2.150355339050293	-0.57704675	Yes	
row_114	Igtp	interferon gamma induced GTPase [Source:MGI Symbol;Acc:MGI:107729]	14947	-2.189880847930908	-0.56805164	Yes	
row_115	Ripk3	receptor-interacting serine-threonine kinase 3 [Source:MGI Symbol;Acc:MGI:2154952]	14951	-2.203356981277466	-0.5580774	Yes	
row_116	Slamf6	SLAM family member 6 [Source:MGI Symbol;Acc:MGI:1353620]	14959	-2.2255918979644775	-0.5482625	Yes	
row_117	Lgals9	lectin, galactose binding, soluble 9 [Source:MGI Symbol;Acc:MGI:109496]	14971	-2.265756130218506	-0.53852415	Yes	
row_118	Gbp3	guanylate binding protein 3 [Source:MGI Symbol;Acc:MGI:1926263]	15001	-2.31760311126709	-0.5297255	Yes	
row_119	Gbp5	guanylate binding protein 5 [Source:MGI Symbol;Acc:MGI:2429943]	15002	-2.319401741027832	-0.51901907	Yes	
row_120	Gimap5	GTPase, IMAP family member 5 [Source:MGI Symbol;Acc:MGI:2442232]	15011	-2.338693857192993	-0.5087475	Yes	
row_121	Ptprc	protein tyrosine phosphatase receptor type C [Source:MGI Symbol;Acc:MGI:97810]	15038	-2.397634506225586	-0.49938297	Yes	
row_122	H2-Q7	histocompatibility 2, Q region locus 7 [Source:MGI Symbol;Acc:MGI:95936]	15066	-2.4679741859436035	-0.4897592	Yes	
row_123	Lgals3	lectin, galactose binding, soluble 3 [Source:MGI Symbol;Acc:MGI:96778]	15077	-2.487438678741455	-0.4789321	Yes	
row_124	Gbp2	guanylate binding protein 2 [Source:MGI Symbol;Acc:MGI:102772]	15086	-2.514849901199341	-0.46784747	Yes	
row_125	H2-Q4	histocompatibility 2, Q region locus 4 [Source:MGI Symbol;Acc:MGI:95933]	15088	-2.5195188522338867	-0.45628273	Yes	
row_126	Cxcl13	C-X-C motif chemokine ligand 13 [Source:MGI Symbol;Acc:MGI:1888499]	15090	-2.528752088546753	-0.44467542	Yes	
row_127	Stx11	syntaxin 11 [Source:MGI Symbol;Acc:MGI:1921982]	15136	-2.640815496444702	-0.43543285	Yes	
row_128	Spi1	Spi-1 proto-oncogene [Source:MGI Symbol;Acc:MGI:98282]	15143	-2.6677331924438477	-0.42351148	Yes	
row_129	Klrd1	killer cell lectin-like receptor, subfamily D, member 1 [Source:MGI Symbol;Acc:MGI:1196275]	15156	-2.69734525680542	-0.41184643	Yes	
row_130	Il7r	interleukin 7 receptor [Source:MGI Symbol;Acc:MGI:96562]	15157	-2.6980695724487305	-0.399392	Yes	
row_131	Fcgr2b	Fc receptor, IgG, low affinity IIb [Source:MGI Symbol;Acc:MGI:95499]	15178	-2.755366563796997	-0.38798314	Yes	
row_132	H2-M3	histocompatibility 2, M region locus 3 [Source:MGI Symbol;Acc:MGI:95915]	15183	-2.7687342166900635	-0.37546456	Yes	
row_133	Irgm2	immunity-related GTPase family M member 2 [Source:MGI Symbol;Acc:MGI:1926262]	15188	-2.7880640029907227	-0.36285672	Yes	
row_134	Cd2	CD2 antigen [Source:MGI Symbol;Acc:MGI:88320]	15220	-2.8780975341796875	-0.35160184	Yes	
row_135	C3	complement component 3 [Source:MGI Symbol;Acc:MGI:88227]	15222	-2.885869026184082	-0.33834603	Yes	
row_136	Nkg7	natural killer cell group 7 sequence [Source:MGI Symbol;Acc:MGI:1931250]	15226	-2.903459072113037	-0.32514006	Yes	
row_137	Cxcl9	C-X-C motif chemokine ligand 9 [Source:MGI Symbol;Acc:MGI:1352449]	15254	-3.0131638050079346	-0.31299967	Yes	
row_138	Cxcl11	chemokine (C-X-C motif) ligand 11 [Source:MGI Symbol;Acc:MGI:1860203]	15255	-3.0143823623657227	-0.29908514	Yes	
row_139	Nos2	nitric oxide synthase 2, inducible [Source:MGI Symbol;Acc:MGI:97361]	15257	-3.02119779586792	-0.28520468	Yes	
row_140	Fgl2	fibrinogen-like protein 2 [Source:MGI Symbol;Acc:MGI:103266]	15258	-3.023555040359497	-0.2712478	Yes	
row_141	Fcgr4	Fc receptor, IgG, low affinity IV [Source:MGI Symbol;Acc:MGI:2179523]	15278	-3.108071804046631	-0.25814533	Yes	
row_142	Prf1	perforin 1 (pore forming protein) [Source:MGI Symbol;Acc:MGI:97551]	15286	-3.156561851501465	-0.24403302	Yes	
row_143	Ifng	interferon gamma [Source:MGI Symbol;Acc:MGI:107656]	15290	-3.171190023422241	-0.22959118	Yes	
row_144	Gzmb	granzyme B [Source:MGI Symbol;Acc:MGI:109267]	15296	-3.2067456245422363	-0.2151162	Yes	
row_145	Fcgr1	Fc receptor, IgG, high affinity I [Source:MGI Symbol;Acc:MGI:95498]	15299	-3.2211050987243652	-0.20037845	Yes	
row_146	Klrk1	killer cell lectin-like receptor subfamily K, member 1 [Source:MGI Symbol;Acc:MGI:1196250]	15300	-3.2218995094299316	-0.18550602	Yes	
row_147	Cxcl5	C-X-C motif chemokine ligand 5 [Source:MGI Symbol;Acc:MGI:1096868]	15308	-3.2467052936553955	-0.17097759	Yes	
row_148	H2-Q6	histocompatibility 2, Q region locus 6 [Source:MGI Symbol;Acc:MGI:95935]	15334	-3.4526796340942383	-0.1566774	Yes	
row_149	Dnase1l3	deoxyribonuclease 1-like 3 [Source:MGI Symbol;Acc:MGI:1314633]	15357	-3.6645095348358154	-0.14120288	Yes	
row_150	Cxcl1	C-X-C motif chemokine ligand 1 [Source:MGI Symbol;Acc:MGI:108068]	15364	-3.713824987411499	-0.1244527	Yes	
row_151	Klrc1	killer cell lectin-like receptor subfamily C, member 1 [Source:MGI Symbol;Acc:MGI:1336161]	15367	-3.7327613830566406	-0.10735312	Yes	
row_152	Il18rap	interleukin 18 receptor accessory protein [Source:MGI Symbol;Acc:MGI:1338888]	15372	-3.793020725250244	-0.090106376	Yes	
row_153	Ccl8	C-C motif chemokine ligand 8 [Source:MGI Symbol;Acc:MGI:101878]	15373	-3.7937095165252686	-0.07259446	Yes	
row_154	H2-T23	histocompatibility 2, T region locus 23 [Source:MGI Symbol;Acc:MGI:95957]	15377	-3.80800199508667	-0.055213057	Yes	
row_155	Gm12250	predicted gene 12250 [Source:MGI Symbol;Acc:MGI:3649299]	15390	-4.051843643188477	-0.037295584	Yes	
row_156	Il12b	interleukin 12b [Source:MGI Symbol;Acc:MGI:96540]	15398	-4.15106201171875	-0.01859261	Yes	
row_157	Clec7a	C-type lectin domain family 7, member a [Source:MGI Symbol;Acc:MGI:1861431]	15405	-4.382608890533447	0.0012446974	Yes	
