NAME	SYMBOL	TITLE	RANK IN GENE LIST	RANK METRIC SCORE	RUNNING ES	CORE ENRICHMENT	
row_0	Oprm1	opioid receptor, mu 1 [Source:MGI Symbol;Acc:MGI:97441]	807	0.6595636010169983	0.024287699	Yes	
row_1	Crhbp	corticotropin releasing hormone binding protein [Source:MGI Symbol;Acc:MGI:88497]	926	0.6117948889732361	0.08779065	Yes	
row_2	Dlgap2	DLG associated protein 2 [Source:MGI Symbol;Acc:MGI:2443181]	1010	0.5805177092552185	0.14992945	Yes	
row_3	Gsg1l	GSG1-like [Source:MGI Symbol;Acc:MGI:2685483]	1050	0.5704668760299683	0.2137582	Yes	
row_4	Begain	brain-enriched guanylate kinase-associated [Source:MGI Symbol;Acc:MGI:3044626]	1246	0.5119365453720093	0.26064095	Yes	
row_5	Cacng3	calcium channel, voltage-dependent, gamma subunit 3 [Source:MGI Symbol;Acc:MGI:1859165]	1256	0.5052617788314819	0.31883377	Yes	
row_6	Cnih3	cornichon family AMPA receptor auxiliary protein 3 [Source:MGI Symbol;Acc:MGI:1920228]	1296	0.49390968680381775	0.37375656	Yes	
row_7	Crh	corticotropin releasing hormone [Source:MGI Symbol;Acc:MGI:88496]	1499	0.4484637975692749	0.41280058	Yes	
row_8	Cacng4	calcium channel, voltage-dependent, gamma subunit 4 [Source:MGI Symbol;Acc:MGI:1859167]	1585	0.4296216070652008	0.45725548	Yes	
row_9	Homer1	homer scaffolding protein 1 [Source:MGI Symbol;Acc:MGI:1347345]	1787	0.3937567174434662	0.49000037	Yes	
row_10	Shank1	SH3 and multiple ankyrin repeat domains 1 [Source:MGI Symbol;Acc:MGI:3613677]	1997	0.36107057332992554	0.51842296	Yes	
row_11	Shisa7	shisa family member 7 [Source:MGI Symbol;Acc:MGI:3605641]	2540	0.29457199573516846	0.5174709	Yes	
row_12	Cacng2	calcium channel, voltage-dependent, gamma subunit 2 [Source:MGI Symbol;Acc:MGI:1316660]	2706	0.2754891812801361	0.5387969	Yes	
row_13	Chrna5	cholinergic receptor, nicotinic, alpha polypeptide 5 [Source:MGI Symbol;Acc:MGI:87889]	4625	0.14812105894088745	0.4313935	No	
row_14	Lynx1	Ly6/neurotoxin 1 [Source:MGI Symbol;Acc:MGI:1345180]	4668	0.14622797071933746	0.44567513	No	
row_15	Lrp8	low density lipoprotein receptor-related protein 8, apolipoprotein e receptor [Source:MGI Symbol;Acc:MGI:1340044]	4840	0.1383722871541977	0.4506603	No	
row_16	Nlgn3	neuroligin 3 [Source:MGI Symbol;Acc:MGI:2444609]	5105	0.1268017590045929	0.44825616	No	
row_17	Nrxn2	neurexin II [Source:MGI Symbol;Acc:MGI:1096362]	5118	0.12614986300468445	0.46215156	No	
row_18	Neto1	neuropilin (NRP) and tolloid (TLL)-like 1 [Source:MGI Symbol;Acc:MGI:2180216]	5376	0.11458343267440796	0.4587809	No	
row_19	Nlgn2	neuroligin 2 [Source:MGI Symbol;Acc:MGI:2681835]	5790	0.09847917407751083	0.44339976	No	
row_20	Prrt1	proline-rich transmembrane protein 1 [Source:MGI Symbol;Acc:MGI:1932118]	6763	0.06185470148921013	0.38743338	No	
row_21	Rasgrf1	RAS protein-specific guanine nucleotide-releasing factor 1 [Source:MGI Symbol;Acc:MGI:99694]	6812	0.05971279740333557	0.39126074	No	
row_22	Reln	reelin [Source:MGI Symbol;Acc:MGI:103022]	7021	0.05173012614250183	0.3837624	No	
row_23	Shisa9	shisa family member 9 [Source:MGI Symbol;Acc:MGI:1919805]	7047	0.05063183978199959	0.38802794	No	
row_24	Mapk8ip2	mitogen-activated protein kinase 8 interacting protein 2 [Source:MGI Symbol;Acc:MGI:1926555]	7514	0.03156266361474991	0.36141828	No	
row_25	Cacng7	calcium channel, voltage-dependent, gamma subunit 7 [Source:MGI Symbol;Acc:MGI:1932374]	7627	0.026546960696578026	0.35722858	No	
row_26	Cnih2	cornichon family AMPA receptor auxiliary protein 2 [Source:MGI Symbol;Acc:MGI:1277225]	7949	0.01413195114582777	0.3380135	No	
row_27	Rasgrf2	RAS protein-specific guanine nucleotide-releasing factor 2 [Source:MGI Symbol;Acc:MGI:109137]	8098	0.007248875219374895	0.32923952	No	
row_28	Mink1	misshapen-like kinase 1 (zebrafish) [Source:MGI Symbol;Acc:MGI:1355329]	8618	-0.01414194144308567	0.29715928	No	
row_29	Nlgn1	neuroligin 1 [Source:MGI Symbol;Acc:MGI:2179435]	8729	-0.01949862390756607	0.2922796	No	
row_30	Dapk1	death associated protein kinase 1 [Source:MGI Symbol;Acc:MGI:1916885]	9808	-0.07061068713665009	0.23044379	No	
row_31	Shisa6	shisa family member 6 [Source:MGI Symbol;Acc:MGI:2685725]	9912	-0.07588907331228256	0.23257896	No	
row_32	Homer3	homer scaffolding protein 3 [Source:MGI Symbol;Acc:MGI:1347359]	10032	-0.0835414007306099	0.23456462	No	
row_33	Cacng8	calcium channel, voltage-dependent, gamma subunit 8 [Source:MGI Symbol;Acc:MGI:1932376]	10747	-0.12759995460510254	0.20301169	No	
row_34	Cacng5	calcium channel, voltage-dependent, gamma subunit 5 [Source:MGI Symbol;Acc:MGI:2157946]	12994	-0.40634503960609436	0.10433384	No	
row_35	Notch1	notch 1 [Source:MGI Symbol;Acc:MGI:97363]	13207	-0.459946870803833	0.14406389	No	
