NAME	SYMBOL	TITLE	RANK IN GENE LIST	RANK METRIC SCORE	RUNNING ES	CORE ENRICHMENT	
row_0	GBX2	gastrulation brain homeobox 2 [Source:HGNC Symbol;Acc:HGNC:4186]	54	1.4167084693908691	0.16307966	Yes	
row_1	EN1	engrailed homeobox 1 [Source:HGNC Symbol;Acc:HGNC:3342]	321	0.8404632806777954	0.24224605	Yes	
row_2	BMP4	bone morphogenetic protein 4 [Source:HGNC Symbol;Acc:HGNC:1071]	569	0.6470739245414734	0.30002487	Yes	
row_3	TMEM107	transmembrane protein 107 [Source:HGNC Symbol;Acc:HGNC:28128]	627	0.6149824857711792	0.3682948	Yes	
row_4	SMO	smoothened, frizzled class receptor [Source:HGNC Symbol;Acc:HGNC:11119]	701	0.5793691277503967	0.43116093	Yes	
row_5	SHH	sonic hedgehog signaling molecule [Source:HGNC Symbol;Acc:HGNC:10848]	814	0.5332115292549133	0.48565102	Yes	
row_6	IFT140	intraflagellar transport 140 [Source:HGNC Symbol;Acc:HGNC:29077]	1045	0.4579659402370453	0.5223971	Yes	
row_7	RPGRIP1L	RPGRIP1 like [Source:HGNC Symbol;Acc:HGNC:29168]	1296	0.39681336283683777	0.5504258	Yes	
row_8	DZIP1L	DAZ interacting zinc finger protein 1 like [Source:HGNC Symbol;Acc:HGNC:26551]	1532	0.35142821073532104	0.5742273	Yes	
row_9	CDK20	cyclin dependent kinase 20 [Source:HGNC Symbol;Acc:HGNC:21420]	2192	0.26482248306274414	0.5559509	No	
row_10	TBC1D32	TBC1 domain family member 32 [Source:HGNC Symbol;Acc:HGNC:21485]	3777	0.15117576718330383	0.4547598	No	
row_11	PTCH1	patched 1 [Source:HGNC Symbol;Acc:HGNC:9585]	4122	0.13333795964717865	0.44464135	No	
row_12	PAX6	paired box 6 [Source:HGNC Symbol;Acc:HGNC:8620]	4742	0.10456127673387527	0.41046366	No	
row_13	WDR19	WD repeat domain 19 [Source:HGNC Symbol;Acc:HGNC:18340]	5002	0.09363401681184769	0.40204823	No	
row_14	PRKACA	protein kinase cAMP-activated catalytic subunit alpha [Source:HGNC Symbol;Acc:HGNC:9380]	5098	0.08953005820512772	0.40547207	No	
row_15	PRKACB	protein kinase cAMP-activated catalytic subunit beta [Source:HGNC Symbol;Acc:HGNC:9381]	5517	0.07226625084877014	0.38258806	No	
row_16	SOX17	SRY-box 17 [Source:HGNC Symbol;Acc:HGNC:18122]	5658	0.06662056595087051	0.3799277	No	
row_17	ARL13B	ADP ribosylation factor like GTPase 13B [Source:HGNC Symbol;Acc:HGNC:25419]	6577	0.025947529822587967	0.3140078	No	
row_18	FKBP8	FKBP prolyl isomerase 8 [Source:HGNC Symbol;Acc:HGNC:3724]	6980	0.008433072827756405	0.2847953	No	
row_19	ATP6AP2	ATPase H+ transporting accessory protein 2 [Source:HGNC Symbol;Acc:HGNC:18305]	7276	-0.004737646318972111	0.2631871	No	
row_20	GPR161	G protein-coupled receptor 161 [Source:HGNC Symbol;Acc:HGNC:23694]	7509	-0.015780532732605934	0.24761571	No	
row_21	RNF220	ring finger protein 220 [Source:HGNC Symbol;Acc:HGNC:25552]	7742	-0.026566825807094574	0.23331684	No	
row_22	GLI3	GLI family zinc finger 3 [Source:HGNC Symbol;Acc:HGNC:4319]	8405	-0.06332819163799286	0.19104351	No	
row_23	PSEN1	presenilin 1 [Source:HGNC Symbol;Acc:HGNC:9508]	8651	-0.07733799517154694	0.18175755	No	
row_24	HES1	hes family bHLH transcription factor 1 [Source:HGNC Symbol;Acc:HGNC:5192]	8868	-0.09162396192550659	0.17633612	No	
row_25	GORAB	golgin, RAB6 interacting [Source:HGNC Symbol;Acc:HGNC:25676]	9509	-0.1382148712873459	0.14455077	No	
row_26	TCTN1	tectonic family member 1 [Source:HGNC Symbol;Acc:HGNC:26113]	9604	-0.14762957394123077	0.15490407	No	
row_27	KDM2B	lysine demethylase 2B [Source:HGNC Symbol;Acc:HGNC:13610]	9737	-0.16318048536777496	0.16423659	No	
row_28	TULP3	tubby like protein 3 [Source:HGNC Symbol;Acc:HGNC:12425]	10391	-0.23849642276763916	0.14330517	No	
row_29	MKS1	MKS transition zone complex subunit 1 [Source:HGNC Symbol;Acc:HGNC:7121]	10505	-0.25302281975746155	0.16466461	No	
row_30	SUFU	SUFU negative regulator of hedgehog signaling [Source:HGNC Symbol;Acc:HGNC:16466]	11335	-0.40804722905158997	0.15051097	No	
