NAME	SYMBOL	TITLE	RANK IN GENE LIST	RANK METRIC SCORE	RUNNING ES	CORE ENRICHMENT	
row_0	Mc1r	melanocortin 1 receptor [Source:MGI Symbol;Acc:MGI:99456]	15	2.0879716873168945	0.008792496	No	
row_1	Gstp-ps	glutathione S-transferase, pi, pseudogene [Source:MGI Symbol;Acc:MGI:3782108]	1149	0.5382627844810486	-0.06296782	No	
row_2	Pomc	pro-opiomelanocortin-alpha [Source:MGI Symbol;Acc:MGI:97742]	1230	0.5155611634254456	-0.06579883	No	
row_3	Setd4	SET domain containing 4 [Source:MGI Symbol;Acc:MGI:2136890]	1243	0.5121994018554688	-0.06418744	No	
row_4	Il4	interleukin 4 [Source:MGI Symbol;Acc:MGI:96556]	1379	0.47648885846138	-0.070807226	No	
row_5	Abcc8	ATP-binding cassette, sub-family C member 8 [Source:MGI Symbol;Acc:MGI:1352629]	1396	0.4719110131263733	-0.06964671	No	
row_6	Ephb2	Eph receptor B2 [Source:MGI Symbol;Acc:MGI:99611]	2001	0.3605872094631195	-0.1075572	No	
row_7	Lrrk2	leucine-rich repeat kinase 2 [Source:MGI Symbol;Acc:MGI:1913975]	2284	0.32532379031181335	-0.124522194	No	
row_8	Flt3	FMS-like tyrosine kinase 3 [Source:MGI Symbol;Acc:MGI:95559]	2431	0.3052869141101837	-0.13266473	No	
row_9	Cyp2j6	cytochrome P450, family 2, subfamily j, polypeptide 6 [Source:MGI Symbol;Acc:MGI:1270148]	2746	0.2719399333000183	-0.15197761	No	
row_10	Isl1	ISL1 transcription factor, LIM/homeodomain [Source:MGI Symbol;Acc:MGI:101791]	2880	0.2600710093975067	-0.15947956	No	
row_11	C1qtnf4	C1q and tumor necrosis factor related protein 4 [Source:MGI Symbol;Acc:MGI:1914695]	2913	0.25722089409828186	-0.1603732	No	
row_12	Cx3cl1	C-X3-C motif chemokine ligand 1 [Source:MGI Symbol;Acc:MGI:1097153]	2915	0.2570033073425293	-0.15923546	No	
row_13	Hdac2	histone deacetylase 2 [Source:MGI Symbol;Acc:MGI:1097691]	3207	0.23328189551830292	-0.17722145	No	
row_14	Hsf1	heat shock factor 1 [Source:MGI Symbol;Acc:MGI:96238]	3901	0.1868501901626587	-0.2217803	No	
row_15	Cidea	cell death-inducing DNA fragmentation factor, alpha subunit-like effector A [Source:MGI Symbol;Acc:MGI:1270845]	4415	0.15783876180648804	-0.25467402	No	
row_16	Gstp2	glutathione S-transferase, pi 2 [Source:MGI Symbol;Acc:MGI:95864]	4599	0.14987431466579437	-0.26596996	No	
row_17	Hdac3	histone deacetylase 3 [Source:MGI Symbol;Acc:MGI:1343091]	5057	0.12882573902606964	-0.2953281	No	
row_18	Igf1	insulin-like growth factor 1 [Source:MGI Symbol;Acc:MGI:96432]	5491	0.11043792217969894	-0.32319888	No	
row_19	Sirpa	signal-regulatory protein alpha [Source:MGI Symbol;Acc:MGI:108563]	5873	0.0953734815120697	-0.34773105	No	
row_20	Rasgrp1	RAS guanyl releasing protein 1 [Source:MGI Symbol;Acc:MGI:1314635]	5924	0.09335950762033463	-0.350572	No	
row_21	Foxp1	forkhead box P1 [Source:MGI Symbol;Acc:MGI:1914004]	6280	0.07949679344892502	-0.37347388	No	
row_22	Card9	caspase recruitment domain family, member 9 [Source:MGI Symbol;Acc:MGI:2685628]	6355	0.07664771378040314	-0.37796652	No	
row_23	Syt11	synaptotagmin XI [Source:MGI Symbol;Acc:MGI:1859547]	6393	0.0753982812166214	-0.38003927	No	
row_24	Gas6	growth arrest specific 6 [Source:MGI Symbol;Acc:MGI:95660]	6713	0.06350692361593246	-0.40065584	No	
row_25	Arfgef2	ADP ribosylation factor guanine nucleotide exchange factor 2 [Source:MGI Symbol;Acc:MGI:2139354]	6798	0.0604047030210495	-0.40588015	No	
row_26	Trim27	tripartite motif-containing 27 [Source:MGI Symbol;Acc:MGI:97904]	6987	0.05295974761247635	-0.41795763	No	
row_27	Zbtb20	zinc finger and BTB domain containing 20 [Source:MGI Symbol;Acc:MGI:1929213]	7134	0.0472215972840786	-0.4273084	No	
row_28	Arhgef2	Rho/Rac guanine nucleotide exchange factor 2 [Source:MGI Symbol;Acc:MGI:103264]	7303	0.039733514189720154	-0.4381366	No	
row_29	App	amyloid beta precursor protein [Source:MGI Symbol;Acc:MGI:88059]	7674	0.02479456551373005	-0.46227804	No	
row_30	Cx3cr1	C-X3-C motif chemokine receptor 1 [Source:MGI Symbol;Acc:MGI:1333815]	7966	0.013490796089172363	-0.4812931	No	
row_31	Akap8	A kinase anchor protein 8 [Source:MGI Symbol;Acc:MGI:1928488]	8080	0.007932470180094242	-0.48866433	No	
row_32	Ptpn11	protein tyrosine phosphatase, non-receptor type 11 [Source:MGI Symbol;Acc:MGI:99511]	8178	0.0038902198430150747	-0.49500552	No	
row_33	Dicer1	dicer 1, ribonuclease type III [Source:MGI Symbol;Acc:MGI:2177178]	8285	-6.46323140244931E-4	-0.50195193	No	
row_34	Fxr1	FMR1 autosomal homolog 1 [Source:MGI Symbol;Acc:MGI:104860]	8338	-0.0027738441713154316	-0.50534815	No	
row_35	Hspd1	heat shock protein 1 (chaperonin) [Source:MGI Symbol;Acc:MGI:96242]	8597	-0.013060055673122406	-0.5222017	No	
row_36	Ilrun	inflammation and lipid regulator with UBA-like and NBR1-like domains [Source:MGI Symbol;Acc:MGI:106281]	8725	-0.019226567819714546	-0.5304379	No	
row_37	Mapk14	mitogen-activated protein kinase 14 [Source:MGI Symbol;Acc:MGI:1346865]	8940	-0.027561787515878677	-0.5443389	No	
row_38	Cactin	cactin, spliceosome C complex subunit [Source:MGI Symbol;Acc:MGI:1917562]	9209	-0.040019016712903976	-0.56172186	No	
row_39	Selenok	selenoprotein K [Source:MGI Symbol;Acc:MGI:1931466]	9210	-0.04002238065004349	-0.56153446	No	
row_40	Rad21	RAD21 cohesin complex component [Source:MGI Symbol;Acc:MGI:108016]	9345	-0.04619685932993889	-0.5701033	No	
row_41	Tbc1d23	TBC1 domain family, member 23 [Source:MGI Symbol;Acc:MGI:1914831]	9382	-0.048560336232185364	-0.5722361	No	
row_42	Lrrfip2	leucine rich repeat (in FLII) interacting protein 2 [Source:MGI Symbol;Acc:MGI:1918518]	9393	-0.04907006025314331	-0.572662	No	
row_43	Mavs	mitochondrial antiviral signaling protein [Source:MGI Symbol;Acc:MGI:2444773]	9551	-0.05702131241559982	-0.5826881	No	
row_44	Dhx9	DExH-box helicase 9 [Source:MGI Symbol;Acc:MGI:108177]	9761	-0.06751791387796402	-0.59607416	No	
row_45	Pten	phosphatase and tensin homolog [Source:MGI Symbol;Acc:MGI:109583]	9894	-0.0750245675444603	-0.604377	No	
row_46	Psen1	presenilin 1 [Source:MGI Symbol;Acc:MGI:1202717]	9934	-0.07733799517154694	-0.60657173	No	
row_47	Ptprj	protein tyrosine phosphatase receptor type J [Source:MGI Symbol;Acc:MGI:104574]	10287	-0.09800480306148529	-0.6291903	No	
row_48	Ncl	nucleolin [Source:MGI Symbol;Acc:MGI:97286]	10349	-0.10157568007707596	-0.6327139	No	
row_49	Wnt5a	wingless-type MMTV integration site family, member 5A [Source:MGI Symbol;Acc:MGI:98958]	10388	-0.10429193824529648	-0.6347169	No	
row_50	Clu	clusterin [Source:MGI Symbol;Acc:MGI:88423]	10410	-0.10545151680707932	-0.63560003	No	
row_51	Ube2j1	ubiquitin-conjugating enzyme E2J 1 [Source:MGI Symbol;Acc:MGI:1926245]	10522	-0.11169470846652985	-0.6423543	No	
row_52	Nfkbil1	nuclear factor of kappa light polypeptide gene enhancer in B cells inhibitor like 1 [Source:MGI Symbol;Acc:MGI:1340031]	10582	-0.11585382372140884	-0.64567995	No	
row_53	Sphk2	sphingosine kinase 2 [Source:MGI Symbol;Acc:MGI:1861380]	10664	-0.12072138488292694	-0.6504252	No	
row_54	Csf1r	colony stimulating factor 1 receptor [Source:MGI Symbol;Acc:MGI:1339758]	10734	-0.12606008350849152	-0.6543587	No	
row_55	Pik3r1	phosphoinositide-3-kinase regulatory subunit 1 [Source:MGI Symbol;Acc:MGI:97583]	10779	-0.12955646216869354	-0.6566368	No	
row_56	Cd47	CD47 antigen (Rh-related antigen, integrin-associated signal transducer) [Source:MGI Symbol;Acc:MGI:96617]	11068	-0.15214423835277557	-0.67480594	No	
row_57	Hmgb1	high mobility group box 1 [Source:MGI Symbol;Acc:MGI:96113]	11073	-0.15266485512256622	-0.6743534	No	
row_58	Rara	retinoic acid receptor, alpha [Source:MGI Symbol;Acc:MGI:97856]	11171	-0.1622963696718216	-0.679953	No	
row_59	Mif	macrophage migration inhibitory factor (glycosylation-inhibiting factor) [Source:MGI Symbol;Acc:MGI:96982]	11220	-0.16628685593605042	-0.6823213	No	
row_60	Selenos	selenoprotein S [Source:MGI Symbol;Acc:MGI:95994]	11324	-0.17658631503582	-0.6882473	No	
row_61	Il18	interleukin 18 [Source:MGI Symbol;Acc:MGI:107936]	11397	-0.1832057386636734	-0.69210994	No	
row_62	Wdr83	WD repeat domain containing 83 [Source:MGI Symbol;Acc:MGI:1915086]	11545	-0.19796301424503326	-0.7008205	No	
row_63	Sirt1	sirtuin 1 [Source:MGI Symbol;Acc:MGI:2135607]	11575	-0.20096233487129211	-0.70178086	No	
row_64	Gstcd	glutathione S-transferase, C-terminal domain containing [Source:MGI Symbol;Acc:MGI:1914803]	11653	-0.20984895527362823	-0.70584655	No	
row_65	Lpl	lipoprotein lipase [Source:MGI Symbol;Acc:MGI:96820]	11716	-0.21636037528514862	-0.7088983	No	
row_66	Azi2	5-azacytidine induced gene 2 [Source:MGI Symbol;Acc:MGI:1351332]	11946	-0.24171535670757294	-0.72278005	No	
row_67	Psen2	presenilin 2 [Source:MGI Symbol;Acc:MGI:109284]	12044	-0.25287115573883057	-0.72795546	No	
row_68	Vsir	V-set immunoregulatory receptor [Source:MGI Symbol;Acc:MGI:1921298]	12380	-0.29802560806274414	-0.748523	No	
row_69	Frmd8	FERM domain containing 8 [Source:MGI Symbol;Acc:MGI:1914707]	12767	-0.3578103184700012	-0.7721543	No	
row_70	Arrb2	arrestin, beta 2 [Source:MGI Symbol;Acc:MGI:99474]	12825	-0.3717876076698303	-0.7741505	No	
row_71	Nfatc4	nuclear factor of activated T cells, cytoplasmic, calcineurin dependent 4 [Source:MGI Symbol;Acc:MGI:1920431]	12991	-0.40585583448410034	-0.7830678	No	
row_72	Adam17	a disintegrin and metallopeptidase domain 17 [Source:MGI Symbol;Acc:MGI:1096335]	12996	-0.40658193826675415	-0.7814264	No	
row_73	C5ar2	complement component 5a receptor 2 [Source:MGI Symbol;Acc:MGI:2442013]	13014	-0.4101121425628662	-0.7806208	No	
row_74	Nlrc3	NLR family, CARD domain containing 3 [Source:MGI Symbol;Acc:MGI:2444070]	13114	-0.4365720748901367	-0.7850673	No	
row_75	Akap12	A kinase anchor protein 12 [Source:MGI Symbol;Acc:MGI:1932576]	13168	-0.45061343908309937	-0.78643227	No	
row_76	Trem2	triggering receptor expressed on myeloid cells 2 [Source:MGI Symbol;Acc:MGI:1913150]	13349	-0.5038224458694458	-0.7958743	No	
row_77	Mapkapk2	MAP kinase-activated protein kinase 2 [Source:MGI Symbol;Acc:MGI:109298]	13555	-0.5824083089828491	-0.80658746	No	
row_78	Ifngr1	interferon gamma receptor 1 [Source:MGI Symbol;Acc:MGI:107655]	13591	-0.5971054434776306	-0.8060864	No	
row_79	Jak2	Janus kinase 2 [Source:MGI Symbol;Acc:MGI:96629]	13602	-0.6027401089668274	-0.80392003	No	
row_80	Il33	interleukin 33 [Source:MGI Symbol;Acc:MGI:1924375]	13609	-0.6050872206687927	-0.80148035	No	
row_81	Ager	advanced glycosylation end product-specific receptor [Source:MGI Symbol;Acc:MGI:893592]	13621	-0.6114444732666016	-0.7993387	No	
row_82	Ptpn22	protein tyrosine phosphatase, non-receptor type 22 (lymphoid) [Source:MGI Symbol;Acc:MGI:107170]	13782	-0.6843134760856628	-0.80662453	No	
row_83	Errfi1	ERBB receptor feedback inhibitor 1 [Source:MGI Symbol;Acc:MGI:1921405]	13836	-0.7076545357704163	-0.806786	No	
row_84	Cd24a	CD24a antigen [Source:MGI Symbol;Acc:MGI:88323]	13950	-0.7726616859436035	-0.81057674	Yes	
row_85	Angpt1	angiopoietin 1 [Source:MGI Symbol;Acc:MGI:108448]	13951	-0.7729238867759705	-0.8069579	Yes	
row_86	Stat3	signal transducer and activator of transcription 3 [Source:MGI Symbol;Acc:MGI:103038]	13983	-0.7922405004501343	-0.80528104	Yes	
row_87	Axl	AXL receptor tyrosine kinase [Source:MGI Symbol;Acc:MGI:1347244]	13985	-0.7958182692527771	-0.80162054	Yes	
row_88	Lbp	lipopolysaccharide binding protein [Source:MGI Symbol;Acc:MGI:1098776]	14002	-0.8066551089286804	-0.79889274	Yes	
row_89	Ticam1	TIR domain containing adaptor molecule 1 [Source:MGI Symbol;Acc:MGI:2147032]	14082	-0.8556047677993774	-0.8000661	Yes	
row_90	Fadd	Fas associated via death domain [Source:MGI Symbol;Acc:MGI:109324]	14215	-0.9544616937637329	-0.8042514	Yes	
row_91	Fzd5	frizzled class receptor 5 [Source:MGI Symbol;Acc:MGI:108571]	14219	-0.9562937021255493	-0.7999706	Yes	
row_92	Ly96	lymphocyte antigen 96 [Source:MGI Symbol;Acc:MGI:1341909]	14276	-1.0230461359024048	-0.79885215	Yes	
row_93	Ripk2	receptor (TNFRSF)-interacting serine-threonine kinase 2 [Source:MGI Symbol;Acc:MGI:1891456]	14349	-1.0947935581207275	-0.7984467	Yes	
row_94	Slamf1	signaling lymphocytic activation molecule family member 1 [Source:MGI Symbol;Acc:MGI:1351314]	14354	-1.1003212928771973	-0.7935572	Yes	
row_95	Fcgr3	Fc receptor, IgG, low affinity III [Source:MGI Symbol;Acc:MGI:95500]	14430	-1.1911050081253052	-0.7928975	Yes	
row_96	Tgfb1	transforming growth factor, beta 1 [Source:MGI Symbol;Acc:MGI:98725]	14447	-1.212853193283081	-0.7882679	Yes	
row_97	Tirap	toll-interleukin 1 receptor (TIR) domain-containing adaptor protein [Source:MGI Symbol;Acc:MGI:2152213]	14495	-1.2793903350830078	-0.78535914	Yes	
row_98	Tyrobp	TYRO protein tyrosine kinase binding protein [Source:MGI Symbol;Acc:MGI:1277211]	14501	-1.2893348932266235	-0.7796503	Yes	
row_99	Nod1	nucleotide-binding oligomerization domain containing 1 [Source:MGI Symbol;Acc:MGI:1341839]	14513	-1.3084510564804077	-0.77424526	Yes	
row_100	Arid5a	AT-rich interaction domain 5A [Source:MGI Symbol;Acc:MGI:2443039]	14597	-1.4312337636947632	-0.77298576	Yes	
row_101	Ptger4	prostaglandin E receptor 4 (subtype EP4) [Source:MGI Symbol;Acc:MGI:104311]	14604	-1.4383174180984497	-0.7666449	Yes	
row_102	Tlr3	toll-like receptor 3 [Source:MGI Symbol;Acc:MGI:2156367]	14643	-1.505021572113037	-0.76208967	Yes	
row_103	Ccn1	cellular communication network factor 1 [Source:MGI Symbol;Acc:MGI:88613]	14646	-1.5105007886886597	-0.7551486	Yes	
row_104	Tnfrsf1a	tumor necrosis factor receptor superfamily, member 1a [Source:MGI Symbol;Acc:MGI:1314884]	14658	-1.5303750038146973	-0.74870455	Yes	
row_105	Adam8	a disintegrin and metallopeptidase domain 8 [Source:MGI Symbol;Acc:MGI:107825]	14659	-1.5315771102905273	-0.7415337	Yes	
row_106	Hspb1	heat shock protein 1 [Source:MGI Symbol;Acc:MGI:96240]	14663	-1.5398118495941162	-0.7345209	Yes	
row_107	Myd88	myeloid differentiation primary response gene 88 [Source:MGI Symbol;Acc:MGI:108005]	14676	-1.5513466596603394	-0.7280443	Yes	
row_108	Tlr6	toll-like receptor 6 [Source:MGI Symbol;Acc:MGI:1341296]	14694	-1.5908817052841187	-0.72171026	Yes	
row_109	Btk	Bruton agammaglobulinemia tyrosine kinase [Source:MGI Symbol;Acc:MGI:88216]	14738	-1.687743902206421	-0.71662736	Yes	
row_110	Ripk1	receptor (TNFRSF)-interacting serine-threonine kinase 1 [Source:MGI Symbol;Acc:MGI:108212]	14802	-1.8497005701065063	-0.71209735	Yes	
row_111	Tlr1	toll-like receptor 1 [Source:MGI Symbol;Acc:MGI:1341295]	14803	-1.851188063621521	-0.70343006	Yes	
row_112	Nod2	nucleotide-binding oligomerization domain containing 2 [Source:MGI Symbol;Acc:MGI:2429397]	14821	-1.8870857954025269	-0.6957092	Yes	
row_113	Ccr5	C-C motif chemokine receptor 5 [Source:MGI Symbol;Acc:MGI:107182]	14828	-1.903516411781311	-0.6871903	Yes	
row_114	Pycard	PYD and CARD domain containing [Source:MGI Symbol;Acc:MGI:1931465]	14845	-1.946400761604309	-0.6791262	Yes	
row_115	Fcer1g	Fc receptor, IgE, high affinity I, gamma polypeptide [Source:MGI Symbol;Acc:MGI:95496]	14849	-1.9575062990188599	-0.67015785	Yes	
row_116	Cyba	cytochrome b-245, alpha polypeptide [Source:MGI Symbol;Acc:MGI:1316658]	14852	-1.9694020748138428	-0.6610682	Yes	
row_117	Ccl2	C-C motif chemokine ligand 2 [Source:MGI Symbol;Acc:MGI:98259]	14858	-1.9816153049468994	-0.652118	Yes	
row_118	Clec4a2	C-type lectin domain family 4, member a2 [Source:MGI Symbol;Acc:MGI:1349412]	14864	-1.9953676462173462	-0.64310354	Yes	
row_119	Ccl3	C-C motif chemokine ligand 3 [Source:MGI Symbol;Acc:MGI:98260]	14873	-2.0173068046569824	-0.63418293	Yes	
row_120	Cd36	CD36 molecule [Source:MGI Symbol;Acc:MGI:107899]	14876	-2.0263617038726807	-0.6248266	Yes	
row_121	Ptpn6	protein tyrosine phosphatase, non-receptor type 6 [Source:MGI Symbol;Acc:MGI:96055]	14896	-2.0592994689941406	-0.6164306	Yes	
row_122	Syk	spleen tyrosine kinase [Source:MGI Symbol;Acc:MGI:99515]	14902	-2.071566104888916	-0.6070593	Yes	
row_123	Irak3	interleukin-1 receptor-associated kinase 3 [Source:MGI Symbol;Acc:MGI:1921164]	14908	-2.0854570865631104	-0.597623	Yes	
row_124	Arg2	arginase type II [Source:MGI Symbol;Acc:MGI:1330806]	14913	-2.0990161895751953	-0.5880576	Yes	
row_125	Havcr2	hepatitis A virus cellular receptor 2 [Source:MGI Symbol;Acc:MGI:2159682]	14929	-2.150355339050293	-0.57897305	Yes	
row_126	Kcnn4	potassium intermediate/small conductance calcium-activated channel, subfamily N, member 4 [Source:MGI Symbol;Acc:MGI:1277957]	14935	-2.1580917835235596	-0.56919664	Yes	
row_127	Tspo	translocator protein [Source:MGI Symbol;Acc:MGI:88222]	14942	-2.1776771545410156	-0.55939406	Yes	
row_128	Lilrb4b	leukocyte immunoglobulin-like receptor, subfamily B, member 4B [Source:MGI Symbol;Acc:MGI:102702]	14956	-2.218184232711792	-0.5498608	Yes	
row_129	Gpnmb	glycoprotein (transmembrane) nmb [Source:MGI Symbol;Acc:MGI:1934765]	14966	-2.255173683166504	-0.5398921	Yes	
row_130	Lgals9	lectin, galactose binding, soluble 9 [Source:MGI Symbol;Acc:MGI:109496]	14971	-2.265756130218506	-0.529546	Yes	
row_131	Ccr7	C-C motif chemokine receptor 7 [Source:MGI Symbol;Acc:MGI:103011]	14982	-2.284374713897705	-0.51950616	Yes	
row_132	Slamf9	SLAM family member 9 [Source:MGI Symbol;Acc:MGI:1923692]	14990	-2.30002760887146	-0.50919634	Yes	
row_133	Tnfaip3	tumor necrosis factor, alpha-induced protein 3 [Source:MGI Symbol;Acc:MGI:1196377]	14992	-2.3014543056488037	-0.49848646	Yes	
row_134	Rigi	RNA sensor RIG-I [Source:MGI Symbol;Acc:MGI:2442858]	14993	-2.3021128177642822	-0.48770794	Yes	
row_135	Il6	interleukin 6 [Source:MGI Symbol;Acc:MGI:96559]	14997	-2.304513931274414	-0.47711486	Yes	
row_136	Trim30a	tripartite motif-containing 30A [Source:MGI Symbol;Acc:MGI:98178]	15007	-2.3282415866851807	-0.46680406	Yes	
row_137	Ifih1	interferon induced with helicase C domain 1 [Source:MGI Symbol;Acc:MGI:1918836]	15019	-2.357480049133301	-0.45648748	Yes	
row_138	Spn	sialophorin [Source:MGI Symbol;Acc:MGI:98384]	15031	-2.3822696208953857	-0.44605485	Yes	
row_139	Zfp36	zinc finger protein 36 [Source:MGI Symbol;Acc:MGI:99180]	15034	-2.3839128017425537	-0.43502444	Yes	
row_140	Ptprc	protein tyrosine phosphatase receptor type C [Source:MGI Symbol;Acc:MGI:97810]	15038	-2.397634506225586	-0.42399538	Yes	
row_141	Zc3h12a	zinc finger CCCH type containing 12A [Source:MGI Symbol;Acc:MGI:2385891]	15056	-2.4416534900665283	-0.41367805	Yes	
row_142	Cd14	CD14 antigen [Source:MGI Symbol;Acc:MGI:88318]	15059	-2.447489023208618	-0.40235	Yes	
row_143	Mmp8	matrix metallopeptidase 8 [Source:MGI Symbol;Acc:MGI:1202395]	15060	-2.449568510055542	-0.3908811	Yes	
row_144	Clec4a3	C-type lectin domain family 4, member a3 [Source:MGI Symbol;Acc:MGI:1920399]	15084	-2.514216184616089	-0.3806174	Yes	
row_145	Cd274	CD274 antigen [Source:MGI Symbol;Acc:MGI:1926446]	15140	-2.6653146743774414	-0.37174422	Yes	
row_146	Ptafr	platelet-activating factor receptor [Source:MGI Symbol;Acc:MGI:106066]	15164	-2.7209060192108154	-0.3605128	Yes	
row_147	Oas1a	2'-5' oligoadenylate synthetase 1A [Source:MGI Symbol;Acc:MGI:2180860]	15172	-2.741467237472534	-0.34813616	Yes	
row_148	Fcgr2b	Fc receptor, IgG, low affinity IIb [Source:MGI Symbol;Acc:MGI:95499]	15178	-2.755366563796997	-0.3355633	Yes	
row_149	Oas1c	2'-5' oligoadenylate synthetase 1C [Source:MGI Symbol;Acc:MGI:2149633]	15185	-2.7806854248046875	-0.32293746	Yes	
row_150	Thbs1	thrombospondin 1 [Source:MGI Symbol;Acc:MGI:98737]	15189	-2.7934417724609375	-0.3100552	Yes	
row_151	Cd84	CD84 antigen [Source:MGI Symbol;Acc:MGI:1336885]	15193	-2.8030569553375244	-0.29712793	Yes	
row_152	Tlr4	toll-like receptor 4 [Source:MGI Symbol;Acc:MGI:96824]	15219	-2.874952554702759	-0.2853064	Yes	
row_153	Cd2	CD2 antigen [Source:MGI Symbol;Acc:MGI:88320]	15220	-2.8780975341796875	-0.2718311	Yes	
row_154	Ccr2	C-C motif chemokine receptor 2 [Source:MGI Symbol;Acc:MGI:106185]	15238	-2.941856861114502	-0.25917184	Yes	
row_155	Cybb	cytochrome b-245, beta polypeptide [Source:MGI Symbol;Acc:MGI:88574]	15246	-2.9685940742492676	-0.24573177	Yes	
row_156	Oas2	2'-5' oligoadenylate synthetase 2 [Source:MGI Symbol;Acc:MGI:2180852]	15248	-2.9717226028442383	-0.23188369	Yes	
row_157	Plcg2	phospholipase C, gamma 2 [Source:MGI Symbol;Acc:MGI:97616]	15264	-3.042161464691162	-0.21862367	Yes	
row_158	Tmem106a	transmembrane protein 106A [Source:MGI Symbol;Acc:MGI:1922056]	15267	-3.0498545169830322	-0.20447533	Yes	
row_159	Acp5	acid phosphatase 5, tartrate resistant [Source:MGI Symbol;Acc:MGI:87883]	15277	-3.0996084213256836	-0.19055296	Yes	
row_160	Ifng	interferon gamma [Source:MGI Symbol;Acc:MGI:107656]	15290	-3.171190023422241	-0.17649215	Yes	
row_161	Sash3	SAM and SH3 domain containing 3 [Source:MGI Symbol;Acc:MGI:1921381]	15292	-3.185924530029297	-0.16164117	Yes	
row_162	Fcgr1	Fc receptor, IgG, high affinity I [Source:MGI Symbol;Acc:MGI:95498]	15299	-3.2211050987243652	-0.14695328	Yes	
row_163	Ccl4	C-C motif chemokine ligand 4 [Source:MGI Symbol;Acc:MGI:98261]	15301	-3.2221391201019287	-0.13193275	Yes	
row_164	Bcl3	B cell leukemia/lymphoma 3 [Source:MGI Symbol;Acc:MGI:88140]	15314	-3.2798244953155518	-0.1173633	Yes	
row_165	Oas1b	2'-5' oligoadenylate synthetase 1B [Source:MGI Symbol;Acc:MGI:97430]	15315	-3.299004077911377	-0.10191732	Yes	
row_166	Elf4	E74 like ETS transcription factor 4 [Source:MGI Symbol;Acc:MGI:1928377]	15332	-3.434635877609253	-0.08688529	Yes	
row_167	Oas3	2'-5' oligoadenylate synthetase 3 [Source:MGI Symbol;Acc:MGI:2180850]	15353	-3.5899810791015625	-0.07138817	Yes	
row_168	H2-T23	histocompatibility 2, T region locus 23 [Source:MGI Symbol;Acc:MGI:95957]	15377	-3.80800199508667	-0.055066958	Yes	
row_169	Tlr2	toll-like receptor 2 [Source:MGI Symbol;Acc:MGI:1346060]	15378	-3.8438563346862793	-0.037069973	Yes	
row_170	Il12b	interleukin 12b [Source:MGI Symbol;Acc:MGI:96540]	15398	-4.15106201171875	-0.018880306	Yes	
row_171	Clec7a	C-type lectin domain family 7, member a [Source:MGI Symbol;Acc:MGI:1861431]	15405	-4.382608890533447	0.0012457579	Yes	
