NAME	SYMBOL	TITLE	RANK IN GENE LIST	RANK METRIC SCORE	RUNNING ES	CORE ENRICHMENT	
row_0	Kcnj6	potassium inwardly-rectifying channel, subfamily J, member 6 [Source:MGI Symbol;Acc:MGI:104781]	41	1.6317723989486694	0.2154594	Yes	
row_1	Kcna4	potassium voltage-gated channel, shaker-related subfamily, member 4 [Source:MGI Symbol;Acc:MGI:96661]	1418	0.4673105776309967	0.18855193	Yes	
row_2	Kcnj9	potassium inwardly-rectifying channel, subfamily J, member 9 [Source:MGI Symbol;Acc:MGI:108007]	1698	0.41128185391426086	0.22540724	Yes	
row_3	Grik3	glutamate receptor, ionotropic, kainate 3 [Source:MGI Symbol;Acc:MGI:95816]	1703	0.41047707200050354	0.28001678	Yes	
row_4	Glra1	glycine receptor, alpha 1 subunit [Source:MGI Symbol;Acc:MGI:95747]	1736	0.40417248010635376	0.3319649	Yes	
row_5	Gabra2	gamma-aminobutyric acid type A receptor subunit alpha 2 [Source:MGI Symbol;Acc:MGI:95614]	2117	0.3442772626876831	0.35330343	Yes	
row_6	Grik5	glutamate receptor, ionotropic, kainate 5 (gamma 2) [Source:MGI Symbol;Acc:MGI:95818]	2299	0.3233686685562134	0.38477248	Yes	
row_7	Grin2d	glutamate receptor, ionotropic, NMDA2D (epsilon 4) [Source:MGI Symbol;Acc:MGI:95823]	2383	0.3115476667881012	0.4210267	Yes	
row_8	Rimbp2	RIMS binding protein 2 [Source:MGI Symbol;Acc:MGI:2443235]	2758	0.2710777819156647	0.43297023	Yes	
row_9	Gabra5	gamma-aminobutyric acid type A receptor subunit alpha 5 [Source:MGI Symbol;Acc:MGI:95617]	3056	0.2440633326768875	0.44630396	Yes	
row_10	Kcnj11	potassium inwardly rectifying channel, subfamily J, member 11 [Source:MGI Symbol;Acc:MGI:107501]	3241	0.23122288286685944	0.46526086	Yes	
row_11	Grik4	glutamate receptor, ionotropic, kainate 4 [Source:MGI Symbol;Acc:MGI:95817]	3398	0.21926574409008026	0.48443806	Yes	
row_12	Kcnmb4	potassium large conductance calcium-activated channel, subfamily M, beta member 4 [Source:MGI Symbol;Acc:MGI:1913272]	3403	0.21873162686824799	0.5134166	Yes	
row_13	Kcna2	potassium voltage-gated channel, shaker-related subfamily, member 2 [Source:MGI Symbol;Acc:MGI:96659]	3695	0.19904503226280212	0.52112234	Yes	
row_14	Gria3	glutamate receptor, ionotropic, AMPA3 (alpha 3) [Source:MGI Symbol;Acc:MGI:95810]	3845	0.19033116102218628	0.53688645	Yes	
row_15	Scn1a	sodium channel, voltage-gated, type I, alpha [Source:MGI Symbol;Acc:MGI:98246]	3864	0.18913733959197998	0.5609997	Yes	
row_16	Kcnj3	potassium inwardly-rectifying channel, subfamily J, member 3 [Source:MGI Symbol;Acc:MGI:104742]	3959	0.18362754583358765	0.5794401	Yes	
row_17	Kcnc2	potassium voltage gated channel, Shaw-related subfamily, member 2 [Source:MGI Symbol;Acc:MGI:96668]	4377	0.15988212823867798	0.5737269	No	
row_18	Grik2	glutamate receptor, ionotropic, kainate 2 (beta 2) [Source:MGI Symbol;Acc:MGI:95815]	4893	0.1358218938112259	0.5584323	No	
row_19	Gabrb1	gamma-aminobutyric acid type A receptor subunit beta 1 [Source:MGI Symbol;Acc:MGI:95619]	5294	0.1181936040520668	0.5482507	No	
row_20	Gria1	glutamate receptor, ionotropic, AMPA1 (alpha 1) [Source:MGI Symbol;Acc:MGI:95808]	5612	0.1055392175912857	0.54176855	No	
row_21	Kcnc1	potassium voltage gated channel, Shaw-related subfamily, member 1 [Source:MGI Symbol;Acc:MGI:96667]	6368	0.07632118463516235	0.5029319	No	
row_22	Kctd12	potassium channel tetramerisation domain containing 12 [Source:MGI Symbol;Acc:MGI:2145823]	6899	0.05630124732851982	0.47603324	No	
row_23	Gabbr1	gamma-aminobutyric acid type B receptor subunit 1 [Source:MGI Symbol;Acc:MGI:1860139]	6921	0.05584099516272545	0.48213363	No	
row_24	Kcnj8	potassium inwardly-rectifying channel, subfamily J, member 8 [Source:MGI Symbol;Acc:MGI:1100508]	7531	0.03092506341636181	0.44671172	No	
row_25	Kcna1	potassium voltage-gated channel, shaker-related subfamily, member 1 [Source:MGI Symbol;Acc:MGI:96654]	8482	-0.008738091215491295	0.38617542	No	
row_26	Kctd8	potassium channel tetramerisation domain containing 8 [Source:MGI Symbol;Acc:MGI:2443804]	10580	-0.11570446938276291	0.2654377	No	
row_27	Kcnh1	potassium voltage-gated channel, subfamily H (eag-related), member 1 [Source:MGI Symbol;Acc:MGI:1341721]	10863	-0.135585755109787	0.26524526	No	
row_28	Htr3a	5-hydroxytryptamine (serotonin) receptor 3A [Source:MGI Symbol;Acc:MGI:96282]	11856	-0.23142820596694946	0.23174845	No	
