NAME	SYMBOL	TITLE	RANK IN GENE LIST	RANK METRIC SCORE	RUNNING ES	CORE ENRICHMENT	
row_0	Npas4	neuronal PAS domain protein 4 [Source:MGI Symbol;Acc:MGI:2664186]	24	1.930193305015564	0.15374473	Yes	
row_1	Oxtr	oxytocin receptor [Source:MGI Symbol;Acc:MGI:109147]	311	0.9835965633392334	0.21429259	Yes	
row_2	Npy5r	neuropeptide Y receptor Y5 [Source:MGI Symbol;Acc:MGI:108082]	428	0.8813082575798035	0.27766213	Yes	
row_3	Cckbr	cholecystokinin B receptor [Source:MGI Symbol;Acc:MGI:99479]	786	0.6690518856048584	0.30828568	Yes	
row_4	Bdnf	brain derived neurotrophic factor [Source:MGI Symbol;Acc:MGI:88145]	1113	0.5471563339233398	0.33111674	Yes	
row_5	Drd2	dopamine receptor D2 [Source:MGI Symbol;Acc:MGI:94924]	1192	0.525939404964447	0.3683634	Yes	
row_6	Adra1a	adrenergic receptor, alpha 1a [Source:MGI Symbol;Acc:MGI:104773]	1509	0.44699394702911377	0.38378543	Yes	
row_7	Grik1	glutamate receptor, ionotropic, kainate 1 [Source:MGI Symbol;Acc:MGI:95814]	1542	0.4398171007633209	0.41709313	Yes	
row_8	Kcnk2	potassium channel, subfamily K, member 2 [Source:MGI Symbol;Acc:MGI:109366]	1839	0.385435551404953	0.42886233	Yes	
row_9	Phf24	PHD finger protein 24 [Source:MGI Symbol;Acc:MGI:2140712]	1874	0.37937265634536743	0.4571766	Yes	
row_10	Car2	carbonic anhydrase 2 [Source:MGI Symbol;Acc:MGI:88269]	1955	0.3671867847442627	0.48151988	Yes	
row_11	Adora2a	adenosine A2a receptor [Source:MGI Symbol;Acc:MGI:99402]	2108	0.3455813527107239	0.49944398	Yes	
row_12	Car7	carbonic anhydrase 7 [Source:MGI Symbol;Acc:MGI:103100]	2387	0.3106033205986023	0.5063623	Yes	
row_13	Tacr1	tachykinin receptor 1 [Source:MGI Symbol;Acc:MGI:98475]	2537	0.2949850559234619	0.5204104	Yes	
row_14	Erbb4	erb-b2 receptor tyrosine kinase 4 [Source:MGI Symbol;Acc:MGI:104771]	3014	0.24770203232765198	0.5093955	No	
row_15	Usp46	ubiquitin specific peptidase 46 [Source:MGI Symbol;Acc:MGI:1916977]	3464	0.21478037536144257	0.49748692	No	
row_16	Nalcn	sodium leak channel, non-selective [Source:MGI Symbol;Acc:MGI:2444306]	3791	0.19403931498527527	0.4919059	No	
row_17	Nrxn1	neurexin I [Source:MGI Symbol;Acc:MGI:1096391]	4034	0.17910106480121613	0.49058384	No	
row_18	Nf1	neurofibromin 1 [Source:MGI Symbol;Acc:MGI:97306]	4315	0.16403226554393768	0.48557892	No	
row_19	Cntnap2	contactin associated protein-like 2 [Source:MGI Symbol;Acc:MGI:1914047]	4899	0.13561134040355682	0.4585889	No	
row_20	Cntnap4	contactin associated protein-like 4 [Source:MGI Symbol;Acc:MGI:2183572]	4958	0.13315849006175995	0.4655323	No	
row_21	Prkce	protein kinase C, epsilon [Source:MGI Symbol;Acc:MGI:97599]	5355	0.11544531583786011	0.44907674	No	
row_22	Slc6a1	solute carrier family 6 (neurotransmitter transporter, GABA), member 1 [Source:MGI Symbol;Acc:MGI:95627]	5421	0.11306868493556976	0.45394862	No	
row_23	Tac1	tachykinin 1 [Source:MGI Symbol;Acc:MGI:98474]	5445	0.11212199181318283	0.4614748	No	
row_24	Nlgn2	neuroligin 2 [Source:MGI Symbol;Acc:MGI:2681835]	5790	0.09847917407751083	0.44703472	No	
row_25	Adora1	adenosine A1 receptor [Source:MGI Symbol;Acc:MGI:99401]	5982	0.09089777618646622	0.4419313	No	
row_26	Slc38a1	solute carrier family 38, member 1 [Source:MGI Symbol;Acc:MGI:2145895]	6176	0.08340183645486832	0.43609476	No	
row_27	Htr1b	5-hydroxytryptamine (serotonin) receptor 1B [Source:MGI Symbol;Acc:MGI:96274]	6288	0.07904975116252899	0.43523896	No	
row_28	Plcl2	phospholipase C-like 2 [Source:MGI Symbol;Acc:MGI:1352756]	6406	0.07504624873399734	0.43367094	No	
row_29	Kif5b	kinesin family member 5B [Source:MGI Symbol;Acc:MGI:1098268]	6509	0.07109063118696213	0.43275982	No	
row_30	Nisch	nischarin [Source:MGI Symbol;Acc:MGI:1928323]	7465	0.03363187983632088	0.37338033	No	
row_31	Stxbp1	syntaxin binding protein 1 [Source:MGI Symbol;Acc:MGI:107363]	7873	0.017181282863020897	0.34830326	No	
row_32	Cnr1	cannabinoid receptor 1 [Source:MGI Symbol;Acc:MGI:104615]	7958	0.01388664823025465	0.34395966	No	
row_33	Kras	Kirsten rat sarcoma viral oncogene homolog [Source:MGI Symbol;Acc:MGI:96680]	8426	-0.00606525270268321	0.3140875	No	
row_34	Nlgn1	neuroligin 1 [Source:MGI Symbol;Acc:MGI:2179435]	8729	-0.01949862390756607	0.29602304	No	
row_35	Zdhhc3	zinc finger, DHHC domain containing 3 [Source:MGI Symbol;Acc:MGI:1926134]	8837	-0.023299364373087883	0.29094154	No	
row_36	Plcl1	phospholipase C-like 1 [Source:MGI Symbol;Acc:MGI:3036262]	9471	-0.05301212519407272	0.25405496	No	
row_37	Dbi	diazepam binding inhibitor [Source:MGI Symbol;Acc:MGI:94865]	9547	-0.0567636601626873	0.2537464	No	
row_38	Pten	phosphatase and tensin homolog [Source:MGI Symbol;Acc:MGI:109583]	9894	-0.0750245675444603	0.2372891	No	
row_39	Hap1	huntingtin-associated protein 1 [Source:MGI Symbol;Acc:MGI:1261831]	12398	-0.30147814750671387	0.09882362	No	
row_40	Baiap3	BAI1-associated protein 3 [Source:MGI Symbol;Acc:MGI:2685783]	12399	-0.3016031086444855	0.12309086	No	
row_41	Cln3	CLN3 lysosomal/endosomal transmembrane protein, battenin [Source:MGI Symbol;Acc:MGI:107537]	12992	-0.40607234835624695	0.11727725	No	
row_42	Zdhhc12	zinc finger, DHHC domain containing 12 [Source:MGI Symbol;Acc:MGI:1913470]	13355	-0.5066398978233337	0.13450792	No	
