NAME	SYMBOL	TITLE	RANK IN GENE LIST	RANK METRIC SCORE	RUNNING ES	CORE ENRICHMENT	
row_0	Ascl1	achaete-scute family bHLH transcription factor 1 [Source:MGI Symbol;Acc:MGI:96919]	216	1.1120954751968384	0.15177983	Yes	
row_1	Inhba	inhibin beta-A [Source:MGI Symbol;Acc:MGI:96570]	235	1.0901540517807007	0.31314468	Yes	
row_2	Drd2	dopamine receptor D2 [Source:MGI Symbol;Acc:MGI:94924]	1192	0.525939404964447	0.3294843	Yes	
row_3	Bbs2	Bardet-Biedl syndrome 2 [Source:MGI Symbol;Acc:MGI:2135267]	1529	0.44150757789611816	0.37349293	Yes	
row_4	Mkks	McKusick-Kaufman syndrome [Source:MGI Symbol;Acc:MGI:1891836]	1856	0.38228487968444824	0.40932122	Yes	
row_5	Bbs1	Bardet-Biedl syndrome 1 [Source:MGI Symbol;Acc:MGI:1277215]	1965	0.3650366961956024	0.45673287	Yes	
row_6	Lrrk2	leucine-rich repeat kinase 2 [Source:MGI Symbol;Acc:MGI:1913975]	2284	0.32532379031181335	0.48458812	Yes	
row_7	Foxp2	forkhead box P2 [Source:MGI Symbol;Acc:MGI:2148705]	2875	0.2604387104511261	0.48510835	Yes	
row_8	Drd1	dopamine receptor D1 [Source:MGI Symbol;Acc:MGI:99578]	2999	0.2490902841091156	0.5142593	Yes	
row_9	Secisbp2	SECIS binding protein 2 [Source:MGI Symbol;Acc:MGI:1922670]	3354	0.22249871492385864	0.5244466	Yes	
row_10	Bcl11b	B cell leukemia/lymphoma 11B [Source:MGI Symbol;Acc:MGI:1929913]	3649	0.20190154016017914	0.5354589	Yes	
row_11	Ogdh	oxoglutarate (alpha-ketoglutarate) dehydrogenase (lipoamide) [Source:MGI Symbol;Acc:MGI:1098267]	3687	0.19957037270069122	0.5628109	Yes	
row_12	Shank3	SH3 and multiple ankyrin repeat domains 3 [Source:MGI Symbol;Acc:MGI:1930016]	3816	0.19246502220630646	0.5831948	Yes	
row_13	Slitrk5	SLIT and NTRK-like family, member 5 [Source:MGI Symbol;Acc:MGI:2679448]	3993	0.18142874538898468	0.5988166	Yes	
row_14	Dlx1	distal-less homeobox 1 [Source:MGI Symbol;Acc:MGI:94901]	4231	0.16873887181282043	0.60858566	Yes	
row_15	Bbs4	Bardet-Biedl syndrome 4 [Source:MGI Symbol;Acc:MGI:2143311]	5571	0.10711275041103363	0.5376129	No	
row_16	Hprt1	hypoxanthine phosphoribosyltransferase 1 [Source:MGI Symbol;Acc:MGI:96217]	6309	0.0781039446592331	0.5014036	No	
row_17	Mecp2	methyl CpG binding protein 2 [Source:MGI Symbol;Acc:MGI:99918]	7083	0.04904519021511078	0.45852432	No	
row_18	Htt	huntingtin [Source:MGI Symbol;Acc:MGI:96067]	7159	0.04592405632138252	0.46050143	No	
row_19	Rarb	retinoic acid receptor, beta [Source:MGI Symbol;Acc:MGI:97857]	8002	0.011889571323990822	0.4076023	No	
row_20	Zswim6	zinc finger SWIM-type containing 6 [Source:MGI Symbol;Acc:MGI:1914513]	8353	-0.003423438174650073	0.3853869	No	
row_21	Gli3	GLI-Kruppel family member GLI3 [Source:MGI Symbol;Acc:MGI:95729]	9666	-0.06332819163799286	0.3096394	No	
row_22	Dlx2	distal-less homeobox 2 [Source:MGI Symbol;Acc:MGI:94902]	10666	-0.12076767534017563	0.262779	No	
row_23	Slc7a11	solute carrier family 7 (cationic amino acid transporter, y+ system), member 11 [Source:MGI Symbol;Acc:MGI:1347355]	12455	-0.3091849088668823	0.19277973	No	
