NAME	SYMBOL	TITLE	RANK IN GENE LIST	RANK METRIC SCORE	RUNNING ES	CORE ENRICHMENT	
row_0	Ift80	intraflagellar transport 80 [Source:MGI Symbol;Acc:MGI:1915509]	1942	0.3685165047645569	-0.034217466	Yes	
row_1	Traf3ip1	TRAF3 interacting protein 1 [Source:MGI Symbol;Acc:MGI:1921269]	2022	0.3576070964336395	0.04977327	Yes	
row_2	Ift25	intraflagellar transport 25 [Source:MGI Symbol;Acc:MGI:1920188]	2389	0.31048303842544556	0.10339119	Yes	
row_3	Ift56	intraflagellar transport 56 [Source:MGI Symbol;Acc:MGI:2444853]	2653	0.2820577919483185	0.15661103	Yes	
row_4	Ift81	intraflagellar transport 81 [Source:MGI Symbol;Acc:MGI:1098597]	2718	0.2745067775249481	0.22086613	Yes	
row_5	Ift88	intraflagellar transport 88 [Source:MGI Symbol;Acc:MGI:98715]	2946	0.2542172074317932	0.2694846	Yes	
row_6	Ift172	intraflagellar transport 172 [Source:MGI Symbol;Acc:MGI:2682064]	2996	0.24950116872787476	0.32848176	Yes	
row_7	Ift20	intraflagellar transport 20 [Source:MGI Symbol;Acc:MGI:1915585]	3117	0.24009665846824646	0.38052663	Yes	
row_8	Cluap1	clusterin associated protein 1 [Source:MGI Symbol;Acc:MGI:1924029]	3325	0.22453807294368744	0.42304704	Yes	
row_9	Ift122	intraflagellar transport 122 [Source:MGI Symbol;Acc:MGI:1932386]	3572	0.20691758394241333	0.45864478	Yes	
row_10	Ift27	intraflagellar transport 27 [Source:MGI Symbol;Acc:MGI:1914292]	3711	0.19804809987545013	0.49904242	Yes	
row_11	Ift74	intraflagellar transport 74 [Source:MGI Symbol;Acc:MGI:1914944]	3849	0.189960777759552	0.5374896	Yes	
row_12	Ift22	intraflagellar transport 22 [Source:MGI Symbol;Acc:MGI:1914536]	4047	0.17803750932216644	0.56907076	Yes	
row_13	Ift70a1	intraflagellar transport 70A1 [Source:MGI Symbol;Acc:MGI:1926052]	4134	0.17344601452350616	0.6067127	Yes	
row_14	Ift57	intraflagellar transport 57 [Source:MGI Symbol;Acc:MGI:1921166]	4164	0.17181602120399475	0.6476482	Yes	
row_15	Ift46	intraflagellar transport 46 [Source:MGI Symbol;Acc:MGI:1923818]	5236	0.12070537358522415	0.6082106	No	
row_16	Ift52	intraflagellar transport 52 [Source:MGI Symbol;Acc:MGI:2387217]	6011	0.09011523425579071	0.58042794	No	
row_17	Ift70b	intraflagellar transport 70B [Source:MGI Symbol;Acc:MGI:1919671]	9258	-0.04221465438604355	0.38025102	No	
row_18	Cilk1	ciliogenesis associated kinase 1 [Source:MGI Symbol;Acc:MGI:1934157]	9965	-0.07992403209209442	0.35434243	No	
