NAME	SYMBOL	TITLE	RANK IN GENE LIST	RANK METRIC SCORE	RUNNING ES	CORE ENRICHMENT	
row_0	SHPK	sedoheptulokinase [Source:HGNC Symbol;Acc:HGNC:1492]	89	1.2823207378387451	-5.0886476E-4	No	
row_1	NR4A3	nuclear receptor subfamily 4 group A member 3 [Source:HGNC Symbol;Acc:HGNC:7982]	324	0.8380746841430664	-0.0141975405	No	
row_2	TTBK1	tau tubulin kinase 1 [Source:HGNC Symbol;Acc:HGNC:19140]	643	0.6052272319793701	-0.035401933	No	
row_3	IL4	interleukin 4 [Source:HGNC Symbol;Acc:HGNC:6014]	987	0.47648885846138	-0.05913292	No	
row_4	LRRK2	leucine rich repeat kinase 2 [Source:HGNC Symbol;Acc:HGNC:18618]	1712	0.32532379031181335	-0.11254122	No	
row_5	LRFN5	leucine rich repeat and fibronectin type III domain containing 5 [Source:HGNC Symbol;Acc:HGNC:20360]	2189	0.26508191227912903	-0.14740539	No	
row_6	CX3CL1	C-X3-C motif chemokine ligand 1 [Source:HGNC Symbol;Acc:HGNC:10647]	2264	0.2570033073425293	-0.15177342	No	
row_7	MAPT	microtubule associated protein tau [Source:HGNC Symbol;Acc:HGNC:6893]	2597	0.2273017019033432	-0.17588368	No	
row_8	FER	FER tyrosine kinase [Source:HGNC Symbol;Acc:HGNC:3655]	2632	0.22449909150600433	-0.17737183	No	
row_9	NDRG1	N-myc downstream regulated 1 [Source:HGNC Symbol;Acc:HGNC:7679]	2857	0.20700636506080627	-0.19337745	No	
row_10	PDPK1	3-phosphoinositide dependent protein kinase 1 [Source:HGNC Symbol;Acc:HGNC:8816]	2974	0.1985515058040619	-0.20122074	No	
row_11	CPLX2	complexin 2 [Source:HGNC Symbol;Acc:HGNC:2310]	3061	0.19333048164844513	-0.2068107	No	
row_12	SNCA	synuclein alpha [Source:HGNC Symbol;Acc:HGNC:11138]	3150	0.18686185777187347	-0.21258411	No	
row_13	CHGA	chromogranin A [Source:HGNC Symbol;Acc:HGNC:1929]	3489	0.1665012091398239	-0.23744653	No	
row_14	VAMP2	vesicle associated membrane protein 2 [Source:HGNC Symbol;Acc:HGNC:12643]	4070	0.13579058647155762	-0.28084072	No	
row_15	NPY	neuropeptide Y [Source:HGNC Symbol;Acc:HGNC:7955]	4260	0.1270381659269333	-0.29457766	No	
row_16	PRKCE	protein kinase C epsilon [Source:HGNC Symbol;Acc:HGNC:9401]	4494	0.11544531583786011	-0.31171328	No	
row_17	CAMK4	calcium/calmodulin dependent protein kinase IV [Source:HGNC Symbol;Acc:HGNC:1464]	4639	0.10947391390800476	-0.3221177	No	
row_18	PTGDS	prostaglandin D2 synthase [Source:HGNC Symbol;Acc:HGNC:9592]	4804	0.10202808678150177	-0.33407757	No	
row_19	C12orf4	chromosome 12 open reading frame 4 [Source:HGNC Symbol;Acc:HGNC:1184]	4977	0.0946074053645134	-0.34668127	No	
row_20	RASGRP1	RAS guanyl releasing protein 1 [Source:HGNC Symbol;Acc:HGNC:9878]	5006	0.09335950762033463	-0.348353	No	
row_21	PJA2	praja ring finger ubiquitin ligase 2 [Source:HGNC Symbol;Acc:HGNC:17481]	5064	0.09062445908784866	-0.35224083	No	
row_22	PLPP6	phospholipid phosphatase 6 [Source:HGNC Symbol;Acc:HGNC:23682]	5136	0.08761859685182571	-0.3572068	No	
row_23	SYT11	synaptotagmin 11 [Source:HGNC Symbol;Acc:HGNC:19239]	5445	0.0753982812166214	-0.38023457	No	
row_24	BCR	BCR activator of RhoGEF and GTPase [Source:HGNC Symbol;Acc:HGNC:1014]	5960	0.05380901321768761	-0.41901517	No	
row_25	KMT2E	lysine methyltransferase 2E [Source:HGNC Symbol;Acc:HGNC:18541]	6391	0.03517765924334526	-0.45150602	No	
row_26	APP	amyloid beta precursor protein [Source:HGNC Symbol;Acc:HGNC:620]	6607	0.02479456551373005	-0.46771634	No	
row_27	STXBP1	syntaxin binding protein 1 [Source:HGNC Symbol;Acc:HGNC:11444]	6795	0.017181282863020897	-0.4818369	No	
row_28	CNR1	cannabinoid receptor 1 [Source:HGNC Symbol;Acc:HGNC:2159]	6877	0.01388664823025465	-0.48792186	No	
row_29	CX3CR1	C-X3-C motif chemokine receptor 1 [Source:HGNC Symbol;Acc:HGNC:2558]	6884	0.013490796089172363	-0.48831186	No	
row_30	STX4	syntaxin 4 [Source:HGNC Symbol;Acc:HGNC:11439]	6960	0.00970086082816124	-0.49396148	No	
row_31	MFHAS1	malignant fibrous histiocytoma amplified sequence 1 [Source:HGNC Symbol;Acc:HGNC:16982]	7067	0.004474464803934097	-0.50199133	No	
row_32	ADAM10	ADAM metallopeptidase domain 10 [Source:HGNC Symbol;Acc:HGNC:188]	7252	-0.0038938827347010374	-0.5159488	No	
row_33	CD33	CD33 molecule [Source:HGNC Symbol;Acc:HGNC:1659]	7277	-0.004779007285833359	-0.51774853	No	
row_34	HYAL2	hyaluronidase 2 [Source:HGNC Symbol;Acc:HGNC:5321]	7328	-0.007384639233350754	-0.5215105	No	
row_35	KIT	KIT proto-oncogene, receptor tyrosine kinase [Source:HGNC Symbol;Acc:HGNC:6342]	7604	-0.020402859896421432	-0.54229975	No	
row_36	SNX6	sorting nexin 6 [Source:HGNC Symbol;Acc:HGNC:14970]	7672	-0.02324443683028221	-0.54727566	No	
row_37	GPR137B	G protein-coupled receptor 137B [Source:HGNC Symbol;Acc:HGNC:11862]	7781	-0.028291471302509308	-0.5553413	No	
row_38	MYO18A	myosin XVIIIA [Source:HGNC Symbol;Acc:HGNC:31104]	7817	-0.030521465465426445	-0.5578511	No	
row_39	RORA	RAR related orphan receptor A [Source:HGNC Symbol;Acc:HGNC:10258]	7897	-0.03497491031885147	-0.5636813	No	
row_40	CBL	Cbl proto-oncogene [Source:HGNC Symbol;Acc:HGNC:1541]	7925	-0.036041028797626495	-0.5655565	No	
row_41	JMJD6	jumonji domain containing 6, arginine demethylase and lysine hydroxylase [Source:HGNC Symbol;Acc:HGNC:19355]	8091	-0.044106461107730865	-0.5778747	No	
row_42	JUND	JunD proto-oncogene, AP-1 transcription factor subunit [Source:HGNC Symbol;Acc:HGNC:6206]	8281	-0.05495293065905571	-0.59196305	No	
row_43	PSEN1	presenilin 1 [Source:HGNC Symbol;Acc:HGNC:9508]	8651	-0.07733799517154694	-0.6196149	No	
row_44	RABGEF1	RAB guanine nucleotide exchange factor 1 [Source:HGNC Symbol;Acc:HGNC:17676]	8813	-0.08836833387613297	-0.63141346	No	
row_45	WNT5A	Wnt family member 5A [Source:HGNC Symbol;Acc:HGNC:12784]	9052	-0.10429193824529648	-0.6489833	No	
row_46	CLU	clusterin [Source:HGNC Symbol;Acc:HGNC:2095]	9073	-0.10545151680707932	-0.64998835	No	
row_47	PREX1	phosphatidylinositol-3,4,5-trisphosphate dependent Rac exchange factor 1 [Source:HGNC Symbol;Acc:HGNC:32594]	9192	-0.11310110241174698	-0.6584001	No	
row_48	NR1D1	nuclear receptor subfamily 1 group D member 1 [Source:HGNC Symbol;Acc:HGNC:7962]	9288	-0.1195152997970581	-0.6650336	No	
row_49	SPHK2	sphingosine kinase 2 [Source:HGNC Symbol;Acc:HGNC:18859]	9303	-0.12072138488292694	-0.6655085	No	
row_50	CRTC3	CREB regulated transcription coactivator 3 [Source:HGNC Symbol;Acc:HGNC:26148]	9443	-0.13286259770393372	-0.6754191	No	
row_51	MIF	macrophage migration inhibitory factor [Source:HGNC Symbol;Acc:HGNC:7097]	9774	-0.16628685593605042	-0.69967484	No	
row_52	SNX4	sorting nexin 4 [Source:HGNC Symbol;Acc:HGNC:11175]	9882	-0.17782345414161682	-0.7069355	No	
row_53	ITGB8	integrin subunit beta 8 [Source:HGNC Symbol;Acc:HGNC:6163]	9886	-0.17809458076953888	-0.7062952	No	
row_54	IL18	interleukin 18 [Source:HGNC Symbol;Acc:HGNC:5986]	9936	-0.1832057386636734	-0.709124	No	
row_55	PIK3CD	phosphatidylinositol-4,5-bisphosphate 3-kinase catalytic subunit delta [Source:HGNC Symbol;Acc:HGNC:8977]	10041	-0.19529178738594055	-0.71607167	No	
row_56	ATM	ATM serine/threonine kinase [Source:HGNC Symbol;Acc:HGNC:795]	10156	-0.20870204269886017	-0.7237136	No	
row_57	FN1	fibronectin 1 [Source:HGNC Symbol;Acc:HGNC:3778]	10198	-0.21460705995559692	-0.7257816	No	
row_58	LDLR	low density lipoprotein receptor [Source:HGNC Symbol;Acc:HGNC:6547]	10236	-0.2182750105857849	-0.72752804	No	
row_59	PRKCD	protein kinase C delta [Source:HGNC Symbol;Acc:HGNC:9399]	10284	-0.22514791786670685	-0.73000044	No	
row_60	IFNGR2	interferon gamma receptor 2 [Source:HGNC Symbol;Acc:HGNC:5440]	10315	-0.22875599563121796	-0.73116404	No	
row_61	S100A13	S100 calcium binding protein A13 [Source:HGNC Symbol;Acc:HGNC:10490]	10400	-0.2395227700471878	-0.7363769	No	
row_62	RBPJ	recombination signal binding protein for immunoglobulin kappa J region [Source:HGNC Symbol;Acc:HGNC:5724]	10661	-0.27816110849380493	-0.7547701	No	
row_63	VAMP3	vesicle associated membrane protein 3 [Source:HGNC Symbol;Acc:HGNC:12644]	10686	-0.2815931737422943	-0.75522035	No	
row_64	STXBP2	syntaxin binding protein 2 [Source:HGNC Symbol;Acc:HGNC:11445]	11074	-0.3439672887325287	-0.78293955	No	
row_65	ADGRF5	adhesion G protein-coupled receptor F5 [Source:HGNC Symbol;Acc:HGNC:19030]	11110	-0.3513162136077881	-0.7838854	No	
row_66	CRLF2	cytokine receptor like factor 2 [Source:HGNC Symbol;Acc:HGNC:14281]	11259	-0.38758668303489685	-0.7932378	No	
row_67	CD200	CD200 molecule [Source:HGNC Symbol;Acc:HGNC:7203]	11379	-0.4211626946926117	-0.8002237	No	
row_68	STXBP3	syntaxin binding protein 3 [Source:HGNC Symbol;Acc:HGNC:11446]	11389	-0.42384016513824463	-0.79884106	No	
row_69	SNAP23	synaptosome associated protein 23 [Source:HGNC Symbol;Acc:HGNC:11131]	11401	-0.42725491523742676	-0.7975937	No	
row_70	PLA2G3	phospholipase A2 group III [Source:HGNC Symbol;Acc:HGNC:17934]	11417	-0.4342503547668457	-0.796616	No	
row_71	TREM2	triggering receptor expressed on myeloid cells 2 [Source:HGNC Symbol;Acc:HGNC:17761]	11625	-0.5038224458694458	-0.80988336	No	
row_72	JUN	Jun proto-oncogene, AP-1 transcription factor subunit [Source:HGNC Symbol;Acc:HGNC:6204]	11744	-0.5592891573905945	-0.8161199	No	
row_73	IFNGR1	interferon gamma receptor 1 [Source:HGNC Symbol;Acc:HGNC:5439]	11818	-0.5971054434776306	-0.81875396	Yes	
row_74	JAK2	Janus kinase 2 [Source:HGNC Symbol;Acc:HGNC:6192]	11827	-0.6027401089668274	-0.8164232	Yes	
row_75	IL33	interleukin 33 [Source:HGNC Symbol;Acc:HGNC:16028]	11833	-0.6050872206687927	-0.8138531	Yes	
row_76	AGER	advanced glycosylation end-product specific receptor [Source:HGNC Symbol;Acc:HGNC:320]	11844	-0.6114444732666016	-0.8116318	Yes	
row_77	CXCR2	C-X-C motif chemokine receptor 2 [Source:HGNC Symbol;Acc:HGNC:6027]	11848	-0.6130701899528503	-0.80887085	Yes	
row_78	GAB2	GRB2 associated binding protein 2 [Source:HGNC Symbol;Acc:HGNC:14458]	11881	-0.634711503982544	-0.8082073	Yes	
row_79	ADAM9	ADAM metallopeptidase domain 9 [Source:HGNC Symbol;Acc:HGNC:216]	11893	-0.6393857002258301	-0.8059257	Yes	
row_80	ADORA2B	adenosine A2b receptor [Source:HGNC Symbol;Acc:HGNC:264]	11903	-0.6444120407104492	-0.80346775	Yes	
row_81	TRAF6	TNF receptor associated factor 6 [Source:HGNC Symbol;Acc:HGNC:12036]	11923	-0.6538277268409729	-0.8017235	Yes	
row_82	BATF3	basic leucine zipper ATF-like transcription factor 3 [Source:HGNC Symbol;Acc:HGNC:28915]	11966	-0.6755163073539734	-0.80162054	Yes	
row_83	STAP1	signal transducing adaptor family member 1 [Source:HGNC Symbol;Acc:HGNC:24133]	12035	-0.7126943469047546	-0.8033113	Yes	
row_84	VAMP8	vesicle associated membrane protein 8 [Source:HGNC Symbol;Acc:HGNC:12647]	12039	-0.7152400612831116	-0.8000522	Yes	
row_85	NOTCH2	notch receptor 2 [Source:HGNC Symbol;Acc:HGNC:7882]	12051	-0.7242401242256165	-0.797357	Yes	
row_86	ANXA3	annexin A3 [Source:HGNC Symbol;Acc:HGNC:541]	12158	-0.803488552570343	-0.80149156	Yes	
row_87	LBP	lipopolysaccharide binding protein [Source:HGNC Symbol;Acc:HGNC:6517]	12167	-0.8066551089286804	-0.7981667	Yes	
row_88	SBNO2	strawberry notch homolog 2 [Source:HGNC Symbol;Acc:HGNC:29158]	12181	-0.8154588341712952	-0.79517865	Yes	
row_89	CD93	CD93 molecule [Source:HGNC Symbol;Acc:HGNC:15855]	12194	-0.8242325782775879	-0.79207194	Yes	
row_90	NECTIN2	nectin cell adhesion molecule 2 [Source:HGNC Symbol;Acc:HGNC:9707]	12209	-0.8350293636322021	-0.78906447	Yes	
row_91	TICAM1	toll like receptor adaptor molecule 1 [Source:HGNC Symbol;Acc:HGNC:18348]	12234	-0.8556047677993774	-0.78671634	Yes	
row_92	TGFBR2	transforming growth factor beta receptor 2 [Source:HGNC Symbol;Acc:HGNC:11773]	12247	-0.8681228160858154	-0.7833956	Yes	
row_93	TNIP2	TNFAIP3 interacting protein 2 [Source:HGNC Symbol;Acc:HGNC:19118]	12285	-0.8968799710273743	-0.7818337	Yes	
row_94	TRAF3IP2	TRAF3 interacting protein 2 [Source:HGNC Symbol;Acc:HGNC:1343]	12314	-0.9277524352073669	-0.7794376	Yes	
row_95	GRN	granulin precursor [Source:HGNC Symbol;Acc:HGNC:4601]	12330	-0.9392642974853516	-0.77599794	Yes	
row_96	C1QA	complement C1q A chain [Source:HGNC Symbol;Acc:HGNC:1241]	12404	-1.0306638479232788	-0.77651834	Yes	
row_97	CD300A	CD300a molecule [Source:HGNC Symbol;Acc:HGNC:19319]	12421	-1.0459003448486328	-0.7726348	Yes	
row_98	NR1H3	nuclear receptor subfamily 1 group H member 3 [Source:HGNC Symbol;Acc:HGNC:7966]	12438	-1.064737319946289	-0.7686594	Yes	
row_99	SLAMF1	signaling lymphocytic activation molecule family member 1 [Source:HGNC Symbol;Acc:HGNC:10903]	12463	-1.1003212928771973	-0.7651182	Yes	
row_100	UNC13D	unc-13 homolog D [Source:HGNC Symbol;Acc:HGNC:23147]	12471	-1.1171257495880127	-0.7602038	Yes	
row_101	LYN	LYN proto-oncogene, Src family tyrosine kinase [Source:HGNC Symbol;Acc:HGNC:6735]	12499	-1.154542088508606	-0.7566261	Yes	
row_102	RHOH	ras homolog family member H [Source:HGNC Symbol;Acc:HGNC:686]	12504	-1.1583282947540283	-0.75128293	Yes	
row_103	ITGAM	integrin subunit alpha M [Source:HGNC Symbol;Acc:HGNC:6149]	12532	-1.188663125038147	-0.7475389	Yes	
row_104	FOXF1	forkhead box F1 [Source:HGNC Symbol;Acc:HGNC:3809]	12586	-1.271178960800171	-0.7453676	Yes	
row_105	CEBPA	CCAAT enhancer binding protein alpha [Source:HGNC Symbol;Acc:HGNC:1833]	12597	-1.2880573272705078	-0.7398477	Yes	
row_106	TYROBP	TYRO protein tyrosine kinase binding protein [Source:HGNC Symbol;Acc:HGNC:12449]	12598	-1.2893348932266235	-0.73356205	Yes	
row_107	CSF1	colony stimulating factor 1 [Source:HGNC Symbol;Acc:HGNC:2432]	12619	-1.3204376697540283	-0.72864395	Yes	
row_108	DYSF	dysferlin [Source:HGNC Symbol;Acc:HGNC:3097]	12626	-1.3285480737686157	-0.7226229	Yes	
row_109	GATA2	GATA binding protein 2 [Source:HGNC Symbol;Acc:HGNC:4171]	12649	-1.3658682107925415	-0.71763515	Yes	
row_110	PIK3CG	phosphatidylinositol-4,5-bisphosphate 3-kinase catalytic subunit gamma [Source:HGNC Symbol;Acc:HGNC:8978]	12660	-1.3965299129486084	-0.7115865	Yes	
row_111	TSPAN32	tetraspanin 32 [Source:HGNC Symbol;Acc:HGNC:13410]	12703	-1.4758557081222534	-0.70758176	Yes	
row_112	AIF1	allograft inflammatory factor 1 [Source:HGNC Symbol;Acc:HGNC:352]	12708	-1.483351230621338	-0.70065403	Yes	
row_113	TLR3	toll like receptor 3 [Source:HGNC Symbol;Acc:HGNC:11849]	12716	-1.505021572113037	-0.6938486	Yes	
row_114	MYD88	MYD88 innate immune signal transduction adaptor [Source:HGNC Symbol;Acc:HGNC:7562]	12742	-1.5513466596603394	-0.68818456	Yes	
row_115	SPHK1	sphingosine kinase 1 [Source:HGNC Symbol;Acc:HGNC:11240]	12753	-1.5762616395950317	-0.68125963	Yes	
row_116	TLR6	toll like receptor 6 [Source:HGNC Symbol;Acc:HGNC:16711]	12756	-1.5908817052841187	-0.6736558	Yes	
row_117	PLA2G4A	phospholipase A2 group IVA [Source:HGNC Symbol;Acc:HGNC:9035]	12768	-1.6328383684158325	-0.666531	Yes	
row_118	BTK	Bruton tyrosine kinase [Source:HGNC Symbol;Acc:HGNC:1133]	12793	-1.687743902206421	-0.6601261	Yes	
row_119	ANXA1	annexin A1 [Source:HGNC Symbol;Acc:HGNC:533]	12799	-1.7074098587036133	-0.65218204	Yes	
row_120	CTSC	cathepsin C [Source:HGNC Symbol;Acc:HGNC:2528]	12815	-1.7535220384597778	-0.64477277	Yes	
row_121	LAT2	linker for activation of T cells family member 2 [Source:HGNC Symbol;Acc:HGNC:12749]	12821	-1.771233320236206	-0.6365176	Yes	
row_122	RELB	RELB proto-oncogene, NF-kB subunit [Source:HGNC Symbol;Acc:HGNC:9956]	12823	-1.789119839668274	-0.62787133	Yes	
row_123	TLR1	toll like receptor 1 [Source:HGNC Symbol;Acc:HGNC:11847]	12846	-1.851188063621521	-0.6205176	Yes	
row_124	FES	FES proto-oncogene, tyrosine kinase [Source:HGNC Symbol;Acc:HGNC:3657]	12857	-1.8652138710021973	-0.61218405	Yes	
row_125	PLSCR1	phospholipid scramblase 1 [Source:HGNC Symbol;Acc:HGNC:9092]	12860	-1.8749125003814697	-0.60319555	Yes	
row_126	IL4R	interleukin 4 receptor [Source:HGNC Symbol;Acc:HGNC:6015]	12880	-1.922226071357727	-0.59526765	Yes	
row_127	PYCARD	PYD and CARD domain containing [Source:HGNC Symbol;Acc:HGNC:16608]	12886	-1.946400761604309	-0.58615845	Yes	
row_128	FCER1G	Fc fragment of IgE receptor Ig [Source:HGNC Symbol;Acc:HGNC:3611]	12890	-1.9575062990188599	-0.57684326	Yes	
row_129	CCL3	C-C motif chemokine ligand 3 [Source:HGNC Symbol;Acc:HGNC:10627]	12910	-2.0173068046569824	-0.5684518	Yes	
row_130	SLC11A1	solute carrier family 11 member 1 [Source:HGNC Symbol;Acc:HGNC:10907]	12928	-2.0568742752075195	-0.55971557	Yes	
row_131	PTPN6	protein tyrosine phosphatase non-receptor type 6 [Source:HGNC Symbol;Acc:HGNC:9658]	12929	-2.0592994689941406	-0.54967624	Yes	
row_132	IL15	interleukin 15 [Source:HGNC Symbol;Acc:HGNC:5977]	12930	-2.0606555938720703	-0.53963023	Yes	
row_133	SYK	spleen associated tyrosine kinase [Source:HGNC Symbol;Acc:HGNC:11491]	12934	-2.071566104888916	-0.529759	Yes	
row_134	HMOX1	heme oxygenase 1 [Source:HGNC Symbol;Acc:HGNC:5013]	12936	-2.079866647720337	-0.5196953	Yes	
row_135	NMI	N-myc and STAT interactor [Source:HGNC Symbol;Acc:HGNC:7854]	12937	-2.080019235610962	-0.5095549	Yes	
row_136	HAVCR2	hepatitis A virus cellular receptor 2 [Source:HGNC Symbol;Acc:HGNC:18437]	12958	-2.150355339050293	-0.50059086	Yes	
row_137	DOCK2	dedicator of cytokinesis 2 [Source:HGNC Symbol;Acc:HGNC:2988]	12975	-2.193920612335205	-0.49111053	Yes	
row_138	BATF2	basic leucine zipper ATF-like transcription factor 2 [Source:HGNC Symbol;Acc:HGNC:25163]	13005	-2.29941463470459	-0.48210338	Yes	
row_139	IL6	interleukin 6 [Source:HGNC Symbol;Acc:HGNC:6018]	13013	-2.304513931274414	-0.4714003	Yes	
row_140	CCL5	C-C motif chemokine ligand 5 [Source:HGNC Symbol;Acc:HGNC:10632]	13016	-2.320327043533325	-0.4602403	Yes	
row_141	CD74	CD74 molecule [Source:HGNC Symbol;Acc:HGNC:1697]	13023	-2.3369808197021484	-0.44930297	Yes	
row_142	CD300LF	CD300 molecule like family member f [Source:HGNC Symbol;Acc:HGNC:29883]	13031	-2.359280586242676	-0.43833286	Yes	
row_143	PTPRC	protein tyrosine phosphatase receptor type C [Source:HGNC Symbol;Acc:HGNC:9666]	13047	-2.397634506225586	-0.42778346	Yes	
row_144	IFI35	interferon induced protein 35 [Source:HGNC Symbol;Acc:HGNC:5399]	13054	-2.4258947372436523	-0.41641265	Yes	
row_145	ZC3H12A	zinc finger CCCH-type containing 12A [Source:HGNC Symbol;Acc:HGNC:26259]	13061	-2.4416534900665283	-0.404965	Yes	
row_146	MMP8	matrix metallopeptidase 8 [Source:HGNC Symbol;Acc:HGNC:7175]	13065	-2.449568510055542	-0.3932509	Yes	
row_147	BATF	basic leucine zipper ATF-like transcription factor [Source:HGNC Symbol;Acc:HGNC:958]	13074	-2.4776346683502197	-0.3817798	Yes	
row_148	CST7	cystatin F [Source:HGNC Symbol;Acc:HGNC:2479]	13089	-2.5309934616088867	-0.3705043	Yes	
row_149	RAC2	Rac family small GTPase 2 [Source:HGNC Symbol;Acc:HGNC:9802]	13104	-2.565918445587158	-0.35905853	Yes	
row_150	SPI1	Spi-1 proto-oncogene [Source:HGNC Symbol;Acc:HGNC:11241]	13133	-2.6677331924438477	-0.34817982	Yes	
row_151	PTAFR	platelet activating factor receptor [Source:HGNC Symbol;Acc:HGNC:9582]	13147	-2.7209060192108154	-0.3359025	Yes	
row_152	FCGR2B	Fc fragment of IgG receptor IIb [Source:HGNC Symbol;Acc:HGNC:3618]	13158	-2.755366563796997	-0.3232293	Yes	
row_153	THBS1	thrombospondin 1 [Source:HGNC Symbol;Acc:HGNC:11785]	13164	-2.7934417724609375	-0.3099907	Yes	
row_154	CD84	CD84 molecule [Source:HGNC Symbol;Acc:HGNC:1704]	13168	-2.8030569553375244	-0.2965533	Yes	
row_155	UBD	ubiquitin D [Source:HGNC Symbol;Acc:HGNC:18795]	13171	-2.827742576599121	-0.28291962	Yes	
row_156	TLR4	toll like receptor 4 [Source:HGNC Symbol;Acc:HGNC:11850]	13184	-2.874952554702759	-0.26981533	Yes	
row_157	CD2	CD2 molecule [Source:HGNC Symbol;Acc:HGNC:1639]	13185	-2.8780975341796875	-0.2557842	Yes	
row_158	LCP2	lymphocyte cytosolic protein 2 [Source:HGNC Symbol;Acc:HGNC:6529]	13191	-2.907158851623535	-0.24199124	Yes	
row_159	LAT	linker for activation of T cells [Source:HGNC Symbol;Acc:HGNC:18874]	13195	-2.9246413707733154	-0.2279611	Yes	
row_160	CCR2	C-C motif chemokine receptor 2 [Source:HGNC Symbol;Acc:HGNC:1603]	13202	-2.941856861114502	-0.2140749	Yes	
row_161	PLCG2	phospholipase C gamma 2 [Source:NCBI gene;Acc:5336]	13222	-3.042161464691162	-0.20068718	Yes	
row_162	TMEM106A	transmembrane protein 106A [Source:HGNC Symbol;Acc:HGNC:28288]	13224	-3.0498545169830322	-0.1858947	Yes	
row_163	CLEC4D	C-type lectin domain family 4 member D [Source:HGNC Symbol;Acc:HGNC:14554]	13233	-3.0995049476623535	-0.17139186	Yes	
row_164	IFNG	interferon gamma [Source:HGNC Symbol;Acc:HGNC:5438]	13245	-3.171190023422241	-0.15676744	Yes	
row_165	MILR1	mast cell immunoglobulin like receptor 1 [Source:HGNC Symbol;Acc:HGNC:27570]	13247	-3.199131727218628	-0.1412472	Yes	
row_166	CXCL6	C-X-C motif chemokine ligand 6 [Source:HGNC Symbol;Acc:HGNC:10643]	13260	-3.2467052936553955	-0.12633058	Yes	
row_167	ITGB2	integrin subunit beta 2 [Source:HGNC Symbol;Acc:HGNC:6155]	13273	-3.344736337661743	-0.11093606	Yes	
row_168	C5AR1	complement C5a receptor 1 [Source:HGNC Symbol;Acc:HGNC:1338]	13276	-3.366755723953247	-0.094674595	Yes	
row_169	DNASE1L3	deoxyribonuclease 1 like 3 [Source:HGNC Symbol;Acc:HGNC:2959]	13298	-3.6645095348358154	-0.07840476	Yes	
row_170	TLR2	toll like receptor 2 [Source:HGNC Symbol;Acc:HGNC:11848]	13308	-3.8438563346862793	-0.06034908	Yes	
row_171	FPR2	formyl peptide receptor 2 [Source:HGNC Symbol;Acc:HGNC:3827]	13320	-4.141956329345703	-0.04099204	Yes	
row_172	FGR	FGR proto-oncogene, Src family tyrosine kinase [Source:HGNC Symbol;Acc:HGNC:3697]	13322	-4.204682350158691	-0.02056961	Yes	
row_173	TNF	tumor necrosis factor [Source:HGNC Symbol;Acc:HGNC:11892]	13331	-4.453005790710449	5.3171476E-4	Yes	
