NAME	SYMBOL	TITLE	RANK IN GENE LIST	RANK METRIC SCORE	RUNNING ES	CORE ENRICHMENT	
row_0	CATSPERZ	catsper channel auxiliary subunit zeta [Source:HGNC Symbol;Acc:HGNC:19231]	82	1.319861650466919	0.050322417	Yes	
row_1	DNAH5	dynein axonemal heavy chain 5 [Source:HGNC Symbol;Acc:HGNC:2950]	207	0.980681300163269	0.0829631	Yes	
row_2	ENKUR	enkurin, TRPC channel interacting protein [Source:HGNC Symbol;Acc:HGNC:28388]	250	0.9299280643463135	0.11960642	Yes	
row_3	CFAP44	cilia and flagella associated protein 44 [Source:HGNC Symbol;Acc:HGNC:25631]	344	0.8209275007247925	0.14774324	Yes	
row_4	TCTE1	t-complex-associated-testis-expressed 1 [Source:HGNC Symbol;Acc:HGNC:11693]	349	0.818659245967865	0.18248528	Yes	
row_5	SLC9B2	solute carrier family 9 member B2 [Source:HGNC Symbol;Acc:HGNC:25143]	370	0.7923492789268494	0.2148962	Yes	
row_6	ARMC2	armadillo repeat containing 2 [Source:HGNC Symbol;Acc:HGNC:23045]	389	0.7779614925384521	0.24684185	Yes	
row_7	CACNA1I	calcium voltage-gated channel subunit alpha1 I [Source:HGNC Symbol;Acc:HGNC:1396]	592	0.6319621801376343	0.25868145	Yes	
row_8	EFCAB1	EF-hand calcium binding domain 1 [Source:HGNC Symbol;Acc:HGNC:25678]	716	0.5749020576477051	0.27402776	Yes	
row_9	DNAH1	dynein axonemal heavy chain 1 [Source:HGNC Symbol;Acc:HGNC:2940]	731	0.5708892345428467	0.2974108	Yes	
row_10	CFAP69	cilia and flagella associated protein 69 [Source:HGNC Symbol;Acc:HGNC:26107]	751	0.5603173971176147	0.3199647	Yes	
row_11	TACR3	tachykinin receptor 3 [Source:HGNC Symbol;Acc:HGNC:11528]	953	0.4848073124885559	0.32558054	Yes	
row_12	CCDC39	coiled-coil domain containing 39 [Source:HGNC Symbol;Acc:HGNC:25244]	964	0.482610285282135	0.34548593	Yes	
row_13	KIF9	kinesin family member 9 [Source:HGNC Symbol;Acc:HGNC:16666]	983	0.4778643846511841	0.36458573	Yes	
row_14	CATSPER2	cation channel sperm associated 2 [Source:HGNC Symbol;Acc:HGNC:18810]	1080	0.44815194606781006	0.3765397	Yes	
row_15	BBS2	Bardet-Biedl syndrome 2 [Source:HGNC Symbol;Acc:HGNC:967]	1103	0.44150757789611816	0.393782	Yes	
row_16	NPHP4	nephrocystin 4 [Source:HGNC Symbol;Acc:HGNC:19104]	1138	0.4325195252895355	0.40973586	Yes	
row_17	SPAG6	sperm associated antigen 6 [Source:HGNC Symbol;Acc:HGNC:11215]	1142	0.4316013753414154	0.42798492	Yes	
row_18	CEP131	centrosomal protein 131 [Source:HGNC Symbol;Acc:HGNC:29511]	1165	0.42521363496780396	0.44452974	Yes	
row_19	TTLL1	tubulin tyrosine ligase like 1 [Source:HGNC Symbol;Acc:HGNC:1312]	1221	0.41411978006362915	0.45811453	Yes	
row_20	CELF3	CUGBP Elav-like family member 3 [Source:HGNC Symbol;Acc:HGNC:11967]	1254	0.4075676202774048	0.47315094	Yes	
row_21	NEURL1	neuralized E3 ubiquitin protein ligase 1 [Source:HGNC Symbol;Acc:HGNC:7761]	1514	0.3536243140697479	0.4687836	Yes	
row_22	CFAP65	cilia and flagella associated protein 65 [Source:HGNC Symbol;Acc:HGNC:25325]	1658	0.3323952555656433	0.4722431	Yes	
row_23	DZIP1	DAZ interacting zinc finger protein 1 [Source:HGNC Symbol;Acc:HGNC:20908]	1847	0.30474653840065	0.47113028	Yes	
row_24	TACR1	tachykinin receptor 1 [Source:HGNC Symbol;Acc:HGNC:11526]	1934	0.2949850559234619	0.47728094	Yes	
row_25	ATP2B4	ATPase plasma membrane Ca2+ transporting 4 [Source:HGNC Symbol;Acc:HGNC:817]	2033	0.28186509013175964	0.4819663	Yes	
row_26	TTLL3	tubulin tyrosine ligase like 3 [Source:HGNC Symbol;Acc:HGNC:24483]	2091	0.2743183970451355	0.48941618	Yes	
row_27	VPS13A	vacuolar protein sorting 13 homolog A [Source:HGNC Symbol;Acc:HGNC:1908]	2149	0.2688221335411072	0.49663082	Yes	
row_28	CFAP45	cilia and flagella associated protein 45 [Source:HGNC Symbol;Acc:HGNC:17229]	2720	0.21759574115276337	0.46302024	No	
row_29	SLC26A8	solute carrier family 26 member 8 [Source:HGNC Symbol;Acc:HGNC:14468]	3346	0.1741136759519577	0.42340648	No	
row_30	DNAH11	dynein axonemal heavy chain 11 [Source:HGNC Symbol;Acc:HGNC:2942]	3350	0.1739664077758789	0.43062732	No	
row_31	MEIG1	meiosis/spermiogenesis associated 1 [Source:HGNC Symbol;Acc:HGNC:23429]	3634	0.15731652081012726	0.4160495	No	
row_32	DRC7	dynein regulatory complex subunit 7 [Source:HGNC Symbol;Acc:HGNC:25289]	4168	0.13161510229110718	0.38154483	No	
row_33	DDX4	DEAD-box helicase 4 [Source:HGNC Symbol;Acc:HGNC:18700]	4335	0.12306830286979675	0.3743119	No	
row_34	ING2	inhibitor of growth family member 2 [Source:HGNC Symbol;Acc:HGNC:6063]	4429	0.11858679354190826	0.37238455	No	
row_35	CCNYL1	cyclin Y like 1 [Source:HGNC Symbol;Acc:HGNC:26868]	4695	0.10662619769573212	0.35699245	No	
row_36	SORD	sorbitol dehydrogenase [Source:HGNC Symbol;Acc:HGNC:11184]	4708	0.10614467412233353	0.36063236	No	
row_37	ASH1L	ASH1 like histone lysine methyltransferase [Source:HGNC Symbol;Acc:HGNC:19088]	4985	0.09433527290821075	0.34388575	No	
row_38	TTC12	tetratricopeptide repeat domain 12 [Source:HGNC Symbol;Acc:HGNC:23700]	5924	0.05561860278248787	0.2756287	No	
row_39	TPGS1	tubulin polyglutamylase complex subunit 1 [Source:HGNC Symbol;Acc:HGNC:25058]	6081	0.04888331890106201	0.2659733	No	
row_40	UBE2B	ubiquitin conjugating enzyme E2 B [Source:HGNC Symbol;Acc:HGNC:12473]	6414	0.033847417682409286	0.24242029	No	
row_41	SPEF2	sperm flagellar 2 [Source:HGNC Symbol;Acc:HGNC:26293]	6758	0.018707891926169395	0.21739082	No	
row_42	DNAI1	dynein axonemal intermediate chain 1 [Source:HGNC Symbol;Acc:HGNC:2954]	7142	0.0011857878416776657	0.18859905	No	
row_43	GAS8	growth arrest specific 8 [Source:HGNC Symbol;Acc:HGNC:4166]	7430	-0.012223358266055584	0.16750921	No	
row_44	ENO4	enolase 4 [Source:HGNC Symbol;Acc:HGNC:31670]	7448	-0.012771434150636196	0.16677567	No	
row_45	TMF1	TATA element modulatory factor 1 [Source:HGNC Symbol;Acc:HGNC:11870]	7535	-0.017069566994905472	0.16102996	No	
row_46	INTS13	integrator complex subunit 13 [Source:HGNC Symbol;Acc:HGNC:20174]	7741	-0.026514260098338127	0.14672701	No	
row_47	INPP5B	inositol polyphosphate-5-phosphatase B [Source:HGNC Symbol;Acc:HGNC:6077]	8367	-0.06031648814678192	0.102242105	No	
row_48	SLIRP	SRA stem-loop interacting RNA binding protein [Source:HGNC Symbol;Acc:HGNC:20495]	8964	-0.09797556698322296	0.06155312	No	
row_49	DPCD	deleted in primary ciliary dyskinesia homolog (mouse) [Source:HGNC Symbol;Acc:HGNC:24542]	9314	-0.1216176450252533	0.040476948	No	
row_50	ADCY3	adenylate cyclase 3 [Source:HGNC Symbol;Acc:HGNC:234]	9559	-0.14372408390045166	0.02825428	No	
row_51	ROPN1L	rhophilin associated tail protein 1 like [Source:HGNC Symbol;Acc:HGNC:24060]	9600	-0.14717578887939453	0.031541966	No	
row_52	PLTP	phospholipid transfer protein [Source:HGNC Symbol;Acc:HGNC:9093]	10360	-0.23456864058971405	-0.015575081	No	
row_53	PLA2G3	phospholipase A2 group III [Source:HGNC Symbol;Acc:HGNC:17934]	11417	-0.4342503547668457	-0.07651076	No	
row_54	IQCG	IQ motif containing G [Source:HGNC Symbol;Acc:HGNC:25251]	11813	-0.5935432314872742	-0.080849946	No	
row_55	TTLL9	tubulin tyrosine ligase like 9 [Source:HGNC Symbol;Acc:HGNC:16118]	11875	-0.6281144022941589	-0.058556803	No	
row_56	KLC3	kinesin light chain 3 [Source:HGNC Symbol;Acc:HGNC:20717]	11883	-0.6348882913589478	-0.031907123	No	
row_57	SPAG16	sperm associated antigen 16 [Source:HGNC Symbol;Acc:HGNC:23225]	12354	-0.9670018553733826	-0.025908178	No	
row_58	CFAP43	cilia and flagella associated protein 43 [Source:HGNC Symbol;Acc:HGNC:26684]	12484	-1.1371890306472778	0.013055392	No	
row_59	MNS1	meiosis specific nuclear structural 1 [Source:HGNC Symbol;Acc:HGNC:29636]	12538	-1.1956710815429688	0.060245644	No	
