NAME	SYMBOL	TITLE	RANK IN GENE LIST	RANK METRIC SCORE	RUNNING ES	CORE ENRICHMENT	
row_0	Morc2b	microrchidia 2B [Source:MGI Symbol;Acc:MGI:3045293]	323	0.9763906598091125	-0.012183964	No	
row_1	Tasor	transcription activation suppressor [Source:MGI Symbol;Acc:MGI:1921694]	1044	0.5719669461250305	-0.05391381	No	
row_2	Zfp809	zinc finger protein 809 [Source:MGI Symbol;Acc:MGI:2143362]	2063	0.3509795069694519	-0.11707171	No	
row_3	Adarb1	adenosine deaminase, RNA-specific, B1 [Source:MGI Symbol;Acc:MGI:891999]	3236	0.23142562806606293	-0.19135179	No	
row_4	Srpk1	serine/arginine-rich protein specific kinase 1 [Source:MGI Symbol;Acc:MGI:106908]	3386	0.22008264064788818	-0.19906385	No	
row_5	Mphosph8	M-phase phosphoprotein 8 [Source:MGI Symbol;Acc:MGI:1922589]	3744	0.1962890475988388	-0.22054777	No	
row_6	Ppid	peptidylprolyl isomerase D (cyclophilin D) [Source:MGI Symbol;Acc:MGI:1914988]	3866	0.1890186071395874	-0.22671711	No	
row_7	Vapb	vesicle-associated membrane protein, associated protein B and C [Source:MGI Symbol;Acc:MGI:1928744]	4281	0.16559381783008575	-0.25219458	No	
row_8	Ppia	peptidylprolyl isomerase A [Source:MGI Symbol;Acc:MGI:97749]	4489	0.1547228842973709	-0.26428017	No	
row_9	Hacd3	3-hydroxyacyl-CoA dehydratase 3 [Source:MGI Symbol;Acc:MGI:1889341]	5176	0.12373612821102142	-0.30786455	No	
row_10	Morc2a	microrchidia 2A [Source:MGI Symbol;Acc:MGI:1921772]	6597	0.06769800186157227	-0.3997941	No	
row_11	Srpk2	serine/arginine-rich protein specific kinase 2 [Source:MGI Symbol;Acc:MGI:1201408]	6757	0.06197395920753479	-0.40959367	No	
row_12	Cnot7	CCR4-NOT transcription complex, subunit 7 [Source:MGI Symbol;Acc:MGI:1298230]	7183	0.044984858483076096	-0.43688327	No	
row_13	Larp1	La ribonucleoprotein 1, translational regulator [Source:MGI Symbol;Acc:MGI:1890165]	7742	0.022657472640275955	-0.47304353	No	
row_14	Bcl2	B cell leukemia/lymphoma 2 [Source:MGI Symbol;Acc:MGI:88138]	8029	0.010574852116405964	-0.49158671	No	
row_15	Dicer1	dicer 1, ribonuclease type III [Source:MGI Symbol;Acc:MGI:2177178]	8285	-6.46323140244931E-4	-0.5081997	No	
row_16	Ddb1	damage specific DNA binding protein 1 [Source:MGI Symbol;Acc:MGI:1202384]	8315	-0.0020474663469940424	-0.5100711	No	
row_17	Ilf3	interleukin enhancer binding factor 3 [Source:MGI Symbol;Acc:MGI:1339973]	8432	-0.006285025272518396	-0.517574	No	
row_18	Setdb1	SET domain, bifurcated 1 [Source:MGI Symbol;Acc:MGI:1934229]	8497	-0.00936605129390955	-0.52166	No	
row_19	Ddx5	DEAD box helicase 5 [Source:MGI Symbol;Acc:MGI:105037]	8529	-0.010788030922412872	-0.52358234	No	
row_20	Ppih	peptidyl prolyl isomerase H [Source:MGI Symbol;Acc:MGI:106499]	8604	-0.013473360799252987	-0.5282827	No	
row_21	Mavs	mitochondrial antiviral signaling protein [Source:MGI Symbol;Acc:MGI:2444773]	9551	-0.05702131241559982	-0.58941764	No	
row_22	Trim28	tripartite motif-containing 28 [Source:MGI Symbol;Acc:MGI:109274]	9615	-0.06006850674748421	-0.592978	No	
row_23	Top2b	topoisomerase (DNA) II beta [Source:MGI Symbol;Acc:MGI:98791]	9673	-0.06366322934627533	-0.5961147	No	
row_24	Prox1	prospero homeobox 1 [Source:MGI Symbol;Acc:MGI:97772]	10195	-0.09262596070766449	-0.6292282	No	
row_25	Stau1	staufen double-stranded RNA binding protein 1 [Source:MGI Symbol;Acc:MGI:1338864]	10226	-0.09436606615781784	-0.6303264	No	
row_26	Tarbp2	TARBP2, RISC loading complex RNA binding subunit [Source:MGI Symbol;Acc:MGI:103027]	10248	-0.09546048939228058	-0.63082814	No	
row_27	Pkn2	protein kinase N2 [Source:MGI Symbol;Acc:MGI:109211]	10353	-0.10191774368286133	-0.63668054	No	
row_28	Ddx3x	DEAD box helicase 3, X-linked [Source:MGI Symbol;Acc:MGI:103064]	10454	-0.10776858776807785	-0.64221907	No	
row_29	Inpp5k	inositol polyphosphate 5-phosphatase K [Source:MGI Symbol;Acc:MGI:1194899]	11189	-0.1637842059135437	-0.68856806	No	
row_30	Banf1	BAF nuclear assembly factor 1 [Source:MGI Symbol;Acc:MGI:1346330]	11717	-0.21636570990085602	-0.72094893	No	
row_31	Ppie	peptidylprolyl isomerase E (cyclophilin E) [Source:MGI Symbol;Acc:MGI:1917118]	12021	-0.24998654425144196	-0.7384259	No	
row_32	Hmga2	high mobility group AT-hook 2 [Source:MGI Symbol;Acc:MGI:101761]	12177	-0.2703935503959656	-0.7460721	No	
row_33	Rad23a	RAD23 homolog A, nucleotide excision repair protein [Source:MGI Symbol;Acc:MGI:105126]	12374	-0.29738885164260864	-0.75614524	No	
row_34	Tmem39a	transmembrane protein 39a [Source:MGI Symbol;Acc:MGI:1915096]	12397	-0.3013478219509125	-0.7548425	No	
row_35	Shfl	shiftless antiviral inhibitor of ribosomal frameshifting [Source:MGI Symbol;Acc:MGI:2441788]	12460	-0.3098844587802887	-0.7560691	No	
row_36	Pde12	phosphodiesterase 12 [Source:MGI Symbol;Acc:MGI:2443226]	12832	-0.3729657828807831	-0.776861	No	
row_37	Rnasel	ribonuclease L (2', 5'-oligoisoadenylate synthetase-dependent) [Source:MGI Symbol;Acc:MGI:1098272]	12970	-0.4013919234275818	-0.78214455	No	
row_38	N4bp1	NEDD4 binding protein 1 [Source:MGI Symbol;Acc:MGI:2136825]	13190	-0.4554022550582886	-0.79228175	No	
row_39	Notch1	notch 1 [Source:MGI Symbol;Acc:MGI:97363]	13207	-0.459946870803833	-0.78914773	No	
row_40	Adar	adenosine deaminase, RNA-specific [Source:MGI Symbol;Acc:MGI:1889575]	13482	-0.5521957874298096	-0.8019904	No	
row_41	Ifitm7	interferon induced transmembrane protein 7 [Source:MGI Symbol;Acc:MGI:1921732]	13585	-0.5934695601463318	-0.8032486	No	
row_42	Znfx1	zinc finger, NFX1-type containing 1 [Source:MGI Symbol;Acc:MGI:2138982]	14146	-0.8929374814033508	-0.8316362	No	
row_43	Fam111a	family with sequence similarity 111, member A [Source:MGI Symbol;Acc:MGI:1915508]	14298	-1.0428886413574219	-0.8320067	No	
row_44	Ifi203-ps	interferon activated gene 203, pseudogene [Source:MGI Symbol;Acc:MGI:3840117]	14691	-1.5808827877044678	-0.8431981	Yes	
row_45	Ifitm3	interferon induced transmembrane protein 3 [Source:MGI Symbol;Acc:MGI:1913391]	14712	-1.6358919143676758	-0.82964605	Yes	
row_46	Isg15	ISG15 ubiquitin-like modifier [Source:MGI Symbol;Acc:MGI:1855694]	14784	-1.8063654899597168	-0.8178696	Yes	
row_47	Gbp7	guanylate binding protein 7 [Source:MGI Symbol;Acc:MGI:2444421]	14844	-1.9389517307281494	-0.8041071	Yes	
row_48	Ifitm2	interferon induced transmembrane protein 2 [Source:MGI Symbol;Acc:MGI:1933382]	14866	-1.9979737997055054	-0.7873322	Yes	
row_49	Rsad2	radical S-adenosyl methionine domain containing 2 [Source:MGI Symbol;Acc:MGI:1929628]	14874	-2.018421173095703	-0.76945907	Yes	
row_50	Bst2	bone marrow stromal cell antigen 2 [Source:MGI Symbol;Acc:MGI:1916800]	14885	-2.0329341888427734	-0.7516497	Yes	
row_51	Top2a	topoisomerase (DNA) II alpha [Source:MGI Symbol;Acc:MGI:98790]	14886	-2.035799503326416	-0.7331626	Yes	
row_52	Zc3hav1	zinc finger CCCH type, antiviral 1 [Source:MGI Symbol;Acc:MGI:1926031]	14889	-2.0419869422912598	-0.71474963	Yes	
row_53	Ifi203	interferon activated gene 203 [Source:MGI Symbol;Acc:MGI:96428]	14921	-2.127992868423462	-0.69744563	Yes	
row_54	Trim6	tripartite motif-containing 6 [Source:MGI Symbol;Acc:MGI:2137352]	14950	-2.20326828956604	-0.6792626	Yes	
row_55	Mndal	myeloid nuclear differentiation antigen like [Source:MGI Symbol;Acc:MGI:3780953]	14974	-2.2712693214416504	-0.6601361	Yes	
row_56	Ifitm1	interferon induced transmembrane protein 1 [Source:MGI Symbol;Acc:MGI:1915963]	14977	-2.2766151428222656	-0.6395925	Yes	
row_57	Eif2ak2	eukaryotic translation initiation factor 2-alpha kinase 2 [Source:MGI Symbol;Acc:MGI:1353449]	14986	-2.2941997051239014	-0.6192802	Yes	
row_58	Ccl5	C-C motif chemokine ligand 5 [Source:MGI Symbol;Acc:MGI:98262]	15003	-2.320327043533325	-0.5992521	Yes	
row_59	Ifih1	interferon induced with helicase C domain 1 [Source:MGI Symbol;Acc:MGI:1918836]	15019	-2.357480049133301	-0.57882136	Yes	
row_60	Mx2	MX dynamin-like GTPase 2 [Source:MGI Symbol;Acc:MGI:97244]	15030	-2.378819227218628	-0.55787104	Yes	
row_61	Oasl2	2'-5' oligoadenylate synthetase-like 2 [Source:MGI Symbol;Acc:MGI:1344390]	15047	-2.4213457107543945	-0.53692555	Yes	
row_62	Apobec3	apolipoprotein B mRNA editing enzyme, catalytic polypeptide 3 [Source:MGI Symbol;Acc:MGI:1933111]	15050	-2.433757781982422	-0.5149549	Yes	
row_63	Ifnb1	interferon beta 1, fibroblast [Source:MGI Symbol;Acc:MGI:107657]	15104	-2.5572633743286133	-0.4951865	Yes	
row_64	Slpi	secretory leukocyte peptidase inhibitor [Source:MGI Symbol;Acc:MGI:109297]	15170	-2.740548610687256	-0.47453573	Yes	
row_65	Oas1a	2'-5' oligoadenylate synthetase 1A [Source:MGI Symbol;Acc:MGI:2180860]	15172	-2.741467237472534	-0.44970563	Yes	
row_66	Plscr1	phospholipid scramblase 1 [Source:MGI Symbol;Acc:MGI:893575]	15180	-2.7605626583099365	-0.42509314	Yes	
row_67	Oas1c	2'-5' oligoadenylate synthetase 1C [Source:MGI Symbol;Acc:MGI:2149633]	15185	-2.7806854248046875	-0.4001024	Yes	
row_68	Oasl1	2'-5' oligoadenylate synthetase-like 1 [Source:MGI Symbol;Acc:MGI:2180849]	15192	-2.798686981201172	-0.37507856	Yes	
row_69	Ifi209	interferon activated gene 209 [Source:MGI Symbol;Acc:MGI:2138243]	15216	-2.871985912322998	-0.350497	Yes	
row_70	Oas2	2'-5' oligoadenylate synthetase 2 [Source:MGI Symbol;Acc:MGI:2180852]	15248	-2.9717226028442383	-0.3255311	Yes	
row_71	Ifi213	interferon activated gene 213 [Source:MGI Symbol;Acc:MGI:3695276]	15250	-2.9802963733673096	-0.2985322	Yes	
row_72	Ifi208	interferon activated gene 208 [Source:MGI Symbol;Acc:MGI:2442822]	15302	-3.2272236347198486	-0.2725495	Yes	
row_73	Oas1b	2'-5' oligoadenylate synthetase 1B [Source:MGI Symbol;Acc:MGI:97430]	15315	-3.299004077911377	-0.2433733	Yes	
row_74	Isg20	interferon-stimulated protein [Source:MGI Symbol;Acc:MGI:1928895]	15319	-3.3070926666259766	-0.2135371	Yes	
row_75	Ifi207	interferon activated gene 207 [Source:MGI Symbol;Acc:MGI:2138302]	15350	-3.5752596855163574	-0.1830253	Yes	
row_76	Oas3	2'-5' oligoadenylate synthetase 3 [Source:MGI Symbol;Acc:MGI:2180850]	15353	-3.5899810791015625	-0.150555	Yes	
row_77	Ifi214	interferon activated gene 214 [Source:MGI Symbol;Acc:MGI:3584522]	15358	-3.6673147678375244	-0.117512785	Yes	
row_78	Ifi206	interferon activated gene 206 [Source:MGI Symbol;Acc:MGI:3646410]	15389	-4.038980960845947	-0.082789935	Yes	
row_79	Tnf	tumor necrosis factor [Source:MGI Symbol;Acc:MGI:104798]	15411	-4.453005790710449	-0.043720774	Yes	
row_80	Ifitm6	interferon induced transmembrane protein 6 [Source:MGI Symbol;Acc:MGI:2686976]	15422	-4.900644302368164	1.3028497E-4	Yes	
