NAME	SYMBOL	TITLE	RANK IN GENE LIST	RANK METRIC SCORE	RUNNING ES	CORE ENRICHMENT	
row_0	HCRTR2	hypocretin receptor 2 [Source:HGNC Symbol;Acc:HGNC:4849]	11	1.955335021018982	0.32927072	Yes	
row_1	TH	tyrosine hydroxylase [Source:HGNC Symbol;Acc:HGNC:11782]	479	0.7049446105957031	0.41322613	Yes	
row_2	SRD5A1	steroid 5 alpha-reductase 1 [Source:HGNC Symbol;Acc:HGNC:11284]	638	0.608271598815918	0.5040543	Yes	
row_3	DRD2	dopamine receptor D2 [Source:HGNC Symbol;Acc:HGNC:3023]	836	0.525939404964447	0.5780561	Yes	
row_4	CRH	corticotropin releasing hormone [Source:HGNC Symbol;Acc:HGNC:2355]	1078	0.4484637975692749	0.63567597	Yes	
row_5	ADRB1	adrenoceptor beta 1 [Source:HGNC Symbol;Acc:HGNC:285]	1438	0.3677467703819275	0.6708125	Yes	
row_6	ADORA2A	adenosine A2a receptor [Source:HGNC Symbol;Acc:HGNC:263]	1572	0.3455813527107239	0.7191702	Yes	
row_7	KCNA2	potassium voltage-gated channel subfamily A member 2 [Source:HGNC Symbol;Acc:HGNC:6220]	2965	0.19904503226280212	0.64829165	No	
row_8	CHRNB2	cholinergic receptor nicotinic beta 2 subunit [Source:HGNC Symbol;Acc:HGNC:1962]	3923	0.1430443674325943	0.6006095	No	
row_9	PTGDS	prostaglandin D2 synthase [Source:HGNC Symbol;Acc:HGNC:9592]	4804	0.10202808678150177	0.55178255	No	
row_10	ADORA1	adenosine A1 receptor [Source:HGNC Symbol;Acc:HGNC:262]	5058	0.09089777618646622	0.548138	No	
row_11	PER3	period circadian regulator 3 [Source:HGNC Symbol;Acc:HGNC:8847]	7438	-0.01258506253361702	0.37169924	No	
row_12	NLGN1	neuroligin 1 [Source:HGNC Symbol;Acc:HGNC:14291]	7573	-0.01949862390756607	0.36493316	No	
row_13	BTBD9	BTB domain containing 9 [Source:HGNC Symbol;Acc:HGNC:21228]	8276	-0.05488671362400055	0.32150823	No	
row_14	NR1D1	nuclear receptor subfamily 1 group D member 1 [Source:HGNC Symbol;Acc:HGNC:7962]	9288	-0.1195152997970581	0.26580077	No	
row_15	BLOC1S6	biogenesis of lysosomal organelles complex 1 subunit 6 [Source:HGNC Symbol;Acc:HGNC:8549]	10287	-0.22574388980865479	0.22900243	No	
