NAME	SYMBOL	TITLE	RANK IN GENE LIST	RANK METRIC SCORE	RUNNING ES	CORE ENRICHMENT	
row_0	Setd4	SET domain containing 4 [Source:MGI Symbol;Acc:MGI:2136890]	1243	0.5121994018554688	-0.07778444	No	
row_1	Abcc8	ATP-binding cassette, sub-family C member 8 [Source:MGI Symbol;Acc:MGI:1352629]	1396	0.4719110131263733	-0.084614165	No	
row_2	Ephb2	Eph receptor B2 [Source:MGI Symbol;Acc:MGI:99611]	2001	0.3605872094631195	-0.12167927	No	
row_3	Lrrk2	leucine-rich repeat kinase 2 [Source:MGI Symbol;Acc:MGI:1913975]	2284	0.32532379031181335	-0.13795581	No	
row_4	Cyp2j6	cytochrome P450, family 2, subfamily j, polypeptide 6 [Source:MGI Symbol;Acc:MGI:1270148]	2746	0.2719399333000183	-0.16626705	No	
row_5	Isl1	ISL1 transcription factor, LIM/homeodomain [Source:MGI Symbol;Acc:MGI:101791]	2880	0.2600710093975067	-0.17324474	No	
row_6	C1qtnf4	C1q and tumor necrosis factor related protein 4 [Source:MGI Symbol;Acc:MGI:1914695]	2913	0.25722089409828186	-0.17364798	No	
row_7	Hdac2	histone deacetylase 2 [Source:MGI Symbol;Acc:MGI:1097691]	3207	0.23328189551830292	-0.1912458	No	
row_8	Rasgrp1	RAS guanyl releasing protein 1 [Source:MGI Symbol;Acc:MGI:1314635]	5924	0.09335950762033463	-0.36793014	No	
row_9	Card9	caspase recruitment domain family, member 9 [Source:MGI Symbol;Acc:MGI:2685628]	6355	0.07664771378040314	-0.39549756	No	
row_10	Arfgef2	ADP ribosylation factor guanine nucleotide exchange factor 2 [Source:MGI Symbol;Acc:MGI:2139354]	6798	0.0604047030210495	-0.42395476	No	
row_11	Zbtb20	zinc finger and BTB domain containing 20 [Source:MGI Symbol;Acc:MGI:1929213]	7134	0.0472215972840786	-0.44551358	No	
row_12	Arhgef2	Rho/Rac guanine nucleotide exchange factor 2 [Source:MGI Symbol;Acc:MGI:103264]	7303	0.039733514189720154	-0.45621997	No	
row_13	App	amyloid beta precursor protein [Source:MGI Symbol;Acc:MGI:88059]	7674	0.02479456551373005	-0.48021048	No	
row_14	Ptpn11	protein tyrosine phosphatase, non-receptor type 11 [Source:MGI Symbol;Acc:MGI:99511]	8178	0.0038902198430150747	-0.51302004	No	
row_15	Hspd1	heat shock protein 1 (chaperonin) [Source:MGI Symbol;Acc:MGI:96242]	8597	-0.013060055673122406	-0.54022086	No	
row_16	Selenok	selenoprotein K [Source:MGI Symbol;Acc:MGI:1931466]	9210	-0.04002238065004349	-0.5799089	No	
row_17	Lrrfip2	leucine rich repeat (in FLII) interacting protein 2 [Source:MGI Symbol;Acc:MGI:1918518]	9393	-0.04907006025314331	-0.59146804	No	
row_18	Mavs	mitochondrial antiviral signaling protein [Source:MGI Symbol;Acc:MGI:2444773]	9551	-0.05702131241559982	-0.60134304	No	
row_19	Dhx9	DExH-box helicase 9 [Source:MGI Symbol;Acc:MGI:108177]	9761	-0.06751791387796402	-0.6145438	No	
row_20	Pten	phosphatase and tensin homolog [Source:MGI Symbol;Acc:MGI:109583]	9894	-0.0750245675444603	-0.62266886	No	
row_21	Psen1	presenilin 1 [Source:MGI Symbol;Acc:MGI:1202717]	9934	-0.07733799517154694	-0.6247079	No	
row_22	Ptprj	protein tyrosine phosphatase receptor type J [Source:MGI Symbol;Acc:MGI:104574]	10287	-0.09800480306148529	-0.64704365	No	
row_23	Ncl	nucleolin [Source:MGI Symbol;Acc:MGI:97286]	10349	-0.10157568007707596	-0.65036	No	
row_24	Wnt5a	wingless-type MMTV integration site family, member 5A [Source:MGI Symbol;Acc:MGI:98958]	10388	-0.10429193824529648	-0.65215707	No	
row_25	Clu	clusterin [Source:MGI Symbol;Acc:MGI:88423]	10410	-0.10545151680707932	-0.65283686	No	
row_26	Sphk2	sphingosine kinase 2 [Source:MGI Symbol;Acc:MGI:1861380]	10664	-0.12072138488292694	-0.66856116	No	
row_27	Csf1r	colony stimulating factor 1 receptor [Source:MGI Symbol;Acc:MGI:1339758]	10734	-0.12606008350849152	-0.6722393	No	
row_28	Pik3r1	phosphoinositide-3-kinase regulatory subunit 1 [Source:MGI Symbol;Acc:MGI:97583]	10779	-0.12955646216869354	-0.6742625	No	
row_29	Hmgb1	high mobility group box 1 [Source:MGI Symbol;Acc:MGI:96113]	11073	-0.15266485512256622	-0.6923886	No	
row_30	Mif	macrophage migration inhibitory factor (glycosylation-inhibiting factor) [Source:MGI Symbol;Acc:MGI:96982]	11220	-0.16628685593605042	-0.7008295	No	
row_31	Il18	interleukin 18 [Source:MGI Symbol;Acc:MGI:107936]	11397	-0.1832057386636734	-0.7111179	No	
row_32	Lpl	lipoprotein lipase [Source:MGI Symbol;Acc:MGI:96820]	11716	-0.21636037528514862	-0.73045856	No	
row_33	Frmd8	FERM domain containing 8 [Source:MGI Symbol;Acc:MGI:1914707]	12767	-0.3578103184700012	-0.796656	No	
row_34	Nfatc4	nuclear factor of activated T cells, cytoplasmic, calcineurin dependent 4 [Source:MGI Symbol;Acc:MGI:1920431]	12991	-0.40585583448410034	-0.8085534	No	
row_35	Adam17	a disintegrin and metallopeptidase domain 17 [Source:MGI Symbol;Acc:MGI:1096335]	12996	-0.40658193826675415	-0.80615	No	
row_36	Akap12	A kinase anchor protein 12 [Source:MGI Symbol;Acc:MGI:1932576]	13168	-0.45061343908309937	-0.8143596	No	
row_37	Mapkapk2	MAP kinase-activated protein kinase 2 [Source:MGI Symbol;Acc:MGI:109298]	13555	-0.5824083089828491	-0.8357403	No	
row_38	Ifngr1	interferon gamma receptor 1 [Source:MGI Symbol;Acc:MGI:107655]	13591	-0.5971054434776306	-0.83411205	No	
row_39	Jak2	Janus kinase 2 [Source:MGI Symbol;Acc:MGI:96629]	13602	-0.6027401089668274	-0.8308149	No	
row_40	Il33	interleukin 33 [Source:MGI Symbol;Acc:MGI:1924375]	13609	-0.6050872206687927	-0.8272412	No	
row_41	Ager	advanced glycosylation end product-specific receptor [Source:MGI Symbol;Acc:MGI:893592]	13621	-0.6114444732666016	-0.82395226	No	
row_42	Stat3	signal transducer and activator of transcription 3 [Source:MGI Symbol;Acc:MGI:103038]	13983	-0.7922405004501343	-0.8423259	Yes	
row_43	Lbp	lipopolysaccharide binding protein [Source:MGI Symbol;Acc:MGI:1098776]	14002	-0.8066551089286804	-0.83821464	Yes	
row_44	Ticam1	TIR domain containing adaptor molecule 1 [Source:MGI Symbol;Acc:MGI:2147032]	14082	-0.8556047677993774	-0.83776456	Yes	
row_45	Fadd	Fas associated via death domain [Source:MGI Symbol;Acc:MGI:109324]	14215	-0.9544616937637329	-0.84012634	Yes	
row_46	Fzd5	frizzled class receptor 5 [Source:MGI Symbol;Acc:MGI:108571]	14219	-0.9562937021255493	-0.83405524	Yes	
row_47	Ly96	lymphocyte antigen 96 [Source:MGI Symbol;Acc:MGI:1341909]	14276	-1.0230461359024048	-0.83100647	Yes	
row_48	Ripk2	receptor (TNFRSF)-interacting serine-threonine kinase 2 [Source:MGI Symbol;Acc:MGI:1891456]	14349	-1.0947935581207275	-0.8285319	Yes	
row_49	Fcgr3	Fc receptor, IgG, low affinity III [Source:MGI Symbol;Acc:MGI:95500]	14430	-1.1911050081253052	-0.8259485	Yes	
row_50	Tgfb1	transforming growth factor, beta 1 [Source:MGI Symbol;Acc:MGI:98725]	14447	-1.212853193283081	-0.8190447	Yes	
row_51	Tirap	toll-interleukin 1 receptor (TIR) domain-containing adaptor protein [Source:MGI Symbol;Acc:MGI:2152213]	14495	-1.2793903350830078	-0.81372845	Yes	
row_52	Tyrobp	TYRO protein tyrosine kinase binding protein [Source:MGI Symbol;Acc:MGI:1277211]	14501	-1.2893348932266235	-0.8056054	Yes	
row_53	Nod1	nucleotide-binding oligomerization domain containing 1 [Source:MGI Symbol;Acc:MGI:1341839]	14513	-1.3084510564804077	-0.7977487	Yes	
row_54	Arid5a	AT-rich interaction domain 5A [Source:MGI Symbol;Acc:MGI:2443039]	14597	-1.4312337636947632	-0.7937874	Yes	
row_55	Tlr3	toll-like receptor 3 [Source:MGI Symbol;Acc:MGI:2156367]	14643	-1.505021572113037	-0.786862	Yes	
row_56	Ccn1	cellular communication network factor 1 [Source:MGI Symbol;Acc:MGI:88613]	14646	-1.5105007886886597	-0.7770937	Yes	
row_57	Tnfrsf1a	tumor necrosis factor receptor superfamily, member 1a [Source:MGI Symbol;Acc:MGI:1314884]	14658	-1.5303750038146973	-0.7677827	Yes	
row_58	Adam8	a disintegrin and metallopeptidase domain 8 [Source:MGI Symbol;Acc:MGI:107825]	14659	-1.5315771102905273	-0.75774574	Yes	
row_59	Hspb1	heat shock protein 1 [Source:MGI Symbol;Acc:MGI:96240]	14663	-1.5398118495941162	-0.74785066	Yes	
row_60	Myd88	myeloid differentiation primary response gene 88 [Source:MGI Symbol;Acc:MGI:108005]	14676	-1.5513466596603394	-0.73846745	Yes	
row_61	Btk	Bruton agammaglobulinemia tyrosine kinase [Source:MGI Symbol;Acc:MGI:88216]	14738	-1.687743902206421	-0.73138905	Yes	
row_62	Ripk1	receptor (TNFRSF)-interacting serine-threonine kinase 1 [Source:MGI Symbol;Acc:MGI:108212]	14802	-1.8497005701065063	-0.72337985	Yes	
row_63	Tlr1	toll-like receptor 1 [Source:MGI Symbol;Acc:MGI:1341295]	14803	-1.851188063621521	-0.71124834	Yes	
row_64	Nod2	nucleotide-binding oligomerization domain containing 2 [Source:MGI Symbol;Acc:MGI:2429397]	14821	-1.8870857954025269	-0.69999135	Yes	
row_65	Ccr5	C-C motif chemokine receptor 5 [Source:MGI Symbol;Acc:MGI:107182]	14828	-1.903516411781311	-0.6879086	Yes	
row_66	Pycard	PYD and CARD domain containing [Source:MGI Symbol;Acc:MGI:1931465]	14845	-1.946400761604309	-0.6761976	Yes	
row_67	Fcer1g	Fc receptor, IgE, high affinity I, gamma polypeptide [Source:MGI Symbol;Acc:MGI:95496]	14849	-1.9575062990188599	-0.66356516	Yes	
row_68	Cyba	cytochrome b-245, alpha polypeptide [Source:MGI Symbol;Acc:MGI:1316658]	14852	-1.9694020748138428	-0.65078956	Yes	
row_69	Ccl2	C-C motif chemokine ligand 2 [Source:MGI Symbol;Acc:MGI:98259]	14858	-1.9816153049468994	-0.6381297	Yes	
row_70	Ccl3	C-C motif chemokine ligand 3 [Source:MGI Symbol;Acc:MGI:98260]	14873	-2.0173068046569824	-0.6258235	Yes	
row_71	Cd36	CD36 molecule [Source:MGI Symbol;Acc:MGI:107899]	14876	-2.0263617038726807	-0.6126746	Yes	
row_72	Syk	spleen tyrosine kinase [Source:MGI Symbol;Acc:MGI:99515]	14902	-2.071566104888916	-0.60073084	Yes	
row_73	Havcr2	hepatitis A virus cellular receptor 2 [Source:MGI Symbol;Acc:MGI:2159682]	14929	-2.150355339050293	-0.588336	Yes	
row_74	Lgals9	lectin, galactose binding, soluble 9 [Source:MGI Symbol;Acc:MGI:109496]	14971	-2.265756130218506	-0.5761641	Yes	
row_75	Ccr7	C-C motif chemokine receptor 7 [Source:MGI Symbol;Acc:MGI:103011]	14982	-2.284374713897705	-0.5618466	Yes	
row_76	Rigi	RNA sensor RIG-I [Source:MGI Symbol;Acc:MGI:2442858]	14993	-2.3021128177642822	-0.5474128	Yes	
row_77	Il6	interleukin 6 [Source:MGI Symbol;Acc:MGI:96559]	14997	-2.304513931274414	-0.53250635	Yes	
row_78	Ifih1	interferon induced with helicase C domain 1 [Source:MGI Symbol;Acc:MGI:1918836]	15019	-2.357480049133301	-0.5184278	Yes	
row_79	Spn	sialophorin [Source:MGI Symbol;Acc:MGI:98384]	15031	-2.3822696208953857	-0.50353396	Yes	
row_80	Ptprc	protein tyrosine phosphatase receptor type C [Source:MGI Symbol;Acc:MGI:97810]	15038	-2.397634506225586	-0.48821312	Yes	
row_81	Cd14	CD14 antigen [Source:MGI Symbol;Acc:MGI:88318]	15059	-2.447489023208618	-0.47347942	Yes	
row_82	Mmp8	matrix metallopeptidase 8 [Source:MGI Symbol;Acc:MGI:1202395]	15060	-2.449568510055542	-0.45742652	Yes	
row_83	Ptafr	platelet-activating factor receptor [Source:MGI Symbol;Acc:MGI:106066]	15164	-2.7209060192108154	-0.44631913	Yes	
row_84	Oas1a	2'-5' oligoadenylate synthetase 1A [Source:MGI Symbol;Acc:MGI:2180860]	15172	-2.741467237472534	-0.42881027	Yes	
row_85	Fcgr2b	Fc receptor, IgG, low affinity IIb [Source:MGI Symbol;Acc:MGI:95499]	15178	-2.755366563796997	-0.41107976	Yes	
row_86	Oas1c	2'-5' oligoadenylate synthetase 1C [Source:MGI Symbol;Acc:MGI:2149633]	15185	-2.7806854248046875	-0.39324862	Yes	
row_87	Thbs1	thrombospondin 1 [Source:MGI Symbol;Acc:MGI:98737]	15189	-2.7934417724609375	-0.37513804	Yes	
row_88	Cd84	CD84 antigen [Source:MGI Symbol;Acc:MGI:1336885]	15193	-2.8030569553375244	-0.35696444	Yes	
row_89	Tlr4	toll-like receptor 4 [Source:MGI Symbol;Acc:MGI:96824]	15219	-2.874952554702759	-0.3397558	Yes	
row_90	Cd2	CD2 antigen [Source:MGI Symbol;Acc:MGI:88320]	15220	-2.8780975341796875	-0.3208946	Yes	
row_91	Ccr2	C-C motif chemokine receptor 2 [Source:MGI Symbol;Acc:MGI:106185]	15238	-2.941856861114502	-0.30272532	Yes	
row_92	Cybb	cytochrome b-245, beta polypeptide [Source:MGI Symbol;Acc:MGI:88574]	15246	-2.9685940742492676	-0.283728	Yes	
row_93	Oas2	2'-5' oligoadenylate synthetase 2 [Source:MGI Symbol;Acc:MGI:2180852]	15248	-2.9717226028442383	-0.26431853	Yes	
row_94	Plcg2	phospholipase C, gamma 2 [Source:MGI Symbol;Acc:MGI:97616]	15264	-3.042161464691162	-0.24536134	Yes	
row_95	Tmem106a	transmembrane protein 106A [Source:MGI Symbol;Acc:MGI:1922056]	15267	-3.0498545169830322	-0.22550511	Yes	
row_96	Ifng	interferon gamma [Source:MGI Symbol;Acc:MGI:107656]	15290	-3.171190023422241	-0.20615931	Yes	
row_97	Sash3	SAM and SH3 domain containing 3 [Source:MGI Symbol;Acc:MGI:1921381]	15292	-3.185924530029297	-0.1853461	Yes	
row_98	Fcgr1	Fc receptor, IgG, high affinity I [Source:MGI Symbol;Acc:MGI:95498]	15299	-3.2211050987243652	-0.16462871	Yes	
row_99	Ccl4	C-C motif chemokine ligand 4 [Source:MGI Symbol;Acc:MGI:98261]	15301	-3.2221391201019287	-0.14357817	Yes	
row_100	Oas1b	2'-5' oligoadenylate synthetase 1B [Source:MGI Symbol;Acc:MGI:97430]	15315	-3.299004077911377	-0.12280724	Yes	
row_101	Oas3	2'-5' oligoadenylate synthetase 3 [Source:MGI Symbol;Acc:MGI:2180850]	15353	-3.5899810791015625	-0.10169612	Yes	
row_102	H2-T23	histocompatibility 2, T region locus 23 [Source:MGI Symbol;Acc:MGI:95957]	15377	-3.80800199508667	-0.07824233	Yes	
row_103	Tlr2	toll-like receptor 2 [Source:MGI Symbol;Acc:MGI:1346060]	15378	-3.8438563346862793	-0.053052176	Yes	
row_104	Il12b	interleukin 12b [Source:MGI Symbol;Acc:MGI:96540]	15398	-4.15106201171875	-0.027089082	Yes	
row_105	Clec7a	C-type lectin domain family 7, member a [Source:MGI Symbol;Acc:MGI:1861431]	15405	-4.382608890533447	0.0012400423	Yes	
