NAME	SYMBOL	TITLE	RANK IN GENE LIST	RANK METRIC SCORE	RUNNING ES	CORE ENRICHMENT	
row_0	NR4A3	nuclear receptor subfamily 4 group A member 3 [Source:HGNC Symbol;Acc:HGNC:7982]	324	0.8380746841430664	-0.022538979	No	
row_1	CD46	CD46 molecule [Source:HGNC Symbol;Acc:HGNC:6953]	470	0.7108524441719055	-0.031660646	No	
row_2	PLA2G5	phospholipase A2 group V [Source:HGNC Symbol;Acc:HGNC:9038]	690	0.5835901498794556	-0.046846133	No	
row_3	IL4	interleukin 4 [Source:HGNC Symbol;Acc:HGNC:6014]	987	0.47648885846138	-0.068268485	No	
row_4	KMT5C	lysine methyltransferase 5C [Source:HGNC Symbol;Acc:HGNC:28405]	1009	0.46825796365737915	-0.06853948	No	
row_5	PLA2G1B	phospholipase A2 group IB [Source:HGNC Symbol;Acc:HGNC:9030]	1173	0.423661470413208	-0.079872675	No	
row_6	SHLD1	shieldin complex subunit 1 [Source:HGNC Symbol;Acc:HGNC:26318]	1216	0.41480594873428345	-0.08191432	No	
row_7	PLA2G6	phospholipase A2 group VI [Source:HGNC Symbol;Acc:HGNC:9039]	1321	0.38948148488998413	-0.08880276	No	
row_8	IRF3	interferon regulatory factor 3 [Source:HGNC Symbol;Acc:HGNC:6118]	1382	0.37732234597206116	-0.09233815	No	
row_9	CACNB3	calcium voltage-gated channel auxiliary subunit beta 3 [Source:HGNC Symbol;Acc:HGNC:1403]	1388	0.3754885196685791	-0.09164382	No	
row_10	CD4	CD4 molecule [Source:HGNC Symbol;Acc:HGNC:1678]	1413	0.3724377453327179	-0.09242124	No	
row_11	KRT1	keratin 1 [Source:HGNC Symbol;Acc:HGNC:6412]	1459	0.3634607195854187	-0.09484148	No	
row_12	SLC39A10	solute carrier family 39 member 10 [Source:HGNC Symbol;Acc:HGNC:20861]	1851	0.3039541244506836	-0.124074794	No	
row_13	PRKDC	protein kinase, DNA-activated, catalytic subunit [Source:HGNC Symbol;Acc:HGNC:9413]	1957	0.2920975387096405	-0.13132016	No	
row_14	LIMK1	LIM domain kinase 1 [Source:HGNC Symbol;Acc:HGNC:6613]	2187	0.26523077487945557	-0.14819078	No	
row_15	MSH2	mutS homolog 2 [Source:HGNC Symbol;Acc:HGNC:7325]	2497	0.23531974852085114	-0.17130737	No	
row_16	SOCS5	suppressor of cytokine signaling 5 [Source:HGNC Symbol;Acc:HGNC:16852]	2512	0.23403799533843994	-0.17171264	No	
row_17	APPL2	adaptor protein, phosphotyrosine interacting with PH domain and leucine zipper 2 [Source:HGNC Symbol;Acc:HGNC:18242]	2522	0.23336371779441833	-0.17173482	No	
row_18	PRKCZ	protein kinase C zeta [Source:HGNC Symbol;Acc:HGNC:9412]	2570	0.23019728064537048	-0.17469214	No	
row_19	FCHO1	FCH domain only 1 [Source:HGNC Symbol;Acc:HGNC:29002]	2607	0.22609862685203552	-0.17681421	No	
row_20	PRKCB	protein kinase C beta [Source:HGNC Symbol;Acc:HGNC:9395]	2619	0.2252962440252304	-0.1770136	No	
row_21	USP29	ubiquitin specific peptidase 29 [Source:HGNC Symbol;Acc:HGNC:18563]	2687	0.21994227170944214	-0.18154038	No	
row_22	MEF2C	myocyte enhancer factor 2C [Source:HGNC Symbol;Acc:HGNC:6996]	2719	0.2177361398935318	-0.18330151	No	
row_23	PRKCQ	protein kinase C theta [Source:HGNC Symbol;Acc:HGNC:9410]	2828	0.20861954987049103	-0.19101784	No	
row_24	NFATC2	nuclear factor of activated T cells 2 [Source:HGNC Symbol;Acc:HGNC:7776]	2927	0.2015974521636963	-0.19798435	No	
row_25	HRAS	HRas proto-oncogene, GTPase [Source:HGNC Symbol;Acc:HGNC:5173]	2985	0.19736522436141968	-0.20180602	No	
row_26	PDE4D	phosphodiesterase 4D [Source:HGNC Symbol;Acc:HGNC:8783]	3049	0.19418907165527344	-0.20609884	No	
row_27	DGKZ	diacylglycerol kinase zeta [Source:HGNC Symbol;Acc:HGNC:2857]	3127	0.18875755369663239	-0.21148525	No	
row_28	SFPQ	splicing factor proline and glutamine rich [Source:HGNC Symbol;Acc:HGNC:10774]	3210	0.1835232973098755	-0.21727173	No	
row_29	CD55	CD55 molecule (Cromer blood group) [Source:HGNC Symbol;Acc:HGNC:2665]	3309	0.1763404905796051	-0.22431085	No	
row_30	HEXIM1	HEXIM P-TEFb complex subunit 1 [Source:HGNC Symbol;Acc:HGNC:24953]	3351	0.1739577203989029	-0.2269678	No	
row_31	MLH1	mutL homolog 1 [Source:HGNC Symbol;Acc:HGNC:7127]	3434	0.16988244652748108	-0.23279348	No	
row_32	SHLD2	shieldin complex subunit 2 [Source:HGNC Symbol;Acc:HGNC:28773]	3494	0.16610905528068542	-0.23685901	No	
row_33	XRCC6	X-ray repair cross complementing 6 [Source:HGNC Symbol;Acc:HGNC:4055]	3615	0.1584256887435913	-0.24564362	No	
row_34	PSPC1	paraspeckle component 1 [Source:HGNC Symbol;Acc:HGNC:20320]	3617	0.15833738446235657	-0.24526548	No	
row_35	HSP90AA1	heat shock protein 90 alpha family class A member 1 [Source:HGNC Symbol;Acc:HGNC:5253]	3671	0.15572668612003326	-0.24889885	No	
row_36	CD276	CD276 molecule [Source:HGNC Symbol;Acc:HGNC:19137]	3768	0.1514604240655899	-0.25585547	No	
row_37	PAK3	p21 (RAC1) activated kinase 3 [Source:HGNC Symbol;Acc:HGNC:8592]	3842	0.14690861105918884	-0.2610542	No	
row_38	MOG	myelin oligodendrocyte glycoprotein [Source:HGNC Symbol;Acc:HGNC:7197]	3894	0.14439263939857483	-0.26456615	No	
row_39	PLCG1	phospholipase C gamma 1 [Source:HGNC Symbol;Acc:HGNC:9065]	3963	0.14107199013233185	-0.26939663	No	
row_40	IGHM	immunoglobulin heavy constant mu [Source:HGNC Symbol;Acc:HGNC:5541]	4165	0.13169346749782562	-0.28449512	No	
row_41	THY1	Thy-1 cell surface antigen [Source:HGNC Symbol;Acc:HGNC:11801]	4220	0.1290571391582489	-0.28828213	No	
row_42	SUSD4	sushi domain containing 4 [Source:HGNC Symbol;Acc:HGNC:25470]	4289	0.12542270123958588	-0.2931576	No	
row_43	APPL1	adaptor protein, phosphotyrosine interacting with PH domain and leucine zipper 1 [Source:HGNC Symbol;Acc:HGNC:24035]	4337	0.12290007621049881	-0.29642335	No	
row_44	RIF1	replication timing regulatory factor 1 [Source:HGNC Symbol;Acc:HGNC:23207]	4339	0.12283960729837418	-0.29614723	No	
row_45	ZBTB1	zinc finger and BTB domain containing 1 [Source:HGNC Symbol;Acc:HGNC:20259]	4444	0.11796639859676361	-0.30381614	No	
row_46	NSD2	nuclear receptor binding SET domain protein 2 [Source:HGNC Symbol;Acc:HGNC:12766]	4450	0.11771050840616226	-0.30386278	No	
row_47	PRKCE	protein kinase C epsilon [Source:HGNC Symbol;Acc:HGNC:9401]	4494	0.11544531583786011	-0.30684194	No	
row_48	CREBBP	CREB binding protein [Source:HGNC Symbol;Acc:HGNC:2348]	4543	0.1134248822927475	-0.3102119	No	
row_49	HMCES	5-hydroxymethylcytosine binding, ES cell specific [Source:HGNC Symbol;Acc:HGNC:24446]	4547	0.11319224536418915	-0.31011754	No	
row_50	DUSP22	dual specificity phosphatase 22 [Source:HGNC Symbol;Acc:HGNC:16077]	4598	0.11111384630203247	-0.31364813	No	
row_51	PLD2	phospholipase D2 [Source:HGNC Symbol;Acc:HGNC:9068]	4618	0.1103811040520668	-0.31479385	No	
row_52	YES1	YES proto-oncogene 1, Src family tyrosine kinase [Source:HGNC Symbol;Acc:HGNC:12841]	4697	0.10658206045627594	-0.3204935	No	
row_53	CADM1	cell adhesion molecule 1 [Source:HGNC Symbol;Acc:HGNC:5951]	4780	0.10294981300830841	-0.32651156	No	
row_54	UBE2N	ubiquitin conjugating enzyme E2 N [Source:HGNC Symbol;Acc:HGNC:12492]	4993	0.0940178707242012	-0.34256533	No	
row_55	RASGRP1	RAS guanyl releasing protein 1 [Source:HGNC Symbol;Acc:HGNC:9878]	5006	0.09335950762033463	-0.34322098	No	
row_56	PIK3CA	phosphatidylinositol-4,5-bisphosphate 3-kinase catalytic subunit alpha [Source:HGNC Symbol;Acc:HGNC:8975]	5115	0.0887911468744278	-0.35128176	No	
row_57	EIF2B5	eukaryotic translation initiation factor 2B subunit epsilon [Source:HGNC Symbol;Acc:HGNC:3261]	5248	0.08295269310474396	-0.3612073	No	
row_58	KHDRBS1	KH RNA binding domain containing, signal transduction associated 1 [Source:HGNC Symbol;Acc:HGNC:18116]	5331	0.07963457703590393	-0.3672924	No	
row_59	CARD9	caspase recruitment domain family member 9 [Source:HGNC Symbol;Acc:HGNC:16391]	5407	0.07664771378040314	-0.37284708	No	
row_60	PLCL2	phospholipase C like 2 [Source:HGNC Symbol;Acc:HGNC:9064]	5455	0.07504624873399734	-0.3762504	No	
row_61	TFRC	transferrin receptor [Source:HGNC Symbol;Acc:HGNC:11763]	5457	0.07494381070137024	-0.37611195	No	
row_62	PQBP1	polyglutamine binding protein 1 [Source:HGNC Symbol;Acc:HGNC:9330]	5461	0.07487288117408752	-0.37612772	No	
row_63	EIF2B3	eukaryotic translation initiation factor 2B subunit gamma [Source:HGNC Symbol;Acc:HGNC:3259]	5483	0.07409120351076126	-0.37753174	No	
row_64	SRC	SRC proto-oncogene, non-receptor tyrosine kinase [Source:HGNC Symbol;Acc:HGNC:11283]	5518	0.07220746576786041	-0.37994218	No	
row_65	PHB	prohibitin [Source:HGNC Symbol;Acc:HGNC:8912]	5558	0.07078352570533752	-0.38274172	No	
row_66	CD59	CD59 molecule (CD59 blood group) [Source:HGNC Symbol;Acc:HGNC:1689]	5573	0.07010393589735031	-0.3836182	No	
row_67	PARK7	Parkinsonism associated deglycase [Source:HGNC Symbol;Acc:HGNC:16369]	5639	0.06723161041736603	-0.38842997	No	
row_68	GPLD1	glycosylphosphatidylinositol specific phospholipase D1 [Source:HGNC Symbol;Acc:HGNC:4459]	5671	0.06572521477937698	-0.39062804	No	
row_69	TGFB2	transforming growth factor beta 2 [Source:HGNC Symbol;Acc:HGNC:11768]	5785	0.06148901209235191	-0.3991523	No	
row_70	CR2	complement C3d receptor 2 [Source:HGNC Symbol;Acc:HGNC:2336]	5796	0.06101199984550476	-0.39974692	No	
row_71	MAPK1	mitogen-activated protein kinase 1 [Source:HGNC Symbol;Acc:HGNC:6871]	5927	0.0554875023663044	-0.40959743	No	
row_72	MATR3	matrin 3 [Source:HGNC Symbol;Acc:HGNC:6912]	5945	0.05463186278939247	-0.4107494	No	
row_73	VAV3	vav guanine nucleotide exchange factor 3 [Source:HGNC Symbol;Acc:HGNC:12659]	6072	0.049119286239147186	-0.4203102	No	
row_74	POLR3B	RNA polymerase III subunit B [Source:HGNC Symbol;Acc:HGNC:30348]	6209	0.04254738241434097	-0.43065992	No	
row_75	FYN	FYN proto-oncogene, Src family tyrosine kinase [Source:HGNC Symbol;Acc:HGNC:4037]	6245	0.040975913405418396	-0.43323714	No	
row_76	RBCK1	RANBP2-type and C3HC4-type zinc finger containing 1 [Source:HGNC Symbol;Acc:HGNC:15864]	6440	0.032315563410520554	-0.44808227	No	
row_77	PTK2	protein tyrosine kinase 2 [Source:HGNC Symbol;Acc:HGNC:9611]	6536	0.02834816463291645	-0.45531577	No	
row_78	IKBKB	inhibitor of nuclear factor kappa B kinase subunit beta [Source:HGNC Symbol;Acc:HGNC:5960]	6589	0.025427047163248062	-0.4592467	No	
row_79	BAG6	BCL2 associated athanogene 6 [Source:HGNC Symbol;Acc:HGNC:13919]	6631	0.023978112265467644	-0.46233478	No	
row_80	EP300	E1A binding protein p300 [Source:HGNC Symbol;Acc:HGNC:3373]	6729	0.019705791026353836	-0.46974713	No	
row_81	COCH	cochlin [Source:HGNC Symbol;Acc:HGNC:2180]	6769	0.01819094642996788	-0.47269785	No	
row_82	STXBP1	syntaxin binding protein 1 [Source:HGNC Symbol;Acc:HGNC:11444]	6795	0.017181282863020897	-0.47457346	No	
row_83	AP1G1	adaptor related protein complex 1 subunit gamma 1 [Source:HGNC Symbol;Acc:HGNC:555]	6820	0.016353324055671692	-0.47637445	No	
row_84	CNR1	cannabinoid receptor 1 [Source:HGNC Symbol;Acc:HGNC:2159]	6877	0.01388664823025465	-0.48064655	No	
row_85	CRKL	CRK like proto-oncogene, adaptor protein [Source:HGNC Symbol;Acc:HGNC:2363]	6886	0.013397449627518654	-0.48122403	No	
row_86	MR1	major histocompatibility complex, class I-related [Source:HGNC Symbol;Acc:HGNC:4975]	6899	0.012948499992489815	-0.4821108	No	
row_87	BCL2	BCL2 apoptosis regulator [Source:HGNC Symbol;Acc:HGNC:990]	6943	0.010574852116405964	-0.4853914	No	
row_88	PAXIP1	PAX interacting protein 1 [Source:HGNC Symbol;Acc:HGNC:8624]	6954	0.00983131118118763	-0.48613316	No	
row_89	STX4	syntaxin 4 [Source:HGNC Symbol;Acc:HGNC:11439]	6960	0.00970086082816124	-0.48649028	No	
row_90	PAK1	p21 (RAC1) activated kinase 1 [Source:HGNC Symbol;Acc:HGNC:8590]	7000	0.007522960659116507	-0.48947164	No	
row_91	XRCC5	X-ray repair cross complementing 5 [Source:HGNC Symbol;Acc:HGNC:12833]	7003	0.0073735774494707584	-0.48960444	No	
row_92	STOML2	stomatin like 2 [Source:HGNC Symbol;Acc:HGNC:14559]	7101	0.0025401737075299025	-0.49706617	No	
row_93	EIF2B1	eukaryotic translation initiation factor 2B subunit alpha [Source:HGNC Symbol;Acc:HGNC:3257]	7171	-3.895332047250122E-4	-0.50237805	No	
row_94	EIF2AK4	eukaryotic translation initiation factor 2 alpha kinase 4 [Source:HGNC Symbol;Acc:HGNC:19687]	7209	-0.002228036057204008	-0.50522065	No	
row_95	MAP3K7	mitogen-activated protein kinase kinase kinase 7 [Source:HGNC Symbol;Acc:HGNC:6859]	7212	-0.002356388373300433	-0.5053679	No	
row_96	SIN3A	SIN3 transcription regulator family member A [Source:HGNC Symbol;Acc:HGNC:19353]	7274	-0.004680459387600422	-0.5100514	No	
row_97	RPS3	ribosomal protein S3 [Source:HGNC Symbol;Acc:HGNC:10420]	7286	-0.005188740789890289	-0.5108835	No	
row_98	IL2	interleukin 2 [Source:HGNC Symbol;Acc:HGNC:6001]	7324	-0.007063490804284811	-0.5137122	No	
row_99	TP53BP1	tumor protein p53 binding protein 1 [Source:HGNC Symbol;Acc:HGNC:11999]	7408	-0.011310144327580929	-0.52007073	No	
row_100	UBE2K	ubiquitin conjugating enzyme E2 K [Source:HGNC Symbol;Acc:HGNC:4914]	7431	-0.012234127148985863	-0.5217295	No	
row_101	RC3H2	ring finger and CCCH-type domains 2 [Source:HGNC Symbol;Acc:HGNC:21461]	7435	-0.012477763928472996	-0.5219247	No	
row_102	CRTAM	cytotoxic and regulatory T cell molecule [Source:HGNC Symbol;Acc:HGNC:24313]	7467	-0.013651235960423946	-0.52427244	No	
row_103	SPPL3	signal peptide peptidase like 3 [Source:HGNC Symbol;Acc:HGNC:30424]	7581	-0.019830085337162018	-0.5329164	No	
row_104	WNK1	WNK lysine deficient protein kinase 1 [Source:HGNC Symbol;Acc:HGNC:14540]	7676	-0.023387720808386803	-0.5400872	No	
row_105	AKIRIN2	akirin 2 [Source:HGNC Symbol;Acc:HGNC:21407]	7690	-0.024124056100845337	-0.5410189	No	
row_106	PHPT1	phosphohistidine phosphatase 1 [Source:HGNC Symbol;Acc:HGNC:30033]	7730	-0.02603207714855671	-0.54394704	No	
row_107	POLR3D	RNA polymerase III subunit D [Source:HGNC Symbol;Acc:HGNC:1080]	7786	-0.02878306433558464	-0.54809934	No	
row_108	TNFRSF21	TNF receptor superfamily member 21 [Source:HGNC Symbol;Acc:HGNC:13469]	7791	-0.028916755691170692	-0.54832417	No	
row_109	MED1	mediator complex subunit 1 [Source:HGNC Symbol;Acc:HGNC:9234]	7872	-0.03352471441030502	-0.5543878	No	
row_110	ATAD5	ATPase family AAA domain containing 5 [Source:HGNC Symbol;Acc:HGNC:25752]	8252	-0.053510796278715134	-0.58341706	No	
row_111	KMT5B	lysine methyltransferase 5B [Source:HGNC Symbol;Acc:HGNC:24283]	8277	-0.05491992458701134	-0.5851072	No	
row_112	GATA3	GATA binding protein 3 [Source:HGNC Symbol;Acc:HGNC:4172]	8309	-0.05682508647441864	-0.5873308	No	
row_113	MAVS	mitochondrial antiviral signaling protein [Source:HGNC Symbol;Acc:HGNC:29233]	8311	-0.05702131241559982	-0.5872439	No	
row_114	CFP	complement factor properdin [Source:HGNC Symbol;Acc:HGNC:8864]	8421	-0.06427650153636932	-0.5954522	No	
row_115	CD81	CD81 molecule [Source:HGNC Symbol;Acc:HGNC:1701]	8440	-0.0650256797671318	-0.59665126	No	
row_116	EIF2B4	eukaryotic translation initiation factor 2B subunit delta [Source:HGNC Symbol;Acc:HGNC:3260]	8443	-0.06511011719703674	-0.5966181	No	
row_117	DHX9	DExH-box helicase 9 [Source:HGNC Symbol;Acc:HGNC:2750]	8493	-0.06751791387796402	-0.600197	No	
row_118	TESPA1	thymocyte expressed, positive selection associated 1 [Source:HGNC Symbol;Acc:HGNC:29109]	8506	-0.06812170892953873	-0.6009252	No	
row_119	PAK2	p21 (RAC1) activated kinase 2 [Source:HGNC Symbol;Acc:HGNC:8591]	8531	-0.0704568549990654	-0.6025707	No	
row_120	RC3H1	ring finger and CCCH-type domains 1 [Source:HGNC Symbol;Acc:HGNC:29434]	8562	-0.07200045883655548	-0.60467374	No	
row_121	PSEN1	presenilin 1 [Source:HGNC Symbol;Acc:HGNC:9508]	8651	-0.07733799517154694	-0.61122745	No	
row_122	PHB2	prohibitin 2 [Source:HGNC Symbol;Acc:HGNC:30306]	8677	-0.07978861033916473	-0.6129231	No	
row_123	C1QBP	complement C1q binding protein [Source:HGNC Symbol;Acc:HGNC:1243]	8709	-0.0819370299577713	-0.6150746	No	
row_124	BAX	BCL2 associated X, apoptosis regulator [Source:HGNC Symbol;Acc:HGNC:959]	8753	-0.08451990783214569	-0.6181426	No	
row_125	STX7	syntaxin 7 [Source:HGNC Symbol;Acc:HGNC:11442]	8760	-0.08486060798168182	-0.61836064	No	
row_126	RABGEF1	RAB guanine nucleotide exchange factor 1 [Source:HGNC Symbol;Acc:HGNC:17676]	8813	-0.08836833387613297	-0.62211066	No	
row_127	RNF185	ring finger protein 185 [Source:HGNC Symbol;Acc:HGNC:26783]	8825	-0.0889887660741806	-0.6227019	No	
row_128	TOMM70	translocase of outer mitochondrial membrane 70 [Source:HGNC Symbol;Acc:HGNC:11985]	8893	-0.09333007037639618	-0.62759256	No	
row_129	IL6ST	interleukin 6 signal transducer [Source:HGNC Symbol;Acc:HGNC:6021]	8935	-0.09584919363260269	-0.6304741	No	
row_130	PTPRJ	protein tyrosine phosphatase receptor type J [Source:HGNC Symbol;Acc:HGNC:9673]	8966	-0.09800480306148529	-0.6325024	No	
row_131	BCAR1	BCAR1 scaffold protein, Cas family member [Source:HGNC Symbol;Acc:HGNC:971]	8970	-0.0983423963189125	-0.6324507	No	
row_132	LSM14A	LSM14A mRNA processing body assembly factor [Source:HGNC Symbol;Acc:HGNC:24489]	9006	-0.10102862864732742	-0.6348553	No	
row_133	ABL1	ABL proto-oncogene 1, non-receptor tyrosine kinase [Source:HGNC Symbol;Acc:HGNC:76]	9015	-0.10134633630514145	-0.63517994	No	
row_134	USP27X	ubiquitin specific peptidase 27 X-linked [Source:HGNC Symbol;Acc:HGNC:13486]	9018	-0.10152212530374527	-0.63504213	No	
row_135	WNT5A	Wnt family member 5A [Source:HGNC Symbol;Acc:HGNC:12784]	9052	-0.10429193824529648	-0.6372833	No	
row_136	CLU	clusterin [Source:HGNC Symbol;Acc:HGNC:2095]	9073	-0.10545151680707932	-0.63852024	No	
row_137	PRNP	prion protein [Source:HGNC Symbol;Acc:HGNC:9449]	9080	-0.10583817958831787	-0.638678	No	
row_138	RBM14	RNA binding motif protein 14 [Source:HGNC Symbol;Acc:HGNC:14219]	9106	-0.10720554739236832	-0.64029485	No	
row_139	SPHK2	sphingosine kinase 2 [Source:HGNC Symbol;Acc:HGNC:18859]	9303	-0.12072138488292694	-0.65503985	No	
row_140	IKBKG	inhibitor of nuclear factor kappa B kinase regulatory subunit gamma [Source:HGNC Symbol;Acc:HGNC:5961]	9403	-0.12979091703891754	-0.66228974	No	
row_141	XBP1	X-box binding protein 1 [Source:HGNC Symbol;Acc:HGNC:12801]	9413	-0.13093045353889465	-0.6626064	No	
row_142	PLEKHA1	pleckstrin homology domain containing A1 [Source:HGNC Symbol;Acc:HGNC:14335]	9511	-0.13837376236915588	-0.6696777	No	
row_143	GPS2	G protein pathway suppressor 2 [Source:HGNC Symbol;Acc:HGNC:4550]	9612	-0.14861097931861877	-0.67695045	No	
row_144	CD47	CD47 molecule [Source:HGNC Symbol;Acc:HGNC:1682]	9645	-0.15214423835277557	-0.67897713	No	
row_145	ZCCHC3	zinc finger CCHC-type containing 3 [Source:HGNC Symbol;Acc:HGNC:16230]	9671	-0.15487781167030334	-0.68045694	No	
row_146	RARA	retinoic acid receptor alpha [Source:HGNC Symbol;Acc:HGNC:9864]	9728	-0.1622963696718216	-0.68430245	No	
row_147	SLC15A4	solute carrier family 15 member 4 [Source:HGNC Symbol;Acc:HGNC:23090]	9853	-0.17477574944496155	-0.69334805	No	
row_148	SNX4	sorting nexin 4 [Source:HGNC Symbol;Acc:HGNC:11175]	9882	-0.17782345414161682	-0.6949929	No	
row_149	EIF2B2	eukaryotic translation initiation factor 2B subunit beta [Source:HGNC Symbol;Acc:HGNC:3258]	9902	-0.17955438792705536	-0.6959398	No	
row_150	IL18	interleukin 18 [Source:HGNC Symbol;Acc:HGNC:5986]	9936	-0.1832057386636734	-0.6979541	No	
row_151	VAV2	vav guanine nucleotide exchange factor 2 [Source:HGNC Symbol;Acc:HGNC:12658]	9965	-0.18655851483345032	-0.6995739	No	
row_152	PIK3CD	phosphatidylinositol-4,5-bisphosphate 3-kinase catalytic subunit delta [Source:HGNC Symbol;Acc:HGNC:8977]	10041	-0.19529178738594055	-0.7047875	No	
row_153	PTPN2	protein tyrosine phosphatase non-receptor type 2 [Source:HGNC Symbol;Acc:HGNC:9650]	10059	-0.19716961681842804	-0.70552975	No	
row_154	NONO	non-POU domain containing octamer binding [Source:HGNC Symbol;Acc:HGNC:7871]	10063	-0.19767099618911743	-0.70519257	No	
row_155	SIRT1	sirtuin 1 [Source:HGNC Symbol;Acc:HGNC:14929]	10093	-0.20096233487129211	-0.7068479	No	
row_156	EXOSC3	exosome component 3 [Source:HGNC Symbol;Acc:HGNC:17944]	10194	-0.21316932141780853	-0.71393514	No	
row_157	FBXO38	F-box protein 38 [Source:HGNC Symbol;Acc:HGNC:28844]	10281	-0.22501645982265472	-0.7199103	No	
row_158	PRKCD	protein kinase C delta [Source:HGNC Symbol;Acc:HGNC:9399]	10284	-0.22514791786670685	-0.71941715	No	
row_159	CR1	complement C3b/C4b receptor 1 (Knops blood group) [Source:HGNC Symbol;Acc:HGNC:2334]	10295	-0.22655810415744781	-0.7195359	No	
row_160	RIOK3	RIO kinase 3 [Source:HGNC Symbol;Acc:HGNC:11451]	10309	-0.22821156680583954	-0.71988094	No	
row_161	POLR3C	RNA polymerase III subunit C [Source:HGNC Symbol;Acc:HGNC:30076]	10359	-0.23422332108020782	-0.7229806	No	
row_162	BANK1	B cell scaffold protein with ankyrin repeats 1 [Source:HGNC Symbol;Acc:HGNC:18233]	10419	-0.24138674139976501	-0.72682977	No	
row_163	PLPP4	phospholipid phosphatase 4 [Source:HGNC Symbol;Acc:HGNC:23531]	10513	-0.25424984097480774	-0.73326	No	
row_164	TRIM62	tripartite motif containing 62 [Source:HGNC Symbol;Acc:HGNC:25574]	10540	-0.25772079825401306	-0.73452115	No	
row_165	RPS19	ribosomal protein S19 [Source:HGNC Symbol;Acc:HGNC:10402]	10554	-0.2597241699695587	-0.73477554	No	
row_166	DENND1B	DENN domain containing 1B [Source:HGNC Symbol;Acc:HGNC:28404]	10770	-0.29408881068229675	-0.75048524	No	
row_167	RFTN1	raftlin, lipid raft linker 1 [Source:HGNC Symbol;Acc:HGNC:30278]	10824	-0.3028486967086792	-0.75369567	No	
row_168	CSK	C-terminal Src kinase [Source:HGNC Symbol;Acc:HGNC:2444]	10856	-0.3086056113243103	-0.7551956	No	
row_169	SPG21	SPG21 abhydrolase domain containing, maspardin [Source:HGNC Symbol;Acc:HGNC:20373]	10884	-0.3134229779243469	-0.75637364	No	
row_170	TRAF2	TNF receptor associated factor 2 [Source:HGNC Symbol;Acc:HGNC:12032]	10885	-0.3134261667728424	-0.7554727	No	
row_171	STK11	serine/threonine kinase 11 [Source:HGNC Symbol;Acc:HGNC:11389]	10996	-0.32961368560791016	-0.76299524	No	
row_172	POLR3F	RNA polymerase III subunit F [Source:HGNC Symbol;Acc:HGNC:15763]	11011	-0.33221787214279175	-0.76311827	No	
row_173	FYB2	FYN binding protein 2 [Source:HGNC Symbol;Acc:HGNC:27295]	11047	-0.3380666971206665	-0.7648415	No	
row_174	RGCC	regulator of cell cycle [Source:HGNC Symbol;Acc:HGNC:20369]	11080	-0.34500423073768616	-0.7663138	No	
row_175	TRIM41	tripartite motif containing 41 [Source:HGNC Symbol;Acc:HGNC:19013]	11109	-0.3512493073940277	-0.76746017	No	
row_176	TBK1	TANK binding kinase 1 [Source:HGNC Symbol;Acc:HGNC:11584]	11170	-0.3692692518234253	-0.7710187	No	
row_177	PDE4B	phosphodiesterase 4B [Source:HGNC Symbol;Acc:HGNC:8781]	11232	-0.3824654221534729	-0.7746163	No	
row_178	BCL10	BCL10 immune signaling adaptor [Source:HGNC Symbol;Acc:HGNC:989]	11283	-0.3952125906944275	-0.7773303	No	
row_179	C5AR2	complement component 5a receptor 2 [Source:HGNC Symbol;Acc:HGNC:4527]	11343	-0.4101121425628662	-0.7806944	No	
row_180	PRKD2	protein kinase D2 [Source:HGNC Symbol;Acc:HGNC:17293]	11399	-0.4261758625507355	-0.78370434	No	
row_181	MAD2L2	mitotic arrest deficient 2 like 2 [Source:HGNC Symbol;Acc:HGNC:6764]	11403	-0.4283888041973114	-0.78270394	No	
row_182	PLA2G3	phospholipase A2 group III [Source:HGNC Symbol;Acc:HGNC:17934]	11417	-0.4342503547668457	-0.7824567	No	
row_183	LAMP1	lysosomal associated membrane protein 1 [Source:HGNC Symbol;Acc:HGNC:6499]	11439	-0.43872785568237305	-0.7828126	No	
row_184	EZR	ezrin [Source:HGNC Symbol;Acc:HGNC:12691]	11476	-0.4512082636356354	-0.7842876	No	
row_185	TBX21	T-box 21 [Source:HGNC Symbol;Acc:HGNC:11599]	11514	-0.46224460005760193	-0.78580785	No	
row_186	PVR	PVR cell adhesion molecule [Source:HGNC Symbol;Acc:HGNC:9705]	11618	-0.5014012455940247	-0.7922976	No	
row_187	TREM2	triggering receptor expressed on myeloid cells 2 [Source:HGNC Symbol;Acc:HGNC:17761]	11625	-0.5038224458694458	-0.7913114	No	
row_188	IDO1	indoleamine 2,3-dioxygenase 1 [Source:HGNC Symbol;Acc:HGNC:6059]	11642	-0.5122662782669067	-0.7910709	No	
row_189	CBLB	Cbl proto-oncogene B [Source:HGNC Symbol;Acc:HGNC:1542]	11711	-0.5402219891548157	-0.79475397	No	
row_190	CASP6	caspase 6 [Source:HGNC Symbol;Acc:HGNC:1507]	11784	-0.5802222490310669	-0.7986301	No	
row_191	RELA	RELA proto-oncogene, NF-kB subunit [Source:HGNC Symbol;Acc:HGNC:9955]	11847	-0.612684428691864	-0.801643	Yes	
row_192	CMTM3	CKLF like MARVEL transmembrane domain containing 3 [Source:HGNC Symbol;Acc:HGNC:19174]	11859	-0.6229262948036194	-0.8006994	Yes	
row_193	GAB2	GRB2 associated binding protein 2 [Source:HGNC Symbol;Acc:HGNC:14458]	11881	-0.634711503982544	-0.8004919	Yes	
row_194	ADORA2B	adenosine A2b receptor [Source:HGNC Symbol;Acc:HGNC:264]	11903	-0.6444120407104492	-0.80025655	Yes	
row_195	TRAF6	TNF receptor associated factor 6 [Source:HGNC Symbol;Acc:HGNC:12036]	11923	-0.6538277268409729	-0.7998401	Yes	
row_196	PRKCH	protein kinase C eta [Source:HGNC Symbol;Acc:HGNC:9403]	11960	-0.671787440776825	-0.80068105	Yes	
row_197	PTPN22	protein tyrosine phosphatase non-receptor type 22 [Source:HGNC Symbol;Acc:HGNC:9652]	11980	-0.6843134760856628	-0.80017704	Yes	
row_198	RNF31	ring finger protein 31 [Source:HGNC Symbol;Acc:HGNC:16031]	11987	-0.6860858201980591	-0.79866683	Yes	
row_199	FYB1	FYN binding protein 1 [Source:HGNC Symbol;Acc:HGNC:4036]	12007	-0.6982160210609436	-0.7981228	Yes	
row_200	STAP1	signal transducing adaptor family member 1 [Source:HGNC Symbol;Acc:HGNC:24133]	12035	-0.7126943469047546	-0.7981532	Yes	
row_201	VAMP8	vesicle associated membrane protein 8 [Source:HGNC Symbol;Acc:HGNC:12647]	12039	-0.7152400612831116	-0.79632825	Yes	
row_202	A2M	alpha-2-macroglobulin [Source:HGNC Symbol;Acc:HGNC:7]	12068	-0.7322744131088257	-0.7963793	Yes	
row_203	NFKBID	NFKB inhibitor delta [Source:HGNC Symbol;Acc:HGNC:15671]	12099	-0.7558355927467346	-0.79651666	Yes	
row_204	CEACAM1	carcinoembryonic antigen related cell adhesion molecule 1 [Source:HGNC Symbol;Acc:HGNC:1814]	12140	-0.7821909189224243	-0.79734826	Yes	
row_205	HLX	H2.0 like homeobox [Source:HGNC Symbol;Acc:HGNC:4978]	12154	-0.7970489263534546	-0.7960582	Yes	
row_206	CGAS	cyclic GMP-AMP synthase [Source:HGNC Symbol;Acc:HGNC:21367]	12155	-0.7976584434509277	-0.7937653	Yes	
row_207	LBP	lipopolysaccharide binding protein [Source:HGNC Symbol;Acc:HGNC:6517]	12167	-0.8066551089286804	-0.79229355	Yes	
row_208	BMX	BMX non-receptor tyrosine kinase [Source:HGNC Symbol;Acc:HGNC:1079]	12176	-0.8108983635902405	-0.7905786	Yes	
row_209	ELF1	E74 like ETS transcription factor 1 [Source:HGNC Symbol;Acc:HGNC:3316]	12199	-0.8286438584327698	-0.7898907	Yes	
row_210	P2RX7	purinergic receptor P2X 7 [Source:HGNC Symbol;Acc:HGNC:8537]	12203	-0.830166757106781	-0.7877354	Yes	
row_211	NECTIN2	nectin cell adhesion molecule 2 [Source:HGNC Symbol;Acc:HGNC:9707]	12209	-0.8350293636322021	-0.7857201	Yes	
row_212	TRBC2	T cell receptor beta constant 2 [Source:HGNC Symbol;Acc:HGNC:12157]	12212	-0.8367474675178528	-0.78346884	Yes	
row_213	ZNFX1	zinc finger NFX1-type containing 1 [Source:HGNC Symbol;Acc:HGNC:29271]	12284	-0.8929374814033508	-0.7863691	Yes	
row_214	CD38	CD38 molecule [Source:HGNC Symbol;Acc:HGNC:1667]	12295	-0.9078256487846375	-0.78452957	Yes	
row_215	LAPTM5	lysosomal protein transmembrane 5 [Source:HGNC Symbol;Acc:HGNC:29612]	12319	-0.9294797778129578	-0.78362876	Yes	
row_216	FADD	Fas associated via death domain [Source:HGNC Symbol;Acc:HGNC:3573]	12345	-0.9544616937637329	-0.78281015	Yes	
row_217	FZD5	frizzled class receptor 5 [Source:HGNC Symbol;Acc:HGNC:4043]	12349	-0.9562937021255493	-0.78029233	Yes	
row_218	SH2B2	SH2B adaptor protein 2 [Source:HGNC Symbol;Acc:HGNC:17381]	12358	-0.9700875878334045	-0.7781198	Yes	
row_219	RAB29	RAB29, member RAS oncogene family [Source:HGNC Symbol;Acc:HGNC:9789]	12379	-1.0041515827178955	-0.77677333	Yes	
row_220	C1QC	complement C1q C chain [Source:HGNC Symbol;Acc:HGNC:1245]	12386	-1.0127390623092651	-0.77432424	Yes	
row_221	C1QA	complement C1q A chain [Source:HGNC Symbol;Acc:HGNC:1241]	12404	-1.0306638479232788	-0.7726706	Yes	
row_222	BLNK	B cell linker [Source:HGNC Symbol;Acc:HGNC:14211]	12412	-1.0371073484420776	-0.77022845	Yes	
row_223	MYB	MYB proto-oncogene, transcription factor [Source:HGNC Symbol;Acc:HGNC:7545]	12419	-1.0431121587753296	-0.767692	Yes	
row_224	CD300A	CD300a molecule [Source:HGNC Symbol;Acc:HGNC:19319]	12421	-1.0459003448486328	-0.7647626	Yes	
row_225	CD28	CD28 molecule [Source:HGNC Symbol;Acc:HGNC:1653]	12423	-1.046858549118042	-0.7618304	Yes	
row_226	TEC	tec protein tyrosine kinase [Source:HGNC Symbol;Acc:HGNC:11719]	12427	-1.051439642906189	-0.759039	Yes	
row_227	C1RL	complement C1r subcomponent like [Source:HGNC Symbol;Acc:HGNC:21265]	12437	-1.061173439025879	-0.7566817	Yes	
row_228	C1QB	complement C1q B chain [Source:HGNC Symbol;Acc:HGNC:1242]	12444	-1.0711430311203003	-0.7540647	Yes	
row_229	IGKC	immunoglobulin kappa constant [Source:HGNC Symbol;Acc:HGNC:5716]	12446	-1.0751280784606934	-0.7510512	Yes	
row_230	IGHA1	immunoglobulin heavy constant alpha 1 [Source:HGNC Symbol;Acc:HGNC:5478]	12456	-1.0936496257781982	-0.74860054	Yes	
row_231	RIPK2	receptor interacting serine/threonine kinase 2 [Source:HGNC Symbol;Acc:HGNC:10020]	12458	-1.0947935581207275	-0.74553055	Yes	
row_232	SLAMF1	signaling lymphocytic activation molecule family member 1 [Source:HGNC Symbol;Acc:HGNC:10903]	12463	-1.1003212928771973	-0.74267566	Yes	
row_233	B2M	beta-2-microglobulin [Source:HGNC Symbol;Acc:HGNC:914]	12473	-1.118391513824463	-0.74015385	Yes	
row_234	MALT1	MALT1 paracaspase [Source:HGNC Symbol;Acc:HGNC:6819]	12490	-1.142586588859558	-0.7381015	Yes	
row_235	LYN	LYN proto-oncogene, Src family tyrosine kinase [Source:HGNC Symbol;Acc:HGNC:6735]	12499	-1.154542088508606	-0.73539877	Yes	
row_236	HMGB2	high mobility group box 2 [Source:HGNC Symbol;Acc:HGNC:5000]	12517	-1.1749645471572876	-0.7333303	Yes	
row_237	ITGAM	integrin subunit alpha M [Source:HGNC Symbol;Acc:HGNC:6149]	12532	-1.188663125038147	-0.7309915	Yes	
row_238	PAWR	pro-apoptotic WT1 regulator [Source:HGNC Symbol;Acc:HGNC:8614]	12536	-1.194943904876709	-0.7277876	Yes	
row_239	SKAP1	src kinase associated phosphoprotein 1 [Source:HGNC Symbol;Acc:HGNC:15605]	12547	-1.2102868556976318	-0.72507864	Yes	
row_240	TGFB1	transforming growth factor beta 1 [Source:HGNC Symbol;Acc:HGNC:11766]	12548	-1.212853193283081	-0.7215923	Yes	
row_241	IL1R1	interleukin 1 receptor type 1 [Source:HGNC Symbol;Acc:HGNC:5993]	12568	-1.2378168106079102	-0.7194972	Yes	
row_242	NCKAP1L	NCK associated protein 1 like [Source:HGNC Symbol;Acc:HGNC:4862]	12583	-1.265770435333252	-0.71693677	Yes	
row_243	TIRAP	TIR domain containing adaptor protein [Source:HGNC Symbol;Acc:HGNC:17192]	12592	-1.2793903350830078	-0.7138752	Yes	
row_244	TYROBP	TYRO protein tyrosine kinase binding protein [Source:HGNC Symbol;Acc:HGNC:12449]	12598	-1.2893348932266235	-0.71055394	Yes	
row_245	GATA2	GATA binding protein 2 [Source:HGNC Symbol;Acc:HGNC:4171]	12649	-1.3658682107925415	-0.71047777	Yes	
row_246	INPP5D	inositol polyphosphate-5-phosphatase D [Source:HGNC Symbol;Acc:HGNC:6079]	12652	-1.3713209629058838	-0.7066899	Yes	
row_247	TRIM56	tripartite motif containing 56 [Source:HGNC Symbol;Acc:HGNC:19028]	12654	-1.3731642961502075	-0.70281976	Yes	
row_248	CD80	CD80 molecule [Source:HGNC Symbol;Acc:HGNC:1700]	12658	-1.3855133056640625	-0.69906807	Yes	
row_249	STAT6	signal transducer and activator of transcription 6 [Source:HGNC Symbol;Acc:HGNC:11368]	12659	-1.3939892053604126	-0.6950611	Yes	
row_250	ARID5A	AT-rich interaction domain 5A [Source:HGNC Symbol;Acc:HGNC:17361]	12678	-1.4312337636947632	-0.692333	Yes	
row_251	ITK	IL2 inducible T cell kinase [Source:HGNC Symbol;Acc:HGNC:6171]	12688	-1.4453063011169434	-0.68887144	Yes	
row_252	NFKBIZ	NFKB inhibitor zeta [Source:HGNC Symbol;Acc:HGNC:29805]	12727	-1.5256743431091309	-0.6874119	Yes	
row_253	ADAM8	ADAM metallopeptidase domain 8 [Source:HGNC Symbol;Acc:HGNC:215]	12730	-1.5315771102905273	-0.6831634	Yes	
row_254	HPX	hemopexin [Source:HGNC Symbol;Acc:HGNC:5171]	12748	-1.561322808265686	-0.6799844	Yes	
row_255	PLA2G4A	phospholipase A2 group IVA [Source:HGNC Symbol;Acc:HGNC:9035]	12768	-1.6328383684158325	-0.67675376	Yes	
row_256	TNFSF13B	TNF superfamily member 13b [Source:HGNC Symbol;Acc:HGNC:11929]	12787	-1.6782976388931274	-0.6733155	Yes	
row_257	C4A	complement C4A (Rodgers blood group) [Source:HGNC Symbol;Acc:HGNC:1323]	12788	-1.6785578727722168	-0.66849047	Yes	
row_258	BTK	Bruton tyrosine kinase [Source:HGNC Symbol;Acc:HGNC:1133]	12793	-1.687743902206421	-0.66394705	Yes	
row_259	ANXA1	annexin A1 [Source:HGNC Symbol;Acc:HGNC:533]	12799	-1.7074098587036133	-0.6594241	Yes	
row_260	ZAP70	zeta chain of T cell receptor associated protein kinase 70 [Source:HGNC Symbol;Acc:HGNC:12858]	12801	-1.7116260528564453	-0.65458107	Yes	
row_261	CLEC6A	C-type lectin domain containing 6A [Source:HGNC Symbol;Acc:HGNC:14556]	12802	-1.7152905464172363	-0.64965045	Yes	
row_262	LAT2	linker for activation of T cells family member 2 [Source:HGNC Symbol;Acc:HGNC:12749]	12821	-1.771233320236206	-0.645945	Yes	
row_263	NLRP3	NLR family pyrin domain containing 3 [Source:HGNC Symbol;Acc:HGNC:16400]	12833	-1.8187140226364136	-0.64156413	Yes	
row_264	KLHL6	kelch like family member 6 [Source:HGNC Symbol;Acc:HGNC:18653]	12856	-1.8633590936660767	-0.6379019	Yes	
row_265	FFAR2	free fatty acid receptor 2 [Source:HGNC Symbol;Acc:HGNC:4501]	12858	-1.8681418895721436	-0.63260895	Yes	
row_266	PLSCR1	phospholipid scramblase 1 [Source:HGNC Symbol;Acc:HGNC:9092]	12860	-1.8749125003814697	-0.6272965	Yes	
row_267	NOD2	nucleotide binding oligomerization domain containing 2 [Source:HGNC Symbol;Acc:HGNC:5331]	12865	-1.8870857954025269	-0.6221801	Yes	
row_268	IL4R	interleukin 4 receptor [Source:HGNC Symbol;Acc:HGNC:6015]	12880	-1.922226071357727	-0.61773264	Yes	
row_269	IKBKE	inhibitor of nuclear factor kappa B kinase subunit epsilon [Source:HGNC Symbol;Acc:HGNC:14552]	12882	-1.9334088563919067	-0.61225206	Yes	
row_270	PYCARD	PYD and CARD domain containing [Source:HGNC Symbol;Acc:HGNC:16608]	12886	-1.946400761604309	-0.6068881	Yes	
row_271	TXK	TXK tyrosine kinase [Source:HGNC Symbol;Acc:HGNC:12434]	12887	-1.9520033597946167	-0.6012771	Yes	
row_272	FCER1G	Fc fragment of IgE receptor Ig [Source:HGNC Symbol;Acc:HGNC:3611]	12890	-1.9575062990188599	-0.5958042	Yes	
row_273	C1S	complement C1s [Source:HGNC Symbol;Acc:HGNC:1247]	12898	-1.9825427532196045	-0.5906444	Yes	
row_274	CD1D	CD1d molecule [Source:HGNC Symbol;Acc:HGNC:1637]	12909	-2.011352062225342	-0.5856328	Yes	
row_275	RSAD2	radical S-adenosyl methionine domain containing 2 [Source:HGNC Symbol;Acc:HGNC:30908]	12911	-2.018421173095703	-0.57990783	Yes	
row_276	SERPING1	serpin family G member 1 [Source:HGNC Symbol;Acc:HGNC:1228]	12912	-2.0194497108459473	-0.57410294	Yes	
row_277	SLC11A1	solute carrier family 11 member 1 [Source:HGNC Symbol;Acc:HGNC:10907]	12928	-2.0568742752075195	-0.5693454	Yes	
row_278	PTPN6	protein tyrosine phosphatase non-receptor type 6 [Source:HGNC Symbol;Acc:HGNC:9658]	12929	-2.0592994689941406	-0.56342596	Yes	
row_279	IL15	interleukin 15 [Source:HGNC Symbol;Acc:HGNC:5977]	12930	-2.0606555938720703	-0.5575026	Yes	
row_280	VAV1	vav guanine nucleotide exchange factor 1 [Source:HGNC Symbol;Acc:HGNC:12657]	12932	-2.0627310276031494	-0.5516503	Yes	
row_281	SYK	spleen associated tyrosine kinase [Source:HGNC Symbol;Acc:HGNC:11491]	12934	-2.071566104888916	-0.5457726	Yes	
row_282	NMI	N-myc and STAT interactor [Source:HGNC Symbol;Acc:HGNC:7854]	12937	-2.080019235610962	-0.53994757	Yes	
row_283	HAVCR2	hepatitis A virus cellular receptor 2 [Source:HGNC Symbol;Acc:HGNC:18437]	12958	-2.150355339050293	-0.5353064	Yes	
row_284	KCNN4	potassium calcium-activated channel subfamily N member 4 [Source:HGNC Symbol;Acc:HGNC:6293]	12963	-2.1580917835235596	-0.52941096	Yes	
row_285	IRGM	immunity related GTPase M [Source:HGNC Symbol;Acc:HGNC:29597]	12973	-2.189880847930908	-0.52380913	Yes	
row_286	TRIM6	tripartite motif containing 6 [Source:HGNC Symbol;Acc:HGNC:16277]	12976	-2.20326828956604	-0.51762986	Yes	
row_287	SLAMF6	SLAM family member 6 [Source:HGNC Symbol;Acc:HGNC:21392]	12985	-2.2255918979644775	-0.5118484	Yes	
row_288	CCR7	C-C motif chemokine receptor 7 [Source:HGNC Symbol;Acc:HGNC:1608]	13001	-2.284374713897705	-0.50643694	Yes	
row_289	IL6	interleukin 6 [Source:HGNC Symbol;Acc:HGNC:6018]	13013	-2.304513931274414	-0.5006596	Yes	
row_290	GBP5	guanylate binding protein 5 [Source:HGNC Symbol;Acc:HGNC:19895]	13015	-2.319401741027832	-0.4940695	Yes	
row_291	CCL5	C-C motif chemokine ligand 5 [Source:HGNC Symbol;Acc:HGNC:10632]	13016	-2.320327043533325	-0.4873997	Yes	
row_292	TRIM5	tripartite motif containing 5 [Source:HGNC Symbol;Acc:HGNC:16276]	13019	-2.3257625102996826	-0.4808683	Yes	
row_293	CLCF1	cardiotrophin like cytokine factor 1 [Source:HGNC Symbol;Acc:HGNC:17412]	13020	-2.3279359340667725	-0.47417665	Yes	
row_294	CD74	CD74 molecule [Source:HGNC Symbol;Acc:HGNC:1697]	13023	-2.3369808197021484	-0.46761298	Yes	
row_295	CMKLR1	chemerin chemokine-like receptor 1 [Source:HGNC Symbol;Acc:HGNC:2121]	13044	-2.3874056339263916	-0.4622904	Yes	
row_296	PARP9	poly(ADP-ribose) polymerase family member 9 [Source:HGNC Symbol;Acc:HGNC:24118]	13045	-2.3888864517211914	-0.45542353	Yes	
row_297	PTPRC	protein tyrosine phosphatase receptor type C [Source:HGNC Symbol;Acc:HGNC:9666]	13047	-2.397634506225586	-0.44860855	Yes	
row_298	MYO1G	myosin IG [Source:HGNC Symbol;Acc:HGNC:13880]	13048	-2.4009087085723877	-0.44170713	Yes	
row_299	C2	complement C2 [Source:HGNC Symbol;Acc:HGNC:1248]	13049	-2.4040307998657227	-0.43479675	Yes	
row_300	IFI35	interferon induced protein 35 [Source:HGNC Symbol;Acc:HGNC:5399]	13054	-2.4258947372436523	-0.42813152	Yes	
row_301	ZC3H12A	zinc finger CCCH-type containing 12A [Source:HGNC Symbol;Acc:HGNC:26259]	13061	-2.4416534900665283	-0.42157498	Yes	
row_302	AIM2	absent in melanoma 2 [Source:HGNC Symbol;Acc:HGNC:357]	13067	-2.460636615753174	-0.41488686	Yes	
row_303	CD22	CD22 molecule [Source:HGNC Symbol;Acc:HGNC:1643]	13076	-2.4794058799743652	-0.40837583	Yes	
row_304	LGALS3	galectin 3 [Source:HGNC Symbol;Acc:HGNC:6563]	13078	-2.487438678741455	-0.40130267	Yes	
row_305	MNDA	myeloid cell nuclear differentiation antigen [Source:HGNC Symbol;Acc:HGNC:7183]	13084	-2.5153844356536865	-0.3944572	Yes	
row_306	ADA	adenosine deaminase [Source:HGNC Symbol;Acc:HGNC:186]	13085	-2.5194742679595947	-0.38721496	Yes	
row_307	IRF7	interferon regulatory factor 7 [Source:HGNC Symbol;Acc:HGNC:6122]	13088	-2.53041410446167	-0.3800953	Yes	
row_308	C3AR1	complement C3a receptor 1 [Source:HGNC Symbol;Acc:HGNC:1319]	13090	-2.533061981201172	-0.372891	Yes	
row_309	IFNB1	interferon beta 1 [Source:HGNC Symbol;Acc:HGNC:5434]	13099	-2.5572633743286133	-0.36615616	Yes	
row_310	C1R	complement C1r [Source:HGNC Symbol;Acc:HGNC:1246]	13101	-2.5632481575012207	-0.3588651	Yes	
row_311	LCK	LCK proto-oncogene, Src family tyrosine kinase [Source:HGNC Symbol;Acc:HGNC:6524]	13116	-2.5967347621917725	-0.35247877	Yes	
row_312	HLA-DQB1	major histocompatibility complex, class II, DQ beta 1 [Source:HGNC Symbol;Acc:HGNC:4944]	13128	-2.6507036685943604	-0.34570634	Yes	
row_313	CD274	CD274 molecule [Source:HGNC Symbol;Acc:HGNC:17635]	13130	-2.6653146743774414	-0.3381219	Yes	
row_314	SPI1	Spi-1 proto-oncogene [Source:HGNC Symbol;Acc:HGNC:11241]	13133	-2.6677331924438477	-0.33060747	Yes	
row_315	CD40	CD40 molecule [Source:HGNC Symbol;Acc:HGNC:11919]	13139	-2.693387508392334	-0.32325035	Yes	
row_316	KLRD1	killer cell lectin like receptor D1 [Source:HGNC Symbol;Acc:HGNC:6378]	13141	-2.69734525680542	-0.3155738	Yes	
row_317	CD86	CD86 molecule [Source:HGNC Symbol;Acc:HGNC:1705]	13143	-2.7075791358947754	-0.30786788	Yes	
row_318	HCK	HCK proto-oncogene, Src family tyrosine kinase [Source:HGNC Symbol;Acc:HGNC:4840]	13144	-2.7148704528808594	-0.300064	Yes	
row_319	CTLA4	cytotoxic T-lymphocyte associated protein 4 [Source:HGNC Symbol;Acc:HGNC:2505]	13146	-2.7193942070007324	-0.2923241	Yes	
row_320	PTAFR	platelet activating factor receptor [Source:HGNC Symbol;Acc:HGNC:9582]	13147	-2.7209060192108154	-0.28450283	Yes	
row_321	CD8A	CD8a molecule [Source:HGNC Symbol;Acc:HGNC:1706]	13151	-2.737701416015625	-0.27686432	Yes	
row_322	TRBC1	T cell receptor beta constant 1 [Source:HGNC Symbol;Acc:HGNC:12156]	13153	-2.7407925128936768	-0.2690629	Yes	
row_323	FCGR2B	Fc fragment of IgG receptor IIb [Source:HGNC Symbol;Acc:HGNC:3618]	13158	-2.755366563796997	-0.26145062	Yes	
row_324	ZBP1	Z-DNA binding protein 1 [Source:HGNC Symbol;Acc:HGNC:16176]	13159	-2.755458116531372	-0.25353006	Yes	
row_325	IL1B	interleukin 1 beta [Source:HGNC Symbol;Acc:HGNC:5992]	13160	-2.7633743286132812	-0.24558672	Yes	
row_326	NFAM1	NFAT activating protein with ITAM motif 1 [Source:HGNC Symbol;Acc:HGNC:29872]	13178	-2.8595752716064453	-0.23867588	Yes	
row_327	THEMIS2	thymocyte selection associated family member 2 [Source:HGNC Symbol;Acc:HGNC:16839]	13179	-2.861044406890869	-0.2304518	Yes	
row_328	TLR4	toll like receptor 4 [Source:HGNC Symbol;Acc:HGNC:11850]	13184	-2.874952554702759	-0.22249575	Yes	
row_329	C3	complement C3 [Source:HGNC Symbol;Acc:HGNC:1318]	13187	-2.885869026184082	-0.21435432	Yes	
row_330	LCP2	lymphocyte cytosolic protein 2 [Source:HGNC Symbol;Acc:HGNC:6529]	13191	-2.907158851623535	-0.20622869	Yes	
row_331	CCR2	C-C motif chemokine receptor 2 [Source:HGNC Symbol;Acc:HGNC:1603]	13202	-2.941856861114502	-0.19854233	Yes	
row_332	PYHIN1	pyrin and HIN domain family member 1 [Source:HGNC Symbol;Acc:HGNC:28894]	13210	-2.9802963733673096	-0.19051446	Yes	
row_333	PLCG2	phospholipase C gamma 2 [Source:NCBI gene;Acc:5336]	13222	-3.042161464691162	-0.18261677	Yes	
row_334	HLA-DMB	major histocompatibility complex, class II, DM beta [Source:HGNC Symbol;Acc:HGNC:4935]	13227	-3.0603208541870117	-0.17412788	Yes	
row_335	IFNG	interferon gamma [Source:HGNC Symbol;Acc:HGNC:5438]	13245	-3.171190023422241	-0.16632128	Yes	
row_336	SASH3	SAM and SH3 domain containing 3 [Source:HGNC Symbol;Acc:HGNC:15975]	13246	-3.185924530029297	-0.15716334	Yes	
row_337	NLRC5	NLR family CARD domain containing 5 [Source:HGNC Symbol;Acc:HGNC:29933]	13251	-3.2144079208374023	-0.14823152	Yes	
row_338	KLRK1	killer cell lectin like receptor K1 [Source:HGNC Symbol;Acc:HGNC:18788]	13253	-3.2218995094299316	-0.13904718	Yes	
row_339	ACOD1	aconitate decarboxylase 1 [Source:HGNC Symbol;Acc:HGNC:33904]	13270	-3.3143413066864014	-0.1307521	Yes	
row_340	ITGB2	integrin subunit beta 2 [Source:HGNC Symbol;Acc:HGNC:6155]	13273	-3.344736337661743	-0.12129165	Yes	
row_341	KLK7	kallikrein related peptidase 7 [Source:HGNC Symbol;Acc:HGNC:6368]	13275	-3.3562138080596924	-0.11172122	Yes	
row_342	C5AR1	complement C5a receptor 1 [Source:HGNC Symbol;Acc:HGNC:1338]	13276	-3.366755723953247	-0.10204347	Yes	
row_343	CFB	complement factor B [Source:HGNC Symbol;Acc:HGNC:1037]	13297	-3.6544899940490723	-0.09307864	Yes	
row_344	IL12RB1	interleukin 12 receptor subunit beta 1 [Source:HGNC Symbol;Acc:HGNC:5971]	13309	-3.862640857696533	-0.08282248	Yes	
row_345	CD247	CD247 molecule [Source:HGNC Symbol;Acc:HGNC:1677]	13314	-3.937047243118286	-0.071813434	Yes	
row_346	LPXN	leupaxin [Source:HGNC Symbol;Acc:HGNC:14061]	13318	-4.13173770904541	-0.060167756	Yes	
row_347	FPR2	formyl peptide receptor 2 [Source:HGNC Symbol;Acc:HGNC:3827]	13320	-4.141956329345703	-0.0483387	Yes	
row_348	IL12B	interleukin 12B [Source:HGNC Symbol;Acc:HGNC:5970]	13321	-4.15106201171875	-0.03640647	Yes	
row_349	FGR	FGR proto-oncogene, Src family tyrosine kinase [Source:HGNC Symbol;Acc:HGNC:3697]	13322	-4.204682350158691	-0.024320109	Yes	
row_350	CLEC7A	C-type lectin domain containing 7A [Source:HGNC Symbol;Acc:HGNC:14558]	13326	-4.382608890533447	-0.011953297	Yes	
row_351	TNF	tumor necrosis factor [Source:HGNC Symbol;Acc:HGNC:11892]	13331	-4.453005790710449	5.3886964E-4	Yes	
