NAME	SYMBOL	TITLE	RANK IN GENE LIST	RANK METRIC SCORE	RUNNING ES	CORE ENRICHMENT	
row_0	CD46	CD46 molecule [Source:HGNC Symbol;Acc:HGNC:6953]	470	0.7108524441719055	-0.035270404	No	
row_1	TRIM59	tripartite motif containing 59 [Source:HGNC Symbol;Acc:HGNC:30834]	535	0.667656421661377	-0.039008796	No	
row_2	SLC26A6	solute carrier family 26 member 6 [Source:HGNC Symbol;Acc:HGNC:14472]	610	0.622623085975647	-0.04360979	No	
row_3	MRC1	mannose receptor C-type 1 [Source:HGNC Symbol;Acc:HGNC:7228]	686	0.5859822630882263	-0.048356965	No	
row_4	PLA2G5	phospholipase A2 group V [Source:HGNC Symbol;Acc:HGNC:9038]	690	0.5835901498794556	-0.047502436	No	
row_5	DRD2	dopamine receptor D2 [Source:HGNC Symbol;Acc:HGNC:3023]	836	0.525939404964447	-0.057812	No	
row_6	IL4	interleukin 4 [Source:HGNC Symbol;Acc:HGNC:6014]	987	0.47648885846138	-0.06860308	No	
row_7	PPARG	peroxisome proliferator activated receptor gamma [Source:HGNC Symbol;Acc:HGNC:9236]	1156	0.4286375939846039	-0.08088493	No	
row_8	PLA2G1B	phospholipase A2 group IB [Source:HGNC Symbol;Acc:HGNC:9030]	1173	0.423661470413208	-0.08134082	No	
row_9	IRF3	interferon regulatory factor 3 [Source:HGNC Symbol;Acc:HGNC:6118]	1382	0.37732234597206116	-0.09683289	No	
row_10	KRT1	keratin 1 [Source:HGNC Symbol;Acc:HGNC:6412]	1459	0.3634607195854187	-0.10207282	No	
row_11	ADGRB1	adhesion G protein-coupled receptor B1 [Source:HGNC Symbol;Acc:HGNC:943]	1525	0.35189515352249146	-0.10647783	No	
row_12	TYRO3	TYRO3 protein tyrosine kinase [Source:HGNC Symbol;Acc:HGNC:12446]	1552	0.34829652309417725	-0.10785286	No	
row_13	SLC15A2	solute carrier family 15 member 2 [Source:HGNC Symbol;Acc:HGNC:10921]	1654	0.33297571539878845	-0.11509623	No	
row_14	CDC42EP2	CDC42 effector protein 2 [Source:HGNC Symbol;Acc:HGNC:16263]	1833	0.30642440915107727	-0.12838458	No	
row_15	CLPB	ClpB homolog, mitochondrial AAA ATPase chaperonin [Source:HGNC Symbol;Acc:HGNC:30664]	1940	0.2942616045475006	-0.13608944	No	
row_16	PRKDC	protein kinase, DNA-activated, catalytic subunit [Source:HGNC Symbol;Acc:HGNC:9413]	1957	0.2920975387096405	-0.13679063	No	
row_17	SARM1	sterile alpha and TIR motif containing 1 [Source:HGNC Symbol;Acc:HGNC:17074]	2159	0.26789557933807373	-0.15194169	No	
row_18	ZDHHC1	zinc finger DHHC-type containing 1 [Source:HGNC Symbol;Acc:HGNC:17916]	2196	0.2640053629875183	-0.15425251	No	
row_19	CX3CL1	C-X3-C motif chemokine ligand 1 [Source:HGNC Symbol;Acc:HGNC:10647]	2264	0.2570033073425293	-0.15899017	No	
row_20	MAP4K2	mitogen-activated protein kinase kinase kinase kinase 2 [Source:HGNC Symbol;Acc:HGNC:6864]	2352	0.2479754537343979	-0.16530193	No	
row_21	DAPK3	death associated protein kinase 3 [Source:HGNC Symbol;Acc:HGNC:2676]	2353	0.24776844680309296	-0.16483997	No	
row_22	TRAF4	TNF receptor associated factor 4 [Source:HGNC Symbol;Acc:HGNC:12034]	2361	0.24722707271575928	-0.16492404	No	
row_23	TKFC	triokinase and FMN cyclase [Source:HGNC Symbol;Acc:HGNC:24552]	2371	0.2458161860704422	-0.16516648	No	
row_24	APPL2	adaptor protein, phosphotyrosine interacting with PH domain and leucine zipper 2 [Source:HGNC Symbol;Acc:HGNC:18242]	2522	0.23336371779441833	-0.17641088	No	
row_25	ADARB1	adenosine deaminase RNA specific B1 [Source:HGNC Symbol;Acc:HGNC:226]	2551	0.23142562806606293	-0.17815956	No	
row_26	ECSIT	ECSIT signalling integrator [Source:HGNC Symbol;Acc:HGNC:29548]	2628	0.22468850016593933	-0.18365824	No	
row_27	FER	FER tyrosine kinase [Source:HGNC Symbol;Acc:HGNC:3655]	2632	0.22449909150600433	-0.18347324	No	
row_28	SRPK1	SRSF protein kinase 1 [Source:HGNC Symbol;Acc:HGNC:11305]	2686	0.22008264064788818	-0.18718965	No	
row_29	USP29	ubiquitin specific peptidase 29 [Source:HGNC Symbol;Acc:HGNC:18563]	2687	0.21994227170944214	-0.18677957	No	
row_30	TRIM39	tripartite motif containing 39 [Source:HGNC Symbol;Acc:HGNC:10065]	2722	0.217525914311409	-0.18902135	No	
row_31	AKAP1	A-kinase anchoring protein 1 [Source:HGNC Symbol;Acc:HGNC:367]	2774	0.21369394659996033	-0.19259393	No	
row_32	CHID1	chitinase domain containing 1 [Source:HGNC Symbol;Acc:HGNC:28474]	2988	0.19712601602077484	-0.2088113	No	
row_33	FBXO9	F-box protein 9 [Source:HGNC Symbol;Acc:HGNC:13588]	3134	0.18820035457611084	-0.2197506	No	
row_34	SNCA	synuclein alpha [Source:HGNC Symbol;Acc:HGNC:11138]	3150	0.18686185777187347	-0.22057013	No	
row_35	ANKHD1	ankyrin repeat and KH domain containing 1 [Source:HGNC Symbol;Acc:HGNC:24714]	3169	0.185845285654068	-0.22162516	No	
row_36	SFPQ	splicing factor proline and glutamine rich [Source:HGNC Symbol;Acc:HGNC:10774]	3210	0.1835232973098755	-0.22439751	No	
row_37	CD55	CD55 molecule (Cromer blood group) [Source:HGNC Symbol;Acc:HGNC:2665]	3309	0.1763404905796051	-0.23169933	No	
row_38	HEXIM1	HEXIM P-TEFb complex subunit 1 [Source:HGNC Symbol;Acc:HGNC:24953]	3351	0.1739577203989029	-0.23456739	No	
row_39	TTC4	tetratricopeptide repeat domain 4 [Source:HGNC Symbol;Acc:HGNC:12394]	3483	0.16707926988601685	-0.24445598	No	
row_40	TNK2	tyrosine kinase non receptor 2 [Source:HGNC Symbol;Acc:HGNC:19297]	3487	0.16671866178512573	-0.24437872	No	
row_41	CHGA	chromogranin A [Source:HGNC Symbol;Acc:HGNC:1929]	3489	0.1665012091398239	-0.24414612	No	
row_42	XRCC6	X-ray repair cross complementing 6 [Source:HGNC Symbol;Acc:HGNC:4055]	3615	0.1584256887435913	-0.25358367	No	
row_43	PSPC1	paraspeckle component 1 [Source:HGNC Symbol;Acc:HGNC:20320]	3617	0.15833738446235657	-0.2533663	No	
row_44	HSP90AA1	heat shock protein 90 alpha family class A member 1 [Source:HGNC Symbol;Acc:HGNC:5253]	3671	0.15572668612003326	-0.2572027	No	
row_45	BPIFA1	BPI fold containing family A member 1 [Source:HGNC Symbol;Acc:HGNC:15749]	3744	0.15245556831359863	-0.2625246	No	
row_46	GAPDH	glyceraldehyde-3-phosphate dehydrogenase [Source:HGNC Symbol;Acc:HGNC:4141]	3792	0.14989547431468964	-0.26590472	No	
row_47	STXBP4	syntaxin binding protein 4 [Source:HGNC Symbol;Acc:HGNC:19694]	3813	0.14835017919540405	-0.2671854	No	
row_48	PAK3	p21 (RAC1) activated kinase 3 [Source:HGNC Symbol;Acc:HGNC:8592]	3842	0.14690861105918884	-0.26909164	No	
row_49	DAB2IP	DAB2 interacting protein [Source:HGNC Symbol;Acc:HGNC:17294]	3992	0.13968482613563538	-0.28043285	No	
row_50	LRP8	LDL receptor related protein 8 [Source:HGNC Symbol;Acc:HGNC:6700]	4021	0.1383722871541977	-0.282355	No	
row_51	VAMP2	vesicle associated membrane protein 2 [Source:HGNC Symbol;Acc:HGNC:12643]	4070	0.13579058647155762	-0.2858393	No	
row_52	IGHM	immunoglobulin heavy constant mu [Source:HGNC Symbol;Acc:HGNC:5541]	4165	0.13169346749782562	-0.2929129	No	
row_53	MAP3K5	mitogen-activated protein kinase kinase kinase 5 [Source:HGNC Symbol;Acc:HGNC:6857]	4209	0.12970195710659027	-0.2960192	No	
row_54	FAM3A	family with sequence similarity 3 member A [Source:HGNC Symbol;Acc:HGNC:13749]	4274	0.12628741562366486	-0.30076697	No	
row_55	SUSD4	sushi domain containing 4 [Source:HGNC Symbol;Acc:HGNC:25470]	4289	0.12542270123958588	-0.30162323	No	
row_56	POLR3H	RNA polymerase III subunit H [Source:HGNC Symbol;Acc:HGNC:30349]	4314	0.12458670139312744	-0.30325964	No	
row_57	SDHAF4	succinate dehydrogenase complex assembly factor 4 [Source:HGNC Symbol;Acc:HGNC:20957]	4322	0.12398310005664825	-0.30357352	No	
row_58	APPL1	adaptor protein, phosphotyrosine interacting with PH domain and leucine zipper 1 [Source:HGNC Symbol;Acc:HGNC:24035]	4337	0.12290007621049881	-0.30443445	No	
row_59	TYK2	tyrosine kinase 2 [Source:HGNC Symbol;Acc:HGNC:12440]	4342	0.12264292687177658	-0.30451724	No	
row_60	ZBTB1	zinc finger and BTB domain containing 1 [Source:HGNC Symbol;Acc:HGNC:20259]	4444	0.11796639859676361	-0.31216148	No	
row_61	IPO7	importin 7 [Source:HGNC Symbol;Acc:HGNC:9852]	4473	0.11646798998117447	-0.3141245	No	
row_62	CREBBP	CREB binding protein [Source:HGNC Symbol;Acc:HGNC:2348]	4543	0.1134248822927475	-0.3192856	No	
row_63	WRNIP1	Werner helicase interacting protein 1 [Source:HGNC Symbol;Acc:HGNC:20876]	4604	0.11077578365802765	-0.32375085	No	
row_64	GSN	gelsolin [Source:HGNC Symbol;Acc:HGNC:4620]	4628	0.1098780706524849	-0.32533684	No	
row_65	YES1	YES proto-oncogene 1, Src family tyrosine kinase [Source:HGNC Symbol;Acc:HGNC:12841]	4697	0.10658206045627594	-0.33043283	No	
row_66	RNF166	ring finger protein 166 [Source:HGNC Symbol;Acc:HGNC:28856]	4702	0.1064288318157196	-0.33054584	No	
row_67	CADM1	cell adhesion molecule 1 [Source:HGNC Symbol;Acc:HGNC:5951]	4780	0.10294981300830841	-0.33634937	No	
row_68	TRIM32	tripartite motif containing 32 [Source:HGNC Symbol;Acc:HGNC:16380]	4798	0.102329321205616	-0.33748227	No	
row_69	RPS6KB1	ribosomal protein S6 kinase B1 [Source:HGNC Symbol;Acc:HGNC:10436]	4871	0.0991152971982956	-0.3429036	No	
row_70	SIRPA	signal regulatory protein alpha [Source:HGNC Symbol;Acc:HGNC:9662]	4959	0.0953734815120697	-0.3494999	No	
row_71	RASGRP1	RAS guanyl releasing protein 1 [Source:HGNC Symbol;Acc:HGNC:9878]	5006	0.09335950762033463	-0.35290757	No	
row_72	PJA2	praja ring finger ubiquitin ligase 2 [Source:HGNC Symbol;Acc:HGNC:17481]	5064	0.09062445908784866	-0.3571768	No	
row_73	SERINC5	serine incorporator 5 [Source:HGNC Symbol;Acc:HGNC:18825]	5188	0.08524314314126968	-0.36659506	No	
row_74	CRK	CRK proto-oncogene, adaptor protein [Source:HGNC Symbol;Acc:HGNC:2362]	5279	0.08166471123695374	-0.37345052	No	
row_75	TRIM8	tripartite motif containing 8 [Source:HGNC Symbol;Acc:HGNC:15579]	5293	0.08114884793758392	-0.37431142	No	
row_76	DDX1	DEAD-box helicase 1 [Source:HGNC Symbol;Acc:HGNC:2734]	5378	0.07770732045173645	-0.38070706	No	
row_77	HSP90AB1	heat shock protein 90 alpha family class B member 1 [Source:HGNC Symbol;Acc:HGNC:5258]	5391	0.07705908268690109	-0.38149774	No	
row_78	CARD9	caspase recruitment domain family member 9 [Source:HGNC Symbol;Acc:HGNC:16391]	5407	0.07664771378040314	-0.3825228	No	
row_79	PQBP1	polyglutamine binding protein 1 [Source:HGNC Symbol;Acc:HGNC:9330]	5461	0.07487288117408752	-0.38650995	No	
row_80	SRC	SRC proto-oncogene, non-receptor tyrosine kinase [Source:HGNC Symbol;Acc:HGNC:11283]	5518	0.07220746576786041	-0.39073566	No	
row_81	KIF5B	kinesin family member 5B [Source:HGNC Symbol;Acc:HGNC:6324]	5552	0.07109063118696213	-0.39317262	No	
row_82	PHB	prohibitin [Source:HGNC Symbol;Acc:HGNC:8912]	5558	0.07078352570533752	-0.39342996	No	
row_83	IFNAR1	interferon alpha and beta receptor subunit 1 [Source:HGNC Symbol;Acc:HGNC:5432]	5586	0.06948229670524597	-0.3954027	No	
row_84	CCDC92	coiled-coil domain containing 92 [Source:HGNC Symbol;Acc:HGNC:29563]	5609	0.06859060376882553	-0.39698783	No	
row_85	SMPD1	sphingomyelin phosphodiesterase 1 [Source:HGNC Symbol;Acc:HGNC:11120]	5668	0.06602325290441513	-0.4013808	No	
row_86	SENP7	SUMO specific peptidase 7 [Source:HGNC Symbol;Acc:HGNC:30402]	5688	0.0651308074593544	-0.40273875	No	
row_87	TRIM23	tripartite motif containing 23 [Source:HGNC Symbol;Acc:HGNC:660]	5766	0.06237257272005081	-0.40861794	No	
row_88	SRPK2	SRSF protein kinase 2 [Source:HGNC Symbol;Acc:HGNC:11306]	5772	0.06197395920753479	-0.4088917	No	
row_89	CR2	complement C3d receptor 2 [Source:HGNC Symbol;Acc:HGNC:2336]	5796	0.06101199984550476	-0.4105688	No	
row_90	MATR3	matrin 3 [Source:HGNC Symbol;Acc:HGNC:6912]	5945	0.05463186278939247	-0.42199075	No	
row_91	TRIM27	tripartite motif containing 27 [Source:HGNC Symbol;Acc:HGNC:9975]	5983	0.05295974761247635	-0.42477295	No	
row_92	APOE	apolipoprotein E [Source:HGNC Symbol;Acc:HGNC:613]	6033	0.05103692039847374	-0.42849308	No	
row_93	USP15	ubiquitin specific peptidase 15 [Source:HGNC Symbol;Acc:HGNC:12613]	6105	0.0477544441819191	-0.43393236	No	
row_94	CNOT7	CCR4-NOT transcription complex subunit 7 [Source:HGNC Symbol;Acc:HGNC:14101]	6164	0.044984858483076096	-0.43836457	No	
row_95	TUBB	tubulin beta class I [Source:HGNC Symbol;Acc:HGNC:20778]	6195	0.04349526762962341	-0.44061935	No	
row_96	POLR3B	RNA polymerase III subunit B [Source:HGNC Symbol;Acc:HGNC:30348]	6209	0.04254738241434097	-0.44155225	No	
row_97	FYN	FYN proto-oncogene, Src family tyrosine kinase [Source:HGNC Symbol;Acc:HGNC:4037]	6245	0.040975913405418396	-0.44420108	No	
row_98	SIRT2	sirtuin 2 [Source:HGNC Symbol;Acc:HGNC:10886]	6251	0.0406544990837574	-0.44451457	No	
row_99	ARHGEF2	Rho/Rac guanine nucleotide exchange factor 2 [Source:HGNC Symbol;Acc:HGNC:682]	6271	0.039733514189720154	-0.4459199	No	
row_100	TTLL12	tubulin tyrosine ligase like 12 [Source:HGNC Symbol;Acc:HGNC:28974]	6272	0.03970516473054886	-0.44584587	No	
row_101	DHX36	DEAH-box helicase 36 [Source:HGNC Symbol;Acc:HGNC:14410]	6304	0.03847242146730423	-0.44818792	No	
row_102	POLR3K	RNA polymerase III subunit K [Source:HGNC Symbol;Acc:HGNC:14121]	6324	0.03772974759340286	-0.44959697	No	
row_103	IL34	interleukin 34 [Source:HGNC Symbol;Acc:HGNC:28529]	6374	0.03588702902197838	-0.45334536	No	
row_104	CHUK	component of inhibitor of nuclear factor kappa B kinase complex [Source:HGNC Symbol;Acc:HGNC:1974]	6377	0.035773083567619324	-0.45343438	No	
row_105	ANKRD17	ankyrin repeat domain 17 [Source:HGNC Symbol;Acc:HGNC:23575]	6433	0.03276115655899048	-0.4576558	No	
row_106	PTK2	protein tyrosine kinase 2 [Source:HGNC Symbol;Acc:HGNC:9611]	6536	0.02834816463291645	-0.465545	No	
row_107	IKBKB	inhibitor of nuclear factor kappa B kinase subunit beta [Source:HGNC Symbol;Acc:HGNC:5960]	6589	0.025427047163248062	-0.4695465	No	
row_108	SYNCRIP	synaptotagmin binding cytoplasmic RNA interacting protein [Source:HGNC Symbol;Acc:HGNC:16918]	6684	0.02207154780626297	-0.4768245	No	
row_109	EP300	E1A binding protein p300 [Source:HGNC Symbol;Acc:HGNC:3373]	6729	0.019705791026353836	-0.48021376	No	
row_110	COCH	cochlin [Source:HGNC Symbol;Acc:HGNC:2180]	6769	0.01819094642996788	-0.4832165	No	
row_111	STXBP1	syntaxin binding protein 1 [Source:HGNC Symbol;Acc:HGNC:11444]	6795	0.017181282863020897	-0.48513106	No	
row_112	ARL8B	ADP ribosylation factor like GTPase 8B [Source:HGNC Symbol;Acc:HGNC:25564]	6819	0.016360748559236526	-0.48689142	No	
row_113	AP1G1	adaptor related protein complex 1 subunit gamma 1 [Source:HGNC Symbol;Acc:HGNC:555]	6820	0.016353324055671692	-0.48686093	No	
row_114	CYLD	CYLD lysine 63 deubiquitinase [Source:HGNC Symbol;Acc:HGNC:2584]	6853	0.014947689138352871	-0.4893247	No	
row_115	CX3CR1	C-X3-C motif chemokine receptor 1 [Source:HGNC Symbol;Acc:HGNC:2558]	6884	0.013490796089172363	-0.49163544	No	
row_116	MR1	major histocompatibility complex, class I-related [Source:HGNC Symbol;Acc:HGNC:4975]	6899	0.012948499992489815	-0.49270138	No	
row_117	ADAM15	ADAM metallopeptidase domain 15 [Source:HGNC Symbol;Acc:HGNC:193]	6949	0.010059164837002754	-0.49649793	No	
row_118	TRIM11	tripartite motif containing 11 [Source:HGNC Symbol;Acc:HGNC:16281]	6955	0.009806524962186813	-0.49686897	No	
row_119	STX4	syntaxin 4 [Source:HGNC Symbol;Acc:HGNC:11439]	6960	0.00970086082816124	-0.4971623	No	
row_120	AKAP8	A-kinase anchoring protein 8 [Source:HGNC Symbol;Acc:HGNC:378]	6991	0.007932470180094242	-0.49948344	No	
row_121	PAK1	p21 (RAC1) activated kinase 1 [Source:HGNC Symbol;Acc:HGNC:8590]	7000	0.007522960659116507	-0.5000923	No	
row_122	XRCC5	X-ray repair cross complementing 5 [Source:HGNC Symbol;Acc:HGNC:12833]	7003	0.0073735774494707584	-0.5002343	No	
row_123	MFHAS1	malignant fibrous histiocytoma amplified sequence 1 [Source:HGNC Symbol;Acc:HGNC:16982]	7067	0.004474464803934097	-0.50513136	No	
row_124	PTPN11	protein tyrosine phosphatase non-receptor type 11 [Source:HGNC Symbol;Acc:HGNC:9644]	7078	0.0038902198430150747	-0.5059027	No	
row_125	TRIM13	tripartite motif containing 13 [Source:HGNC Symbol;Acc:HGNC:9976]	7128	0.001744033768773079	-0.5097148	No	
row_126	MAP3K7	mitogen-activated protein kinase kinase kinase 7 [Source:HGNC Symbol;Acc:HGNC:6859]	7212	-0.002356388373300433	-0.51617306	No	
row_127	SIN3A	SIN3 transcription regulator family member A [Source:HGNC Symbol;Acc:HGNC:19353]	7274	-0.004680459387600422	-0.520914	No	
row_128	PLEKHM2	pleckstrin homology and RUN domain containing M2 [Source:HGNC Symbol;Acc:HGNC:29131]	7318	-0.006547974888235331	-0.5242499	No	
row_129	SETD2	SET domain containing 2, histone lysine methyltransferase [Source:HGNC Symbol;Acc:HGNC:18420]	7322	-0.006767557933926582	-0.52447087	No	
row_130	G3BP1	G3BP stress granule assembly factor 1 [Source:HGNC Symbol;Acc:HGNC:30292]	7354	-0.008715876378118992	-0.5268684	No	
row_131	RPL39	ribosomal protein L39 [Source:HGNC Symbol;Acc:HGNC:10350]	7409	-0.01135927066206932	-0.5310519	No	
row_132	ATAD3A	ATPase family AAA domain containing 3A [Source:HGNC Symbol;Acc:HGNC:25567]	7418	-0.011707408353686333	-0.5316529	No	
row_133	VPS26B	VPS26, retromer complex component B [Source:HGNC Symbol;Acc:HGNC:28119]	7423	-0.011945961974561214	-0.5319421	No	
row_134	UBE2K	ubiquitin conjugating enzyme E2 K [Source:HGNC Symbol;Acc:HGNC:4914]	7431	-0.012234127148985863	-0.5324643	No	
row_135	CRTAM	cytotoxic and regulatory T cell molecule [Source:HGNC Symbol;Acc:HGNC:24313]	7467	-0.013651235960423946	-0.5351641	No	
row_136	FLNB	filamin B [Source:HGNC Symbol;Acc:HGNC:3755]	7502	-0.015530673786997795	-0.5377825	No	
row_137	ILRUN	inflammation and lipid regulator with UBA-like and NBR1-like domains [Source:HGNC Symbol;Acc:HGNC:21215]	7570	-0.019226567819714546	-0.5429635	No	
row_138	ITCH	itchy E3 ubiquitin protein ligase [Source:HGNC Symbol;Acc:HGNC:13890]	7678	-0.02345556765794754	-0.5512512	No	
row_139	AKIRIN2	akirin 2 [Source:HGNC Symbol;Acc:HGNC:21407]	7690	-0.024124056100845337	-0.5520627	No	
row_140	POLR3D	RNA polymerase III subunit D [Source:HGNC Symbol;Acc:HGNC:1080]	7786	-0.02878306433558464	-0.55940604	No	
row_141	USP14	ubiquitin specific peptidase 14 [Source:HGNC Symbol;Acc:HGNC:12612]	7795	-0.02922922372817993	-0.55997443	No	
row_142	IRAK1	interleukin 1 receptor associated kinase 1 [Source:HGNC Symbol;Acc:HGNC:6112]	7835	-0.031434085220098495	-0.5629525	No	
row_143	MED1	mediator complex subunit 1 [Source:HGNC Symbol;Acc:HGNC:9234]	7872	-0.03352471441030502	-0.5656931	No	
row_144	CACTIN	cactin, spliceosome C complex subunit [Source:HGNC Symbol;Acc:HGNC:29938]	8009	-0.040019016712903976	-0.5762079	No	
row_145	MUL1	mitochondrial E3 ubiquitin protein ligase 1 [Source:HGNC Symbol;Acc:HGNC:25762]	8027	-0.040738217532634735	-0.57745564	No	
row_146	ACTR2	actin related protein 2 [Source:HGNC Symbol;Acc:HGNC:169]	8143	-0.04684118181467056	-0.5863226	No	
row_147	TRIM68	tripartite motif containing 68 [Source:HGNC Symbol;Acc:HGNC:21161]	8159	-0.04790691286325455	-0.5874012	No	
row_148	SEC14L1	SEC14 like lipid binding 1 [Source:HGNC Symbol;Acc:HGNC:10698]	8206	-0.05110497772693634	-0.5908876	No	
row_149	PPP6C	protein phosphatase 6 catalytic subunit [Source:HGNC Symbol;Acc:HGNC:9323]	8219	-0.0518157035112381	-0.5917254	No	
row_150	HK1	hexokinase 1 [Source:HGNC Symbol;Acc:HGNC:4922]	8254	-0.05358447879552841	-0.59427285	No	
row_151	TRIL	TLR4 interactor with leucine rich repeats [Source:HGNC Symbol;Acc:HGNC:22200]	8288	-0.05528021603822708	-0.59673923	No	
row_152	GATA3	GATA binding protein 3 [Source:HGNC Symbol;Acc:HGNC:4172]	8309	-0.05682508647441864	-0.59819055	No	
row_153	MAVS	mitochondrial antiviral signaling protein [Source:HGNC Symbol;Acc:HGNC:29233]	8311	-0.05702131241559982	-0.5981621	No	
row_154	TRIM28	tripartite motif containing 28 [Source:HGNC Symbol;Acc:HGNC:16384]	8363	-0.06006850674748421	-0.60202116	No	
row_155	OTUD4	OTU deubiquitinase 4 [Source:HGNC Symbol;Acc:HGNC:24949]	8387	-0.062078844755887985	-0.6036963	No	
row_156	HMGB3	high mobility group box 3 [Source:HGNC Symbol;Acc:HGNC:5004]	8392	-0.062488000839948654	-0.6038912	No	
row_157	CFP	complement factor properdin [Source:HGNC Symbol;Acc:HGNC:8864]	8421	-0.06427650153636932	-0.60595155	No	
row_158	DHX9	DExH-box helicase 9 [Source:HGNC Symbol;Acc:HGNC:2750]	8493	-0.06751791387796402	-0.61135393	No	
row_159	STX8	syntaxin 8 [Source:HGNC Symbol;Acc:HGNC:11443]	8519	-0.06951785087585449	-0.6131709	No	
row_160	PAK2	p21 (RAC1) activated kinase 2 [Source:HGNC Symbol;Acc:HGNC:8591]	8531	-0.0704568549990654	-0.6138961	No	
row_161	DAPK1	death associated protein kinase 1 [Source:HGNC Symbol;Acc:HGNC:2674]	8533	-0.07061068713665009	-0.61384225	No	
row_162	CEBPG	CCAAT enhancer binding protein gamma [Source:HGNC Symbol;Acc:HGNC:1837]	8548	-0.07134270668029785	-0.6147993	No	
row_163	LYAR	Ly1 antibody reactive [Source:HGNC Symbol;Acc:HGNC:26021]	8593	-0.07382623851299286	-0.61808765	No	
row_164	PHB2	prohibitin 2 [Source:HGNC Symbol;Acc:HGNC:30306]	8677	-0.07978861033916473	-0.62440157	No	
row_165	YTHDF2	YTH N6-methyladenosine RNA binding protein 2 [Source:HGNC Symbol;Acc:HGNC:31675]	8705	-0.0817827358841896	-0.62635136	No	
row_166	C1QBP	complement C1q binding protein [Source:HGNC Symbol;Acc:HGNC:1243]	8709	-0.0819370299577713	-0.6264322	No	
row_167	RNF185	ring finger protein 185 [Source:HGNC Symbol;Acc:HGNC:26783]	8825	-0.0889887660741806	-0.6352206	No	
row_168	ACTR3	actin related protein 3 [Source:HGNC Symbol;Acc:HGNC:170]	8861	-0.09111984819173813	-0.6377759	No	
row_169	TOMM70	translocase of outer mitochondrial membrane 70 [Source:HGNC Symbol;Acc:HGNC:11985]	8893	-0.09333007037639618	-0.64001566	No	
row_170	LYST	lysosomal trafficking regulator [Source:HGNC Symbol;Acc:HGNC:1968]	8913	-0.09465184807777405	-0.64131856	No	
row_171	CDC37	cell division cycle 37 [Source:HGNC Symbol;Acc:HGNC:1735]	8925	-0.09531385451555252	-0.64199734	No	
row_172	NR1H2	nuclear receptor subfamily 1 group H member 2 [Source:NCBI gene;Acc:7376]	8934	-0.09581375867128372	-0.64244163	No	
row_173	LSM14A	LSM14A mRNA processing body assembly factor [Source:HGNC Symbol;Acc:HGNC:24489]	9006	-0.10102862864732742	-0.64778155	No	
row_174	USP27X	ubiquitin specific peptidase 27 X-linked [Source:HGNC Symbol;Acc:HGNC:13486]	9018	-0.10152212530374527	-0.64844877	No	
row_175	WNT5A	Wnt family member 5A [Source:HGNC Symbol;Acc:HGNC:12784]	9052	-0.10429193824529648	-0.6508238	No	
row_176	JAK1	Janus kinase 1 [Source:HGNC Symbol;Acc:HGNC:6190]	9071	-0.10519875586032867	-0.65202916	No	
row_177	CLU	clusterin [Source:HGNC Symbol;Acc:HGNC:2095]	9073	-0.10545151680707932	-0.6519104	No	
row_178	RBM14	RNA binding motif protein 14 [Source:HGNC Symbol;Acc:HGNC:14219]	9106	-0.10720554739236832	-0.65420216	No	
row_179	DDX3X	DEAD-box helicase 3 X-linked [Source:HGNC Symbol;Acc:HGNC:2745]	9116	-0.10776858776807785	-0.654702	No	
row_180	PRKD1	protein kinase D1 [Source:HGNC Symbol;Acc:HGNC:9407]	9182	-0.11252781748771667	-0.6595533	No	
row_181	METTL3	methyltransferase like 3 [Source:HGNC Symbol;Acc:HGNC:17563]	9194	-0.1132756695151329	-0.6601986	No	
row_182	CNPY3	canopy FGF signaling regulator 3 [Source:HGNC Symbol;Acc:HGNC:11968]	9208	-0.11468736827373505	-0.660997	No	
row_183	POLR3A	RNA polymerase III subunit A [Source:HGNC Symbol;Acc:HGNC:30074]	9259	-0.11748252809047699	-0.6646711	No	
row_184	SKP2	S-phase kinase associated protein 2 [Source:HGNC Symbol;Acc:HGNC:10901]	9261	-0.11754603683948517	-0.6645298	No	
row_185	TRIM35	tripartite motif containing 35 [Source:HGNC Symbol;Acc:HGNC:16285]	9320	-0.12261388450860977	-0.6688173	No	
row_186	CSF1R	colony stimulating factor 1 receptor [Source:HGNC Symbol;Acc:HGNC:2433]	9362	-0.12606008350849152	-0.6717746	No	
row_187	CDC42	cell division cycle 42 [Source:HGNC Symbol;Acc:HGNC:1736]	9367	-0.12671592831611633	-0.6718498	No	
row_188	IKBKG	inhibitor of nuclear factor kappa B kinase regulatory subunit gamma [Source:HGNC Symbol;Acc:HGNC:5961]	9403	-0.12979091703891754	-0.67433304	No	
row_189	MID2	midline 2 [Source:HGNC Symbol;Acc:HGNC:7096]	9429	-0.13206346333026886	-0.6760334	No	
row_190	G3BP2	G3BP stress granule assembly factor 2 [Source:HGNC Symbol;Acc:HGNC:30291]	9458	-0.13382068276405334	-0.67796403	No	
row_191	CRCP	CGRP receptor component [Source:HGNC Symbol;Acc:HGNC:17888]	9482	-0.13618068397045135	-0.679501	No	
row_192	DUSP10	dual specificity phosphatase 10 [Source:HGNC Symbol;Acc:HGNC:3065]	9486	-0.1371394842863083	-0.6794789	No	
row_193	PTK2B	protein tyrosine kinase 2 beta [Source:HGNC Symbol;Acc:HGNC:9612]	9536	-0.14084367454051971	-0.68303156	No	
row_194	GPER1	G protein-coupled estrogen receptor 1 [Source:HGNC Symbol;Acc:HGNC:4485]	9619	-0.14944687485694885	-0.68913776	No	
row_195	CD47	CD47 molecule [Source:HGNC Symbol;Acc:HGNC:1682]	9645	-0.15214423835277557	-0.69080067	No	
row_196	ZCCHC3	zinc finger CCHC-type containing 3 [Source:HGNC Symbol;Acc:HGNC:16230]	9671	-0.15487781167030334	-0.69245845	No	
row_197	TOLLIP	toll interacting protein [Source:HGNC Symbol;Acc:HGNC:16476]	9680	-0.15745994448661804	-0.69278777	No	
row_198	MIF	macrophage migration inhibitory factor [Source:HGNC Symbol;Acc:HGNC:7097]	9774	-0.16628685593605042	-0.699719	No	
row_199	CITED1	Cbp/p300 interacting transactivator with Glu/Asp rich carboxy-terminal domain 1 [Source:HGNC Symbol;Acc:HGNC:1986]	9844	-0.17420266568660736	-0.7047668	No	
row_200	SLC15A4	solute carrier family 15 member 4 [Source:HGNC Symbol;Acc:HGNC:23090]	9853	-0.17477574944496155	-0.7050638	No	
row_201	GFER	growth factor, augmenter of liver regeneration [Source:HGNC Symbol;Acc:HGNC:4236]	9855	-0.17510312795639038	-0.7048152	No	
row_202	SERINC3	serine incorporator 3 [Source:HGNC Symbol;Acc:HGNC:11699]	9932	-0.1828213781118393	-0.71039194	No	
row_203	IL18	interleukin 18 [Source:HGNC Symbol;Acc:HGNC:5986]	9936	-0.1832057386636734	-0.71028394	No	
row_204	LGR4	leucine rich repeat containing G protein-coupled receptor 4 [Source:HGNC Symbol;Acc:HGNC:13299]	9977	-0.18792209029197693	-0.7130481	No	
row_205	OTULIN	OTU deubiquitinase with linear linkage specificity [Source:HGNC Symbol;Acc:HGNC:25118]	9979	-0.18795795738697052	-0.7127755	No	
row_206	PRDX1	peroxiredoxin 1 [Source:HGNC Symbol;Acc:HGNC:9352]	9983	-0.18814972043037415	-0.7126583	No	
row_207	PIK3R6	phosphoinositide-3-kinase regulatory subunit 6 [Source:HGNC Symbol;Acc:HGNC:27101]	9994	-0.18987949192523956	-0.7130829	No	
row_208	PIK3CD	phosphatidylinositol-4,5-bisphosphate 3-kinase catalytic subunit delta [Source:HGNC Symbol;Acc:HGNC:8977]	10041	-0.19529178738594055	-0.7163005	No	
row_209	PTPN2	protein tyrosine phosphatase non-receptor type 2 [Source:HGNC Symbol;Acc:HGNC:9650]	10059	-0.19716961681842804	-0.71725655	No	
row_210	NONO	non-POU domain containing octamer binding [Source:HGNC Symbol;Acc:HGNC:7871]	10063	-0.19767099618911743	-0.71712154	No	
row_211	YTHDF3	YTH N6-methyladenosine RNA binding protein 3 [Source:HGNC Symbol;Acc:HGNC:26465]	10152	-0.20816954970359802	-0.72358537	No	
row_212	BANF1	barrier to autointegration factor 1 [Source:HGNC Symbol;Acc:HGNC:17397]	10220	-0.21636570990085602	-0.7283988	No	
row_213	BIRC2	baculoviral IAP repeat containing 2 [Source:HGNC Symbol;Acc:HGNC:590]	10240	-0.2188042849302292	-0.72947025	No	
row_214	CR1	complement C3b/C4b receptor 1 (Knops blood group) [Source:HGNC Symbol;Acc:HGNC:2334]	10295	-0.22655810415744781	-0.73325247	No	
row_215	RIOK3	RIO kinase 3 [Source:HGNC Symbol;Acc:HGNC:11451]	10309	-0.22821156680583954	-0.73383915	No	
row_216	POLR3C	RNA polymerase III subunit C [Source:HGNC Symbol;Acc:HGNC:30076]	10359	-0.23422332108020782	-0.7372178	No	
row_217	CORO1A	coronin 1A [Source:HGNC Symbol;Acc:HGNC:2252]	10379	-0.23673555254936218	-0.7382558	No	
row_218	NUB1	negative regulator of ubiquitin like proteins 1 [Source:HGNC Symbol;Acc:HGNC:17623]	10417	-0.24120329320430756	-0.740687	No	
row_219	RAB43	RAB43, member RAS oncogene family [Source:HGNC Symbol;Acc:HGNC:19983]	10474	-0.24849775433540344	-0.744584	No	
row_220	AQP4	aquaporin 4 [Source:HGNC Symbol;Acc:HGNC:637]	10512	-0.25404876470565796	-0.7469913	No	
row_221	IL1RAP	interleukin 1 receptor accessory protein [Source:HGNC Symbol;Acc:HGNC:5995]	10516	-0.25504156947135925	-0.74674934	No	
row_222	TRIM62	tripartite motif containing 62 [Source:HGNC Symbol;Acc:HGNC:25574]	10540	-0.25772079825401306	-0.7480597	No	
row_223	RPS19	ribosomal protein S19 [Source:HGNC Symbol;Acc:HGNC:10402]	10554	-0.2597241699695587	-0.7485876	No	
row_224	CDC42EP4	CDC42 effector protein 4 [Source:HGNC Symbol;Acc:HGNC:17147]	10656	-0.2772391438484192	-0.7559349	No	
row_225	VAMP3	vesicle associated membrane protein 3 [Source:HGNC Symbol;Acc:HGNC:12644]	10686	-0.2815931737422943	-0.7576679	No	
row_226	PPP1R14B	protein phosphatase 1 regulatory inhibitor subunit 14B [Source:HGNC Symbol;Acc:HGNC:9057]	10706	-0.28461751341819763	-0.7586166	No	
row_227	SHMT2	serine hydroxymethyltransferase 2 [Source:HGNC Symbol;Acc:HGNC:10852]	10716	-0.2869900166988373	-0.7587823	No	
row_228	OPTN	optineurin [Source:HGNC Symbol;Acc:HGNC:17142]	10718	-0.2872796058654785	-0.7583245	No	
row_229	POLR3E	RNA polymerase III subunit E [Source:HGNC Symbol;Acc:HGNC:30347]	10828	-0.3034515678882599	-0.76624584	No	
row_230	PCBP2	poly(rC) binding protein 2 [Source:HGNC Symbol;Acc:HGNC:8648]	10871	-0.3108959197998047	-0.76893646	No	
row_231	TUBB4B	tubulin beta 4B class IVb [Source:HGNC Symbol;Acc:HGNC:20771]	10891	-0.31434813141822815	-0.76982975	No	
row_232	DDX21	DExD-box helicase 21 [Source:HGNC Symbol;Acc:HGNC:2744]	10979	-0.32710686326026917	-0.77599394	No	
row_233	POLR3F	RNA polymerase III subunit F [Source:HGNC Symbol;Acc:HGNC:15763]	11011	-0.33221787214279175	-0.7777883	No	
row_234	WFDC2	WAP four-disulfide core domain 2 [Source:HGNC Symbol;Acc:HGNC:15939]	11031	-0.33563998341560364	-0.7786419	No	
row_235	NLRX1	NLR family member X1 [Source:HGNC Symbol;Acc:HGNC:29890]	11100	-0.3495851159095764	-0.7832848	No	
row_236	TRIM41	tripartite motif containing 41 [Source:HGNC Symbol;Acc:HGNC:19013]	11109	-0.3512493073940277	-0.7832528	No	
row_237	ZYX	zyxin [Source:HGNC Symbol;Acc:HGNC:13200]	11169	-0.36926397681236267	-0.7871582	No	
row_238	TBK1	TANK binding kinase 1 [Source:HGNC Symbol;Acc:HGNC:11584]	11170	-0.3692692518234253	-0.7864697	No	
row_239	ARRB2	arrestin beta 2 [Source:HGNC Symbol;Acc:HGNC:712]	11184	-0.3717876076698303	-0.7867887	No	
row_240	PDE12	phosphodiesterase 12 [Source:HGNC Symbol;Acc:HGNC:25386]	11191	-0.3729657828807831	-0.7865605	No	
row_241	PTPN1	protein tyrosine phosphatase non-receptor type 1 [Source:HGNC Symbol;Acc:HGNC:9642]	11245	-0.38466665148735046	-0.78997004	No	
row_242	BCL10	BCL10 immune signaling adaptor [Source:HGNC Symbol;Acc:HGNC:989]	11283	-0.3952125906944275	-0.7921141	No	
row_243	STXBP3	syntaxin binding protein 3 [Source:HGNC Symbol;Acc:HGNC:11446]	11389	-0.42384016513824463	-0.79949945	No	
row_244	NLRC3	NLR family CARD domain containing 3 [Source:HGNC Symbol;Acc:HGNC:29889]	11427	-0.4365720748901367	-0.8015664	No	
row_245	LAMP1	lysosomal associated membrane protein 1 [Source:HGNC Symbol;Acc:HGNC:6499]	11439	-0.43872785568237305	-0.80160487	No	
row_246	ASS1	argininosuccinate synthase 1 [Source:HGNC Symbol;Acc:HGNC:758]	11483	-0.4530479609966278	-0.8041083	No	
row_247	COLEC12	collectin subfamily member 12 [Source:HGNC Symbol;Acc:HGNC:16016]	11556	-0.4762701392173767	-0.80882645	No	
row_248	RNF19B	ring finger protein 19B [Source:HGNC Symbol;Acc:HGNC:26886]	11611	-0.4984840154647827	-0.81210166	No	
row_249	PVR	PVR cell adhesion molecule [Source:HGNC Symbol;Acc:HGNC:9705]	11618	-0.5014012455940247	-0.81163394	No	
row_250	TREM2	triggering receptor expressed on myeloid cells 2 [Source:HGNC Symbol;Acc:HGNC:17761]	11625	-0.5038224458694458	-0.8111617	No	
row_251	IFNAR2	interferon alpha and beta receptor subunit 2 [Source:HGNC Symbol;Acc:HGNC:5433]	11692	-0.5319105386734009	-0.8153089	No	
row_252	ADAR	adenosine deaminase RNA specific [Source:HGNC Symbol;Acc:HGNC:225]	11730	-0.5521957874298096	-0.8171603	No	
row_253	RAB27A	RAB27A, member RAS oncogene family [Source:HGNC Symbol;Acc:HGNC:9766]	11731	-0.5529008507728577	-0.8161294	No	
row_254	CASP6	caspase 6 [Source:HGNC Symbol;Acc:HGNC:1507]	11784	-0.5802222490310669	-0.81909645	No	
row_255	CYBC1	cytochrome b-245 chaperone 1 [Source:HGNC Symbol;Acc:HGNC:28672]	11786	-0.5810499787330627	-0.8180909	No	
row_256	JAK2	Janus kinase 2 [Source:HGNC Symbol;Acc:HGNC:6192]	11827	-0.6027401089668274	-0.82008165	No	
row_257	RELA	RELA proto-oncogene, NF-kB subunit [Source:HGNC Symbol;Acc:HGNC:9955]	11847	-0.612684428691864	-0.82041866	No	
row_258	RNASET2	ribonuclease T2 [Source:HGNC Symbol;Acc:HGNC:21686]	11862	-0.6239238977432251	-0.82034546	No	
row_259	CCL17	C-C motif chemokine ligand 17 [Source:HGNC Symbol;Acc:HGNC:10615]	11886	-0.6351541876792908	-0.82095206	No	
row_260	CLEC10A	C-type lectin domain containing 10A [Source:HGNC Symbol;Acc:HGNC:16916]	11887	-0.6352595090866089	-0.8197676	No	
row_261	PGLYRP1	peptidoglycan recognition protein 1 [Source:HGNC Symbol;Acc:HGNC:8904]	11888	-0.6359253525733948	-0.8185819	No	
row_262	TRAF6	TNF receptor associated factor 6 [Source:HGNC Symbol;Acc:HGNC:12036]	11923	-0.6538277268409729	-0.8200101	No	
row_263	JCHAIN	joining chain of multimeric IgA and IgM [Source:HGNC Symbol;Acc:HGNC:5713]	11951	-0.668448805809021	-0.8208661	No	
row_264	PTPN22	protein tyrosine phosphatase non-receptor type 22 [Source:HGNC Symbol;Acc:HGNC:9652]	11980	-0.6843134760856628	-0.82177037	No	
row_265	IL17RA	interleukin 17 receptor A [Source:HGNC Symbol;Acc:HGNC:5985]	11997	-0.6918795704841614	-0.82172614	No	
row_266	TRIM17	tripartite motif containing 17 [Source:HGNC Symbol;Acc:HGNC:13430]	12043	-0.7177093029022217	-0.8238918	Yes	
row_267	MYO1C	myosin IC [Source:HGNC Symbol;Acc:HGNC:7597]	12050	-0.7241659760475159	-0.8230088	Yes	
row_268	A2M	alpha-2-macroglobulin [Source:HGNC Symbol;Acc:HGNC:7]	12068	-0.7322744131088257	-0.8229671	Yes	
row_269	NFE2L2	nuclear factor, erythroid 2 like 2 [Source:HGNC Symbol;Acc:HGNC:7782]	12082	-0.7397729158401489	-0.8226	Yes	
row_270	TRIM26	tripartite motif containing 26 [Source:HGNC Symbol;Acc:HGNC:12962]	12111	-0.7640314698219299	-0.8233556	Yes	
row_271	INAVA	innate immunity activator [Source:HGNC Symbol;Acc:HGNC:25599]	12124	-0.7741163969039917	-0.8228466	Yes	
row_272	CEACAM1	carcinoembryonic antigen related cell adhesion molecule 1 [Source:HGNC Symbol;Acc:HGNC:1814]	12140	-0.7821909189224243	-0.82255614	Yes	
row_273	AXL	AXL receptor tyrosine kinase [Source:HGNC Symbol;Acc:HGNC:905]	12152	-0.7958182692527771	-0.8219288	Yes	
row_274	CGAS	cyclic GMP-AMP synthase [Source:HGNC Symbol;Acc:HGNC:21367]	12155	-0.7976584434509277	-0.8205973	Yes	
row_275	LBP	lipopolysaccharide binding protein [Source:HGNC Symbol;Acc:HGNC:6517]	12167	-0.8066551089286804	-0.81994975	Yes	
row_276	VIM	vimentin [Source:HGNC Symbol;Acc:HGNC:12692]	12182	-0.8160416483879089	-0.81951827	Yes	
row_277	NECTIN2	nectin cell adhesion molecule 2 [Source:HGNC Symbol;Acc:HGNC:9707]	12209	-0.8350293636322021	-0.8199858	Yes	
row_278	TRBC2	T cell receptor beta constant 2 [Source:HGNC Symbol;Acc:HGNC:12157]	12212	-0.8367474675178528	-0.8185814	Yes	
row_279	TICAM1	toll like receptor adaptor molecule 1 [Source:HGNC Symbol;Acc:HGNC:18348]	12234	-0.8556047677993774	-0.8186212	Yes	
row_280	MSRB1	methionine sulfoxide reductase B1 [Source:HGNC Symbol;Acc:HGNC:14133]	12256	-0.874505877494812	-0.8186258	Yes	
row_281	ZNFX1	zinc finger NFX1-type containing 1 [Source:HGNC Symbol;Acc:HGNC:29271]	12284	-0.8929374814033508	-0.8190632	Yes	
row_282	EDN1	endothelin 1 [Source:HGNC Symbol;Acc:HGNC:3176]	12299	-0.9116153120994568	-0.81845355	Yes	
row_283	CD6	CD6 molecule [Source:HGNC Symbol;Acc:HGNC:1691]	12310	-0.9262762069702148	-0.8175051	Yes	
row_284	CLDN1	claudin 1 [Source:HGNC Symbol;Acc:HGNC:2032]	12313	-0.9275903701782227	-0.8159313	Yes	
row_285	GRN	granulin precursor [Source:HGNC Symbol;Acc:HGNC:4601]	12330	-0.9392642974853516	-0.8154259	Yes	
row_286	FADD	Fas associated via death domain [Source:HGNC Symbol;Acc:HGNC:3573]	12345	-0.9544616937637329	-0.8147363	Yes	
row_287	TRAFD1	TRAF-type zinc finger domain containing 1 [Source:HGNC Symbol;Acc:HGNC:24808]	12367	-0.9755862951278687	-0.8145524	Yes	
row_288	C1QC	complement C1q C chain [Source:HGNC Symbol;Acc:HGNC:1245]	12386	-1.0127390623092651	-0.8140657	Yes	
row_289	ALPK1	alpha kinase 1 [Source:HGNC Symbol;Acc:HGNC:20917]	12394	-1.018094778060913	-0.8127125	Yes	
row_290	C1QA	complement C1q A chain [Source:HGNC Symbol;Acc:HGNC:1241]	12404	-1.0306638479232788	-0.81149155	Yes	
row_291	IRAK4	interleukin 1 receptor associated kinase 4 [Source:HGNC Symbol;Acc:HGNC:17967]	12424	-1.0484565496444702	-0.8110161	Yes	
row_292	C1RL	complement C1r subcomponent like [Source:HGNC Symbol;Acc:HGNC:21265]	12437	-1.061173439025879	-0.80997187	Yes	
row_293	NR1H3	nuclear receptor subfamily 1 group H member 3 [Source:HGNC Symbol;Acc:HGNC:7966]	12438	-1.064737319946289	-0.8079866	Yes	
row_294	C1QB	complement C1q B chain [Source:HGNC Symbol;Acc:HGNC:1242]	12444	-1.0711430311203003	-0.8063787	Yes	
row_295	IGKC	immunoglobulin kappa constant [Source:HGNC Symbol;Acc:HGNC:5716]	12446	-1.0751280784606934	-0.804452	Yes	
row_296	TP53	tumor protein p53 [Source:HGNC Symbol;Acc:HGNC:11998]	12448	-1.0768723487854004	-0.802522	Yes	
row_297	IGHA1	immunoglobulin heavy constant alpha 1 [Source:HGNC Symbol;Acc:HGNC:5478]	12456	-1.0936496257781982	-0.8010279	Yes	
row_298	RIPK2	receptor interacting serine/threonine kinase 2 [Source:HGNC Symbol;Acc:HGNC:10020]	12458	-1.0947935581207275	-0.7990645	Yes	
row_299	SLAMF1	signaling lymphocytic activation molecule family member 1 [Source:HGNC Symbol;Acc:HGNC:10903]	12463	-1.1003212928771973	-0.79732436	Yes	
row_300	SSC5D	scavenger receptor cysteine rich family member with 5 domains [Source:HGNC Symbol;Acc:HGNC:26641]	12467	-1.1103785037994385	-0.79548764	Yes	
row_301	UNC13D	unc-13 homolog D [Source:HGNC Symbol;Acc:HGNC:23147]	12471	-1.1171257495880127	-0.7936383	Yes	
row_302	JAK3	Janus kinase 3 [Source:HGNC Symbol;Acc:HGNC:6193]	12476	-1.1279429197311401	-0.79184663	Yes	
row_303	RARRES2	retinoic acid receptor responder 2 [Source:HGNC Symbol;Acc:HGNC:9868]	12487	-1.1381347179412842	-0.7905032	Yes	
row_304	MALT1	MALT1 paracaspase [Source:HGNC Symbol;Acc:HGNC:6819]	12490	-1.142586588859558	-0.78852856	Yes	
row_305	LYN	LYN proto-oncogene, Src family tyrosine kinase [Source:HGNC Symbol;Acc:HGNC:6735]	12499	-1.154542088508606	-0.78699875	Yes	
row_306	STAT2	signal transducer and activator of transcription 2 [Source:HGNC Symbol;Acc:HGNC:11363]	12500	-1.1547363996505737	-0.7848457	Yes	
row_307	HMGB2	high mobility group box 2 [Source:HGNC Symbol;Acc:HGNC:5000]	12517	-1.1749645471572876	-0.7839008	Yes	
row_308	SLA	Src like adaptor [Source:HGNC Symbol;Acc:HGNC:10902]	12524	-1.1804431676864624	-0.782167	Yes	
row_309	SAMHD1	SAM and HD domain containing deoxynucleoside triphosphate triphosphohydrolase 1 [Source:HGNC Symbol;Acc:HGNC:15925]	12526	-1.1817749738693237	-0.7800414	Yes	
row_310	ITGAM	integrin subunit alpha M [Source:HGNC Symbol;Acc:HGNC:6149]	12532	-1.188663125038147	-0.7782144	Yes	
row_311	TNFAIP8L2	TNF alpha induced protein 8 like 2 [Source:HGNC Symbol;Acc:HGNC:26277]	12576	-1.2557032108306885	-0.77922124	Yes	
row_312	TIRAP	TIR domain containing adaptor protein [Source:HGNC Symbol;Acc:HGNC:17192]	12592	-1.2793903350830078	-0.77800375	Yes	
row_313	TYROBP	TYRO protein tyrosine kinase binding protein [Source:HGNC Symbol;Acc:HGNC:12449]	12598	-1.2893348932266235	-0.77598906	Yes	
row_314	REL	REL proto-oncogene, NF-kB subunit [Source:HGNC Symbol;Acc:HGNC:9954]	12606	-1.3017151355743408	-0.774107	Yes	
row_315	NOD1	nucleotide binding oligomerization domain containing 1 [Source:HGNC Symbol;Acc:HGNC:16390]	12609	-1.3084510564804077	-0.7718231	Yes	
row_316	RAB7B	RAB7B, member RAS oncogene family [Source:HGNC Symbol;Acc:HGNC:30513]	12612	-1.311622977256775	-0.7695333	Yes	
row_317	CSF1	colony stimulating factor 1 [Source:HGNC Symbol;Acc:HGNC:2432]	12619	-1.3204376697540283	-0.7675384	Yes	
row_318	MICA	MHC class I polypeptide-related sequence A [Source:HGNC Symbol;Acc:HGNC:7090]	12650	-1.366855502128601	-0.7673258	Yes	
row_319	TRIM56	tripartite motif containing 56 [Source:HGNC Symbol;Acc:HGNC:19028]	12654	-1.3731642961502075	-0.7649991	Yes	
row_320	PIK3CG	phosphatidylinositol-4,5-bisphosphate 3-kinase catalytic subunit gamma [Source:HGNC Symbol;Acc:HGNC:8978]	12660	-1.3965299129486084	-0.76278454	Yes	
row_321	ARID5A	AT-rich interaction domain 5A [Source:HGNC Symbol;Acc:HGNC:17361]	12678	-1.4312337636947632	-0.7614396	Yes	
row_322	NRROS	negative regulator of reactive oxygen species [Source:HGNC Symbol;Acc:HGNC:24613]	12686	-1.4410755634307861	-0.7592977	Yes	
row_323	UNC93B1	unc-93 homolog B1, TLR signaling regulator [Source:HGNC Symbol;Acc:HGNC:13481]	12706	-1.4811433553695679	-0.7580155	Yes	
row_324	AIF1	allograft inflammatory factor 1 [Source:HGNC Symbol;Acc:HGNC:352]	12708	-1.483351230621338	-0.7553276	Yes	
row_325	TLR3	toll like receptor 3 [Source:HGNC Symbol;Acc:HGNC:11849]	12716	-1.505021572113037	-0.7530665	Yes	
row_326	ADAM8	ADAM metallopeptidase domain 8 [Source:HGNC Symbol;Acc:HGNC:215]	12730	-1.5315771102905273	-0.751223	Yes	
row_327	SERPINB9	serpin family B member 9 [Source:HGNC Symbol;Acc:HGNC:8955]	12732	-1.5375686883926392	-0.74843407	Yes	
row_328	PML	promyelocytic leukemia [Source:HGNC Symbol;Acc:HGNC:9113]	12737	-1.542829155921936	-0.74586886	Yes	
row_329	STAT1	signal transducer and activator of transcription 1 [Source:HGNC Symbol;Acc:HGNC:11362]	12739	-1.5451865196228027	-0.74306566	Yes	
row_330	MYD88	MYD88 innate immune signal transduction adaptor [Source:HGNC Symbol;Acc:HGNC:7562]	12742	-1.5513466596603394	-0.74032885	Yes	
row_331	HPX	hemopexin [Source:HGNC Symbol;Acc:HGNC:5171]	12748	-1.561322808265686	-0.73780704	Yes	
row_332	IFITM3	interferon induced transmembrane protein 3 [Source:HGNC Symbol;Acc:HGNC:5414]	12770	-1.6358919143676758	-0.736392	Yes	
row_333	LACC1	laccase domain containing 1 [Source:HGNC Symbol;Acc:HGNC:26789]	12771	-1.6358959674835205	-0.7333418	Yes	
row_334	PRDM1	PR/SET domain 1 [Source:HGNC Symbol;Acc:HGNC:9346]	12779	-1.654021143913269	-0.7308029	Yes	
row_335	C4A	complement C4A (Rodgers blood group) [Source:HGNC Symbol;Acc:HGNC:1323]	12788	-1.6785578727722168	-0.7282961	Yes	
row_336	BTK	Bruton tyrosine kinase [Source:HGNC Symbol;Acc:HGNC:1133]	12793	-1.687743902206421	-0.7254607	Yes	
row_337	ANXA1	annexin A1 [Source:HGNC Symbol;Acc:HGNC:533]	12799	-1.7074098587036133	-0.7226665	Yes	
row_338	ZAP70	zeta chain of T cell receptor associated protein kinase 70 [Source:HGNC Symbol;Acc:HGNC:12858]	12801	-1.7116260528564453	-0.719553	Yes	
row_339	CLEC6A	C-type lectin domain containing 6A [Source:HGNC Symbol;Acc:HGNC:14556]	12802	-1.7152905464172363	-0.7163548	Yes	
row_340	NCF2	neutrophil cytosolic factor 2 [Source:HGNC Symbol;Acc:HGNC:7661]	12807	-1.7307690382003784	-0.71343917	Yes	
row_341	RELB	RELB proto-oncogene, NF-kB subunit [Source:HGNC Symbol;Acc:HGNC:9956]	12823	-1.789119839668274	-0.7112712	Yes	
row_342	ISG15	ISG15 ubiquitin like modifier [Source:HGNC Symbol;Acc:HGNC:4053]	12828	-1.8063654899597168	-0.70821464	Yes	
row_343	IRF8	interferon regulatory factor 8 [Source:HGNC Symbol;Acc:HGNC:5358]	12831	-1.8086981773376465	-0.704998	Yes	
row_344	NLRP3	NLR family pyrin domain containing 3 [Source:HGNC Symbol;Acc:HGNC:16400]	12833	-1.8187140226364136	-0.70168483	Yes	
row_345	MYC	MYC proto-oncogene, bHLH transcription factor [Source:HGNC Symbol;Acc:HGNC:7553]	12835	-1.8232520818710327	-0.6983632	Yes	
row_346	SMPDL3B	sphingomyelin phosphodiesterase acid like 3B [Source:HGNC Symbol;Acc:HGNC:21416]	12839	-1.8324294090270996	-0.6951801	Yes	
row_347	S100A9	S100 calcium binding protein A9 [Source:HGNC Symbol;Acc:HGNC:10499]	12842	-1.8434122800827026	-0.69189876	Yes	
row_348	IRF1	interferon regulatory factor 1 [Source:HGNC Symbol;Acc:HGNC:6116]	12854	-1.8624831438064575	-0.6892826	Yes	
row_349	FES	FES proto-oncogene, tyrosine kinase [Source:HGNC Symbol;Acc:HGNC:3657]	12857	-1.8652138710021973	-0.6859606	Yes	
row_350	FFAR2	free fatty acid receptor 2 [Source:HGNC Symbol;Acc:HGNC:4501]	12858	-1.8681418895721436	-0.68247736	Yes	
row_351	ARG1	arginase 1 [Source:HGNC Symbol;Acc:HGNC:663]	12859	-1.8745911121368408	-0.67898214	Yes	
row_352	PLSCR1	phospholipid scramblase 1 [Source:HGNC Symbol;Acc:HGNC:9092]	12860	-1.8749125003814697	-0.6754863	Yes	
row_353	NOD2	nucleotide binding oligomerization domain containing 2 [Source:HGNC Symbol;Acc:HGNC:5331]	12865	-1.8870857954025269	-0.67227924	Yes	
row_354	NCF1	neutrophil cytosolic factor 1 [Source:HGNC Symbol;Acc:HGNC:7660]	12866	-1.8886833190917969	-0.66875774	Yes	
row_355	GCH1	GTP cyclohydrolase 1 [Source:HGNC Symbol;Acc:HGNC:4193]	12867	-1.8895299434661865	-0.6652346	Yes	
row_356	IFIT1B	interferon induced protein with tetratricopeptide repeats 1B [Source:HGNC Symbol;Acc:HGNC:23442]	12869	-1.8987250328063965	-0.66177225	Yes	
row_357	TRIM25	tripartite motif containing 25 [Source:HGNC Symbol;Acc:HGNC:12932]	12871	-1.904001235961914	-0.65830004	Yes	
row_358	IKBKE	inhibitor of nuclear factor kappa B kinase subunit epsilon [Source:HGNC Symbol;Acc:HGNC:14552]	12882	-1.9334088563919067	-0.65547377	Yes	
row_359	GBP3	guanylate binding protein 3 [Source:HGNC Symbol;Acc:HGNC:4184]	12885	-1.9389517307281494	-0.6520143	Yes	
row_360	PYCARD	PYD and CARD domain containing [Source:HGNC Symbol;Acc:HGNC:16608]	12886	-1.946400761604309	-0.64838517	Yes	
row_361	TXK	TXK tyrosine kinase [Source:HGNC Symbol;Acc:HGNC:12434]	12887	-1.9520033597946167	-0.6447456	Yes	
row_362	FCER1G	Fc fragment of IgE receptor Ig [Source:HGNC Symbol;Acc:HGNC:3611]	12890	-1.9575062990188599	-0.6412515	Yes	
row_363	CYBA	cytochrome b-245 alpha chain [Source:HGNC Symbol;Acc:HGNC:2577]	12892	-1.9694020748138428	-0.63765734	Yes	
row_364	CCL2	C-C motif chemokine ligand 2 [Source:HGNC Symbol;Acc:HGNC:10618]	12897	-1.9816153049468994	-0.634274	Yes	
row_365	C1S	complement C1s [Source:HGNC Symbol;Acc:HGNC:1247]	12898	-1.9825427532196045	-0.6305775	Yes	
row_366	TREM1	triggering receptor expressed on myeloid cells 1 [Source:HGNC Symbol;Acc:HGNC:17760]	12900	-1.992090106010437	-0.626941	Yes	
row_367	LY86	lymphocyte antigen 86 [Source:HGNC Symbol;Acc:HGNC:16837]	12902	-1.99455726146698	-0.6233	Yes	
row_368	CXCL10	C-X-C motif chemokine ligand 10 [Source:HGNC Symbol;Acc:HGNC:10637]	12903	-1.9963130950927734	-0.6195778	Yes	
row_369	IFITM1	interferon induced transmembrane protein 1 [Source:HGNC Symbol;Acc:HGNC:5412]	12904	-1.9979737997055054	-0.61585253	Yes	
row_370	TIFA	TRAF interacting protein with forkhead associated domain [Source:HGNC Symbol;Acc:HGNC:19075]	12907	-2.0039589405059814	-0.6122718	Yes	
row_371	ERAP1	endoplasmic reticulum aminopeptidase 1 [Source:HGNC Symbol;Acc:HGNC:18173]	12908	-2.0068156719207764	-0.60853004	Yes	
row_372	CD1D	CD1d molecule [Source:HGNC Symbol;Acc:HGNC:1637]	12909	-2.011352062225342	-0.6047798	Yes	
row_373	CCL3	C-C motif chemokine ligand 3 [Source:HGNC Symbol;Acc:HGNC:10627]	12910	-2.0173068046569824	-0.6010185	Yes	
row_374	RSAD2	radical S-adenosyl methionine domain containing 2 [Source:HGNC Symbol;Acc:HGNC:30908]	12911	-2.018421173095703	-0.59725505	Yes	
row_375	SERPING1	serpin family G member 1 [Source:HGNC Symbol;Acc:HGNC:1228]	12912	-2.0194497108459473	-0.59348977	Yes	
row_376	BST2	bone marrow stromal cell antigen 2 [Source:HGNC Symbol;Acc:HGNC:1119]	12920	-2.0329341888427734	-0.5902443	Yes	
row_377	ZC3HAV1	zinc finger CCCH-type containing, antiviral 1 [Source:HGNC Symbol;Acc:HGNC:23721]	12923	-2.0419869422912598	-0.5865927	Yes	
row_378	CCL7	C-C motif chemokine ligand 7 [Source:HGNC Symbol;Acc:HGNC:10634]	12926	-2.0477163791656494	-0.5829304	Yes	
row_379	SLC11A1	solute carrier family 11 member 1 [Source:HGNC Symbol;Acc:HGNC:10907]	12928	-2.0568742752075195	-0.57917315	Yes	
row_380	PTPN6	protein tyrosine phosphatase non-receptor type 6 [Source:HGNC Symbol;Acc:HGNC:9658]	12929	-2.0592994689941406	-0.57533354	Yes	
row_381	IFIT3	interferon induced protein with tetratricopeptide repeats 3 [Source:HGNC Symbol;Acc:HGNC:5411]	12931	-2.060908794403076	-0.5715687	Yes	
row_382	VAV1	vav guanine nucleotide exchange factor 1 [Source:HGNC Symbol;Acc:HGNC:12657]	12932	-2.0627310276031494	-0.56772274	Yes	
row_383	SYK	spleen associated tyrosine kinase [Source:HGNC Symbol;Acc:HGNC:11491]	12934	-2.071566104888916	-0.5639381	Yes	
row_384	NMI	N-myc and STAT interactor [Source:HGNC Symbol;Acc:HGNC:7854]	12937	-2.080019235610962	-0.56021553	Yes	
row_385	IRAK3	interleukin 1 receptor associated kinase 3 [Source:HGNC Symbol;Acc:HGNC:17020]	12940	-2.0854570865631104	-0.5564829	Yes	
row_386	MPEG1	macrophage expressed 1 [Source:HGNC Symbol;Acc:HGNC:29619]	12942	-2.093082904815674	-0.55265814	Yes	
row_387	SLC15A3	solute carrier family 15 member 3 [Source:HGNC Symbol;Acc:HGNC:18068]	12943	-2.097010612487793	-0.5487482	Yes	
row_388	ARG2	arginase 2 [Source:HGNC Symbol;Acc:HGNC:664]	12945	-2.0990161895751953	-0.5449124	Yes	
row_389	S100A8	S100 calcium binding protein A8 [Source:HGNC Symbol;Acc:HGNC:10498]	12947	-2.1063108444213867	-0.54106295	Yes	
row_390	HAVCR2	hepatitis A virus cellular receptor 2 [Source:HGNC Symbol;Acc:HGNC:18437]	12958	-2.150355339050293	-0.5378322	Yes	
row_391	IRGM	immunity related GTPase M [Source:HGNC Symbol;Acc:HGNC:29597]	12973	-2.189880847930908	-0.53483915	Yes	
row_392	TRIM6	tripartite motif containing 6 [Source:HGNC Symbol;Acc:HGNC:16277]	12976	-2.20326828956604	-0.5308868	Yes	
row_393	PLD4	phospholipase D family member 4 [Source:HGNC Symbol;Acc:HGNC:23792]	12979	-2.2132701873779297	-0.52691585	Yes	
row_394	LILRA5	leukocyte immunoglobulin like receptor A5 [Source:HGNC Symbol;Acc:HGNC:16309]	12982	-2.218184232711792	-0.5229357	Yes	
row_395	SLAMF6	SLAM family member 6 [Source:HGNC Symbol;Acc:HGNC:21392]	12985	-2.2255918979644775	-0.51894176	Yes	
row_396	CASP1	caspase 1 [Source:HGNC Symbol;Acc:HGNC:1499]	12991	-2.260185956954956	-0.5151169	Yes	
row_397	IFITM2	interferon induced transmembrane protein 2 [Source:HGNC Symbol;Acc:HGNC:5413]	12998	-2.2766151428222656	-0.51133925	Yes	
row_398	DTX3L	deltex E3 ubiquitin ligase 3L [Source:HGNC Symbol;Acc:HGNC:30323]	13002	-2.2925052642822266	-0.5072984	Yes	
row_399	EIF2AK2	eukaryotic translation initiation factor 2 alpha kinase 2 [Source:HGNC Symbol;Acc:HGNC:9437]	13003	-2.2941997051239014	-0.50302076	Yes	
row_400	TNFAIP3	TNF alpha induced protein 3 [Source:HGNC Symbol;Acc:HGNC:11896]	13008	-2.3014543056488037	-0.4990411	Yes	
row_401	DDX58	DExD/H-box helicase 58 [Source:HGNC Symbol;Acc:HGNC:19102]	13009	-2.3021128177642822	-0.49474874	Yes	
row_402	GBP5	guanylate binding protein 5 [Source:HGNC Symbol;Acc:HGNC:19895]	13015	-2.319401741027832	-0.49081346	Yes	
row_403	CCL5	C-C motif chemokine ligand 5 [Source:HGNC Symbol;Acc:HGNC:10632]	13016	-2.320327043533325	-0.48648712	Yes	
row_404	TRIM5	tripartite motif containing 5 [Source:HGNC Symbol;Acc:HGNC:16276]	13019	-2.3257625102996826	-0.4823064	Yes	
row_405	CCL15	C-C motif chemokine ligand 15 [Source:HGNC Symbol;Acc:HGNC:10613]	13022	-2.3299803733825684	-0.47811782	Yes	
row_406	CD74	CD74 molecule [Source:HGNC Symbol;Acc:HGNC:1697]	13023	-2.3369808197021484	-0.47376043	Yes	
row_407	CASP8	caspase 8 [Source:HGNC Symbol;Acc:HGNC:1509]	13026	-2.351742744445801	-0.46953127	Yes	
row_408	IFIH1	interferon induced with helicase C domain 1 [Source:HGNC Symbol;Acc:HGNC:18873]	13030	-2.357480049133301	-0.46536925	Yes	
row_409	DDX60	DExD/H-box helicase 60 [Source:HGNC Symbol;Acc:HGNC:25942]	13035	-2.364609718322754	-0.46127182	Yes	
row_410	GSDMD	gasdermin D [Source:HGNC Symbol;Acc:HGNC:25697]	13038	-2.3764994144439697	-0.4569965	Yes	
row_411	PARP9	poly(ADP-ribose) polymerase family member 9 [Source:HGNC Symbol;Acc:HGNC:24118]	13045	-2.3888864517211914	-0.45300952	Yes	
row_412	C2	complement C2 [Source:HGNC Symbol;Acc:HGNC:1248]	13049	-2.4040307998657227	-0.44876072	Yes	
row_413	CCL23	C-C motif chemokine ligand 23 [Source:HGNC Symbol;Acc:HGNC:10622]	13050	-2.4084231853485107	-0.44427013	Yes	
row_414	GBP6	guanylate binding protein family member 6 [Source:HGNC Symbol;Acc:HGNC:25395]	13052	-2.4154176712036133	-0.4398444	Yes	
row_415	IFI35	interferon induced protein 35 [Source:HGNC Symbol;Acc:HGNC:5399]	13054	-2.4258947372436523	-0.4353991	Yes	
row_416	APOBEC3H	apolipoprotein B mRNA editing enzyme catalytic subunit 3H [Source:HGNC Symbol;Acc:HGNC:24100]	13056	-2.433757781982422	-0.43093914	Yes	
row_417	IRF5	interferon regulatory factor 5 [Source:HGNC Symbol;Acc:HGNC:6120]	13062	-2.4426302909851074	-0.42677408	Yes	
row_418	PTX3	pentraxin 3 [Source:HGNC Symbol;Acc:HGNC:9692]	13063	-2.4457359313964844	-0.42221394	Yes	
row_419	CD14	CD14 molecule [Source:HGNC Symbol;Acc:HGNC:1628]	13064	-2.447489023208618	-0.41765052	Yes	
row_420	MX1	MX dynamin like GTPase 1 [Source:HGNC Symbol;Acc:HGNC:7532]	13066	-2.4572179317474365	-0.41314682	Yes	
row_421	AIM2	absent in melanoma 2 [Source:HGNC Symbol;Acc:HGNC:357]	13067	-2.460636615753174	-0.4085589	Yes	
row_422	WAS	WASP actin nucleation promoting factor [Source:HGNC Symbol;Acc:HGNC:12731]	13068	-2.46127986907959	-0.40396976	Yes	
row_423	LGALS3	galectin 3 [Source:HGNC Symbol;Acc:HGNC:6563]	13078	-2.487438678741455	-0.40003264	Yes	
row_424	TRIM34	tripartite motif containing 34 [Source:HGNC Symbol;Acc:HGNC:10063]	13079	-2.503077745437622	-0.39536557	Yes	
row_425	CLEC4C	C-type lectin domain family 4 member C [Source:HGNC Symbol;Acc:HGNC:13258]	13081	-2.5058186054229736	-0.39077124	Yes	
row_426	GBP2	guanylate binding protein 2 [Source:HGNC Symbol;Acc:HGNC:4183]	13083	-2.514849901199341	-0.3861601	Yes	
row_427	MNDA	myeloid cell nuclear differentiation antigen [Source:HGNC Symbol;Acc:HGNC:7183]	13084	-2.5153844356536865	-0.38147008	Yes	
row_428	IRF7	interferon regulatory factor 7 [Source:HGNC Symbol;Acc:HGNC:6122]	13088	-2.53041410446167	-0.37698564	Yes	
row_429	ANG	angiogenin [Source:HGNC Symbol;Acc:HGNC:483]	13093	-2.5452792644500732	-0.37255135	Yes	
row_430	IFNB1	interferon beta 1 [Source:HGNC Symbol;Acc:HGNC:5434]	13099	-2.5572633743286133	-0.36817256	Yes	
row_431	BIRC3	baculoviral IAP repeat containing 3 [Source:HGNC Symbol;Acc:HGNC:591]	13100	-2.560978412628174	-0.36339754	Yes	
row_432	C1R	complement C1r [Source:HGNC Symbol;Acc:HGNC:1246]	13101	-2.5632481575012207	-0.3586183	Yes	
row_433	IFIT2	interferon induced protein with tetratricopeptide repeats 2 [Source:HGNC Symbol;Acc:HGNC:5409]	13102	-2.5637428760528564	-0.35383812	Yes	
row_434	RAB20	RAB20, member RAS oncogene family [Source:HGNC Symbol;Acc:HGNC:18260]	13106	-2.575129508972168	-0.34927028	Yes	
row_435	PARP14	poly(ADP-ribose) polymerase family member 14 [Source:HGNC Symbol;Acc:HGNC:29232]	13109	-2.582247018814087	-0.34461135	Yes	
row_436	LCK	LCK proto-oncogene, Src family tyrosine kinase [Source:HGNC Symbol;Acc:HGNC:6524]	13116	-2.5967347621917725	-0.3402368	Yes	
row_437	SPI1	Spi-1 proto-oncogene [Source:HGNC Symbol;Acc:HGNC:11241]	13133	-2.6677331924438477	-0.33650857	Yes	
row_438	TLR7	toll like receptor 7 [Source:HGNC Symbol;Acc:HGNC:15631]	13136	-2.6877198219299316	-0.33165294	Yes	
row_439	CD40	CD40 molecule [Source:HGNC Symbol;Acc:HGNC:11919]	13139	-2.693387508392334	-0.3267868	Yes	
row_440	LCN2	lipocalin 2 [Source:HGNC Symbol;Acc:HGNC:6526]	13140	-2.69460391998291	-0.3217626	Yes	
row_441	KLRD1	killer cell lectin like receptor D1 [Source:HGNC Symbol;Acc:HGNC:6378]	13141	-2.69734525680542	-0.31673333	Yes	
row_442	HCK	HCK proto-oncogene, Src family tyrosine kinase [Source:HGNC Symbol;Acc:HGNC:4840]	13144	-2.7148704528808594	-0.3118271	Yes	
row_443	SLAMF7	SLAM family member 7 [Source:HGNC Symbol;Acc:HGNC:21394]	13148	-2.7218472957611084	-0.3069857	Yes	
row_444	SLPI	secretory leukocyte peptidase inhibitor [Source:HGNC Symbol;Acc:HGNC:11092]	13152	-2.740548610687256	-0.30210945	Yes	
row_445	TRBC1	T cell receptor beta constant 1 [Source:HGNC Symbol;Acc:HGNC:12156]	13153	-2.7407925128936768	-0.29699916	Yes	
row_446	TARM1	T cell-interacting, activating receptor on myeloid cells 1 [Source:HGNC Symbol;Acc:HGNC:37250]	13155	-2.745408296585083	-0.29195812	Yes	
row_447	FCGR2B	Fc fragment of IgG receptor IIb [Source:HGNC Symbol;Acc:HGNC:3618]	13158	-2.755366563796997	-0.2869764	Yes	
row_448	ZBP1	Z-DNA binding protein 1 [Source:HGNC Symbol;Acc:HGNC:16176]	13159	-2.755458116531372	-0.28183874	Yes	
row_449	DHX58	DExH-box helicase 58 [Source:HGNC Symbol;Acc:HGNC:29517]	13162	-2.7815897464752197	-0.2768081	Yes	
row_450	OASL	2'-5'-oligoadenylate synthetase like [Source:HGNC Symbol;Acc:HGNC:8090]	13167	-2.798686981201172	-0.27190134	Yes	
row_451	CD84	CD84 molecule [Source:HGNC Symbol;Acc:HGNC:1704]	13168	-2.8030569553375244	-0.26667494	Yes	
row_452	UBD	ubiquitin D [Source:HGNC Symbol;Acc:HGNC:18795]	13171	-2.827742576599121	-0.26155826	Yes	
row_453	PSTPIP1	proline-serine-threonine phosphatase interacting protein 1 [Source:HGNC Symbol;Acc:HGNC:9580]	13175	-2.847153902053833	-0.25648326	Yes	
row_454	TLR4	toll like receptor 4 [Source:HGNC Symbol;Acc:HGNC:11850]	13184	-2.874952554702759	-0.2517457	Yes	
row_455	C3	complement C3 [Source:HGNC Symbol;Acc:HGNC:1318]	13187	-2.885869026184082	-0.24652065	Yes	
row_456	LY9	lymphocyte antigen 9 [Source:HGNC Symbol;Acc:HGNC:6730]	13188	-2.8907649517059326	-0.24113072	Yes	
row_457	NKG7	natural killer cell granule protein 7 [Source:HGNC Symbol;Acc:HGNC:7830]	13190	-2.903459072113037	-0.235795	Yes	
row_458	CXCL16	C-X-C motif chemokine ligand 16 [Source:HGNC Symbol;Acc:HGNC:16642]	13194	-2.917001247406006	-0.23058975	Yes	
row_459	CH25H	cholesterol 25-hydroxylase [Source:HGNC Symbol;Acc:HGNC:1907]	13198	-2.933556079864502	-0.22535363	Yes	
row_460	CYBB	cytochrome b-245 beta chain [Source:HGNC Symbol;Acc:HGNC:2578]	13206	-2.9685940742492676	-0.22036365	Yes	
row_461	OAS2	2'-5'-oligoadenylate synthetase 2 [Source:HGNC Symbol;Acc:HGNC:8087]	13208	-2.9717226028442383	-0.21490064	Yes	
row_462	PYHIN1	pyrin and HIN domain family member 1 [Source:HGNC Symbol;Acc:HGNC:28894]	13210	-2.9802963733673096	-0.20942165	Yes	
row_463	NOS2	nitric oxide synthase 2 [Source:HGNC Symbol;Acc:HGNC:7873]	13217	-3.02119779586792	-0.20425572	Yes	
row_464	CLEC4A	C-type lectin domain family 4 member A [Source:HGNC Symbol;Acc:HGNC:13257]	13221	-3.0387380123138428	-0.19882348	Yes	
row_465	PLCG2	phospholipase C gamma 2 [Source:NCBI gene;Acc:5336]	13222	-3.042161464691162	-0.19315127	Yes	
row_466	TMEM106A	transmembrane protein 106A [Source:HGNC Symbol;Acc:HGNC:28288]	13224	-3.0498545169830322	-0.18754259	Yes	
row_467	CLEC5A	C-type lectin domain containing 5A [Source:HGNC Symbol;Acc:HGNC:2054]	13230	-3.0753865242004395	-0.18219775	Yes	
row_468	CLEC4D	C-type lectin domain family 4 member D [Source:HGNC Symbol;Acc:HGNC:14554]	13233	-3.0995049476623535	-0.17657435	Yes	
row_469	IFNG	interferon gamma [Source:HGNC Symbol;Acc:HGNC:5438]	13245	-3.171190023422241	-0.17151807	Yes	
row_470	GZMB	granzyme B [Source:HGNC Symbol;Acc:HGNC:4709]	13249	-3.2067456245422363	-0.16577259	Yes	
row_471	CD180	CD180 molecule [Source:HGNC Symbol;Acc:HGNC:6726]	13250	-3.2070183753967285	-0.159793	Yes	
row_472	NLRC5	NLR family CARD domain containing 5 [Source:HGNC Symbol;Acc:HGNC:29933]	13251	-3.2144079208374023	-0.15379964	Yes	
row_473	FCGR1A	Fc fragment of IgG receptor Ia [Source:HGNC Symbol;Acc:HGNC:3613]	13252	-3.2211050987243652	-0.14779378	Yes	
row_474	KLRK1	killer cell lectin like receptor K1 [Source:HGNC Symbol;Acc:HGNC:18788]	13253	-3.2218995094299316	-0.14178646	Yes	
row_475	CCL4	C-C motif chemokine ligand 4 [Source:HGNC Symbol;Acc:HGNC:10630]	13254	-3.2221391201019287	-0.13577868	Yes	
row_476	CCL8	C-C motif chemokine ligand 8 [Source:HGNC Symbol;Acc:HGNC:10635]	13257	-3.2444639205932617	-0.129885	Yes	
row_477	TRIM21	tripartite motif containing 21 [Source:HGNC Symbol;Acc:HGNC:11312]	13263	-3.2677388191223145	-0.12418151	Yes	
row_478	ISG20	interferon stimulated exonuclease gene 20 [Source:HGNC Symbol;Acc:HGNC:6130]	13269	-3.3070926666259766	-0.11840465	Yes	
row_479	ACOD1	aconitate decarboxylase 1 [Source:HGNC Symbol;Acc:HGNC:33904]	13270	-3.3143413066864014	-0.11222496	Yes	
row_480	ELF4	E74 like ETS transcription factor 4 [Source:HGNC Symbol;Acc:HGNC:3319]	13278	-3.434635877609253	-0.106366016	Yes	
row_481	CD244	CD244 molecule [Source:HGNC Symbol;Acc:HGNC:18171]	13285	-3.4986789226531982	-0.100309804	Yes	
row_482	OAS3	2'-5'-oligoadenylate synthetase 3 [Source:HGNC Symbol;Acc:HGNC:8088]	13294	-3.5899810791015625	-0.09423908	Yes	
row_483	SOCS1	suppressor of cytokine signaling 1 [Source:HGNC Symbol;Acc:HGNC:19383]	13295	-3.596463203430176	-0.08753336	Yes	
row_484	CFB	complement factor B [Source:HGNC Symbol;Acc:HGNC:1037]	13297	-3.6544899940490723	-0.080797315	Yes	
row_485	RNASE6	ribonuclease A family member k6 [Source:HGNC Symbol;Acc:HGNC:10048]	13302	-3.7366790771484375	-0.074141614	Yes	
row_486	MEFV	MEFV innate immuity regulator, pyrin [Source:HGNC Symbol;Acc:HGNC:6998]	13303	-3.746927499771118	-0.06715535	Yes	
row_487	TLR2	toll like receptor 2 [Source:HGNC Symbol;Acc:HGNC:11848]	13308	-3.8438563346862793	-0.060299817	Yes	
row_488	IL12RB1	interleukin 12 receptor subunit beta 1 [Source:HGNC Symbol;Acc:HGNC:5971]	13309	-3.862640857696533	-0.053097803	Yes	
row_489	CLEC4E	C-type lectin domain family 4 member E [Source:HGNC Symbol;Acc:HGNC:14555]	13313	-3.92596435546875	-0.04601131	Yes	
row_490	SLAMF8	SLAM family member 8 [Source:HGNC Symbol;Acc:HGNC:21391]	13319	-4.137258529663086	-0.03868658	Yes	
row_491	FPR2	formyl peptide receptor 2 [Source:HGNC Symbol;Acc:HGNC:3827]	13320	-4.141956329345703	-0.030963775	Yes	
row_492	IL12B	interleukin 12B [Source:HGNC Symbol;Acc:HGNC:5970]	13321	-4.15106201171875	-0.02322399	Yes	
row_493	FGR	FGR proto-oncogene, Src family tyrosine kinase [Source:HGNC Symbol;Acc:HGNC:3697]	13322	-4.204682350158691	-0.01538423	Yes	
row_494	CLEC7A	C-type lectin domain containing 7A [Source:HGNC Symbol;Acc:HGNC:14558]	13326	-4.382608890533447	-0.0074463086	Yes	
row_495	TNF	tumor necrosis factor [Source:HGNC Symbol;Acc:HGNC:11892]	13331	-4.453005790710449	5.4500526E-4	Yes	
