NAME	SYMBOL	TITLE	RANK IN GENE LIST	RANK METRIC SCORE	RUNNING ES	CORE ENRICHMENT	
row_0	EPHB3	EPH receptor B3 [Source:HGNC Symbol;Acc:HGNC:3394]	233	0.9557775855064392	0.16968001	Yes	
row_1	BMPR1B	bone morphogenetic protein receptor type 1B [Source:HGNC Symbol;Acc:HGNC:1077]	954	0.48454225063323975	0.21051857	Yes	
row_2	SLIT2	slit guidance ligand 2 [Source:HGNC Symbol;Acc:HGNC:11086]	1129	0.43397653102874756	0.2824427	Yes	
row_3	EPHB2	EPH receptor B2 [Source:HGNC Symbol;Acc:HGNC:3393]	1479	0.3605872094631195	0.32685772	Yes	
row_4	ROBO2	roundabout guidance receptor 2 [Source:HGNC Symbol;Acc:HGNC:10250]	1675	0.3300425112247467	0.37685186	Yes	
row_5	NRP1	neuropilin 1 [Source:HGNC Symbol;Acc:HGNC:8004]	1739	0.3212581276893616	0.43503487	Yes	
row_6	VEGFA	vascular endothelial growth factor A [Source:HGNC Symbol;Acc:HGNC:12680]	1932	0.29523929953575134	0.47843865	Yes	
row_7	SLIT1	slit guidance ligand 1 [Source:HGNC Symbol;Acc:HGNC:11085]	1981	0.2900276482105255	0.5316318	Yes	
row_8	ISL1	ISL LIM homeobox 1 [Source:HGNC Symbol;Acc:HGNC:6132]	2233	0.2600710093975067	0.56371945	Yes	
row_9	EPHA7	EPH receptor A7 [Source:HGNC Symbol;Acc:HGNC:3390]	2333	0.24974414706230164	0.6051953	Yes	
row_10	EPHB1	EPH receptor B1 [Source:HGNC Symbol;Acc:HGNC:3392]	2426	0.24106372892856598	0.6454967	Yes	
row_11	EFNA5	ephrin A5 [Source:HGNC Symbol;Acc:HGNC:3225]	2627	0.22472231090068817	0.6744905	Yes	
row_12	SEMA4F	ssemaphorin 4F [Source:HGNC Symbol;Acc:HGNC:10734]	3099	0.19055825471878052	0.6764501	Yes	
row_13	NRCAM	neuronal cell adhesion molecule [Source:HGNC Symbol;Acc:HGNC:7994]	3859	0.14607425034046173	0.6480783	No	
row_14	ALCAM	activated leukocyte cell adhesion molecule [Source:HGNC Symbol;Acc:HGNC:400]	4268	0.12658971548080444	0.64224017	No	
row_15	PTPRO	protein tyrosine phosphatase receptor type O [Source:HGNC Symbol;Acc:HGNC:9678]	4824	0.1010015457868576	0.6203559	No	
row_16	RPL24	ribosomal protein L24 [Source:HGNC Symbol;Acc:HGNC:10325]	7584	-0.01991598680615425	0.41713953	No	
row_17	PTPRM	protein tyrosine phosphatase receptor type M [Source:HGNC Symbol;Acc:HGNC:9675]	8621	-0.07524263113737106	0.35410243	No	
