NAME	SYMBOL	TITLE	RANK IN GENE LIST	RANK METRIC SCORE	RUNNING ES	CORE ENRICHMENT	
row_0	NPY5R	neuropeptide Y receptor Y5 [Source:HGNC Symbol;Acc:HGNC:7958]	287	0.8813082575798035	-0.017912364	No	
row_1	TTBK1	tau tubulin kinase 1 [Source:HGNC Symbol;Acc:HGNC:19140]	643	0.6052272319793701	-0.042237088	No	
row_2	PLA2G5	phospholipase A2 group V [Source:HGNC Symbol;Acc:HGNC:9038]	690	0.5835901498794556	-0.043130048	No	
row_3	NPAS2	neuronal PAS domain protein 2 [Source:HGNC Symbol;Acc:HGNC:7895]	871	0.5141639113426208	-0.05453677	No	
row_4	SETD4	SET domain containing 4 [Source:HGNC Symbol;Acc:HGNC:1258]	877	0.5121994018554688	-0.052627068	No	
row_5	NAPEPLD	N-acyl phosphatidylethanolamine phospholipase D [Source:HGNC Symbol;Acc:HGNC:21683]	1008	0.4688856303691864	-0.060429063	No	
row_6	IRF3	interferon regulatory factor 3 [Source:HGNC Symbol;Acc:HGNC:6118]	1382	0.37732234597206116	-0.08714351	No	
row_7	LRRK2	leucine rich repeat kinase 2 [Source:HGNC Symbol;Acc:HGNC:18618]	1712	0.32532379031181335	-0.11074015	No	
row_8	PRKDC	protein kinase, DNA-activated, catalytic subunit [Source:HGNC Symbol;Acc:HGNC:9413]	1957	0.2920975387096405	-0.1280131	No	
row_9	CCN4	cellular communication network factor 4 [Source:HGNC Symbol;Acc:HGNC:12769]	2123	0.27129343152046204	-0.13936372	No	
row_10	CX3CL1	C-X3-C motif chemokine ligand 1 [Source:HGNC Symbol;Acc:HGNC:10647]	2264	0.2570033073425293	-0.14887464	No	
row_11	USP29	ubiquitin specific peptidase 29 [Source:HGNC Symbol;Acc:HGNC:18563]	2687	0.21994227170944214	-0.18002392	No	
row_12	MEF2C	myocyte enhancer factor 2C [Source:HGNC Symbol;Acc:HGNC:6996]	2719	0.2177361398935318	-0.18141071	No	
row_13	GPR4	G protein-coupled receptor 4 [Source:HGNC Symbol;Acc:HGNC:4497]	2844	0.207478865981102	-0.18992479	No	
row_14	PDE2A	phosphodiesterase 2A [Source:HGNC Symbol;Acc:HGNC:8777]	3010	0.1961095780134201	-0.20161161	No	
row_15	SNCA	synuclein alpha [Source:HGNC Symbol;Acc:HGNC:11138]	3150	0.18686185777187347	-0.21136004	No	
row_16	SFPQ	splicing factor proline and glutamine rich [Source:HGNC Symbol;Acc:HGNC:10774]	3210	0.1835232973098755	-0.21503188	No	
row_17	HEXIM1	HEXIM P-TEFb complex subunit 1 [Source:HGNC Symbol;Acc:HGNC:24953]	3351	0.1739577203989029	-0.22491415	No	
row_18	CAMK2N1	calcium/calmodulin dependent protein kinase II inhibitor 1 [Source:HGNC Symbol;Acc:HGNC:24190]	3367	0.1732361763715744	-0.22528164	No	
row_19	XRCC6	X-ray repair cross complementing 6 [Source:HGNC Symbol;Acc:HGNC:4055]	3615	0.1584256887435913	-0.24338078	No	
row_20	PSPC1	paraspeckle component 1 [Source:HGNC Symbol;Acc:HGNC:20320]	3617	0.15833738446235657	-0.24274889	No	
row_21	GPRC5B	G protein-coupled receptor class C group 5 member B [Source:HGNC Symbol;Acc:HGNC:13308]	3623	0.15806768834590912	-0.24242277	No	
row_22	HSP90AA1	heat shock protein 90 alpha family class A member 1 [Source:HGNC Symbol;Acc:HGNC:5253]	3671	0.15572668612003326	-0.24530517	No	
row_23	AGT	angiotensinogen [Source:HGNC Symbol;Acc:HGNC:333]	3690	0.1549283117055893	-0.24598296	No	
row_24	CDK19	cyclin dependent kinase 19 [Source:HGNC Symbol;Acc:HGNC:19338]	3739	0.15261957049369812	-0.2489554	No	
row_25	PAK3	p21 (RAC1) activated kinase 3 [Source:HGNC Symbol;Acc:HGNC:8592]	3842	0.14690861105918884	-0.25606516	No	
row_26	IL16	interleukin 16 [Source:HGNC Symbol;Acc:HGNC:5980]	3938	0.1423477828502655	-0.2626623	No	
row_27	CREBBP	CREB binding protein [Source:HGNC Symbol;Acc:HGNC:2348]	4543	0.1134248822927475	-0.30814612	No	
row_28	CADM1	cell adhesion molecule 1 [Source:HGNC Symbol;Acc:HGNC:5951]	4780	0.10294981300830841	-0.32565576	No	
row_29	RASGRP1	RAS guanyl releasing protein 1 [Source:HGNC Symbol;Acc:HGNC:9878]	5006	0.09335950762033463	-0.3423707	No	
row_30	CARD9	caspase recruitment domain family member 9 [Source:HGNC Symbol;Acc:HGNC:16391]	5407	0.07664771378040314	-0.37248558	No	
row_31	PQBP1	polyglutamine binding protein 1 [Source:HGNC Symbol;Acc:HGNC:9330]	5461	0.07487288117408752	-0.3761864	No	
row_32	SRC	SRC proto-oncogene, non-receptor tyrosine kinase [Source:HGNC Symbol;Acc:HGNC:11283]	5518	0.07220746576786041	-0.38012755	No	
row_33	CLOCK	clock circadian regulator [Source:HGNC Symbol;Acc:HGNC:2082]	5560	0.07074350863695145	-0.3829331	No	
row_34	PARK7	Parkinsonism associated deglycase [Source:HGNC Symbol;Acc:HGNC:16369]	5639	0.06723161041736603	-0.3885717	No	
row_35	ABCC1	ATP binding cassette subfamily C member 1 [Source:HGNC Symbol;Acc:HGNC:51]	5891	0.056941013783216476	-0.40742925	No	
row_36	MATR3	matrin 3 [Source:HGNC Symbol;Acc:HGNC:6912]	5945	0.05463186278939247	-0.41122058	No	
row_37	POLR3B	RNA polymerase III subunit B [Source:HGNC Symbol;Acc:HGNC:30348]	6209	0.04254738241434097	-0.43105623	No	
row_38	FYN	FYN proto-oncogene, Src family tyrosine kinase [Source:HGNC Symbol;Acc:HGNC:4037]	6245	0.040975913405418396	-0.43353802	No	
row_39	PENK	proenkephalin [Source:HGNC Symbol;Acc:HGNC:8831]	6543	0.02798636630177498	-0.45602766	No	
row_40	IKBKB	inhibitor of nuclear factor kappa B kinase subunit beta [Source:HGNC Symbol;Acc:HGNC:5960]	6589	0.025427047163248062	-0.45934045	No	
row_41	APP	amyloid beta precursor protein [Source:HGNC Symbol;Acc:HGNC:620]	6607	0.02479456551373005	-0.46052402	No	
row_42	EP300	E1A binding protein p300 [Source:HGNC Symbol;Acc:HGNC:3373]	6729	0.019705791026353836	-0.46964934	No	
row_43	DDT	D-dopachrome tautomerase [Source:HGNC Symbol;Acc:HGNC:2732]	6757	0.0187511183321476	-0.47162136	No	
row_44	COCH	cochlin [Source:HGNC Symbol;Acc:HGNC:2180]	6769	0.01819094642996788	-0.4723776	No	
row_45	AP1G1	adaptor related protein complex 1 subunit gamma 1 [Source:HGNC Symbol;Acc:HGNC:555]	6820	0.016353324055671692	-0.47611168	No	
row_46	CNR1	cannabinoid receptor 1 [Source:HGNC Symbol;Acc:HGNC:2159]	6877	0.01388664823025465	-0.48031366	No	
row_47	PAK1	p21 (RAC1) activated kinase 1 [Source:HGNC Symbol;Acc:HGNC:8590]	7000	0.007522960659116507	-0.4895696	No	
row_48	XRCC5	X-ray repair cross complementing 5 [Source:HGNC Symbol;Acc:HGNC:12833]	7003	0.0073735774494707584	-0.4896889	No	
row_49	PLA2G7	phospholipase A2 group VII [Source:HGNC Symbol;Acc:HGNC:9040]	7184	-0.0010732832597568631	-0.50339	No	
row_50	MAP3K7	mitogen-activated protein kinase kinase kinase 7 [Source:HGNC Symbol;Acc:HGNC:6859]	7212	-0.002356388373300433	-0.5054354	No	
row_51	SIN3A	SIN3 transcription regulator family member A [Source:HGNC Symbol;Acc:HGNC:19353]	7274	-0.004680459387600422	-0.51005924	No	
row_52	IL2	interleukin 2 [Source:HGNC Symbol;Acc:HGNC:6001]	7324	-0.007063490804284811	-0.5137587	No	
row_53	HYAL2	hyaluronidase 2 [Source:HGNC Symbol;Acc:HGNC:5321]	7328	-0.007384639233350754	-0.51395416	No	
row_54	UBE2K	ubiquitin conjugating enzyme E2 K [Source:HGNC Symbol;Acc:HGNC:4914]	7431	-0.012234127148985863	-0.5216661	No	
row_55	CRTAM	cytotoxic and regulatory T cell molecule [Source:HGNC Symbol;Acc:HGNC:24313]	7467	-0.013651235960423946	-0.5242701	No	
row_56	AKIRIN2	akirin 2 [Source:HGNC Symbol;Acc:HGNC:21407]	7690	-0.024124056100845337	-0.5410662	No	
row_57	POLR3D	RNA polymerase III subunit D [Source:HGNC Symbol;Acc:HGNC:1080]	7786	-0.02878306433558464	-0.5481712	No	
row_58	MED1	mediator complex subunit 1 [Source:HGNC Symbol;Acc:HGNC:9234]	7872	-0.03352471441030502	-0.55449355	No	
row_59	MAVS	mitochondrial antiviral signaling protein [Source:HGNC Symbol;Acc:HGNC:29233]	8311	-0.05702131241559982	-0.5875897	No	
row_60	CD81	CD81 molecule [Source:HGNC Symbol;Acc:HGNC:1701]	8440	-0.0650256797671318	-0.5970453	No	
row_61	DHX9	DExH-box helicase 9 [Source:HGNC Symbol;Acc:HGNC:2750]	8493	-0.06751791387796402	-0.6007029	No	
row_62	PAK2	p21 (RAC1) activated kinase 2 [Source:HGNC Symbol;Acc:HGNC:8591]	8531	-0.0704568549990654	-0.60320514	No	
row_63	MAPK3	mitogen-activated protein kinase 3 [Source:HGNC Symbol;Acc:HGNC:6877]	8532	-0.07052652537822723	-0.6028898	No	
row_64	PDCD4	programmed cell death 4 [Source:HGNC Symbol;Acc:HGNC:8763]	8622	-0.07534072548151016	-0.6093297	No	
row_65	FEM1A	fem-1 homolog A [Source:HGNC Symbol;Acc:HGNC:16934]	8814	-0.0884372815489769	-0.62347776	No	
row_66	RNF185	ring finger protein 185 [Source:HGNC Symbol;Acc:HGNC:26783]	8825	-0.0889887660741806	-0.6238412	No	
row_67	TOMM70	translocase of outer mitochondrial membrane 70 [Source:HGNC Symbol;Acc:HGNC:11985]	8893	-0.09333007037639618	-0.62852556	No	
row_68	IL6ST	interleukin 6 signal transducer [Source:HGNC Symbol;Acc:HGNC:6021]	8935	-0.09584919363260269	-0.63121885	No	
row_69	LSM14A	LSM14A mRNA processing body assembly factor [Source:HGNC Symbol;Acc:HGNC:24489]	9006	-0.10102862864732742	-0.63609713	No	
row_70	USP27X	ubiquitin specific peptidase 27 X-linked [Source:HGNC Symbol;Acc:HGNC:13486]	9018	-0.10152212530374527	-0.63648075	No	
row_71	WNT5A	Wnt family member 5A [Source:HGNC Symbol;Acc:HGNC:12784]	9052	-0.10429193824529648	-0.63852715	No	
row_72	RBM14	RNA binding motif protein 14 [Source:HGNC Symbol;Acc:HGNC:14219]	9106	-0.10720554739236832	-0.6420834	No	
row_73	LRSAM1	leucine rich repeat and sterile alpha motif containing 1 [Source:HGNC Symbol;Acc:HGNC:25135]	9358	-0.12559708952903748	-0.6606339	No	
row_74	CD47	CD47 molecule [Source:HGNC Symbol;Acc:HGNC:1682]	9645	-0.15214423835277557	-0.68173075	No	
row_75	ZCCHC3	zinc finger CCHC-type containing 3 [Source:HGNC Symbol;Acc:HGNC:16230]	9671	-0.15487781167030334	-0.6829418	No	
row_76	TRPV4	transient receptor potential cation channel subfamily V member 4 [Source:HGNC Symbol;Acc:HGNC:18083]	9834	-0.17246970534324646	-0.6945059	No	
row_77	SLC15A4	solute carrier family 15 member 4 [Source:HGNC Symbol;Acc:HGNC:23090]	9853	-0.17477574944496155	-0.69509494	No	
row_78	SNX4	sorting nexin 4 [Source:HGNC Symbol;Acc:HGNC:11175]	9882	-0.17782345414161682	-0.69643176	No	
row_79	IL18	interleukin 18 [Source:HGNC Symbol;Acc:HGNC:5986]	9936	-0.1832057386636734	-0.69964814	No	
row_80	NONO	non-POU domain containing octamer binding [Source:HGNC Symbol;Acc:HGNC:7871]	10063	-0.19767099618911743	-0.7083584	No	
row_81	LPL	lipoprotein lipase [Source:HGNC Symbol;Acc:HGNC:6677]	10219	-0.21636037528514862	-0.7191932	No	
row_82	LDLR	low density lipoprotein receptor [Source:HGNC Symbol;Acc:HGNC:6547]	10236	-0.2182750105857849	-0.71943545	No	
row_83	MDK	midkine [Source:HGNC Symbol;Acc:HGNC:6972]	10300	-0.2271706908941269	-0.72321665	No	
row_84	RIOK3	RIO kinase 3 [Source:HGNC Symbol;Acc:HGNC:11451]	10309	-0.22821156680583954	-0.7228053	No	
row_85	POLR3C	RNA polymerase III subunit C [Source:HGNC Symbol;Acc:HGNC:30076]	10359	-0.23422332108020782	-0.725489	No	
row_86	TNIP1	TNFAIP3 interacting protein 1 [Source:HGNC Symbol;Acc:HGNC:16903]	10521	-0.25550931692123413	-0.73660564	No	
row_87	TRIM62	tripartite motif containing 62 [Source:HGNC Symbol;Acc:HGNC:25574]	10540	-0.25772079825401306	-0.73682374	No	
row_88	RPS19	ribosomal protein S19 [Source:HGNC Symbol;Acc:HGNC:10402]	10554	-0.2597241699695587	-0.7366522	No	
row_89	TRADD	TNFRSF1A associated via death domain [Source:HGNC Symbol;Acc:HGNC:12030]	10622	-0.2705908715724945	-0.74054384	No	
row_90	OPTN	optineurin [Source:HGNC Symbol;Acc:HGNC:17142]	10718	-0.2872796058654785	-0.74649286	No	
row_91	POLR3F	RNA polymerase III subunit F [Source:HGNC Symbol;Acc:HGNC:15763]	11011	-0.33221787214279175	-0.76724136	No	
row_92	TRIM41	tripartite motif containing 41 [Source:HGNC Symbol;Acc:HGNC:19013]	11109	-0.3512493073940277	-0.7730566	No	
row_93	ACE	angiotensin I converting enzyme [Source:HGNC Symbol;Acc:HGNC:2707]	11140	-0.35956647992134094	-0.7737331	No	
row_94	TBK1	TANK binding kinase 1 [Source:HGNC Symbol;Acc:HGNC:11584]	11170	-0.3692692518234253	-0.77428997	No	
row_95	PLA2G3	phospholipase A2 group III [Source:HGNC Symbol;Acc:HGNC:17934]	11417	-0.4342503547668457	-0.7910796	No	
row_96	LAMP1	lysosomal associated membrane protein 1 [Source:HGNC Symbol;Acc:HGNC:6499]	11439	-0.43872785568237305	-0.7907167	No	
row_97	ETS1	ETS proto-oncogene 1, transcription factor [Source:HGNC Symbol;Acc:HGNC:3488]	11494	-0.4558603763580322	-0.79279	No	
row_98	PVR	PVR cell adhesion molecule [Source:HGNC Symbol;Acc:HGNC:9705]	11618	-0.5014012455940247	-0.7999136	No	
row_99	TREM2	triggering receptor expressed on myeloid cells 2 [Source:HGNC Symbol;Acc:HGNC:17761]	11625	-0.5038224458694458	-0.79811746	No	
row_100	IDO1	indoleamine 2,3-dioxygenase 1 [Source:HGNC Symbol;Acc:HGNC:6059]	11642	-0.5122662782669067	-0.79704505	No	
row_101	CASP6	caspase 6 [Source:HGNC Symbol;Acc:HGNC:1507]	11784	-0.5802222490310669	-0.80518675	No	
row_102	JAK2	Janus kinase 2 [Source:HGNC Symbol;Acc:HGNC:6192]	11827	-0.6027401089668274	-0.8056895	No	
row_103	IL33	interleukin 33 [Source:HGNC Symbol;Acc:HGNC:16028]	11833	-0.6050872206687927	-0.80336446	No	
row_104	ADORA2B	adenosine A2b receptor [Source:HGNC Symbol;Acc:HGNC:264]	11903	-0.6444120407104492	-0.8057367	No	
row_105	TRAF6	TNF receptor associated factor 6 [Source:HGNC Symbol;Acc:HGNC:12036]	11923	-0.6538277268409729	-0.8042597	No	
row_106	RNF31	ring finger protein 31 [Source:HGNC Symbol;Acc:HGNC:16031]	11987	-0.6860858201980591	-0.8059888	Yes	
row_107	NFKBIA	NFKB inhibitor alpha [Source:HGNC Symbol;Acc:HGNC:7797]	11996	-0.6915857791900635	-0.80350536	Yes	
row_108	IL17RA	interleukin 17 receptor A [Source:HGNC Symbol;Acc:HGNC:5985]	11997	-0.6918795704841614	-0.80041146	Yes	
row_109	STAP1	signal transducing adaptor family member 1 [Source:HGNC Symbol;Acc:HGNC:24133]	12035	-0.7126943469047546	-0.8000418	Yes	
row_110	VAMP8	vesicle associated membrane protein 8 [Source:HGNC Symbol;Acc:HGNC:12647]	12039	-0.7152400612831116	-0.7970719	Yes	
row_111	CGAS	cyclic GMP-AMP synthase [Source:HGNC Symbol;Acc:HGNC:21367]	12155	-0.7976584434509277	-0.80226153	Yes	
row_112	LBP	lipopolysaccharide binding protein [Source:HGNC Symbol;Acc:HGNC:6517]	12167	-0.8066551089286804	-0.79949194	Yes	
row_113	NECTIN2	nectin cell adhesion molecule 2 [Source:HGNC Symbol;Acc:HGNC:9707]	12209	-0.8350293636322021	-0.7988798	Yes	
row_114	ZNFX1	zinc finger NFX1-type containing 1 [Source:HGNC Symbol;Acc:HGNC:29271]	12284	-0.8929374814033508	-0.8005215	Yes	
row_115	PTGS2	prostaglandin-endoperoxide synthase 2 [Source:HGNC Symbol;Acc:HGNC:9605]	12288	-0.902088463306427	-0.79671603	Yes	
row_116	LGALS1	galectin 1 [Source:HGNC Symbol;Acc:HGNC:6561]	12323	-0.9330882430076599	-0.7951324	Yes	
row_117	GRN	granulin precursor [Source:HGNC Symbol;Acc:HGNC:4601]	12330	-0.9392642974853516	-0.7913891	Yes	
row_118	FADD	Fas associated via death domain [Source:HGNC Symbol;Acc:HGNC:3573]	12345	-0.9544616937637329	-0.788187	Yes	
row_119	CD28	CD28 molecule [Source:HGNC Symbol;Acc:HGNC:1653]	12423	-1.046858549118042	-0.7893688	Yes	
row_120	NINJ1	ninjurin 1 [Source:HGNC Symbol;Acc:HGNC:7824]	12428	-1.052708625793457	-0.78496593	Yes	
row_121	RIPK2	receptor interacting serine/threonine kinase 2 [Source:HGNC Symbol;Acc:HGNC:10020]	12458	-1.0947935581207275	-0.7822785	Yes	
row_122	LYN	LYN proto-oncogene, Src family tyrosine kinase [Source:HGNC Symbol;Acc:HGNC:6735]	12499	-1.154542088508606	-0.78016144	Yes	
row_123	HMGB2	high mobility group box 2 [Source:HGNC Symbol;Acc:HGNC:5000]	12517	-1.1749645471572876	-0.7762017	Yes	
row_124	TIRAP	TIR domain containing adaptor protein [Source:HGNC Symbol;Acc:HGNC:17192]	12592	-1.2793903350830078	-0.7761153	Yes	
row_125	CEBPA	CCAAT enhancer binding protein alpha [Source:HGNC Symbol;Acc:HGNC:1833]	12597	-1.2880573272705078	-0.77066004	Yes	
row_126	TYROBP	TYRO protein tyrosine kinase binding protein [Source:HGNC Symbol;Acc:HGNC:12449]	12598	-1.2893348932266235	-0.7648944	Yes	
row_127	NOD1	nucleotide binding oligomerization domain containing 1 [Source:HGNC Symbol;Acc:HGNC:16390]	12609	-1.3084510564804077	-0.75980484	Yes	
row_128	NUPR1	nuclear protein 1, transcriptional regulator [Source:HGNC Symbol;Acc:HGNC:29990]	12613	-1.3116862773895264	-0.75416774	Yes	
row_129	EMILIN1	elastin microfibril interfacer 1 [Source:HGNC Symbol;Acc:HGNC:19880]	12616	-1.3163834810256958	-0.7484335	Yes	
row_130	TRIM56	tripartite motif containing 56 [Source:HGNC Symbol;Acc:HGNC:19028]	12654	-1.3731642961502075	-0.7451104	Yes	
row_131	PIK3CG	phosphatidylinositol-4,5-bisphosphate 3-kinase catalytic subunit gamma [Source:HGNC Symbol;Acc:HGNC:8978]	12660	-1.3965299129486084	-0.7392462	Yes	
row_132	CEBPB	CCAAT enhancer binding protein beta [Source:HGNC Symbol;Acc:HGNC:1834]	12673	-1.4194316864013672	-0.7338126	Yes	
row_133	PTGER4	prostaglandin E receptor 4 [Source:HGNC Symbol;Acc:HGNC:9596]	12683	-1.4383174180984497	-0.7280661	Yes	
row_134	EMILIN2	elastin microfibril interfacer 2 [Source:HGNC Symbol;Acc:HGNC:19881]	12691	-1.4469263553619385	-0.7221288	Yes	
row_135	TNFRSF11A	TNF receptor superfamily member 11a [Source:HGNC Symbol;Acc:HGNC:11908]	12715	-1.498356819152832	-0.71717983	Yes	
row_136	TLR3	toll like receptor 3 [Source:HGNC Symbol;Acc:HGNC:11849]	12716	-1.505021572113037	-0.7104498	Yes	
row_137	MGST2	microsomal glutathione S-transferase 2 [Source:HGNC Symbol;Acc:HGNC:7063]	12722	-1.519858717918396	-0.7040341	Yes	
row_138	NFKBIZ	NFKB inhibitor zeta [Source:HGNC Symbol;Acc:HGNC:29805]	12727	-1.5256743431091309	-0.69751626	Yes	
row_139	TNFRSF1A	TNF receptor superfamily member 1A [Source:HGNC Symbol;Acc:HGNC:11916]	12729	-1.5303750038146973	-0.69074893	Yes	
row_140	ADAM8	ADAM metallopeptidase domain 8 [Source:HGNC Symbol;Acc:HGNC:215]	12730	-1.5315771102905273	-0.6839001	Yes	
row_141	HPX	hemopexin [Source:HGNC Symbol;Acc:HGNC:5171]	12748	-1.561322808265686	-0.67821276	Yes	
row_142	BTK	Bruton tyrosine kinase [Source:HGNC Symbol;Acc:HGNC:1133]	12793	-1.687743902206421	-0.67401594	Yes	
row_143	CLEC6A	C-type lectin domain containing 6A [Source:HGNC Symbol;Acc:HGNC:14556]	12802	-1.7152905464172363	-0.66695476	Yes	
row_144	ALOX5AP	arachidonate 5-lipoxygenase activating protein [Source:HGNC Symbol;Acc:HGNC:436]	12803	-1.716362714767456	-0.6592796	Yes	
row_145	CTSC	cathepsin C [Source:HGNC Symbol;Acc:HGNC:2528]	12815	-1.7535220384597778	-0.6522759	Yes	
row_146	S100A9	S100 calcium binding protein A9 [Source:HGNC Symbol;Acc:HGNC:10499]	12842	-1.8434122800827026	-0.64601237	Yes	
row_147	RIPK1	receptor interacting serine/threonine kinase 1 [Source:HGNC Symbol;Acc:HGNC:10019]	12845	-1.8497005701065063	-0.63789326	Yes	
row_148	FFAR2	free fatty acid receptor 2 [Source:HGNC Symbol;Acc:HGNC:4501]	12858	-1.8681418895721436	-0.63045317	Yes	
row_149	ARG1	arginase 1 [Source:HGNC Symbol;Acc:HGNC:663]	12859	-1.8745911121368408	-0.6220705	Yes	
row_150	PLSCR1	phospholipid scramblase 1 [Source:HGNC Symbol;Acc:HGNC:9092]	12860	-1.8749125003814697	-0.6136863	Yes	
row_151	NOD2	nucleotide binding oligomerization domain containing 2 [Source:HGNC Symbol;Acc:HGNC:5331]	12865	-1.8870857954025269	-0.6055524	Yes	
row_152	IKBKE	inhibitor of nuclear factor kappa B kinase subunit epsilon [Source:HGNC Symbol;Acc:HGNC:14552]	12882	-1.9334088563919067	-0.5981249	Yes	
row_153	PYCARD	PYD and CARD domain containing [Source:HGNC Symbol;Acc:HGNC:16608]	12886	-1.946400761604309	-0.58964956	Yes	
row_154	TXK	TXK tyrosine kinase [Source:HGNC Symbol;Acc:HGNC:12434]	12887	-1.9520033597946167	-0.5809207	Yes	
row_155	CYBA	cytochrome b-245 alpha chain [Source:HGNC Symbol;Acc:HGNC:2577]	12892	-1.9694020748138428	-0.57241863	Yes	
row_156	CD1D	CD1d molecule [Source:HGNC Symbol;Acc:HGNC:1637]	12909	-2.011352062225342	-0.56464267	Yes	
row_157	CCL3	C-C motif chemokine ligand 3 [Source:HGNC Symbol;Acc:HGNC:10627]	12910	-2.0173068046569824	-0.5556218	Yes	
row_158	GPSM3	G protein signaling modulator 3 [Source:HGNC Symbol;Acc:HGNC:13945]	12927	-2.0553081035614014	-0.5476493	Yes	
row_159	IL15	interleukin 15 [Source:HGNC Symbol;Acc:HGNC:5977]	12930	-2.0606555938720703	-0.53858685	Yes	
row_160	VAV1	vav guanine nucleotide exchange factor 1 [Source:HGNC Symbol;Acc:HGNC:12657]	12932	-2.0627310276031494	-0.52943903	Yes	
row_161	SYK	spleen associated tyrosine kinase [Source:HGNC Symbol;Acc:HGNC:11491]	12934	-2.071566104888916	-0.52025163	Yes	
row_162	NMI	N-myc and STAT interactor [Source:HGNC Symbol;Acc:HGNC:7854]	12937	-2.080019235610962	-0.5111026	Yes	
row_163	S100A8	S100 calcium binding protein A8 [Source:HGNC Symbol;Acc:HGNC:10498]	12947	-2.1063108444213867	-0.50236905	Yes	
row_164	HAVCR2	hepatitis A virus cellular receptor 2 [Source:HGNC Symbol;Acc:HGNC:18437]	12958	-2.150355339050293	-0.49351466	Yes	
row_165	IRGM	immunity related GTPase M [Source:HGNC Symbol;Acc:HGNC:29597]	12973	-2.189880847930908	-0.4847881	Yes	
row_166	TRIM6	tripartite motif containing 6 [Source:HGNC Symbol;Acc:HGNC:16277]	12976	-2.20326828956604	-0.4750879	Yes	
row_167	LILRA5	leukocyte immunoglobulin like receptor A5 [Source:HGNC Symbol;Acc:HGNC:16309]	12982	-2.218184232711792	-0.4655495	Yes	
row_168	SLAMF6	SLAM family member 6 [Source:HGNC Symbol;Acc:HGNC:21392]	12985	-2.2255918979644775	-0.4557495	Yes	
row_169	CASP1	caspase 1 [Source:HGNC Symbol;Acc:HGNC:1499]	12991	-2.260185956954956	-0.44602326	Yes	
row_170	CCR7	C-C motif chemokine receptor 7 [Source:HGNC Symbol;Acc:HGNC:1608]	13001	-2.284374713897705	-0.43649343	Yes	
row_171	IL6	interleukin 6 [Source:HGNC Symbol;Acc:HGNC:6018]	13013	-2.304513931274414	-0.4270258	Yes	
row_172	GBP5	guanylate binding protein 5 [Source:HGNC Symbol;Acc:HGNC:19895]	13015	-2.319401741027832	-0.41673017	Yes	
row_173	CCL5	C-C motif chemokine ligand 5 [Source:HGNC Symbol;Acc:HGNC:10632]	13016	-2.320327043533325	-0.40635428	Yes	
row_174	TRIM5	tripartite motif containing 5 [Source:HGNC Symbol;Acc:HGNC:16276]	13019	-2.3257625102996826	-0.39610636	Yes	
row_175	PARP9	poly(ADP-ribose) polymerase family member 9 [Source:HGNC Symbol;Acc:HGNC:24118]	13045	-2.3888864517211914	-0.38732746	Yes	
row_176	IFI35	interferon induced protein 35 [Source:HGNC Symbol;Acc:HGNC:5399]	13054	-2.4258947372436523	-0.37708864	Yes	
row_177	MMP8	matrix metallopeptidase 8 [Source:HGNC Symbol;Acc:HGNC:7175]	13065	-2.449568510055542	-0.36689624	Yes	
row_178	AIM2	absent in melanoma 2 [Source:HGNC Symbol;Acc:HGNC:357]	13067	-2.460636615753174	-0.35596904	Yes	
row_179	MNDA	myeloid cell nuclear differentiation antigen [Source:HGNC Symbol;Acc:HGNC:7183]	13084	-2.5153844356536865	-0.3459392	Yes	
row_180	IRF7	interferon regulatory factor 7 [Source:HGNC Symbol;Acc:HGNC:6122]	13088	-2.53041410446167	-0.33485228	Yes	
row_181	IFNB1	interferon beta 1 [Source:HGNC Symbol;Acc:HGNC:5434]	13099	-2.5572633743286133	-0.32417828	Yes	
row_182	OSM	oncostatin M [Source:HGNC Symbol;Acc:HGNC:8506]	13105	-2.573533058166504	-0.31305084	Yes	
row_183	OSMR	oncostatin M receptor [Source:HGNC Symbol;Acc:HGNC:8507]	13110	-2.5829877853393555	-0.30180496	Yes	
row_184	SPI1	Spi-1 proto-oncogene [Source:HGNC Symbol;Acc:HGNC:11241]	13133	-2.6677331924438477	-0.2915507	Yes	
row_185	TLR7	toll like receptor 7 [Source:HGNC Symbol;Acc:HGNC:15631]	13136	-2.6877198219299316	-0.2796842	Yes	
row_186	KLRD1	killer cell lectin like receptor D1 [Source:HGNC Symbol;Acc:HGNC:6378]	13141	-2.69734525680542	-0.26792693	Yes	
row_187	HCK	HCK proto-oncogene, Src family tyrosine kinase [Source:HGNC Symbol;Acc:HGNC:4840]	13144	-2.7148704528808594	-0.25593904	Yes	
row_188	ZBP1	Z-DNA binding protein 1 [Source:HGNC Symbol;Acc:HGNC:16176]	13159	-2.755458116531372	-0.24468334	Yes	
row_189	IL1B	interleukin 1 beta [Source:HGNC Symbol;Acc:HGNC:5992]	13160	-2.7633743286132812	-0.23232624	Yes	
row_190	TLR4	toll like receptor 4 [Source:HGNC Symbol;Acc:HGNC:11850]	13184	-2.874952554702759	-0.2212215	Yes	
row_191	C3	complement C3 [Source:HGNC Symbol;Acc:HGNC:1318]	13187	-2.885869026184082	-0.20846893	Yes	
row_192	NKG7	natural killer cell granule protein 7 [Source:HGNC Symbol;Acc:HGNC:7830]	13190	-2.903459072113037	-0.1956377	Yes	
row_193	CCR2	C-C motif chemokine receptor 2 [Source:HGNC Symbol;Acc:HGNC:1603]	13202	-2.941856861114502	-0.18332006	Yes	
row_194	PYHIN1	pyrin and HIN domain family member 1 [Source:HGNC Symbol;Acc:HGNC:28894]	13210	-2.9802963733673096	-0.17052594	Yes	
row_195	PLCG2	phospholipase C gamma 2 [Source:NCBI gene;Acc:5336]	13222	-3.042161464691162	-0.15775977	Yes	
row_196	SERPINE1	serpin family E member 1 [Source:HGNC Symbol;Acc:HGNC:8583]	13240	-3.148061752319336	-0.14497688	Yes	
row_197	IFNG	interferon gamma [Source:HGNC Symbol;Acc:HGNC:5438]	13245	-3.171190023422241	-0.13110071	Yes	
row_198	NLRC5	NLR family CARD domain containing 5 [Source:HGNC Symbol;Acc:HGNC:29933]	13251	-3.2144079208374023	-0.117107436	Yes	
row_199	KLRK1	killer cell lectin like receptor K1 [Source:HGNC Symbol;Acc:HGNC:18788]	13253	-3.2218995094299316	-0.10277607	Yes	
row_200	KLK7	kallikrein related peptidase 7 [Source:HGNC Symbol;Acc:HGNC:6368]	13275	-3.3562138080596924	-0.08936697	Yes	
row_201	TLR2	toll like receptor 2 [Source:HGNC Symbol;Acc:HGNC:11848]	13308	-3.8438563346862793	-0.074614845	Yes	
row_202	FPR2	formyl peptide receptor 2 [Source:HGNC Symbol;Acc:HGNC:3827]	13320	-4.141956329345703	-0.056930665	Yes	
row_203	IL12B	interleukin 12B [Source:HGNC Symbol;Acc:HGNC:5970]	13321	-4.15106201171875	-0.038368184	Yes	
row_204	CLEC7A	C-type lectin domain containing 7A [Source:HGNC Symbol;Acc:HGNC:14558]	13326	-4.382608890533447	-0.01907486	Yes	
row_205	TNF	tumor necrosis factor [Source:HGNC Symbol;Acc:HGNC:11892]	13331	-4.453005790710449	5.3326203E-4	Yes	
