NAME	SYMBOL	TITLE	RANK IN GENE LIST	RANK METRIC SCORE	RUNNING ES	CORE ENRICHMENT	
row_0	Gbx2	gastrulation brain homeobox 2 [Source:MGI Symbol;Acc:MGI:95668]	88	1.4167084693908691	0.042984195	Yes	
row_1	Ascl1	achaete-scute family bHLH transcription factor 1 [Source:MGI Symbol;Acc:MGI:96919]	216	1.1120954751968384	0.0729454	Yes	
row_2	Ephb3	Eph receptor B3 [Source:MGI Symbol;Acc:MGI:104770]	350	0.9557775855064392	0.09713834	Yes	
row_3	Dcc	DCC netrin 1 receptor [Source:MGI Symbol;Acc:MGI:94869]	392	0.9178470373153687	0.12603186	Yes	
row_4	Dubr	Dppa2 upstream binding RNA [Source:MGI Symbol;Acc:MGI:1915440]	414	0.8947732448577881	0.15543722	Yes	
row_5	Ntf3	neurotrophin 3 [Source:MGI Symbol;Acc:MGI:97380]	517	0.814836859703064	0.17680594	Yes	
row_6	Rac3	Rac family small GTPase 3 [Source:MGI Symbol;Acc:MGI:2180784]	556	0.7855027318000793	0.20134324	Yes	
row_7	Gli2	GLI-Kruppel family member GLI2 [Source:MGI Symbol;Acc:MGI:95728]	578	0.7694270610809326	0.22643727	Yes	
row_8	Disc1	disrupted in schizophrenia 1 [Source:MGI Symbol;Acc:MGI:2447658]	717	0.6982313394546509	0.2414454	Yes	
row_9	Nr4a2	nuclear receptor subfamily 4, group A, member 2 [Source:MGI Symbol;Acc:MGI:1352456]	931	0.609897255897522	0.2485197	Yes	
row_10	D130043K22Rik	RIKEN cDNA D130043K22 gene [Source:MGI Symbol;Acc:MGI:3036268]	962	0.5998759269714355	0.26719448	Yes	
row_11	Agbl4	ATP/GTP binding protein-like 4 [Source:MGI Symbol;Acc:MGI:1918244]	1032	0.5748801827430725	0.28246382	Yes	
row_12	Plxna3	plexin A3 [Source:MGI Symbol;Acc:MGI:107683]	1181	0.5301217436790466	0.29103702	Yes	
row_13	Drd2	dopamine receptor D2 [Source:MGI Symbol;Acc:MGI:94924]	1192	0.525939404964447	0.3084742	Yes	
row_14	Lhx6	LIM homeobox protein 6 [Source:MGI Symbol;Acc:MGI:1306803]	1213	0.5202452540397644	0.32506278	Yes	
row_15	Cdh11	cadherin 11 [Source:MGI Symbol;Acc:MGI:99217]	1258	0.5051093697547913	0.33956417	Yes	
row_16	Slit2	slit guidance ligand 2 [Source:MGI Symbol;Acc:MGI:1315205]	1562	0.43397653102874756	0.33471292	Yes	
row_17	Fezf2	Fez family zinc finger 2 [Source:MGI Symbol;Acc:MGI:1859823]	1657	0.4165298640727997	0.34290388	Yes	
row_18	Arhgef28	Rho guanine nucleotide exchange factor 28 [Source:MGI Symbol;Acc:MGI:1346016]	1779	0.39462459087371826	0.34857902	Yes	
row_19	Sema3a	sema domain, immunoglobulin domain (Ig), short basic domain, secreted, (semaphorin) 3A [Source:MGI Symbol;Acc:MGI:107558]	1845	0.3840790390968323	0.35754678	Yes	
row_20	Ephb2	Eph receptor B2 [Source:MGI Symbol;Acc:MGI:99611]	2001	0.3605872094631195	0.35983184	Yes	
row_21	Nr2e1	nuclear receptor subfamily 2, group E, member 1 [Source:MGI Symbol;Acc:MGI:1100526]	2104	0.3460460901260376	0.36507627	Yes	
row_22	Nova2	NOVA alternative splicing regulator 2 [Source:MGI Symbol;Acc:MGI:104296]	2199	0.3348112404346466	0.3704565	Yes	
row_23	L1cam	L1 cell adhesion molecule [Source:MGI Symbol;Acc:MGI:96721]	2223	0.331916481256485	0.3803716	Yes	
row_24	Robo2	roundabout guidance receptor 2 [Source:MGI Symbol;Acc:MGI:1890110]	2239	0.3300425112247467	0.39074445	Yes	
row_25	Ndnf	neuron-derived neurotrophic factor [Source:MGI Symbol;Acc:MGI:1915419]	2263	0.3274715542793274	0.40050668	Yes	
row_26	Nrp1	neuropilin 1 [Source:MGI Symbol;Acc:MGI:106206]	2315	0.3212581276893616	0.4082275	Yes	
row_27	Lingo1	leucine rich repeat and Ig domain containing 1 [Source:MGI Symbol;Acc:MGI:1915522]	2366	0.31417983770370483	0.41577014	Yes	
row_28	Robo1	roundabout guidance receptor 1 [Source:MGI Symbol;Acc:MGI:1274781]	2488	0.3002241849899292	0.41819832	Yes	
row_29	Sall3	spalt like transcription factor 3 [Source:MGI Symbol;Acc:MGI:109295]	2607	0.2873774468898773	0.42038044	Yes	
row_30	Sox1	SRY (sex determining region Y)-box 1 [Source:MGI Symbol;Acc:MGI:98357]	2741	0.27212774753570557	0.42105895	Yes	
row_31	Plxna4	plexin A4 [Source:MGI Symbol;Acc:MGI:2179061]	2774	0.26972368359565735	0.42824742	Yes	
row_32	Prdm8	PR domain containing 8 [Source:MGI Symbol;Acc:MGI:1924880]	2945	0.2542364299297333	0.4258954	Yes	
row_33	Drd1	dopamine receptor D1 [Source:MGI Symbol;Acc:MGI:99578]	2999	0.2490902841091156	0.43100345	Yes	
row_34	Sema3e	sema domain, immunoglobulin domain (Ig), short basic domain, secreted, (semaphorin) 3E [Source:MGI Symbol;Acc:MGI:1340034]	3066	0.24334816634655	0.43506542	Yes	
row_35	Ephb1	Eph receptor B1 [Source:MGI Symbol;Acc:MGI:1096337]	3100	0.24106372892856598	0.44120288	Yes	
row_36	Adarb1	adenosine deaminase, RNA-specific, B1 [Source:MGI Symbol;Acc:MGI:891999]	3236	0.23142562806606293	0.44035086	Yes	
row_37	Arx	aristaless related homeobox [Source:MGI Symbol;Acc:MGI:1097716]	3258	0.23002415895462036	0.44689187	Yes	
row_38	Btg2	BTG anti-proliferation factor 2 [Source:MGI Symbol;Acc:MGI:108384]	3296	0.22651006281375885	0.45226765	Yes	
row_39	Wdr47	WD repeat domain 47 [Source:MGI Symbol;Acc:MGI:2139593]	3303	0.22581955790519714	0.45964316	Yes	
row_40	Plxna1	plexin A1 [Source:MGI Symbol;Acc:MGI:107685]	3310	0.22550244629383087	0.4670078	Yes	
row_41	Secisbp2	SECIS binding protein 2 [Source:MGI Symbol;Acc:MGI:1922670]	3354	0.22249871492385864	0.47185394	Yes	
row_42	Fgfr2	fibroblast growth factor receptor 2 [Source:MGI Symbol;Acc:MGI:95523]	3395	0.21953245997428894	0.4767939	Yes	
row_43	Sptbn4	spectrin beta, non-erythrocytic 4 [Source:MGI Symbol;Acc:MGI:1890574]	3453	0.2155010998249054	0.4804855	Yes	
row_44	Ogdh	oxoglutarate (alpha-ketoglutarate) dehydrogenase (lipoamide) [Source:MGI Symbol;Acc:MGI:1098267]	3687	0.19957037270069122	0.47214094	Yes	
row_45	Ntrk2	neurotrophic tyrosine kinase, receptor, type 2 [Source:MGI Symbol;Acc:MGI:97384]	3714	0.1979227215051651	0.47725147	Yes	
row_46	Lhx8	LIM homeobox protein 8 [Source:MGI Symbol;Acc:MGI:1096343]	3767	0.1952916532754898	0.48057434	Yes	
row_47	Prkca	protein kinase C, alpha [Source:MGI Symbol;Acc:MGI:97595]	4078	0.17622670531272888	0.46640074	No	
row_48	Nhlh2	nescient helix loop helix 2 [Source:MGI Symbol;Acc:MGI:97324]	4356	0.16175322234630585	0.45388338	No	
row_49	Epha4	Eph receptor A4 [Source:MGI Symbol;Acc:MGI:98277]	4612	0.14914333820343018	0.44236833	No	
row_50	Chrnb2	cholinergic receptor nicotinic beta 2 subunit [Source:MGI Symbol;Acc:MGI:87891]	4739	0.1430443674325943	0.43906388	No	
row_51	Scn1b	sodium channel, voltage-gated, type I, beta [Source:MGI Symbol;Acc:MGI:98247]	4835	0.1386246681213379	0.4376309	No	
row_52	Foxg1	forkhead box G1 [Source:MGI Symbol;Acc:MGI:1347464]	4862	0.13706979155540466	0.44064832	No	
row_53	Dclk1	doublecortin-like kinase 1 [Source:MGI Symbol;Acc:MGI:1330861]	4953	0.13322849571704865	0.43935612	No	
row_54	Npy	neuropeptide Y [Source:MGI Symbol;Acc:MGI:97374]	5102	0.1270381659269333	0.43406507	No	
row_55	Agtpbp1	ATP/GTP binding protein 1 [Source:MGI Symbol;Acc:MGI:2159437]	5205	0.12199988216161728	0.43160334	No	
row_56	Gabrb1	gamma-aminobutyric acid type A receptor subunit beta 1 [Source:MGI Symbol;Acc:MGI:95619]	5294	0.1181936040520668	0.42992455	No	
row_57	Arhgap35	Rho GTPase activating protein 35 [Source:MGI Symbol;Acc:MGI:1929494]	5306	0.11777398735284805	0.4332574	No	
row_58	Cdk5	cyclin dependent kinase 5 [Source:MGI Symbol;Acc:MGI:101765]	5506	0.10983932018280029	0.42404583	No	
row_59	Slc4a10	solute carrier family 4, sodium bicarbonate cotransporter-like, member 10 [Source:MGI Symbol;Acc:MGI:2150150]	5536	0.10887247323989868	0.4258976	No	
row_60	Gnaq	guanine nucleotide binding protein, alpha q polypeptide [Source:MGI Symbol;Acc:MGI:95776]	5622	0.10503185540437698	0.4239619	No	
row_61	Uqcrq	ubiquinol-cytochrome c reductase, complex III subunit VII [Source:MGI Symbol;Acc:MGI:107807]	5645	0.10408724844455719	0.426106	No	
row_62	Mycbp2	MYC binding protein 2, E3 ubiquitin protein ligase [Source:MGI Symbol;Acc:MGI:2179432]	5651	0.10397317260503769	0.42935583	No	
row_63	Cntn2	contactin 2 [Source:MGI Symbol;Acc:MGI:104518]	5714	0.10188526660203934	0.42881322	No	
row_64	Kifbp	kinesin family binding protein [Source:MGI Symbol;Acc:MGI:1919570]	5730	0.10090874880552292	0.43130493	No	
row_65	Szt2	SZT2 subunit of KICSTOR complex [Source:MGI Symbol;Acc:MGI:3033336]	5891	0.09461203962564468	0.42411527	No	
row_66	Pals1	protein associated with LIN7 1, MAGUK family member [Source:MGI Symbol;Acc:MGI:1927339]	5952	0.0923457220196724	0.4233751	No	
row_67	Crk	v-crk avian sarcoma virus CT10 oncogene homolog [Source:MGI Symbol;Acc:MGI:88508]	6219	0.08166471123695374	0.40882108	No	
row_68	Atg7	autophagy related 7 [Source:MGI Symbol;Acc:MGI:1921494]	6276	0.07955393940210342	0.407902	No	
row_69	Hprt1	hypoxanthine phosphoribosyltransferase 1 [Source:MGI Symbol;Acc:MGI:96217]	6309	0.0781039446592331	0.40849966	No	
row_70	B4galt6	UDP-Gal:betaGlcNAc beta 1,4-galactosyltransferase, polypeptide 6 [Source:MGI Symbol;Acc:MGI:1928380]	6344	0.0770263820886612	0.4089297	No	
row_71	Nfib	nuclear factor I/B [Source:MGI Symbol;Acc:MGI:103188]	6620	0.06679484248161316	0.39327675	No	
row_72	Zeb2	zinc finger E-box binding homeobox 2 [Source:MGI Symbol;Acc:MGI:1344407]	6733	0.06295271962881088	0.38813132	No	
row_73	Pafah1b1	platelet-activating factor acetylhydrolase, isoform 1b, subunit 1 [Source:MGI Symbol;Acc:MGI:109520]	7111	0.04799214005470276	0.3651737	No	
row_74	Ndel1	nudE neurodevelopment protein 1 like 1 [Source:MGI Symbol;Acc:MGI:1932915]	7120	0.04767748713493347	0.36629137	No	
row_75	Ptk2	PTK2 protein tyrosine kinase 2 [Source:MGI Symbol;Acc:MGI:95481]	7595	0.02834816463291645	0.33632648	No	
row_76	Nrp2	neuropilin 2 [Source:MGI Symbol;Acc:MGI:1100492]	7809	0.019352370873093605	0.3230887	No	
row_77	Brinp1	bone morphogenic protein/retinoic acid inducible neural specific 1 [Source:MGI Symbol;Acc:MGI:1928478]	7840	0.01845989003777504	0.32176542	No	
row_78	Crkl	v-crk avian sarcoma virus CT10 oncogene homolog-like [Source:MGI Symbol;Acc:MGI:104686]	7968	0.013397449627518654	0.3139364	No	
row_79	Taok1	TAO kinase 1 [Source:MGI Symbol;Acc:MGI:1914490]	8025	0.010872004553675652	0.31065503	No	
row_80	Dcx	doublecortin [Source:MGI Symbol;Acc:MGI:1277171]	8105	0.006842372007668018	0.3057337	No	
row_81	Nanos1	nanos C2HC-type zinc finger 1 [Source:MGI Symbol;Acc:MGI:2669254]	8196	0.0030347020365297794	0.2999634	No	
row_82	Nin	ninein [Source:MGI Symbol;Acc:MGI:105108]	8381	-0.004322619643062353	0.28810164	No	
row_83	Fbxo45	F-box protein 45 [Source:MGI Symbol;Acc:MGI:2447775]	8452	-0.007474714424461126	0.28378955	No	
row_84	Ubb	ubiquitin B [Source:MGI Symbol;Acc:MGI:98888]	8906	-0.026133393868803978	0.25511923	No	
row_85	Rapgef2	Rap guanine nucleotide exchange factor (GEF) 2 [Source:MGI Symbol;Acc:MGI:2659071]	9136	-0.03687433898448944	0.24143976	No	
row_86	Samd4b	sterile alpha motif domain containing 4B [Source:MGI Symbol;Acc:MGI:2448542]	9317	-0.04463101178407669	0.23122552	No	
row_87	Bhlhe22	basic helix-loop-helix family, member e22 [Source:MGI Symbol;Acc:MGI:1930001]	9321	-0.04485892504453659	0.23257264	No	
row_88	Zmiz1	zinc finger, MIZ-type containing 1 [Source:MGI Symbol;Acc:MGI:3040693]	9559	-0.057385873049497604	0.21907648	No	
row_89	Pten	phosphatase and tensin homolog [Source:MGI Symbol;Acc:MGI:109583]	9894	-0.0750245675444603	0.19985542	No	
row_90	Scyl2	SCY1-like 2 (S. cerevisiae) [Source:MGI Symbol;Acc:MGI:1289172]	10030	-0.08347102999687195	0.19391443	No	
row_91	Wnt5a	wingless-type MMTV integration site family, member 5A [Source:MGI Symbol;Acc:MGI:98958]	10388	-0.10429193824529648	0.17419872	No	
row_92	Fgfr1	fibroblast growth factor receptor 1 [Source:MGI Symbol;Acc:MGI:95522]	10489	-0.11007554829120636	0.17145741	No	
row_93	Dclk2	doublecortin-like kinase 2 [Source:MGI Symbol;Acc:MGI:1918012]	10755	-0.12820486724376678	0.15856943	No	
row_94	Tctn1	tectonic family member 1 [Source:MGI Symbol;Acc:MGI:3603820]	11019	-0.14762957394123077	0.1464801	No	
row_95	Tfap2a	transcription factor AP-2, alpha [Source:MGI Symbol;Acc:MGI:104671]	11049	-0.15083415806293488	0.14977516	No	
row_96	B4galt5	UDP-Gal:betaGlcNAc beta 1,4-galactosyltransferase, polypeptide 5 [Source:MGI Symbol;Acc:MGI:1927169]	11294	-0.17394958436489105	0.13983135	No	
row_97	Phox2b	paired-like homeobox 2b [Source:MGI Symbol;Acc:MGI:1100882]	11334	-0.17721256613731384	0.14338095	No	
row_98	Gba2	glucosidase beta 2 [Source:MGI Symbol;Acc:MGI:2654325]	11566	-0.2000831961631775	0.13518457	No	
row_99	Spg11	SPG11, spatacsin vesicle trafficking associated [Source:MGI Symbol;Acc:MGI:2444989]	12338	-0.2926205098628998	0.09492302	No	
row_100	Atp7a	ATPase, copper transporting, alpha polypeptide [Source:MGI Symbol;Acc:MGI:99400]	12656	-0.33712053298950195	0.08582652	No	
row_101	Rac1	Rac family small GTPase 1 [Source:MGI Symbol;Acc:MGI:97845]	12678	-0.34090420603752136	0.09618132	No	
row_102	Atf5	activating transcription factor 5 [Source:MGI Symbol;Acc:MGI:2141857]	12955	-0.3982361853122711	0.09186317	No	
row_103	Tsku	tsukushi, small leucine rich proteoglycan [Source:MGI Symbol;Acc:MGI:2443855]	13693	-0.6450995206832886	0.065944605	No	
row_104	Gata2	GATA binding protein 2 [Source:MGI Symbol;Acc:MGI:95662]	14563	-1.3658682107925415	0.056201015	No	
