NAME	SYMBOL	TITLE	RANK IN GENE LIST	RANK METRIC SCORE	RUNNING ES	CORE ENRICHMENT	
row_0	GBX2	gastrulation brain homeobox 2 [Source:HGNC Symbol;Acc:HGNC:4186]	54	1.4167084693908691	0.05810252	Yes	
row_1	ASCL1	achaete-scute family bHLH transcription factor 1 [Source:HGNC Symbol;Acc:HGNC:738]	135	1.1120954751968384	0.10087659	Yes	
row_2	EPHB3	EPH receptor B3 [Source:HGNC Symbol;Acc:HGNC:3394]	233	0.9557775855064392	0.13550884	Yes	
row_3	DCC	DCC netrin 1 receptor [Source:HGNC Symbol;Acc:HGNC:2701]	259	0.9178470373153687	0.17390467	Yes	
row_4	RAC3	Rac family small GTPase 3 [Source:HGNC Symbol;Acc:HGNC:9803]	380	0.7855027318000793	0.19933021	Yes	
row_5	GLI2	GLI family zinc finger 2 [Source:HGNC Symbol;Acc:HGNC:4318]	398	0.7694270610809326	0.23181564	Yes	
row_6	DISC1	DISC1 scaffold protein [Source:HGNC Symbol;Acc:HGNC:2888]	489	0.6982313394546509	0.25567293	Yes	
row_7	NR4A2	nuclear receptor subfamily 4 group A member 2 [Source:HGNC Symbol;Acc:HGNC:7981]	634	0.609897255897522	0.27158245	Yes	
row_8	AGBL4	ATP/GTP binding protein like 4 [Source:HGNC Symbol;Acc:HGNC:25892]	717	0.5748801827430725	0.2906295	Yes	
row_9	EPHB6	EPH receptor B6 [Source:HGNC Symbol;Acc:HGNC:3396]	721	0.5735828280448914	0.3155756	Yes	
row_10	PLXNA3	plexin A3 [Source:HGNC Symbol;Acc:HGNC:9101]	828	0.5301217436790466	0.33084896	Yes	
row_11	DRD2	dopamine receptor D2 [Source:HGNC Symbol;Acc:HGNC:3023]	836	0.525939404964447	0.3534026	Yes	
row_12	LHX6	LIM homeobox 6 [Source:HGNC Symbol;Acc:HGNC:21735]	856	0.5202452540397644	0.37480164	Yes	
row_13	CDH11	cadherin 11 [Source:HGNC Symbol;Acc:HGNC:1750]	888	0.5051093697547913	0.39463174	Yes	
row_14	FOXG1	forkhead box G1 [Source:HGNC Symbol;Acc:HGNC:3811]	1051	0.455849826335907	0.40242365	Yes	
row_15	SLIT2	slit guidance ligand 2 [Source:HGNC Symbol;Acc:HGNC:11086]	1129	0.43397653102874756	0.41566396	Yes	
row_16	FEZF2	FEZ family zinc finger 2 [Source:HGNC Symbol;Acc:HGNC:13506]	1203	0.4165298640727997	0.42844018	Yes	
row_17	SEMA3A	semaphorin 3A [Source:HGNC Symbol;Acc:HGNC:10723]	1353	0.3840790390968323	0.43406248	Yes	
row_18	EPHB2	EPH receptor B2 [Source:HGNC Symbol;Acc:HGNC:3393]	1479	0.3605872094631195	0.4404632	Yes	
row_19	NR2E1	nuclear receptor subfamily 2 group E member 1 [Source:HGNC Symbol;Acc:HGNC:7973]	1568	0.3460460901260376	0.4490153	Yes	
row_20	NOVA2	NOVA alternative splicing regulator 2 [Source:HGNC Symbol;Acc:HGNC:7887]	1647	0.3348112404346466	0.45782822	Yes	
row_21	NDNF	neuron derived neurotrophic factor [Source:HGNC Symbol;Acc:HGNC:26256]	1694	0.3274715542793274	0.4687316	Yes	
row_22	NRP1	neuropilin 1 [Source:HGNC Symbol;Acc:HGNC:8004]	1739	0.3212581276893616	0.4795131	Yes	
row_23	SOX1	SRY-box 1 [Source:HGNC Symbol;Acc:HGNC:11189]	2109	0.27212774753570557	0.46363604	Yes	
row_24	PLXNA4	plexin A4 [Source:HGNC Symbol;Acc:HGNC:9102]	2138	0.26972368359565735	0.47336218	Yes	
row_25	DRD1	dopamine receptor D1 [Source:HGNC Symbol;Acc:HGNC:3020]	2340	0.2490902841091156	0.46913996	Yes	
row_26	EPHB1	EPH receptor B1 [Source:HGNC Symbol;Acc:HGNC:3392]	2426	0.24106372892856598	0.47331095	Yes	
row_27	ADARB1	adenosine deaminase RNA specific B1 [Source:HGNC Symbol;Acc:HGNC:226]	2551	0.23142562806606293	0.47411868	Yes	
row_28	ARX	aristaless related homeobox [Source:HGNC Symbol;Acc:HGNC:18060]	2572	0.23002415895462036	0.48270568	Yes	
row_29	MAPT	microtubule associated protein tau [Source:HGNC Symbol;Acc:HGNC:6893]	2597	0.2273017019033432	0.49087164	Yes	
row_30	BTG2	BTG anti-proliferation factor 2 [Source:HGNC Symbol;Acc:HGNC:1131]	2604	0.22651006281375885	0.5003599	Yes	
row_31	FGFR2	fibroblast growth factor receptor 2 [Source:HGNC Symbol;Acc:HGNC:3689]	2695	0.21953245997428894	0.50320905	Yes	
row_32	SPTBN4	spectrin beta, non-erythrocytic 4 [Source:HGNC Symbol;Acc:HGNC:14896]	2747	0.2155010998249054	0.50882155	Yes	
row_33	OGDH	oxoglutarate dehydrogenase [Source:HGNC Symbol;Acc:HGNC:8124]	2957	0.19957037270069122	0.50182295	Yes	
row_34	NTRK2	neurotrophic receptor tyrosine kinase 2 [Source:HGNC Symbol;Acc:HGNC:8032]	2983	0.1979227215051651	0.5086242	Yes	
row_35	LHX8	LIM homeobox 8 [Source:HGNC Symbol;Acc:HGNC:28838]	3028	0.1952916532754898	0.5138775	Yes	
row_36	NHLH2	nescient helix-loop-helix 2 [Source:HGNC Symbol;Acc:HGNC:7818]	3569	0.16175322234630585	0.4802645	No	
row_37	HSP90AA1	heat shock protein 90 alpha family class A member 1 [Source:HGNC Symbol;Acc:HGNC:5253]	3671	0.15572668612003326	0.47948414	No	
row_38	EPHA4	EPH receptor A4 [Source:HGNC Symbol;Acc:HGNC:3388]	3804	0.14914333820343018	0.4760777	No	
row_39	CHRNB2	cholinergic receptor nicotinic beta 2 subunit [Source:HGNC Symbol;Acc:HGNC:1962]	3923	0.1430443674325943	0.47345906	No	
row_40	SCN1B	sodium voltage-gated channel beta subunit 1 [Source:HGNC Symbol;Acc:HGNC:10586]	4016	0.1386246681213379	0.4726067	No	
row_41	DCLK1	doublecortin like kinase 1 [Source:HGNC Symbol;Acc:HGNC:2700]	4126	0.13322849571704865	0.47023582	No	
row_42	NPY	neuropeptide Y [Source:HGNC Symbol;Acc:HGNC:7955]	4260	0.1270381659269333	0.4657839	No	
row_43	AGTPBP1	ATP/GTP binding protein 1 [Source:HGNC Symbol;Acc:HGNC:17258]	4352	0.12199988216161728	0.4642773	No	
row_44	GABRB1	gamma-aminobutyric acid type A receptor beta1 subunit [Source:HGNC Symbol;Acc:HGNC:4081]	4437	0.1181936040520668	0.46313143	No	
row_45	ARHGAP35	Rho GTPase activating protein 35 [Source:HGNC Symbol;Acc:HGNC:4591]	4449	0.11777398735284805	0.46747074	No	
row_46	CDK5	cyclin dependent kinase 5 [Source:HGNC Symbol;Acc:HGNC:1774]	4629	0.10983932018280029	0.45879596	No	
row_47	SLC4A10	solute carrier family 4 member 10 [Source:HGNC Symbol;Acc:HGNC:13811]	4655	0.10887247323989868	0.46168914	No	
row_48	UQCRQ	ubiquinol-cytochrome c reductase complex III subunit VII [Source:HGNC Symbol;Acc:HGNC:29594]	4749	0.10408724844455719	0.45924565	No	
row_49	MYCBP2	MYC binding protein 2 [Source:HGNC Symbol;Acc:HGNC:23386]	4755	0.10397317260503769	0.46343166	No	
row_50	CNTN2	contactin 2 [Source:HGNC Symbol;Acc:HGNC:2172]	4812	0.10188526660203934	0.46368104	No	
row_51	SZT2	SZT2 subunit of KICSTOR complex [Source:HGNC Symbol;Acc:HGNC:29040]	4976	0.09461203962564468	0.4555443	No	
row_52	HPRT1	hypoxanthine phosphoribosyltransferase 1 [Source:HGNC Symbol;Acc:HGNC:5157]	5366	0.0781039446592331	0.42964447	No	
row_53	HSP90AB1	heat shock protein 90 alpha family class B member 1 [Source:HGNC Symbol;Acc:HGNC:5258]	5391	0.07705908268690109	0.43121687	No	
row_54	B4GALT6	beta-1,4-galactosyltransferase 6 [Source:HGNC Symbol;Acc:HGNC:929]	5396	0.0770263820886612	0.43429568	No	
row_55	NFIB	nuclear factor I B [Source:HGNC Symbol;Acc:HGNC:7785]	5650	0.06679484248161316	0.41815287	No	
row_56	MAP2	microtubule associated protein 2 [Source:HGNC Symbol;Acc:HGNC:6839]	5674	0.06558458507061005	0.4192971	No	
row_57	PAFAH1B1	platelet activating factor acetylhydrolase 1b regulatory subunit 1 [Source:HGNC Symbol;Acc:HGNC:8574]	6100	0.04799214005470276	0.38936165	No	
row_58	NDEL1	nudE neurodevelopment protein 1 like 1 [Source:HGNC Symbol;Acc:HGNC:17620]	6108	0.04767748713493347	0.39092627	No	
row_59	NRP2	neuropilin 2 [Source:HGNC Symbol;Acc:HGNC:8005]	6733	0.019352370873093605	0.34473094	No	
row_60	NIN	ninein [Source:HGNC Symbol;Acc:HGNC:14906]	7265	-0.004322619643062353	0.30488747	No	
row_61	FBXO45	F-box protein 45 [Source:HGNC Symbol;Acc:HGNC:29148]	7330	-0.007474714424461126	0.30039042	No	
row_62	UBB	ubiquitin B [Source:HGNC Symbol;Acc:HGNC:12463]	7732	-0.026133393868803978	0.2713051	No	
row_63	RAPGEF2	Rap guanine nucleotide exchange factor 2 [Source:HGNC Symbol;Acc:HGNC:16854]	7939	-0.03687433898448944	0.25739262	No	
row_64	ZMIZ1	zinc finger MIZ-type containing 1 [Source:HGNC Symbol;Acc:HGNC:16493]	8316	-0.057385873049497604	0.23156364	No	
row_65	PTEN	phosphatase and tensin homolog [Source:HGNC Symbol;Acc:HGNC:9588]	8613	-0.0750245675444603	0.21254013	No	
row_66	SCYL2	SCY1 like pseudokinase 2 [Source:HGNC Symbol;Acc:HGNC:19286]	8736	-0.08347102999687195	0.20700552	No	
row_67	DCLK2	doublecortin like kinase 2 [Source:HGNC Symbol;Acc:HGNC:19002]	9379	-0.12820486724376678	0.16423023	No	
row_68	TCTN1	tectonic family member 1 [Source:HGNC Symbol;Acc:HGNC:26113]	9604	-0.14762957394123077	0.15382127	No	
row_69	B4GALT5	beta-1,4-galactosyltransferase 5 [Source:HGNC Symbol;Acc:HGNC:928]	9843	-0.17394958436489105	0.14351194	No	
row_70	PHOX2B	paired like homeobox 2B [Source:HGNC Symbol;Acc:HGNC:9143]	9878	-0.17721256613731384	0.14872575	No	
row_71	GBA2	glucosylceramidase beta 2 [Source:HGNC Symbol;Acc:HGNC:18986]	10084	-0.2000831961631775	0.14205123	No	
row_72	ATP7A	ATPase copper transporting alpha [Source:HGNC Symbol;Acc:HGNC:869]	11040	-0.33712053298950195	0.08484672	No	
row_73	TSKU	tsukushi, small leucine rich proteoglycan [Source:HGNC Symbol;Acc:HGNC:28850]	11904	-0.6450995206832886	0.048094235	No	
row_74	GATA2	GATA binding protein 2 [Source:HGNC Symbol;Acc:HGNC:4171]	12649	-1.3658682107925415	0.051945068	No	
