NAME	SYMBOL	TITLE	RANK IN GENE LIST	RANK METRIC SCORE	RUNNING ES	CORE ENRICHMENT	
row_0	TTC21B	tetratricopeptide repeat domain 21B [Source:HGNC Symbol;Acc:HGNC:25660]	574	0.6451069712638855	0.03903419	Yes	
row_1	IFT140	intraflagellar transport 140 [Source:HGNC Symbol;Acc:HGNC:29077]	1045	0.4579659402370453	0.06204635	Yes	
row_2	LCA5	lebercilin LCA5 [Source:HGNC Symbol;Acc:HGNC:31923]	1092	0.4451042115688324	0.115287855	Yes	
row_3	CEP131	centrosomal protein 131 [Source:HGNC Symbol;Acc:HGNC:29511]	1165	0.42521363496780396	0.16404147	Yes	
row_4	TRAF3IP1	TRAF3 interacting protein 1 [Source:HGNC Symbol;Acc:HGNC:17861]	1497	0.3576070964336395	0.18471679	Yes	
row_5	WDR35	WD repeat domain 35 [Source:HGNC Symbol;Acc:HGNC:29250]	1831	0.30658748745918274	0.19874275	Yes	
row_6	TTC26	tetratricopeptide repeat domain 26 [Source:HGNC Symbol;Acc:HGNC:21882]	2031	0.2820577919483185	0.21971543	Yes	
row_7	RABL2B	RAB, member of RAS oncogene family like 2B [Source:HGNC Symbol;Acc:HGNC:9800]	2083	0.27468013763427734	0.25087196	Yes	
row_8	IFT81	intraflagellar transport 81 [Source:HGNC Symbol;Acc:HGNC:14313]	2088	0.2745067775249481	0.2855389	Yes	
row_9	DYNC2LI1	dynein cytoplasmic 2 light intermediate chain 1 [Source:HGNC Symbol;Acc:HGNC:24595]	2152	0.26852428913116455	0.31500936	Yes	
row_10	ARL3	ADP ribosylation factor like GTPase 3 [Source:HGNC Symbol;Acc:HGNC:694]	2153	0.26845309138298035	0.3492058	Yes	
row_11	DYNC2H1	dynein cytoplasmic 2 heavy chain 1 [Source:HGNC Symbol;Acc:HGNC:2962]	2216	0.26162606477737427	0.3778727	Yes	
row_12	IFT88	intraflagellar transport 88 [Source:HGNC Symbol;Acc:HGNC:20606]	2291	0.2542172074317932	0.4046939	Yes	
row_13	IFT172	intraflagellar transport 172 [Source:HGNC Symbol;Acc:HGNC:30391]	2337	0.24950116872787476	0.433094	Yes	
row_14	IFT20	intraflagellar transport 20 [Source:HGNC Symbol;Acc:HGNC:30989]	2442	0.24009665846824646	0.45586172	Yes	
row_15	LCA5L	lebercilin LCA5 like [Source:HGNC Symbol;Acc:HGNC:1255]	2778	0.21323202550411224	0.45784542	Yes	
row_16	IFT122	intraflagellar transport 122 [Source:HGNC Symbol;Acc:HGNC:13556]	2858	0.20691758394241333	0.47826564	Yes	
row_17	RPGR	retinitis pigmentosa GTPase regulator [Source:HGNC Symbol;Acc:HGNC:10295]	2948	0.20024529099464417	0.49708432	Yes	
row_18	IFT27	intraflagellar transport 27 [Source:HGNC Symbol;Acc:HGNC:18626]	2981	0.19804809987545013	0.51990724	Yes	
row_19	IFT74	intraflagellar transport 74 [Source:HGNC Symbol;Acc:HGNC:21424]	3104	0.189960777759552	0.5349356	Yes	
row_20	TTC30A	tetratricopeptide repeat domain 30A [Source:HGNC Symbol;Acc:HGNC:25853]	3363	0.17344601452350616	0.53763855	Yes	
row_21	IFT57	intraflagellar transport 57 [Source:HGNC Symbol;Acc:HGNC:17367]	3393	0.17181602120399475	0.5573454	Yes	
row_22	BBS12	Bardet-Biedl syndrome 12 [Source:HGNC Symbol;Acc:HGNC:26648]	3567	0.16197547316551208	0.56497574	Yes	
row_23	PCM1	pericentriolar material 1 [Source:HGNC Symbol;Acc:HGNC:8727]	3895	0.14428432285785675	0.5587779	No	
row_24	IFT46	intraflagellar transport 46 [Source:HGNC Symbol;Acc:HGNC:26146]	4381	0.12070537358522415	0.5377013	No	
row_25	WDR19	WD repeat domain 19 [Source:HGNC Symbol;Acc:HGNC:18340]	5002	0.09363401681184769	0.5030297	No	
row_26	KIF3B	kinesin family member 3B [Source:HGNC Symbol;Acc:HGNC:6320]	5084	0.09012939035892487	0.50842273	No	
row_27	IFT52	intraflagellar transport 52 [Source:HGNC Symbol;Acc:HGNC:15901]	5085	0.09011523425579071	0.51990193	No	
row_28	SSX2IP	SSX family member 2 interacting protein [Source:HGNC Symbol;Acc:HGNC:16509]	5683	0.06524249911308289	0.48334238	No	
row_29	SSNA1	SS nuclear autoantigen 1 [Source:HGNC Symbol;Acc:HGNC:11321]	5746	0.06301887333393097	0.48671004	No	
row_30	IFT43	intraflagellar transport 43 [Source:HGNC Symbol;Acc:HGNC:29669]	6193	0.04356815665960312	0.45873865	No	
row_31	TTC30B	tetratricopeptide repeat domain 30B [Source:HGNC Symbol;Acc:HGNC:26425]	8056	-0.04221465438604355	0.3241687	No	
row_32	TUB	tubby bipartite transcription factor [Source:HGNC Symbol;Acc:HGNC:12406]	9930	-0.18270042538642883	0.20666757	No	
row_33	MAK	male germ cell associated kinase [Source:HGNC Symbol;Acc:HGNC:6816]	11260	-0.3878176808357239	0.15618183	No	
