NAME	SYMBOL	TITLE	RANK IN GENE LIST	RANK METRIC SCORE	RUNNING ES	CORE ENRICHMENT	
row_0	Ephb3	Eph receptor B3 [Source:MGI Symbol;Acc:MGI:104770]	350	0.9557775855064392	0.14445761	Yes	
row_1	Ndp	Norrie disease (pseudoglioma) (human) [Source:MGI Symbol;Acc:MGI:102570]	953	0.602645218372345	0.21078959	Yes	
row_2	Bmpr1b	bone morphogenetic protein receptor, type 1B [Source:MGI Symbol;Acc:MGI:107191]	1338	0.48454225063323975	0.27061513	Yes	
row_3	Slit2	slit guidance ligand 2 [Source:MGI Symbol;Acc:MGI:1315205]	1562	0.43397653102874756	0.33204725	Yes	
row_4	Ephb2	Eph receptor B2 [Source:MGI Symbol;Acc:MGI:99611]	2001	0.3605872094631195	0.36668617	Yes	
row_5	Robo2	roundabout guidance receptor 2 [Source:MGI Symbol;Acc:MGI:1890110]	2239	0.3300425112247467	0.40903014	Yes	
row_6	Nrp1	neuropilin 1 [Source:MGI Symbol;Acc:MGI:106206]	2315	0.3212581276893616	0.46035364	Yes	
row_7	Vegfa	vascular endothelial growth factor A [Source:MGI Symbol;Acc:MGI:103178]	2535	0.29523929953575134	0.49777853	Yes	
row_8	Slit1	slit guidance ligand 1 [Source:MGI Symbol;Acc:MGI:1315203]	2593	0.2900276482105255	0.5448079	Yes	
row_9	Isl1	ISL1 transcription factor, LIM/homeodomain [Source:MGI Symbol;Acc:MGI:101791]	2880	0.2600710093975067	0.5717322	Yes	
row_10	Epha7	Eph receptor A7 [Source:MGI Symbol;Acc:MGI:95276]	2992	0.24974414706230164	0.60821015	Yes	
row_11	Ephb1	Eph receptor B1 [Source:MGI Symbol;Acc:MGI:1096337]	3100	0.24106372892856598	0.6434294	Yes	
row_12	Efna5	ephrin A5 [Source:MGI Symbol;Acc:MGI:107444]	3322	0.22472231090068817	0.66839015	Yes	
row_13	Sema4f	sema domain, immunoglobulin domain (Ig), TM domain, and short cytoplasmic domain [Source:MGI Symbol;Acc:MGI:1340055]	3843	0.19055825471878052	0.66796595	No	
row_14	Nrcam	neuronal cell adhesion molecule [Source:MGI Symbol;Acc:MGI:104750]	4671	0.14607425034046173	0.63983226	No	
row_15	Alcam	activated leukocyte cell adhesion molecule [Source:MGI Symbol;Acc:MGI:1313266]	5110	0.12658971548080444	0.63354206	No	
row_16	Atoh7	atonal bHLH transcription factor 7 [Source:MGI Symbol;Acc:MGI:1355553]	7791	0.020586775615811348	0.46317348	No	
row_17	Rpl24	ribosomal protein L24 [Source:MGI Symbol;Acc:MGI:1915443]	8740	-0.01991598680615425	0.40511855	No	
row_18	Ptprm	protein tyrosine phosphatase receptor type M [Source:MGI Symbol;Acc:MGI:102694]	9903	-0.07524263113737106	0.3428494	No	
row_19	Zic2	zinc finger protein of the cerebellum 2 [Source:MGI Symbol;Acc:MGI:106679]	10120	-0.08847721666097641	0.34430376	No	
