NAME	SYMBOL	TITLE	RANK IN GENE LIST	RANK METRIC SCORE	RUNNING ES	CORE ENRICHMENT	
row_0	NPAS4	neuronal PAS domain protein 4 [Source:HGNC Symbol;Acc:HGNC:18983]	12	1.930193305015564	0.19462696	Yes	
row_1	OXTR	oxytocin receptor [Source:HGNC Symbol;Acc:HGNC:8529]	205	0.9835965633392334	0.2798369	Yes	
row_2	NPY5R	neuropeptide Y receptor Y5 [Source:HGNC Symbol;Acc:HGNC:7958]	287	0.8813082575798035	0.36302644	Yes	
row_3	SYN3	synapsin III [Source:HGNC Symbol;Acc:HGNC:11496]	833	0.5270905494689941	0.3754649	Yes	
row_4	DRD2	dopamine receptor D2 [Source:HGNC Symbol;Acc:HGNC:3023]	836	0.525939404964447	0.4285923	Yes	
row_5	ADRA1A	adrenoceptor alpha 1A [Source:HGNC Symbol;Acc:HGNC:277]	1086	0.44699394702911377	0.45516086	Yes	
row_6	PHF24	PHD finger protein 24 [Source:HGNC Symbol;Acc:HGNC:29180]	1375	0.37937265634536743	0.4719486	Yes	
row_7	CA2	carbonic anhydrase 2 [Source:HGNC Symbol;Acc:HGNC:1373]	1441	0.3671867847442627	0.50426	Yes	
row_8	ADORA2A	adenosine A2a receptor [Source:HGNC Symbol;Acc:HGNC:263]	1572	0.3455813527107239	0.5294981	Yes	
row_9	CA7	carbonic anhydrase 7 [Source:HGNC Symbol;Acc:HGNC:1381]	1802	0.3106033205986023	0.54375327	Yes	
row_10	TACR1	tachykinin receptor 1 [Source:HGNC Symbol;Acc:HGNC:11526]	1934	0.2949850559234619	0.56379086	Yes	
row_11	USP46	ubiquitin specific peptidase 46 [Source:HGNC Symbol;Acc:HGNC:20075]	2758	0.21478037536144257	0.52370095	No	
row_12	NF1	neurofibromin 1 [Source:HGNC Symbol;Acc:HGNC:7765]	3531	0.16403226554393768	0.48230287	No	
row_13	CNTNAP4	contactin associated protein like 4 [Source:HGNC Symbol;Acc:HGNC:18747]	4131	0.13315849006175995	0.45077795	No	
row_14	PRKCE	protein kinase C epsilon [Source:HGNC Symbol;Acc:HGNC:9401]	4494	0.11544531583786011	0.43526882	No	
row_15	SLC6A1	solute carrier family 6 member 1 [Source:HGNC Symbol;Acc:HGNC:11042]	4551	0.11306868493556976	0.4425144	No	
row_16	NLGN2	neuroligin 2 [Source:HGNC Symbol;Acc:HGNC:14290]	4884	0.09847917407751083	0.42754105	No	
row_17	ADORA1	adenosine A1 receptor [Source:HGNC Symbol;Acc:HGNC:262]	5058	0.09089777618646622	0.42374834	No	
row_18	HTR1B	5-hydroxytryptamine receptor 1B [Source:HGNC Symbol;Acc:HGNC:5287]	5346	0.07904975116252899	0.4101885	No	
row_19	PLCL2	phospholipase C like 2 [Source:HGNC Symbol;Acc:HGNC:9064]	5455	0.07504624873399734	0.40967464	No	
row_20	KIF5B	kinesin family member 5B [Source:HGNC Symbol;Acc:HGNC:6324]	5552	0.07109063118696213	0.4096619	No	
row_21	STXBP1	syntaxin binding protein 1 [Source:HGNC Symbol;Acc:HGNC:11444]	6795	0.017181282863020897	0.318068	No	
row_22	CNR1	cannabinoid receptor 1 [Source:HGNC Symbol;Acc:HGNC:2159]	6877	0.01388664823025465	0.31338772	No	
row_23	KRAS	KRAS proto-oncogene, GTPase [Source:HGNC Symbol;Acc:HGNC:6407]	7309	-0.00606525270268321	0.28161314	No	
row_24	NLGN1	neuroligin 1 [Source:HGNC Symbol;Acc:HGNC:14291]	7573	-0.01949862390756607	0.2638243	No	
row_25	ZDHHC3	zinc finger DHHC-type containing 3 [Source:HGNC Symbol;Acc:HGNC:18470]	7673	-0.023299364373087883	0.25874487	No	
row_26	PLCL1	phospholipase C like 1 (inactive) [Source:HGNC Symbol;Acc:HGNC:9063]	8242	-0.05301212519407272	0.22143069	No	
row_27	PTEN	phosphatase and tensin homolog [Source:HGNC Symbol;Acc:HGNC:9588]	8613	-0.0750245675444603	0.20122577	No	
row_28	HAP1	huntingtin associated protein 1 [Source:HGNC Symbol;Acc:HGNC:4812]	10812	-0.30147814750671387	0.06658931	No	
row_29	BAIAP3	BAI1 associated protein 3 [Source:HGNC Symbol;Acc:HGNC:948]	10813	-0.3016031086444855	0.097141735	No	
row_30	CLN3	CLN3 lysosomal/endosomal transmembrane protein, battenin [Source:HGNC Symbol;Acc:HGNC:2074]	11323	-0.40607234835624695	0.10002635	No	
row_31	ZDHHC12	zinc finger DHHC-type containing 12 [Source:HGNC Symbol;Acc:HGNC:19159]	11630	-0.5066398978233337	0.1283536	No	
