NAME	SYMBOL	TITLE	RANK IN GENE LIST	RANK METRIC SCORE	RUNNING ES	CORE ENRICHMENT	
row_0	PLA2G5	phospholipase A2 group V [Source:HGNC Symbol;Acc:HGNC:9038]	690	0.5835901498794556	-0.050427172	No	
row_1	DRD2	dopamine receptor D2 [Source:HGNC Symbol;Acc:HGNC:3023]	836	0.525939404964447	-0.05944522	No	
row_2	IL4	interleukin 4 [Source:HGNC Symbol;Acc:HGNC:6014]	987	0.47648885846138	-0.069038846	No	
row_3	PPARG	peroxisome proliferator activated receptor gamma [Source:HGNC Symbol;Acc:HGNC:9236]	1156	0.4286375939846039	-0.080194905	No	
row_4	IRF3	interferon regulatory factor 3 [Source:HGNC Symbol;Acc:HGNC:6118]	1382	0.37732234597206116	-0.09590634	No	
row_5	TRAF3IP1	TRAF3 interacting protein 1 [Source:HGNC Symbol;Acc:HGNC:17861]	1497	0.3576070964336395	-0.1032152	No	
row_6	TYRO3	TYRO3 protein tyrosine kinase [Source:HGNC Symbol;Acc:HGNC:12446]	1552	0.34829652309417725	-0.10597687	No	
row_7	PRKDC	protein kinase, DNA-activated, catalytic subunit [Source:HGNC Symbol;Acc:HGNC:9413]	1957	0.2920975387096405	-0.13569653	No	
row_8	ZDHHC1	zinc finger DHHC-type containing 1 [Source:HGNC Symbol;Acc:HGNC:17916]	2196	0.2640053629875183	-0.15284474	No	
row_9	TSPAN6	tetraspanin 6 [Source:HGNC Symbol;Acc:HGNC:11858]	2226	0.26047083735466003	-0.1540404	No	
row_10	CX3CL1	C-X3-C motif chemokine ligand 1 [Source:HGNC Symbol;Acc:HGNC:10647]	2264	0.2570033073425293	-0.15586078	No	
row_11	TKFC	triokinase and FMN cyclase [Source:HGNC Symbol;Acc:HGNC:24552]	2371	0.2458161860704422	-0.16299617	No	
row_12	APPL2	adaptor protein, phosphotyrosine interacting with PH domain and leucine zipper 2 [Source:HGNC Symbol;Acc:HGNC:18242]	2522	0.23336371779441833	-0.17354167	No	
row_13	USP29	ubiquitin specific peptidase 29 [Source:HGNC Symbol;Acc:HGNC:18563]	2687	0.21994227170944214	-0.1852092	No	
row_14	TIGAR	TP53 induced glycolysis regulatory phosphatase [Source:HGNC Symbol;Acc:HGNC:1185]	2906	0.20349723100662231	-0.20106643	No	
row_15	SFPQ	splicing factor proline and glutamine rich [Source:HGNC Symbol;Acc:HGNC:10774]	3210	0.1835232973098755	-0.22349535	No	
row_16	CD55	CD55 molecule (Cromer blood group) [Source:HGNC Symbol;Acc:HGNC:2665]	3309	0.1763404905796051	-0.23029159	No	
row_17	PRKCA	protein kinase C alpha [Source:HGNC Symbol;Acc:HGNC:9393]	3312	0.17622670531272888	-0.22975443	No	
row_18	HEXIM1	HEXIM P-TEFb complex subunit 1 [Source:HGNC Symbol;Acc:HGNC:24953]	3351	0.1739577203989029	-0.23197635	No	
row_19	XRCC6	X-ray repair cross complementing 6 [Source:HGNC Symbol;Acc:HGNC:4055]	3615	0.1584256887435913	-0.25144777	No	
row_20	PSPC1	paraspeckle component 1 [Source:HGNC Symbol;Acc:HGNC:20320]	3617	0.15833738446235657	-0.25090426	No	
row_21	HSP90AA1	heat shock protein 90 alpha family class A member 1 [Source:HGNC Symbol;Acc:HGNC:5253]	3671	0.15572668612003326	-0.25434345	No	
row_22	PAK3	p21 (RAC1) activated kinase 3 [Source:HGNC Symbol;Acc:HGNC:8592]	3842	0.14690861105918884	-0.2667553	No	
row_23	LRP8	LDL receptor related protein 8 [Source:HGNC Symbol;Acc:HGNC:6700]	4021	0.1383722871541977	-0.27981174	No	
row_24	RNF26	ring finger protein 26 [Source:HGNC Symbol;Acc:HGNC:14646]	4169	0.13157574832439423	-0.29052654	No	
row_25	FAM3A	family with sequence similarity 3 member A [Source:HGNC Symbol;Acc:HGNC:13749]	4274	0.12628741562366486	-0.29797712	No	
row_26	SUSD4	sushi domain containing 4 [Source:HGNC Symbol;Acc:HGNC:25470]	4289	0.12542270123958588	-0.29855558	No	
row_27	APPL1	adaptor protein, phosphotyrosine interacting with PH domain and leucine zipper 1 [Source:HGNC Symbol;Acc:HGNC:24035]	4337	0.12290007621049881	-0.30166495	No	
row_28	RNF216	ring finger protein 216 [Source:HGNC Symbol;Acc:HGNC:21698]	4461	0.11710479110479355	-0.31060296	No	
row_29	CREBBP	CREB binding protein [Source:HGNC Symbol;Acc:HGNC:2348]	4543	0.1134248822927475	-0.31634682	No	
row_30	ELMOD2	ELMO domain containing 2 [Source:HGNC Symbol;Acc:HGNC:28111]	4689	0.10687819123268127	-0.32700554	No	
row_31	TRAF3	TNF receptor associated factor 3 [Source:HGNC Symbol;Acc:HGNC:12033]	4750	0.10407471656799316	-0.3311817	No	
row_32	CADM1	cell adhesion molecule 1 [Source:HGNC Symbol;Acc:HGNC:5951]	4780	0.10294981300830841	-0.3329941	No	
row_33	RASGRP1	RAS guanyl releasing protein 1 [Source:HGNC Symbol;Acc:HGNC:9878]	5006	0.09335950762033463	-0.34981728	No	
row_34	CRK	CRK proto-oncogene, adaptor protein [Source:HGNC Symbol;Acc:HGNC:2362]	5279	0.08166471123695374	-0.37027675	No	
row_35	HSP90AB1	heat shock protein 90 alpha family class B member 1 [Source:HGNC Symbol;Acc:HGNC:5258]	5391	0.07705908268690109	-0.37845483	No	
row_36	CARD9	caspase recruitment domain family member 9 [Source:HGNC Symbol;Acc:HGNC:16391]	5407	0.07664771378040314	-0.37930065	No	
row_37	SYT11	synaptotagmin 11 [Source:HGNC Symbol;Acc:HGNC:19239]	5445	0.0753982812166214	-0.38183203	No	
row_38	PQBP1	polyglutamine binding protein 1 [Source:HGNC Symbol;Acc:HGNC:9330]	5461	0.07487288117408752	-0.38268483	No	
row_39	SRC	SRC proto-oncogene, non-receptor tyrosine kinase [Source:HGNC Symbol;Acc:HGNC:11283]	5518	0.07220746576786041	-0.3866802	No	
row_40	MAPKBP1	mitogen-activated protein kinase binding protein 1 [Source:HGNC Symbol;Acc:HGNC:29536]	5542	0.07138705998659134	-0.38815778	No	
row_41	CCDC92	coiled-coil domain containing 92 [Source:HGNC Symbol;Acc:HGNC:29563]	5609	0.06859060376882553	-0.39293125	No	
row_42	TRIM44	tripartite motif containing 44 [Source:HGNC Symbol;Acc:HGNC:19016]	5617	0.06822424381971359	-0.3931989	No	
row_43	PUM1	pumilio RNA binding family member 1 [Source:HGNC Symbol;Acc:HGNC:14957]	5874	0.05745076760649681	-0.4125309	No	
row_44	MATR3	matrin 3 [Source:HGNC Symbol;Acc:HGNC:6912]	5945	0.05463186278939247	-0.4176646	No	
row_45	ATG12	autophagy related 12 [Source:HGNC Symbol;Acc:HGNC:588]	5994	0.052497126162052155	-0.42112598	No	
row_46	APOE	apolipoprotein E [Source:HGNC Symbol;Acc:HGNC:613]	6033	0.05103692039847374	-0.42382914	No	
row_47	CALM2	calmodulin 2 [Source:HGNC Symbol;Acc:HGNC:1445]	6094	0.04842761904001236	-0.4282232	No	
row_48	USP15	ubiquitin specific peptidase 15 [Source:HGNC Symbol;Acc:HGNC:12613]	6105	0.0477544441819191	-0.42880017	No	
row_49	CNOT7	CCR4-NOT transcription complex subunit 7 [Source:HGNC Symbol;Acc:HGNC:14101]	6164	0.044984858483076096	-0.43305492	No	
row_50	POLR3B	RNA polymerase III subunit B [Source:HGNC Symbol;Acc:HGNC:30348]	6209	0.04254738241434097	-0.4362497	No	
row_51	FYN	FYN proto-oncogene, Src family tyrosine kinase [Source:HGNC Symbol;Acc:HGNC:4037]	6245	0.040975913405418396	-0.43876305	No	
row_52	SIRT2	sirtuin 2 [Source:HGNC Symbol;Acc:HGNC:10886]	6251	0.0406544990837574	-0.43898585	No	
row_53	TTLL12	tubulin tyrosine ligase like 12 [Source:HGNC Symbol;Acc:HGNC:28974]	6272	0.03970516473054886	-0.4403583	No	
row_54	ANKRD17	ankyrin repeat domain 17 [Source:HGNC Symbol;Acc:HGNC:23575]	6433	0.03276115655899048	-0.4524531	No	
row_55	IKBKB	inhibitor of nuclear factor kappa B kinase subunit beta [Source:HGNC Symbol;Acc:HGNC:5960]	6589	0.025427047163248062	-0.46419466	No	
row_56	EP300	E1A binding protein p300 [Source:HGNC Symbol;Acc:HGNC:3373]	6729	0.019705791026353836	-0.4747363	No	
row_57	COCH	cochlin [Source:HGNC Symbol;Acc:HGNC:2180]	6769	0.01819094642996788	-0.47764444	No	
row_58	AP1G1	adaptor related protein complex 1 subunit gamma 1 [Source:HGNC Symbol;Acc:HGNC:555]	6820	0.016353324055671692	-0.48140013	No	
row_59	MR1	major histocompatibility complex, class I-related [Source:HGNC Symbol;Acc:HGNC:4975]	6899	0.012948499992489815	-0.4873082	No	
row_60	PAK1	p21 (RAC1) activated kinase 1 [Source:HGNC Symbol;Acc:HGNC:8590]	7000	0.007522960659116507	-0.49491817	No	
row_61	XRCC5	X-ray repair cross complementing 5 [Source:HGNC Symbol;Acc:HGNC:12833]	7003	0.0073735774494707584	-0.4950421	No	
row_62	PTPN11	protein tyrosine phosphatase non-receptor type 11 [Source:HGNC Symbol;Acc:HGNC:9644]	7078	0.0038902198430150747	-0.50068	No	
row_63	EIF2AK4	eukaryotic translation initiation factor 2 alpha kinase 4 [Source:HGNC Symbol;Acc:HGNC:19687]	7209	-0.002228036057204008	-0.51060253	No	
row_64	MAP3K7	mitogen-activated protein kinase kinase kinase 7 [Source:HGNC Symbol;Acc:HGNC:6859]	7212	-0.002356388373300433	-0.5107461	No	
row_65	SIN3A	SIN3 transcription regulator family member A [Source:HGNC Symbol;Acc:HGNC:19353]	7274	-0.004680459387600422	-0.51538783	No	
row_66	ATG5	autophagy related 5 [Source:HGNC Symbol;Acc:HGNC:589]	7332	-0.007538876961916685	-0.51971275	No	
row_67	PUM2	pumilio RNA binding family member 2 [Source:HGNC Symbol;Acc:HGNC:14958]	7337	-0.007882177829742432	-0.51998746	No	
row_68	UBE2K	ubiquitin conjugating enzyme E2 K [Source:HGNC Symbol;Acc:HGNC:4914]	7431	-0.012234127148985863	-0.52704424	No	
row_69	CRTAM	cytotoxic and regulatory T cell molecule [Source:HGNC Symbol;Acc:HGNC:24313]	7467	-0.013651235960423946	-0.5296646	No	
row_70	ILRUN	inflammation and lipid regulator with UBA-like and NBR1-like domains [Source:HGNC Symbol;Acc:HGNC:21215]	7570	-0.019226567819714546	-0.53738153	No	
row_71	SASH1	SAM and SH3 domain containing 1 [Source:HGNC Symbol;Acc:HGNC:19182]	7610	-0.020599868148565292	-0.5402803	No	
row_72	ITCH	itchy E3 ubiquitin protein ligase [Source:HGNC Symbol;Acc:HGNC:13890]	7678	-0.02345556765794754	-0.54530686	No	
row_73	AKIRIN2	akirin 2 [Source:HGNC Symbol;Acc:HGNC:21407]	7690	-0.024124056100845337	-0.54605275	No	
row_74	PRDX2	peroxiredoxin 2 [Source:HGNC Symbol;Acc:HGNC:9353]	7723	-0.02567361854016781	-0.5483968	No	
row_75	POLR3D	RNA polymerase III subunit D [Source:HGNC Symbol;Acc:HGNC:1080]	7786	-0.02878306433558464	-0.5530206	No	
row_76	MED1	mediator complex subunit 1 [Source:HGNC Symbol;Acc:HGNC:9234]	7872	-0.03352471441030502	-0.55938286	No	
row_77	CACTIN	cactin, spliceosome C complex subunit [Source:HGNC Symbol;Acc:HGNC:29938]	8009	-0.040019016712903976	-0.5696158	No	
row_78	SELENOK	selenoprotein K [Source:HGNC Symbol;Acc:HGNC:30394]	8010	-0.04002238065004349	-0.5694591	No	
row_79	MUL1	mitochondrial E3 ubiquitin protein ligase 1 [Source:HGNC Symbol;Acc:HGNC:25762]	8027	-0.040738217532634735	-0.5705219	No	
row_80	SEC14L1	SEC14 like lipid binding 1 [Source:HGNC Symbol;Acc:HGNC:10698]	8206	-0.05110497772693634	-0.58391994	No	
row_81	MAVS	mitochondrial antiviral signaling protein [Source:HGNC Symbol;Acc:HGNC:29233]	8311	-0.05702131241559982	-0.5916417	No	
row_82	DHX9	DExH-box helicase 9 [Source:HGNC Symbol;Acc:HGNC:2750]	8493	-0.06751791387796402	-0.6052047	No	
row_83	PAK2	p21 (RAC1) activated kinase 2 [Source:HGNC Symbol;Acc:HGNC:8591]	8531	-0.0704568549990654	-0.6077555	No	
row_84	MAPK3	mitogen-activated protein kinase 3 [Source:HGNC Symbol;Acc:HGNC:6877]	8532	-0.07052652537822723	-0.60747933	No	
row_85	DAPK1	death associated protein kinase 1 [Source:HGNC Symbol;Acc:HGNC:2674]	8533	-0.07061068713665009	-0.6072029	No	
row_86	LYAR	Ly1 antibody reactive [Source:HGNC Symbol;Acc:HGNC:26021]	8593	-0.07382623851299286	-0.6114211	No	
row_87	YTHDF2	YTH N6-methyladenosine RNA binding protein 2 [Source:HGNC Symbol;Acc:HGNC:31675]	8705	-0.0817827358841896	-0.6195807	No	
row_88	C1QBP	complement C1q binding protein [Source:HGNC Symbol;Acc:HGNC:1243]	8709	-0.0819370299577713	-0.6194891	No	
row_89	RNF185	ring finger protein 185 [Source:HGNC Symbol;Acc:HGNC:26783]	8825	-0.0889887660741806	-0.627926	No	
row_90	TOMM70	translocase of outer mitochondrial membrane 70 [Source:HGNC Symbol;Acc:HGNC:11985]	8893	-0.09333007037639618	-0.63267905	No	
row_91	CDC37	cell division cycle 37 [Source:HGNC Symbol;Acc:HGNC:1735]	8925	-0.09531385451555252	-0.6346741	No	
row_92	TARBP2	TARBP2 subunit of RISC loading complex [Source:HGNC Symbol;Acc:HGNC:11569]	8928	-0.09546048939228058	-0.6344531	No	
row_93	NR1H2	nuclear receptor subfamily 1 group H member 2 [Source:NCBI gene;Acc:7376]	8934	-0.09581375867128372	-0.63446	No	
row_94	LSM14A	LSM14A mRNA processing body assembly factor [Source:HGNC Symbol;Acc:HGNC:24489]	9006	-0.10102862864732742	-0.6394884	No	
row_95	USP27X	ubiquitin specific peptidase 27 X-linked [Source:HGNC Symbol;Acc:HGNC:13486]	9018	-0.10152212530374527	-0.6399313	No	
row_96	WNT5A	Wnt family member 5A [Source:HGNC Symbol;Acc:HGNC:12784]	9052	-0.10429193824529648	-0.642044	No	
row_97	RBM14	RNA binding motif protein 14 [Source:HGNC Symbol;Acc:HGNC:14219]	9106	-0.10720554739236832	-0.64567316	No	
row_98	METTL3	methyltransferase like 3 [Source:HGNC Symbol;Acc:HGNC:17563]	9194	-0.1132756695151329	-0.651876	No	
row_99	NFKBIL1	NFKB inhibitor like 1 [Source:HGNC Symbol;Acc:HGNC:7800]	9225	-0.11585382372140884	-0.65371424	No	
row_100	LRSAM1	leucine rich repeat and sterile alpha motif containing 1 [Source:HGNC Symbol;Acc:HGNC:25135]	9358	-0.12559708952903748	-0.66330653	No	
row_101	HTRA1	HtrA serine peptidase 1 [Source:HGNC Symbol;Acc:HGNC:9476]	9485	-0.13697494566440582	-0.6723959	No	
row_102	DUSP10	dual specificity phosphatase 10 [Source:HGNC Symbol;Acc:HGNC:3065]	9486	-0.1371394842863083	-0.671859	No	
row_103	PPP2R3C	protein phosphatase 2 regulatory subunit B''gamma [Source:HGNC Symbol;Acc:HGNC:17485]	9546	-0.14230787754058838	-0.6758091	No	
row_104	NOP53	NOP53 ribosome biogenesis factor [Source:HGNC Symbol;Acc:HGNC:4333]	9560	-0.1437317579984665	-0.6762395	No	
row_105	ZCCHC3	zinc finger CCHC-type containing 3 [Source:HGNC Symbol;Acc:HGNC:16230]	9671	-0.15487781167030334	-0.6840365	No	
row_106	UFD1	ubiquitin recognition factor in ER associated degradation 1 [Source:HGNC Symbol;Acc:HGNC:12520]	9678	-0.15627823770046234	-0.683883	No	
row_107	MIF	macrophage migration inhibitory factor [Source:HGNC Symbol;Acc:HGNC:7097]	9774	-0.16628685593605042	-0.6904894	No	
row_108	ZMPSTE24	zinc metallopeptidase STE24 [Source:HGNC Symbol;Acc:HGNC:12877]	9821	-0.17130796611309052	-0.69333285	No	
row_109	SLC15A4	solute carrier family 15 member 4 [Source:HGNC Symbol;Acc:HGNC:23090]	9853	-0.17477574944496155	-0.69501686	No	
row_110	GFER	growth factor, augmenter of liver regeneration [Source:HGNC Symbol;Acc:HGNC:4236]	9855	-0.17510312795639038	-0.6944077	No	
row_111	NPLOC4	NPL4 homolog, ubiquitin recognition factor [Source:HGNC Symbol;Acc:HGNC:18261]	9883	-0.17782855033874512	-0.6957741	No	
row_112	PIK3R6	phosphoinositide-3-kinase regulatory subunit 6 [Source:HGNC Symbol;Acc:HGNC:27101]	9994	-0.18987949192523956	-0.70343405	No	
row_113	PTPN2	protein tyrosine phosphatase non-receptor type 2 [Source:HGNC Symbol;Acc:HGNC:9650]	10059	-0.19716961681842804	-0.70755136	No	
row_114	NONO	non-POU domain containing octamer binding [Source:HGNC Symbol;Acc:HGNC:7871]	10063	-0.19767099618911743	-0.70700663	No	
row_115	YTHDF3	YTH N6-methyladenosine RNA binding protein 3 [Source:HGNC Symbol;Acc:HGNC:26465]	10152	-0.20816954970359802	-0.7129143	No	
row_116	BANF1	barrier to autointegration factor 1 [Source:HGNC Symbol;Acc:HGNC:17397]	10220	-0.21636570990085602	-0.7171856	No	
row_117	BIRC2	baculoviral IAP repeat containing 2 [Source:HGNC Symbol;Acc:HGNC:590]	10240	-0.2188042849302292	-0.7177805	No	
row_118	FBXO38	F-box protein 38 [Source:HGNC Symbol;Acc:HGNC:28844]	10281	-0.22501645982265472	-0.71995527	No	
row_119	CR1	complement C3b/C4b receptor 1 (Knops blood group) [Source:HGNC Symbol;Acc:HGNC:2334]	10295	-0.22655810415744781	-0.7200614	No	
row_120	RIOK3	RIO kinase 3 [Source:HGNC Symbol;Acc:HGNC:11451]	10309	-0.22821156680583954	-0.7201611	No	
row_121	POLR3C	RNA polymerase III subunit C [Source:HGNC Symbol;Acc:HGNC:30076]	10359	-0.23422332108020782	-0.72298735	No	
row_122	TRIM62	tripartite motif containing 62 [Source:HGNC Symbol;Acc:HGNC:25574]	10540	-0.25772079825401306	-0.7357293	No	
row_123	RPS19	ribosomal protein S19 [Source:HGNC Symbol;Acc:HGNC:10402]	10554	-0.2597241699695587	-0.73570555	No	
row_124	OPTN	optineurin [Source:HGNC Symbol;Acc:HGNC:17142]	10718	-0.2872796058654785	-0.7470331	No	
row_125	PCBP2	poly(rC) binding protein 2 [Source:HGNC Symbol;Acc:HGNC:8648]	10871	-0.3108959197998047	-0.7574278	No	
row_126	GPATCH3	G-patch domain containing 3 [Source:HGNC Symbol;Acc:HGNC:25720]	11003	-0.3307168185710907	-0.7661407	No	
row_127	POLR3F	RNA polymerase III subunit F [Source:HGNC Symbol;Acc:HGNC:15763]	11011	-0.33221787214279175	-0.7653748	No	
row_128	NLRX1	NLR family member X1 [Source:HGNC Symbol;Acc:HGNC:29890]	11100	-0.3495851159095764	-0.77072877	No	
row_129	TRIM41	tripartite motif containing 41 [Source:HGNC Symbol;Acc:HGNC:19013]	11109	-0.3512493073940277	-0.76996475	No	
row_130	TBK1	TANK binding kinase 1 [Source:HGNC Symbol;Acc:HGNC:11584]	11170	-0.3692692518234253	-0.7731027	No	
row_131	ARRB2	arrestin beta 2 [Source:HGNC Symbol;Acc:HGNC:712]	11184	-0.3717876076698303	-0.7726402	No	
row_132	PTPN1	protein tyrosine phosphatase non-receptor type 1 [Source:HGNC Symbol;Acc:HGNC:9642]	11245	-0.38466665148735046	-0.77571785	No	
row_133	NLRC3	NLR family CARD domain containing 3 [Source:HGNC Symbol;Acc:HGNC:29889]	11427	-0.4365720748901367	-0.78783596	No	
row_134	LAMP1	lysosomal associated membrane protein 1 [Source:HGNC Symbol;Acc:HGNC:6499]	11439	-0.43872785568237305	-0.78695863	No	
row_135	PVR	PVR cell adhesion molecule [Source:HGNC Symbol;Acc:HGNC:9705]	11618	-0.5014012455940247	-0.79859376	No	
row_136	TREM2	triggering receptor expressed on myeloid cells 2 [Source:HGNC Symbol;Acc:HGNC:17761]	11625	-0.5038224458694458	-0.7970796	No	
row_137	ADAR	adenosine deaminase RNA specific [Source:HGNC Symbol;Acc:HGNC:225]	11730	-0.5521957874298096	-0.8028627	No	
row_138	CASP6	caspase 6 [Source:HGNC Symbol;Acc:HGNC:1507]	11784	-0.5802222490310669	-0.80463994	No	
row_139	TRAF6	TNF receptor associated factor 6 [Source:HGNC Symbol;Acc:HGNC:12036]	11923	-0.6538277268409729	-0.81262255	No	
row_140	PTPN22	protein tyrosine phosphatase non-receptor type 22 [Source:HGNC Symbol;Acc:HGNC:9652]	11980	-0.6843134760856628	-0.81422144	No	
row_141	RNF31	ring finger protein 31 [Source:HGNC Symbol;Acc:HGNC:16031]	11987	-0.6860858201980591	-0.8119937	No	
row_142	A2M	alpha-2-macroglobulin [Source:HGNC Symbol;Acc:HGNC:7]	12068	-0.7322744131088257	-0.81523836	Yes	
row_143	NFE2L2	nuclear factor, erythroid 2 like 2 [Source:HGNC Symbol;Acc:HGNC:7782]	12082	-0.7397729158401489	-0.8133352	Yes	
row_144	CEACAM1	carcinoembryonic antigen related cell adhesion molecule 1 [Source:HGNC Symbol;Acc:HGNC:1814]	12140	-0.7821909189224243	-0.8146273	Yes	
row_145	TRIB1	tribbles pseudokinase 1 [Source:HGNC Symbol;Acc:HGNC:16891]	12148	-0.7903936505317688	-0.81206757	Yes	
row_146	CGAS	cyclic GMP-AMP synthase [Source:HGNC Symbol;Acc:HGNC:21367]	12155	-0.7976584434509277	-0.809403	Yes	
row_147	LBP	lipopolysaccharide binding protein [Source:HGNC Symbol;Acc:HGNC:6517]	12167	-0.8066551089286804	-0.80708516	Yes	
row_148	NECTIN2	nectin cell adhesion molecule 2 [Source:HGNC Symbol;Acc:HGNC:9707]	12209	-0.8350293636322021	-0.8069481	Yes	
row_149	ZNFX1	zinc finger NFX1-type containing 1 [Source:HGNC Symbol;Acc:HGNC:29271]	12284	-0.8929374814033508	-0.80910534	Yes	
row_150	TRAF3IP2	TRAF3 interacting protein 2 [Source:HGNC Symbol;Acc:HGNC:1343]	12314	-0.9277524352073669	-0.80768853	Yes	
row_151	GRN	granulin precursor [Source:HGNC Symbol;Acc:HGNC:4601]	12330	-0.9392642974853516	-0.8051571	Yes	
row_152	FADD	Fas associated via death domain [Source:HGNC Symbol;Acc:HGNC:3573]	12345	-0.9544616937637329	-0.8024898	Yes	
row_153	TRAFD1	TRAF-type zinc finger domain containing 1 [Source:HGNC Symbol;Acc:HGNC:24808]	12367	-0.9755862951278687	-0.80027455	Yes	
row_154	LY96	lymphocyte antigen 96 [Source:HGNC Symbol;Acc:HGNC:17156]	12399	-1.0230461359024048	-0.79863745	Yes	
row_155	NR1H3	nuclear receptor subfamily 1 group H member 3 [Source:HGNC Symbol;Acc:HGNC:7966]	12438	-1.064737319946289	-0.79737186	Yes	
row_156	RIPK2	receptor interacting serine/threonine kinase 2 [Source:HGNC Symbol;Acc:HGNC:10020]	12458	-1.0947935581207275	-0.79453707	Yes	
row_157	LYN	LYN proto-oncogene, Src family tyrosine kinase [Source:HGNC Symbol;Acc:HGNC:6735]	12499	-1.154542088508606	-0.7930727	Yes	
row_158	STAT2	signal transducer and activator of transcription 2 [Source:HGNC Symbol;Acc:HGNC:11363]	12500	-1.1547363996505737	-0.78855175	Yes	
row_159	HMGB2	high mobility group box 2 [Source:HGNC Symbol;Acc:HGNC:5000]	12517	-1.1749645471572876	-0.78517395	Yes	
row_160	SAMHD1	SAM and HD domain containing deoxynucleoside triphosphate triphosphohydrolase 1 [Source:HGNC Symbol;Acc:HGNC:15925]	12526	-1.1817749738693237	-0.7811583	Yes	
row_161	TIRAP	TIR domain containing adaptor protein [Source:HGNC Symbol;Acc:HGNC:17192]	12592	-1.2793903350830078	-0.781115	Yes	
row_162	TYROBP	TYRO protein tyrosine kinase binding protein [Source:HGNC Symbol;Acc:HGNC:12449]	12598	-1.2893348932266235	-0.7764491	Yes	
row_163	NOD1	nucleotide binding oligomerization domain containing 1 [Source:HGNC Symbol;Acc:HGNC:16390]	12609	-1.3084510564804077	-0.7720903	Yes	
row_164	EMILIN1	elastin microfibril interfacer 1 [Source:HGNC Symbol;Acc:HGNC:19880]	12616	-1.3163834810256958	-0.7673949	Yes	
row_165	MICA	MHC class I polypeptide-related sequence A [Source:HGNC Symbol;Acc:HGNC:7090]	12650	-1.366855502128601	-0.7645645	Yes	
row_166	TRIM56	tripartite motif containing 56 [Source:HGNC Symbol;Acc:HGNC:19028]	12654	-1.3731642961502075	-0.7594176	Yes	
row_167	EMILIN2	elastin microfibril interfacer 2 [Source:HGNC Symbol;Acc:HGNC:19881]	12691	-1.4469263553619385	-0.75650287	Yes	
row_168	TSPAN32	tetraspanin 32 [Source:HGNC Symbol;Acc:HGNC:13410]	12703	-1.4758557081222534	-0.7515651	Yes	
row_169	ADAM8	ADAM metallopeptidase domain 8 [Source:HGNC Symbol;Acc:HGNC:215]	12730	-1.5315771102905273	-0.747555	Yes	
row_170	SERPINB9	serpin family B member 9 [Source:HGNC Symbol;Acc:HGNC:8955]	12732	-1.5375686883926392	-0.74161166	Yes	
row_171	STAT1	signal transducer and activator of transcription 1 [Source:HGNC Symbol;Acc:HGNC:11362]	12739	-1.5451865196228027	-0.7360205	Yes	
row_172	HPX	hemopexin [Source:HGNC Symbol;Acc:HGNC:5171]	12748	-1.561322808265686	-0.7305189	Yes	
row_173	CLEC6A	C-type lectin domain containing 6A [Source:HGNC Symbol;Acc:HGNC:14556]	12802	-1.7152905464172363	-0.7278522	Yes	
row_174	ISG15	ISG15 ubiquitin like modifier [Source:HGNC Symbol;Acc:HGNC:4053]	12828	-1.8063654899597168	-0.7226899	Yes	
row_175	IRF1	interferon regulatory factor 1 [Source:HGNC Symbol;Acc:HGNC:6116]	12854	-1.8624831438064575	-0.717308	Yes	
row_176	FFAR2	free fatty acid receptor 2 [Source:HGNC Symbol;Acc:HGNC:4501]	12858	-1.8681418895721436	-0.7102232	Yes	
row_177	ARG1	arginase 1 [Source:HGNC Symbol;Acc:HGNC:663]	12859	-1.8745911121368408	-0.70288396	Yes	
row_178	PLSCR1	phospholipid scramblase 1 [Source:HGNC Symbol;Acc:HGNC:9092]	12860	-1.8749125003814697	-0.69554347	Yes	
row_179	NOD2	nucleotide binding oligomerization domain containing 2 [Source:HGNC Symbol;Acc:HGNC:5331]	12865	-1.8870857954025269	-0.6884609	Yes	
row_180	NCF1	neutrophil cytosolic factor 1 [Source:HGNC Symbol;Acc:HGNC:7660]	12866	-1.8886833190917969	-0.68106645	Yes	
row_181	IFIT1B	interferon induced protein with tetratricopeptide repeats 1B [Source:HGNC Symbol;Acc:HGNC:23442]	12869	-1.8987250328063965	-0.67378557	Yes	
row_182	RNF125	ring finger protein 125 [Source:HGNC Symbol;Acc:HGNC:21150]	12873	-1.907199501991272	-0.66654783	Yes	
row_183	IKBKE	inhibitor of nuclear factor kappa B kinase subunit epsilon [Source:HGNC Symbol;Acc:HGNC:14552]	12882	-1.9334088563919067	-0.65958947	Yes	
row_184	PYCARD	PYD and CARD domain containing [Source:HGNC Symbol;Acc:HGNC:16608]	12886	-1.946400761604309	-0.65219826	Yes	
row_185	TXK	TXK tyrosine kinase [Source:HGNC Symbol;Acc:HGNC:12434]	12887	-1.9520033597946167	-0.644556	Yes	
row_186	CYBA	cytochrome b-245 alpha chain [Source:HGNC Symbol;Acc:HGNC:2577]	12892	-1.9694020748138428	-0.6371511	Yes	
row_187	LY86	lymphocyte antigen 86 [Source:HGNC Symbol;Acc:HGNC:16837]	12902	-1.99455726146698	-0.63002974	Yes	
row_188	ERAP1	endoplasmic reticulum aminopeptidase 1 [Source:HGNC Symbol;Acc:HGNC:18173]	12908	-2.0068156719207764	-0.62255484	Yes	
row_189	CD1D	CD1d molecule [Source:HGNC Symbol;Acc:HGNC:1637]	12909	-2.011352062225342	-0.6146802	Yes	
row_190	SERPING1	serpin family G member 1 [Source:HGNC Symbol;Acc:HGNC:1228]	12912	-2.0194497108459473	-0.60692656	Yes	
row_191	CD36	CD36 molecule [Source:HGNC Symbol;Acc:HGNC:1663]	12913	-2.0263617038726807	-0.5989931	Yes	
row_192	PTPN6	protein tyrosine phosphatase non-receptor type 6 [Source:HGNC Symbol;Acc:HGNC:9658]	12929	-2.0592994689941406	-0.59207666	Yes	
row_193	IL15	interleukin 15 [Source:HGNC Symbol;Acc:HGNC:5977]	12930	-2.0606555938720703	-0.584009	Yes	
row_194	VAV1	vav guanine nucleotide exchange factor 1 [Source:HGNC Symbol;Acc:HGNC:12657]	12932	-2.0627310276031494	-0.5760095	Yes	
row_195	SYK	spleen associated tyrosine kinase [Source:HGNC Symbol;Acc:HGNC:11491]	12934	-2.071566104888916	-0.5679755	Yes	
row_196	NMI	N-myc and STAT interactor [Source:HGNC Symbol;Acc:HGNC:7854]	12937	-2.080019235610962	-0.5599848	Yes	
row_197	IRAK3	interleukin 1 receptor associated kinase 3 [Source:HGNC Symbol;Acc:HGNC:17020]	12940	-2.0854570865631104	-0.5519728	Yes	
row_198	ARG2	arginase 2 [Source:HGNC Symbol;Acc:HGNC:664]	12945	-2.0990161895751953	-0.54406047	Yes	
row_199	HAVCR2	hepatitis A virus cellular receptor 2 [Source:HGNC Symbol;Acc:HGNC:18437]	12958	-2.150355339050293	-0.53655833	Yes	
row_200	IRGM	immunity related GTPase M [Source:HGNC Symbol;Acc:HGNC:29597]	12973	-2.189880847930908	-0.5290542	Yes	
row_201	TRIM6	tripartite motif containing 6 [Source:HGNC Symbol;Acc:HGNC:16277]	12976	-2.20326828956604	-0.520581	Yes	
row_202	SLAMF6	SLAM family member 6 [Source:HGNC Symbol;Acc:HGNC:21392]	12985	-2.2255918979644775	-0.5124787	Yes	
row_203	DTX3L	deltex E3 ubiquitin ligase 3L [Source:HGNC Symbol;Acc:HGNC:30323]	13002	-2.2925052642822266	-0.5047256	Yes	
row_204	TNFAIP3	TNF alpha induced protein 3 [Source:HGNC Symbol;Acc:HGNC:11896]	13008	-2.3014543056488037	-0.49609712	Yes	
row_205	DDX58	DExD/H-box helicase 58 [Source:HGNC Symbol;Acc:HGNC:19102]	13009	-2.3021128177642822	-0.4870841	Yes	
row_206	GBP5	guanylate binding protein 5 [Source:HGNC Symbol;Acc:HGNC:19895]	13015	-2.319401741027832	-0.47838533	Yes	
row_207	CCL5	C-C motif chemokine ligand 5 [Source:HGNC Symbol;Acc:HGNC:10632]	13016	-2.320327043533325	-0.46930102	Yes	
row_208	TRIM5	tripartite motif containing 5 [Source:HGNC Symbol;Acc:HGNC:16276]	13019	-2.3257625102996826	-0.46034816	Yes	
row_209	CASP8	caspase 8 [Source:HGNC Symbol;Acc:HGNC:1509]	13026	-2.351742744445801	-0.4515992	Yes	
row_210	DDX60	DExD/H-box helicase 60 [Source:HGNC Symbol;Acc:HGNC:25942]	13035	-2.364609718322754	-0.44295266	Yes	
row_211	PARP9	poly(ADP-ribose) polymerase family member 9 [Source:HGNC Symbol;Acc:HGNC:24118]	13045	-2.3888864517211914	-0.43428743	Yes	
row_212	IFI35	interferon induced protein 35 [Source:HGNC Symbol;Acc:HGNC:5399]	13054	-2.4258947372436523	-0.42540094	Yes	
row_213	ZC3H12A	zinc finger CCCH-type containing 12A [Source:HGNC Symbol;Acc:HGNC:26259]	13061	-2.4416534900665283	-0.41629997	Yes	
row_214	AIM2	absent in melanoma 2 [Source:HGNC Symbol;Acc:HGNC:357]	13067	-2.460636615753174	-0.40704829	Yes	
row_215	MNDA	myeloid cell nuclear differentiation antigen [Source:HGNC Symbol;Acc:HGNC:7183]	13084	-2.5153844356536865	-0.39842257	Yes	
row_216	IRF7	interferon regulatory factor 7 [Source:HGNC Symbol;Acc:HGNC:6122]	13088	-2.53041410446167	-0.3887449	Yes	
row_217	IFNB1	interferon beta 1 [Source:HGNC Symbol;Acc:HGNC:5434]	13099	-2.5572633743286133	-0.37949687	Yes	
row_218	BIRC3	baculoviral IAP repeat containing 3 [Source:HGNC Symbol;Acc:HGNC:591]	13100	-2.560978412628174	-0.36947036	Yes	
row_219	PARP14	poly(ADP-ribose) polymerase family member 14 [Source:HGNC Symbol;Acc:HGNC:29232]	13109	-2.582247018814087	-0.35997173	Yes	
row_220	CD274	CD274 molecule [Source:HGNC Symbol;Acc:HGNC:17635]	13130	-2.6653146743774414	-0.3510646	Yes	
row_221	SPI1	Spi-1 proto-oncogene [Source:HGNC Symbol;Acc:HGNC:11241]	13133	-2.6677331924438477	-0.34077293	Yes	
row_222	KLRD1	killer cell lectin like receptor D1 [Source:HGNC Symbol;Acc:HGNC:6378]	13141	-2.69734525680542	-0.33074728	Yes	
row_223	HCK	HCK proto-oncogene, Src family tyrosine kinase [Source:HGNC Symbol;Acc:HGNC:4840]	13144	-2.7148704528808594	-0.32027104	Yes	
row_224	FCGR2B	Fc fragment of IgG receptor IIb [Source:HGNC Symbol;Acc:HGNC:3618]	13158	-2.755366563796997	-0.3104766	Yes	
row_225	ZBP1	Z-DNA binding protein 1 [Source:HGNC Symbol;Acc:HGNC:16176]	13159	-2.755458116531372	-0.29968867	Yes	
row_226	IL1B	interleukin 1 beta [Source:HGNC Symbol;Acc:HGNC:5992]	13160	-2.7633743286132812	-0.28886977	Yes	
row_227	DHX58	DExH-box helicase 58 [Source:HGNC Symbol;Acc:HGNC:29517]	13162	-2.7815897464752197	-0.27805594	Yes	
row_228	OASL	2'-5'-oligoadenylate synthetase like [Source:HGNC Symbol;Acc:HGNC:8090]	13167	-2.798686981201172	-0.26740432	Yes	
row_229	TLR4	toll like receptor 4 [Source:HGNC Symbol;Acc:HGNC:11850]	13184	-2.874952554702759	-0.2573709	Yes	
row_230	PYHIN1	pyrin and HIN domain family member 1 [Source:HGNC Symbol;Acc:HGNC:28894]	13210	-2.9802963733673096	-0.24761254	Yes	
row_231	FGL2	fibrinogen like 2 [Source:HGNC Symbol;Acc:HGNC:3696]	13218	-3.023555040359497	-0.23630975	Yes	
row_232	PLCG2	phospholipase C gamma 2 [Source:NCBI gene;Acc:5336]	13222	-3.042161464691162	-0.22462852	Yes	
row_233	CD180	CD180 molecule [Source:HGNC Symbol;Acc:HGNC:6726]	13250	-3.2070183753967285	-0.21413533	Yes	
row_234	NLRC5	NLR family CARD domain containing 5 [Source:HGNC Symbol;Acc:HGNC:29933]	13251	-3.2144079208374023	-0.20155057	Yes	
row_235	KLRK1	killer cell lectin like receptor K1 [Source:HGNC Symbol;Acc:HGNC:18788]	13253	-3.2218995094299316	-0.18901287	Yes	
row_236	CXCL6	C-X-C motif chemokine ligand 6 [Source:HGNC Symbol;Acc:HGNC:10643]	13260	-3.2467052936553955	-0.17676003	Yes	
row_237	TRIM21	tripartite motif containing 21 [Source:HGNC Symbol;Acc:HGNC:11312]	13263	-3.2677388191223145	-0.16411926	Yes	
row_238	ACOD1	aconitate decarboxylase 1 [Source:HGNC Symbol;Acc:HGNC:33904]	13270	-3.3143413066864014	-0.1516016	Yes	
row_239	KLK7	kallikrein related peptidase 7 [Source:HGNC Symbol;Acc:HGNC:6368]	13275	-3.3562138080596924	-0.13876723	Yes	
row_240	OAS3	2'-5'-oligoadenylate synthetase 3 [Source:HGNC Symbol;Acc:HGNC:8088]	13294	-3.5899810791015625	-0.12608716	Yes	
row_241	SOCS1	suppressor of cytokine signaling 1 [Source:HGNC Symbol;Acc:HGNC:19383]	13295	-3.596463203430176	-0.1120066	Yes	
row_242	IL12RB1	interleukin 12 receptor subunit beta 1 [Source:HGNC Symbol;Acc:HGNC:5971]	13309	-3.862640857696533	-0.097877055	Yes	
row_243	SLAMF8	SLAM family member 8 [Source:HGNC Symbol;Acc:HGNC:21391]	13319	-4.137258529663086	-0.08236678	Yes	
row_244	FPR2	formyl peptide receptor 2 [Source:HGNC Symbol;Acc:HGNC:3827]	13320	-4.141956329345703	-0.06615056	Yes	
row_245	IL12B	interleukin 12B [Source:HGNC Symbol;Acc:HGNC:5970]	13321	-4.15106201171875	-0.049898688	Yes	
row_246	FGR	FGR proto-oncogene, Src family tyrosine kinase [Source:HGNC Symbol;Acc:HGNC:3697]	13322	-4.204682350158691	-0.03343689	Yes	
row_247	CLEC7A	C-type lectin domain containing 7A [Source:HGNC Symbol;Acc:HGNC:14558]	13326	-4.382608890533447	-0.016507672	Yes	
row_248	SCIMP	SLP adaptor and CSK interacting membrane protein [Source:HGNC Symbol;Acc:HGNC:33504]	13328	-4.431081771850586	7.641115E-4	Yes	
