NAME	SYMBOL	TITLE	RANK IN GENE LIST	RANK METRIC SCORE	RUNNING ES	CORE ENRICHMENT	
row_0	Tmem232	transmembrane protein 232 [Source:MGI Symbol;Acc:MGI:2685786]	39	1.6575260162353516	0.018192776	Yes	
row_1	Catsperz	cation channel sperm associated auxiliary subunit zeta [Source:MGI Symbol;Acc:MGI:1914327]	130	1.319861650466919	0.028812632	Yes	
row_2	Ccdc65	coiled-coil domain containing 65 [Source:MGI Symbol;Acc:MGI:2146001]	156	1.247536063194275	0.042790994	Yes	
row_3	Cfap119	cilia and flagella associated protein 119 [Source:MGI Symbol;Acc:MGI:2685012]	220	1.1065763235092163	0.052511845	Yes	
row_4	Catspere2	cation channel sperm associated auxiliary subunit epsilon 2 [Source:MGI Symbol;Acc:MGI:5589632]	221	1.105651617050171	0.066353895	Yes	
row_5	Odad4	outer dynein arm complex subunit 4 [Source:MGI Symbol;Acc:MGI:1921657]	296	1.0063459873199463	0.074098326	Yes	
row_6	Dnah5	dynein, axonemal, heavy chain 5 [Source:MGI Symbol;Acc:MGI:107718]	314	0.980681300163269	0.08526064	Yes	
row_7	Ulk4	unc-51-like kinase 4 [Source:MGI Symbol;Acc:MGI:1921622]	318	0.9778335094451904	0.097305685	Yes	
row_8	Hydin	HYDIN, axonemal central pair apparatus protein [Source:MGI Symbol;Acc:MGI:2389007]	357	0.9474567770957947	0.10667445	Yes	
row_9	Enkur	enkurin, TRPC channel interacting protein [Source:MGI Symbol;Acc:MGI:1918483]	376	0.9299280643463135	0.117135756	Yes	
row_10	Bbof1	basal body orientation factor 1 [Source:MGI Symbol;Acc:MGI:1920123]	406	0.902338445186615	0.12653007	Yes	
row_11	Stk36	serine/threonine kinase 36 [Source:MGI Symbol;Acc:MGI:1920831]	421	0.8900033235549927	0.13675395	Yes	
row_12	Armc3	armadillo repeat containing 3 [Source:MGI Symbol;Acc:MGI:1918132]	424	0.88844895362854	0.14774555	Yes	
row_13	Cfap61	cilia and flagella associated protein 61 [Source:MGI Symbol;Acc:MGI:1926024]	443	0.8655701875686646	0.15740114	Yes	
row_14	Tekt1	tektin 1 [Source:MGI Symbol;Acc:MGI:1333819]	465	0.8468325734138489	0.16662535	Yes	
row_15	Dnaaf11	dynein axonemal assembly factor 11 [Source:MGI Symbol;Acc:MGI:1859553]	470	0.84113609790802	0.17689344	Yes	
row_16	Ccdc159	coiled-coil domain containing 159 [Source:MGI Symbol;Acc:MGI:1914369]	479	0.8358190655708313	0.18683256	Yes	
row_17	Cfap44	cilia and flagella associated protein 44 [Source:MGI Symbol;Acc:MGI:1277238]	505	0.8209275007247925	0.19547005	Yes	
row_18	Tcte1	t-complex-associated testis expressed 1 [Source:MGI Symbol;Acc:MGI:98640]	511	0.818659245967865	0.20539114	Yes	
row_19	Slc9b2	solute carrier family 9, subfamily B (NHA2, cation proton antiporter 2), member 2 [Source:MGI Symbol;Acc:MGI:2140077]	544	0.7923492789268494	0.21321166	Yes	
row_20	Rsph1	radial spoke head 1 homolog (Chlamydomonas) [Source:MGI Symbol;Acc:MGI:1194909]	546	0.7912442684173584	0.22305194	Yes	
row_21	Spata33	spermatogenesis associated 33 [Source:MGI Symbol;Acc:MGI:2444920]	557	0.7839186191558838	0.23221008	Yes	
row_22	Wt1	WT1 transcription factor [Source:MGI Symbol;Acc:MGI:98968]	562	0.7813954949378967	0.24173026	Yes	
row_23	Armc2	armadillo repeat containing 2 [Source:MGI Symbol;Acc:MGI:1916449]	567	0.7779614925384521	0.25120744	Yes	
row_24	Dnah6	dynein, axonemal, heavy chain 6 [Source:MGI Symbol;Acc:MGI:107744]	576	0.772081732749939	0.26034862	Yes	
row_25	Zmynd10	zinc finger, MYND domain containing 10 [Source:MGI Symbol;Acc:MGI:2387863]	626	0.7421851754188538	0.2664259	Yes	
row_26	Cyb5d1	cytochrome b5 domain containing 1 [Source:MGI Symbol;Acc:MGI:2685586]	638	0.7315985560417175	0.27486345	Yes	
row_27	Tekt5	tektin 5 [Source:MGI Symbol;Acc:MGI:1917676]	651	0.7235775589942932	0.283135	Yes	
row_28	Efcab6	EF-hand calcium binding domain 6 [Source:MGI Symbol;Acc:MGI:1924877]	657	0.7208757400512695	0.2918319	Yes	
row_29	Cwh43	cell wall biogenesis 43 C-terminal homolog [Source:MGI Symbol;Acc:MGI:2444131]	746	0.6838377714157104	0.29462034	Yes	
row_30	Odad1	outer dynein arm docking complex subunit 1 [Source:MGI Symbol;Acc:MGI:2446120]	747	0.6833065152168274	0.3031749	Yes	
row_31	Cabcoco1	ciliary associated calcium binding coiled-coil 1 [Source:MGI Symbol;Acc:MGI:1920537]	773	0.6716176271438599	0.30994314	Yes	
row_32	Spag8	sperm associated antigen 8 [Source:MGI Symbol;Acc:MGI:3056295]	816	0.6559699773788452	0.31540027	Yes	
row_33	Cfap90	cilia and flagella associated protein 90 [Source:MGI Symbol;Acc:MGI:1916565]	817	0.6553799510002136	0.3236052	Yes	
row_34	Pfn4	profilin family, member 4 [Source:MGI Symbol;Acc:MGI:1920121]	827	0.6514195203781128	0.33117017	Yes	
row_35	Spag17	sperm associated antigen 17 [Source:MGI Symbol;Acc:MGI:1921612]	876	0.6305770874023438	0.3359158	Yes	
row_36	Cfap251	cilia and flagella associated protein 251 [Source:MGI Symbol;Acc:MGI:1918495]	929	0.611162543296814	0.340156	Yes	
row_37	Iqub	IQ motif and ubiquitin domain containing [Source:MGI Symbol;Acc:MGI:3041159]	958	0.6010476350784302	0.34584394	Yes	
row_38	Clxn	calaxin [Source:MGI Symbol;Acc:MGI:1914043]	1031	0.5749020576477051	0.34831816	Yes	
row_39	Dnah1	dynein, axonemal, heavy chain 1 [Source:MGI Symbol;Acc:MGI:107721]	1049	0.5708892345428467	0.35435015	Yes	
row_40	Cfap69	cilia and flagella associated protein 69 [Source:MGI Symbol;Acc:MGI:2443778]	1079	0.5603173971176147	0.35946256	Yes	
row_41	Kif27	kinesin family member 27 [Source:MGI Symbol;Acc:MGI:1922300]	1200	0.5237077474594116	0.3581471	Yes	
row_42	Ccdc146	coiled-coil domain containing 146 [Source:MGI Symbol;Acc:MGI:1922422]	1219	0.5183676481246948	0.36345595	Yes	
row_43	Lrrc23	leucine rich repeat containing 23 [Source:MGI Symbol;Acc:MGI:1315192]	1240	0.5126099586486816	0.3685615	Yes	
row_44	Nme5	NME/NM23 family member 5 [Source:MGI Symbol;Acc:MGI:1922783]	1320	0.48938849568367004	0.36950597	Yes	
row_45	Invs	inversin [Source:MGI Symbol;Acc:MGI:1335082]	1324	0.4885490834712982	0.3754255	Yes	
row_46	Tacr3	tachykinin receptor 3 [Source:MGI Symbol;Acc:MGI:892968]	1337	0.4848073124885559	0.38070777	Yes	
row_47	Spef1	sperm flagellar 1 [Source:MGI Symbol;Acc:MGI:3513546]	1341	0.48352792859077454	0.38656443	Yes	
row_48	Dnai4	dynein axonemal intermediate chain 4 [Source:MGI Symbol;Acc:MGI:2385328]	1344	0.48325398564338684	0.39248326	Yes	
row_49	Ccdc39	coiled-coil domain containing 39 [Source:MGI Symbol;Acc:MGI:1289263]	1350	0.482610285282135	0.39819723	Yes	
row_50	Kif9	kinesin family member 9 [Source:MGI Symbol;Acc:MGI:1098237]	1374	0.4778643846511841	0.40267098	Yes	
row_51	Garin5a	golgi associated RAB2 interactor 5A [Source:MGI Symbol;Acc:MGI:1922788]	1443	0.46095922589302063	0.40398112	Yes	
row_52	Catsper2	cation channel, sperm associated 2 [Source:MGI Symbol;Acc:MGI:2387404]	1501	0.44815194606781006	0.40585253	Yes	
row_53	Pierce2	piercer of microtubule wall 2 [Source:MGI Symbol;Acc:MGI:3648770]	1519	0.4449078142642975	0.4103073	Yes	
row_54	Bbs2	Bardet-Biedl syndrome 2 [Source:MGI Symbol;Acc:MGI:2135267]	1529	0.44150757789611816	0.41524428	Yes	
row_55	Nphp4	nephronophthisis 4 (juvenile) homolog (human) [Source:MGI Symbol;Acc:MGI:2384210]	1572	0.4325195252895355	0.41790396	Yes	
row_56	Spag6l	sperm associated antigen 6-like [Source:MGI Symbol;Acc:MGI:1354388]	1577	0.4316013753414154	0.42304495	Yes	
row_57	Cep131	centrosomal protein 131 [Source:MGI Symbol;Acc:MGI:107440]	1605	0.42521363496780396	0.42659715	Yes	
row_58	Ttll1	tubulin tyrosine ligase-like 1 [Source:MGI Symbol;Acc:MGI:2443047]	1677	0.41411978006362915	0.4271241	Yes	
row_59	Drc1	dynein regulatory complex subunit 1 [Source:MGI Symbol;Acc:MGI:2685906]	1700	0.41114377975463867	0.43082815	Yes	
row_60	Celf3	CUGBP, Elav-like family member 3 [Source:MGI Symbol;Acc:MGI:1926034]	1714	0.4075676202774048	0.43507785	Yes	
row_61	Ccdc88c	coiled-coil domain containing 88C [Source:MGI Symbol;Acc:MGI:1915589]	1819	0.38790643215179443	0.43311185	Yes	
row_62	Mkks	McKusick-Kaufman syndrome [Source:MGI Symbol;Acc:MGI:1891836]	1856	0.38228487968444824	0.4355362	Yes	
row_63	Bbs1	Bardet-Biedl syndrome 1 [Source:MGI Symbol;Acc:MGI:1277215]	1965	0.3650366961956024	0.4330215	Yes	
row_64	Spmip6	sperm microtubule inner protein 6 [Source:MGI Symbol;Acc:MGI:1920971]	2027	0.35631242394447327	0.4334807	Yes	
row_65	Neurl1a	neuralized E3 ubiquitin protein ligase 1A [Source:MGI Symbol;Acc:MGI:1334263]	2040	0.3536243140697479	0.43712068	Yes	
row_66	Cimip2b	ciliary microtubule inner protein 2B [Source:MGI Symbol;Acc:MGI:2445194]	2071	0.3499065935611725	0.4395333	Yes	
row_67	Odad3	outer dynein arm docking complex subunit 3 [Source:MGI Symbol;Acc:MGI:1924859]	2075	0.34927836060523987	0.44370922	Yes	
row_68	Dnah12	dynein, axonemal, heavy chain 12 [Source:MGI Symbol;Acc:MGI:107720]	2182	0.3370797634124756	0.4409757	Yes	
row_69	Cfap65	cilia and flagella associated protein 65 [Source:MGI Symbol;Acc:MGI:2444274]	2216	0.3323952555656433	0.44297227	Yes	
row_70	Cfap210	cilia and flagella associated protein 210 [Source:MGI Symbol;Acc:MGI:1923100]	2257	0.3279726505279541	0.4444543	Yes	
row_71	Rsph9	radial spoke head 9 homolog (Chlamydomonas) [Source:MGI Symbol;Acc:MGI:1922814]	2392	0.31037017703056335	0.4395496	Yes	
row_72	Dzip1	DAZ interacting protein 1 [Source:MGI Symbol;Acc:MGI:1914311]	2437	0.30474653840065	0.44047844	Yes	
row_73	Katnip	katanin interacting protein [Source:MGI Symbol;Acc:MGI:2442760]	2441	0.3045881688594818	0.4440949	Yes	
row_74	Cacna1e	calcium channel, voltage-dependent, R type, alpha 1E subunit [Source:MGI Symbol;Acc:MGI:106217]	2460	0.3026745319366455	0.4467034	Yes	
row_75	Tacr1	tachykinin receptor 1 [Source:MGI Symbol;Acc:MGI:98475]	2537	0.2949850559234619	0.44541085	Yes	
row_76	Atp2b4	ATPase, Ca++ transporting, plasma membrane 4 [Source:MGI Symbol;Acc:MGI:88111]	2655	0.28186509013175964	0.44126448	Yes	
row_77	Megf8	multiple EGF-like-domains 8 [Source:MGI Symbol;Acc:MGI:2446294]	2658	0.28163567185401917	0.44465917	Yes	
row_78	Cep78	centrosomal protein 78 [Source:MGI Symbol;Acc:MGI:1924386]	2697	0.276694655418396	0.44563043	Yes	
row_79	Rabl2	RAB, member RAS oncogene family-like 2 [Source:MGI Symbol;Acc:MGI:1915958]	2713	0.27468013763427734	0.44808525	Yes	
row_80	Ift81	intraflagellar transport 81 [Source:MGI Symbol;Acc:MGI:1098597]	2718	0.2745067775249481	0.4512595	Yes	
row_81	Ttll3	tubulin tyrosine ligase-like family, member 3 [Source:MGI Symbol;Acc:MGI:2141418]	2721	0.2743183970451355	0.45456257	Yes	
row_82	Celsr2	cadherin, EGF LAG seven-pass G-type receptor 2 [Source:MGI Symbol;Acc:MGI:1858235]	2743	0.27208659052848816	0.45659134	Yes	
row_83	Kif3a	kinesin family member 3A [Source:MGI Symbol;Acc:MGI:107689]	2787	0.26887047290802	0.45713666	Yes	
row_84	Vps13a	vacuolar protein sorting 13A [Source:MGI Symbol;Acc:MGI:2444304]	2788	0.2688221335411072	0.46050212	Yes	
row_85	Dync2h1	dynein cytoplasmic 2 heavy chain 1 [Source:MGI Symbol;Acc:MGI:107736]	2863	0.26162606477737427	0.45892316	Yes	
row_86	Pacrg	PARK2 co-regulated [Source:MGI Symbol;Acc:MGI:1916560]	2942	0.2544041872024536	0.45699137	Yes	
row_87	Ift88	intraflagellar transport 88 [Source:MGI Symbol;Acc:MGI:98715]	2946	0.2542172074317932	0.4599772	Yes	
row_88	Nsun7	NOL1/NOP2/Sun domain family, member 7 [Source:MGI Symbol;Acc:MGI:1918168]	2994	0.24967095255851746	0.46001974	Yes	
row_89	Ccdc63	coiled-coil domain containing 63 [Source:MGI Symbol;Acc:MGI:3607777]	3021	0.24721142649650574	0.46140906	Yes	
row_90	Rfx3	regulatory factor X, 3 (influences HLA class II expression) [Source:MGI Symbol;Acc:MGI:106582]	3204	0.2334696501493454	0.45239285	No	
row_91	Dusp3	dual specificity phosphatase 3 (vaccinia virus phosphatase VH1-related) [Source:MGI Symbol;Acc:MGI:1919599]	3299	0.22616299986839294	0.4490579	No	
row_92	Cfap45	cilia and flagella associated protein 45 [Source:MGI Symbol;Acc:MGI:1919120]	3423	0.21759574115276337	0.4437133	No	
row_93	Ttll5	tubulin tyrosine ligase-like family, member 5 [Source:MGI Symbol;Acc:MGI:2443657]	3614	0.20413285493850708	0.433805	No	
row_94	Vangl1	VANGL planar cell polarity 1 [Source:MGI Symbol;Acc:MGI:2159344]	3730	0.19688168168067932	0.42872587	No	
row_95	Dnah9	dynein, axonemal, heavy chain 9 [Source:MGI Symbol;Acc:MGI:1289279]	3823	0.19160428643226624	0.42508948	No	
row_96	Dnah11	dynein, axonemal, heavy chain 11 [Source:MGI Symbol;Acc:MGI:1100864]	4121	0.1739664077758789	0.40778434	No	
row_97	Cfap206	cilia and flagella associated protein 206 [Source:MGI Symbol;Acc:MGI:1916579]	4125	0.17385710775852203	0.40976414	No	
row_98	Dnah7b	dynein, axonemal, heavy chain 7B [Source:MGI Symbol;Acc:MGI:2684953]	4370	0.16062507033348083	0.39576876	No	
row_99	Meig1	meiosis expressed gene 1 [Source:MGI Symbol;Acc:MGI:1202878]	4425	0.15731652081012726	0.39419588	No	
row_100	Drc7	dynein regulatory complex subunit 7 [Source:MGI Symbol;Acc:MGI:2685616]	4999	0.13161510229110718	0.35825506	No	
row_101	Ddx4	DEAD box helicase 4 [Source:MGI Symbol;Acc:MGI:102670]	5187	0.12306830286979675	0.34752867	No	
row_102	Ing2	inhibitor of growth family, member 2 [Source:MGI Symbol;Acc:MGI:1916510]	5286	0.11858679354190826	0.34258455	No	
row_103	Cfap144	cilia and flagella associated protein 144 [Source:MGI Symbol;Acc:MGI:1922679]	5407	0.1135280579328537	0.3361339	No	
row_104	Tac1	tachykinin 1 [Source:MGI Symbol;Acc:MGI:98474]	5445	0.11212199181318283	0.3351104	No	
row_105	Cfap68	cilia and flagella associated protein 68 [Source:MGI Symbol;Acc:MGI:1915971]	5450	0.1119065061211586	0.336249	No	
row_106	Cfap100	cilia and flagella associated protein 100 [Source:MGI Symbol;Acc:MGI:2141635]	5511	0.10964488983154297	0.3336857	No	
row_107	Bbs4	Bardet-Biedl syndrome 4 [Source:MGI Symbol;Acc:MGI:2143311]	5571	0.10711275041103363	0.3311563	No	
row_108	Ccnyl1	cyclin Y-like 1 [Source:MGI Symbol;Acc:MGI:2138614]	5582	0.10662619769573212	0.3318352	No	
row_109	Sord	sorbitol dehydrogenase [Source:MGI Symbol;Acc:MGI:98266]	5596	0.10614467412233353	0.33231127	No	
row_110	Ash1l	ASH1 like histone lysine methyltransferase [Source:MGI Symbol;Acc:MGI:2183158]	5901	0.09433527290821075	0.31355003	No	
row_111	Dnaaf2	dynein, axonemal assembly factor 2 [Source:MGI Symbol;Acc:MGI:1923566]	6105	0.08584504574537277	0.30130804	No	
row_112	Dnaaf4	dynein axonemal assembly factor 4 [Source:MGI Symbol;Acc:MGI:1914935]	6215	0.08178042620420456	0.2951815	No	
row_113	Septin4	septin 4 [Source:MGI Symbol;Acc:MGI:1270156]	6262	0.07998009026050568	0.29316524	No	
row_114	Cfap298	cilia and flagella associate protien 298 [Source:MGI Symbol;Acc:MGI:1915251]	6349	0.07682133466005325	0.28848544	No	
row_115	Cfap126	cilia and flagella associated protein 126 [Source:MGI Symbol;Acc:MGI:1922722]	6449	0.07337456941604614	0.28290966	No	
row_116	Nme7	NME/NM23 family member 7 [Source:MGI Symbol;Acc:MGI:2449121]	6742	0.06261385232210159	0.26453847	No	
row_117	Dync1h1	dynein cytoplasmic 1 heavy chain 1 [Source:MGI Symbol;Acc:MGI:103147]	6796	0.06048392876982689	0.26181892	No	
row_118	Cep128	centrosomal protein 128 [Source:MGI Symbol;Acc:MGI:1922466]	6882	0.05714498460292816	0.25695837	No	
row_119	Ttc12	tetratricopeptide repeat domain 12 [Source:MGI Symbol;Acc:MGI:2444588]	6922	0.05561860278248787	0.2550963	No	
row_120	Tpgs1	tubulin polyglutamylase complex subunit 1 [Source:MGI Symbol;Acc:MGI:106618]	7091	0.04888331890106201	0.24468756	No	
row_121	Cfap54	cilia and flagella associated protein 54 [Source:MGI Symbol;Acc:MGI:1922208]	7157	0.04597955197095871	0.24099922	No	
row_122	Ube2b	ubiquitin-conjugating enzyme E2B [Source:MGI Symbol;Acc:MGI:102944]	7460	0.033847417682409286	0.22161189	No	
row_123	Tuba1a	tubulin, alpha 1A [Source:MGI Symbol;Acc:MGI:98869]	7512	0.031649522483348846	0.21866255	No	
row_124	Ccdc103	coiled-coil domain containing 103 [Source:MGI Symbol;Acc:MGI:1920543]	7664	0.025174865499138832	0.20907217	No	
row_125	Spef2	sperm flagellar 2 [Source:MGI Symbol;Acc:MGI:2443727]	7835	0.018707891926169395	0.19815446	No	
row_126	Vdac3	voltage-dependent anion channel 3 [Source:MGI Symbol;Acc:MGI:106922]	7859	0.017878355458378792	0.19686949	No	
row_127	Dnai1	dynein axonemal intermediate chain 1 [Source:MGI Symbol;Acc:MGI:1916172]	8245	0.0011857878416776657	0.1716285	No	
row_128	Dnaja1	DnaJ heat shock protein family (Hsp40) member A1 [Source:MGI Symbol;Acc:MGI:1270129]	8356	-0.0035338441375643015	0.16445678	No	
row_129	Pierce1	piercer of microtubule wall 1 [Source:MGI Symbol;Acc:MGI:1916577]	8359	-0.003634552238509059	0.16437109	No	
row_130	Lztfl1	leucine zipper transcription factor-like 1 [Source:MGI Symbol;Acc:MGI:1934860]	8540	-0.011156822554767132	0.15270284	No	
row_131	Gas8	growth arrest specific 8 [Source:MGI Symbol;Acc:MGI:1202386]	8568	-0.012223358266055584	0.15108469	No	
row_132	Eno4	enolase 4 [Source:MGI Symbol;Acc:MGI:2441717]	8587	-0.012771434150636196	0.15006378	No	
row_133	Tmf1	TATA element modulatory factor 1 [Source:MGI Symbol;Acc:MGI:2684999]	8683	-0.017069566994905472	0.14404552	No	
row_134	Ints13	integrator complex subunit 13 [Source:MGI Symbol;Acc:MGI:1918427]	8916	-0.026514260098338127	0.12915836	No	
row_135	Efhc2	EF-hand domain (C-terminal) containing 2 [Source:MGI Symbol;Acc:MGI:1921655]	9118	-0.035937342792749405	0.11642276	No	
row_136	Ofd1	OFD1, centriole and centriolar satellite protein [Source:MGI Symbol;Acc:MGI:1350328]	9193	-0.039532747119665146	0.11206331	No	
row_137	Dnhd1	dynein heavy chain domain 1 [Source:MGI Symbol;Acc:MGI:1924755]	9263	-0.042418256402015686	0.10806799	No	
row_138	Poc1b	POC1 centriolar protein B [Source:MGI Symbol;Acc:MGI:1918511]	9415	-0.05027646943926811	0.09879188	No	
row_139	Cfap91	cilia and flagella associated protein 91 [Source:MGI Symbol;Acc:MGI:2443598]	9448	-0.05191092565655708	0.09734259	No	
row_140	Inpp5b	inositol polyphosphate-5-phosphatase B [Source:MGI Symbol;Acc:MGI:103257]	9619	-0.06031648814678192	0.08694578	No	
row_141	Stard7	StAR related lipid transfer domain containing 7 [Source:MGI Symbol;Acc:MGI:2139090]	9844	-0.07233810424804688	0.0731571	No	
row_142	AU040320	expressed sequence AU040320 [Source:MGI Symbol;Acc:MGI:2140475]	10228	-0.094422347843647	0.049214568	No	
row_143	Slirp	SRA stem-loop interacting RNA binding protein [Source:MGI Symbol;Acc:MGI:1916394]	10285	-0.09797556698322296	0.04676758	No	
row_144	Cfap20	cilia and flagella associated protein 20 [Source:MGI Symbol;Acc:MGI:107428]	10356	-0.10203692317008972	0.04345305	No	
row_145	Ccdc40	coiled-coil domain containing 40 [Source:MGI Symbol;Acc:MGI:2443893]	10516	-0.1112901046872139	0.034415994	No	
row_146	Dpcd	deleted in primary ciliary dyskinesia [Source:MGI Symbol;Acc:MGI:1924407]	10676	-0.1216176450252533	0.025508236	No	
row_147	Spag6	sperm associated antigen 6 [Source:MGI Symbol;Acc:MGI:3040687]	10679	-0.12214288860559464	0.026906189	No	
row_148	Anxa5	annexin A5 [Source:MGI Symbol;Acc:MGI:106008]	10764	-0.12864470481872559	0.023006372	No	
row_149	Adcy3	adenylate cyclase 3 [Source:MGI Symbol;Acc:MGI:99675]	10966	-0.14372408390045166	0.011620189	No	
row_150	Ropn1l	ropporin 1-like [Source:MGI Symbol;Acc:MGI:2182357]	11014	-0.14717578887939453	0.010379556	No	
row_151	Dnah10	dynein, axonemal, heavy chain 10 [Source:MGI Symbol;Acc:MGI:1860299]	11147	-0.16087773442268372	0.0037344962	No	
row_152	Pltp	phospholipid transfer protein [Source:MGI Symbol;Acc:MGI:103151]	11880	-0.23456864058971405	-0.04134775	No	
row_153	Aqp4	aquaporin 4 [Source:MGI Symbol;Acc:MGI:107387]	12052	-0.25404876470565796	-0.04938475	No	
row_154	Cfap95	cilia and flagella associated protein 95 [Source:MGI Symbol;Acc:MGI:1914733]	12363	-0.2957007586956024	-0.06601864	No	
row_155	Met	met proto-oncogene [Source:MGI Symbol;Acc:MGI:96969]	12381	-0.29821473360061646	-0.06340037	No	
row_156	Tubb4b	tubulin, beta 4B class IVB [Source:MGI Symbol;Acc:MGI:1915472]	12489	-0.31434813141822815	-0.06648409	No	
row_157	Tac2	tachykinin 2 [Source:MGI Symbol;Acc:MGI:98476]	12517	-0.3175259828567505	-0.06428006	No	
row_158	Camsap3	calmodulin regulated spectrin-associated protein family, member 3 [Source:MGI Symbol;Acc:MGI:1916947]	12560	-0.3238409757614136	-0.062980965	No	
row_159	Dnah2	dynein, axonemal, heavy chain 2 [Source:MGI Symbol;Acc:MGI:107731]	12666	-0.33855313062667847	-0.06563045	No	
row_160	Yif1b	Yip1 interacting factor homolog B (S. cerevisiae) [Source:MGI Symbol;Acc:MGI:1924504]	13002	-0.40780502557754517	-0.08250085	No	
row_161	Pla2g3	phospholipase A2, group III [Source:MGI Symbol;Acc:MGI:2444945]	13103	-0.4342503547668457	-0.08362427	No	
row_162	Dnaaf5	dynein, axonemal assembly factor 5 [Source:MGI Symbol;Acc:MGI:3616079]	13115	-0.4366303086280823	-0.07887954	No	
row_163	Rsph4a	radial spoke head 4 homolog A (Chlamydomonas) [Source:MGI Symbol;Acc:MGI:3027894]	13151	-0.44542521238327026	-0.07559909	No	
row_164	Nherf1	NHERF family PDZ scaffold protein 1 [Source:MGI Symbol;Acc:MGI:1349482]	13334	-0.49914148449897766	-0.081289284	No	
row_165	Dnali1	dynein, axonemal, light intermediate polypeptide 1 [Source:MGI Symbol;Acc:MGI:1922813]	13399	-0.5236194729804993	-0.07893228	No	
row_166	Iqcg	IQ motif containing G [Source:MGI Symbol;Acc:MGI:1916957]	13586	-0.5935432314872742	-0.08370302	No	
row_167	Ttll9	tubulin tyrosine ligase-like family, member 9 [Source:MGI Symbol;Acc:MGI:1913589]	13659	-0.6281144022941589	-0.0805626	No	
row_168	Klc3	kinesin light chain 3 [Source:MGI Symbol;Acc:MGI:1277971]	13669	-0.6348882913589478	-0.07320461	No	
row_169	Cfap161	cilia and flagella associated protein 161 [Source:MGI Symbol;Acc:MGI:1922806]	13728	-0.6575449705123901	-0.06877734	No	
row_170	Dnah14	dynein, axonemal, heavy chain 14 [Source:MGI Symbol;Acc:MGI:2444525]	13837	-0.7079229354858398	-0.06699935	No	
row_171	Dnai2	dynein axonemal intermediate chain 2 [Source:MGI Symbol;Acc:MGI:2685574]	14003	-0.8066580891609192	-0.067724444	No	
row_172	Spag16	sperm associated antigen 16 [Source:MGI Symbol;Acc:MGI:1913972]	14225	-0.9670018553733826	-0.07011571	No	
row_173	Efhc1	EF-hand domain (C-terminal) containing 1 [Source:MGI Symbol;Acc:MGI:1919127]	14296	-1.0411338806152344	-0.061673354	No	
row_174	Dnaaf3	dynein, axonemal assembly factor 3 [Source:MGI Symbol;Acc:MGI:3588207]	14329	-1.070749282836914	-0.05036745	No	
row_175	Cfap43	cilia and flagella associated protein 43 [Source:MGI Symbol;Acc:MGI:1289258]	14378	-1.1371890306472778	-0.039279353	No	
row_176	Mns1	meiosis-specific nuclear structural protein 1 [Source:MGI Symbol;Acc:MGI:107933]	14436	-1.1956710815429688	-0.028049495	No	
row_177	Cfap53	cilia and flagella associated protein 53 [Source:MGI Symbol;Acc:MGI:1921703]	14526	-1.3226492404937744	-0.01732914	No	
row_178	Ak7	adenylate kinase 7 [Source:MGI Symbol;Acc:MGI:1926051]	14542	-1.3422104120254517	-0.0015095224	No	
row_179	Insl6	insulin-like 6 [Source:MGI Symbol;Acc:MGI:1351595]	14781	-1.795190453529358	0.0053524086	No	
row_180	Efhb	EF hand domain family, member B [Source:MGI Symbol;Acc:MGI:3045296]	15236	-2.936429977416992	0.012332413	No	
