NAME	SYMBOL	TITLE	RANK IN GENE LIST	RANK METRIC SCORE	RUNNING ES	CORE ENRICHMENT	
row_0	SLC26A6	solute carrier family 26 member 6 [Source:HGNC Symbol;Acc:HGNC:14472]	610	0.622623085975647	-0.041768536	No	
row_1	MRC1	mannose receptor C-type 1 [Source:HGNC Symbol;Acc:HGNC:7228]	686	0.5859822630882263	-0.043376807	No	
row_2	PPARG	peroxisome proliferator activated receptor gamma [Source:HGNC Symbol;Acc:HGNC:9236]	1156	0.4286375939846039	-0.075837314	No	
row_3	CDC42EP2	CDC42 effector protein 2 [Source:HGNC Symbol;Acc:HGNC:16263]	1833	0.30642440915107727	-0.1247808	No	
row_4	CX3CL1	C-X3-C motif chemokine ligand 1 [Source:HGNC Symbol;Acc:HGNC:10647]	2264	0.2570033073425293	-0.1554836	No	
row_5	DAPK3	death associated protein kinase 3 [Source:HGNC Symbol;Acc:HGNC:2676]	2353	0.24776844680309296	-0.16041562	No	
row_6	SNCA	synuclein alpha [Source:HGNC Symbol;Acc:HGNC:11138]	3150	0.18686185777187347	-0.21925175	No	
row_7	GAPDH	glyceraldehyde-3-phosphate dehydrogenase [Source:HGNC Symbol;Acc:HGNC:4141]	3792	0.14989547431468964	-0.26663512	No	
row_8	STXBP4	syntaxin binding protein 4 [Source:HGNC Symbol;Acc:HGNC:19694]	3813	0.14835017919540405	-0.26711878	No	
row_9	GSN	gelsolin [Source:HGNC Symbol;Acc:HGNC:4620]	4628	0.1098780706524849	-0.32784766	No	
row_10	RPS6KB1	ribosomal protein S6 kinase B1 [Source:HGNC Symbol;Acc:HGNC:10436]	4871	0.0991152971982956	-0.3454421	No	
row_11	SIRPA	signal regulatory protein alpha [Source:HGNC Symbol;Acc:HGNC:9662]	4959	0.0953734815120697	-0.35135373	No	
row_12	HSP90AB1	heat shock protein 90 alpha family class B member 1 [Source:HGNC Symbol;Acc:HGNC:5258]	5391	0.07705908268690109	-0.38337797	No	
row_13	KIF5B	kinesin family member 5B [Source:HGNC Symbol;Acc:HGNC:6324]	5552	0.07109063118696213	-0.39497218	No	
row_14	SYNCRIP	synaptotagmin binding cytoplasmic RNA interacting protein [Source:HGNC Symbol;Acc:HGNC:16918]	6684	0.02207154780626297	-0.48025522	No	
row_15	STXBP1	syntaxin binding protein 1 [Source:HGNC Symbol;Acc:HGNC:11444]	6795	0.017181282863020897	-0.48844567	No	
row_16	STX4	syntaxin 4 [Source:HGNC Symbol;Acc:HGNC:11439]	6960	0.00970086082816124	-0.5007671	No	
row_17	VPS26B	VPS26, retromer complex component B [Source:HGNC Symbol;Acc:HGNC:28119]	7423	-0.011945961974561214	-0.5355839	No	
row_18	FLNB	filamin B [Source:HGNC Symbol;Acc:HGNC:3755]	7502	-0.015530673786997795	-0.5413685	No	
row_19	MED1	mediator complex subunit 1 [Source:HGNC Symbol;Acc:HGNC:9234]	7872	-0.03352471441030502	-0.5690107	No	
row_20	ACTR2	actin related protein 2 [Source:HGNC Symbol;Acc:HGNC:169]	8143	-0.04684118181467056	-0.5890822	No	
row_21	STX8	syntaxin 8 [Source:HGNC Symbol;Acc:HGNC:11443]	8519	-0.06951785087585449	-0.6169284	No	
row_22	DAPK1	death associated protein kinase 1 [Source:HGNC Symbol;Acc:HGNC:2674]	8533	-0.07061068713665009	-0.61742157	No	
row_23	ACTR3	actin related protein 3 [Source:HGNC Symbol;Acc:HGNC:170]	8861	-0.09111984819173813	-0.64149225	No	
row_24	CDC37	cell division cycle 37 [Source:HGNC Symbol;Acc:HGNC:1735]	8925	-0.09531385451555252	-0.6455914	No	
row_25	NR1H2	nuclear receptor subfamily 1 group H member 2 [Source:NCBI gene;Acc:7376]	8934	-0.09581375867128372	-0.64553225	No	
row_26	WNT5A	Wnt family member 5A [Source:HGNC Symbol;Acc:HGNC:12784]	9052	-0.10429193824529648	-0.6536484	No	
row_27	JAK1	Janus kinase 1 [Source:HGNC Symbol;Acc:HGNC:6190]	9071	-0.10519875586032867	-0.6542797	No	
row_28	CDC42	cell division cycle 42 [Source:HGNC Symbol;Acc:HGNC:1736]	9367	-0.12671592831611633	-0.6756867	No	
row_29	CD47	CD47 molecule [Source:HGNC Symbol;Acc:HGNC:1682]	9645	-0.15214423835277557	-0.6955579	No	
row_30	CITED1	Cbp/p300 interacting transactivator with Glu/Asp rich carboxy-terminal domain 1 [Source:HGNC Symbol;Acc:HGNC:1986]	9844	-0.17420266568660736	-0.7093087	No	
row_31	PTPN2	protein tyrosine phosphatase non-receptor type 2 [Source:HGNC Symbol;Acc:HGNC:9650]	10059	-0.19716961681842804	-0.7241091	No	
row_32	NUB1	negative regulator of ubiquitin like proteins 1 [Source:HGNC Symbol;Acc:HGNC:17623]	10417	-0.24120329320430756	-0.7494069	No	
row_33	RAB43	RAB43, member RAS oncogene family [Source:HGNC Symbol;Acc:HGNC:19983]	10474	-0.24849775433540344	-0.7519165	No	
row_34	AQP4	aquaporin 4 [Source:HGNC Symbol;Acc:HGNC:637]	10512	-0.25404876470565796	-0.7529526	No	
row_35	CDC42EP4	CDC42 effector protein 4 [Source:HGNC Symbol;Acc:HGNC:17147]	10656	-0.2772391438484192	-0.7618352	No	
row_36	VAMP3	vesicle associated membrane protein 3 [Source:HGNC Symbol;Acc:HGNC:12644]	10686	-0.2815931737422943	-0.7620762	No	
row_37	ZYX	zyxin [Source:HGNC Symbol;Acc:HGNC:13200]	11169	-0.36926397681236267	-0.7959298	No	
row_38	PDE12	phosphodiesterase 12 [Source:HGNC Symbol;Acc:HGNC:25386]	11191	-0.3729657828807831	-0.7949338	No	
row_39	STXBP3	syntaxin binding protein 3 [Source:HGNC Symbol;Acc:HGNC:11446]	11389	-0.42384016513824463	-0.8068806	No	
row_40	ASS1	argininosuccinate synthase 1 [Source:HGNC Symbol;Acc:HGNC:758]	11483	-0.4530479609966278	-0.810769	No	
row_41	JAK2	Janus kinase 2 [Source:HGNC Symbol;Acc:HGNC:6192]	11827	-0.6027401089668274	-0.832506	No	
row_42	CCL17	C-C motif chemokine ligand 17 [Source:HGNC Symbol;Acc:HGNC:10615]	11886	-0.6351541876792908	-0.83248967	No	
row_43	MYO1C	myosin IC [Source:HGNC Symbol;Acc:HGNC:7597]	12050	-0.7241659760475159	-0.8397887	No	
row_44	VIM	vimentin [Source:HGNC Symbol;Acc:HGNC:12692]	12182	-0.8160416483879089	-0.8440343	No	
row_45	EDN1	endothelin 1 [Source:HGNC Symbol;Acc:HGNC:3176]	12299	-0.9116153120994568	-0.8464851	Yes	
row_46	CLDN1	claudin 1 [Source:HGNC Symbol;Acc:HGNC:2032]	12313	-0.9275903701782227	-0.84104466	Yes	
row_47	NR1H3	nuclear receptor subfamily 1 group H member 3 [Source:HGNC Symbol;Acc:HGNC:7966]	12438	-1.064737319946289	-0.8430396	Yes	
row_48	TP53	tumor protein p53 [Source:HGNC Symbol;Acc:HGNC:11998]	12448	-1.0768723487854004	-0.83626336	Yes	
row_49	RAB7B	RAB7B, member RAS oncogene family [Source:HGNC Symbol;Acc:HGNC:30513]	12612	-1.311622977256775	-0.83949494	Yes	
row_50	AIF1	allograft inflammatory factor 1 [Source:HGNC Symbol;Acc:HGNC:352]	12708	-1.483351230621338	-0.8364008	Yes	
row_51	TLR3	toll like receptor 3 [Source:HGNC Symbol;Acc:HGNC:11849]	12716	-1.505021572113037	-0.82650906	Yes	
row_52	STAT1	signal transducer and activator of transcription 1 [Source:HGNC Symbol;Acc:HGNC:11362]	12739	-1.5451865196228027	-0.8174724	Yes	
row_53	HPX	hemopexin [Source:HGNC Symbol;Acc:HGNC:5171]	12748	-1.561322808265686	-0.80726635	Yes	
row_54	IFITM3	interferon induced transmembrane protein 3 [Source:HGNC Symbol;Acc:HGNC:5414]	12770	-1.6358919143676758	-0.79752606	Yes	
row_55	IRF8	interferon regulatory factor 8 [Source:HGNC Symbol;Acc:HGNC:5358]	12831	-1.8086981773376465	-0.7895354	Yes	
row_56	MYC	MYC proto-oncogene, bHLH transcription factor [Source:HGNC Symbol;Acc:HGNC:7553]	12835	-1.8232520818710327	-0.7771381	Yes	
row_57	IRF1	interferon regulatory factor 1 [Source:HGNC Symbol;Acc:HGNC:6116]	12854	-1.8624831438064575	-0.76560235	Yes	
row_58	ARG1	arginase 1 [Source:HGNC Symbol;Acc:HGNC:663]	12859	-1.8745911121368408	-0.75292516	Yes	
row_59	GCH1	GTP cyclohydrolase 1 [Source:HGNC Symbol;Acc:HGNC:4193]	12867	-1.8895299434661865	-0.74037117	Yes	
row_60	GBP3	guanylate binding protein 3 [Source:HGNC Symbol;Acc:HGNC:4184]	12885	-1.9389517307281494	-0.7282304	Yes	
row_61	TXK	TXK tyrosine kinase [Source:HGNC Symbol;Acc:HGNC:12434]	12887	-1.9520033597946167	-0.71479064	Yes	
row_62	CCL2	C-C motif chemokine ligand 2 [Source:HGNC Symbol;Acc:HGNC:10618]	12897	-1.9816153049468994	-0.70175016	Yes	
row_63	IFITM1	interferon induced transmembrane protein 1 [Source:HGNC Symbol;Acc:HGNC:5412]	12904	-1.9979737997055054	-0.68836975	Yes	
row_64	CCL3	C-C motif chemokine ligand 3 [Source:HGNC Symbol;Acc:HGNC:10627]	12910	-2.0173068046569824	-0.67478	Yes	
row_65	BST2	bone marrow stromal cell antigen 2 [Source:HGNC Symbol;Acc:HGNC:1119]	12920	-2.0329341888427734	-0.66138417	Yes	
row_66	CCL7	C-C motif chemokine ligand 7 [Source:HGNC Symbol;Acc:HGNC:10634]	12926	-2.0477163791656494	-0.64758384	Yes	
row_67	SLC11A1	solute carrier family 11 member 1 [Source:HGNC Symbol;Acc:HGNC:10907]	12928	-2.0568742752075195	-0.63341796	Yes	
row_68	NMI	N-myc and STAT interactor [Source:HGNC Symbol;Acc:HGNC:7854]	12937	-2.080019235610962	-0.6196206	Yes	
row_69	IRGM	immunity related GTPase M [Source:HGNC Symbol;Acc:HGNC:29597]	12973	-2.189880847930908	-0.60710216	Yes	
row_70	CASP1	caspase 1 [Source:HGNC Symbol;Acc:HGNC:1499]	12991	-2.260185956954956	-0.5927372	Yes	
row_71	IFITM2	interferon induced transmembrane protein 2 [Source:HGNC Symbol;Acc:HGNC:5413]	12998	-2.2766151428222656	-0.57742757	Yes	
row_72	GBP5	guanylate binding protein 5 [Source:HGNC Symbol;Acc:HGNC:19895]	13015	-2.319401741027832	-0.56257707	Yes	
row_73	CCL5	C-C motif chemokine ligand 5 [Source:HGNC Symbol;Acc:HGNC:10632]	13016	-2.320327043533325	-0.5465116	Yes	
row_74	CCL15	C-C motif chemokine ligand 15 [Source:HGNC Symbol;Acc:HGNC:10613]	13022	-2.3299803733825684	-0.5307569	Yes	
row_75	CD74	CD74 molecule [Source:HGNC Symbol;Acc:HGNC:1697]	13023	-2.3369808197021484	-0.5145761	Yes	
row_76	PARP9	poly(ADP-ribose) polymerase family member 9 [Source:HGNC Symbol;Acc:HGNC:24118]	13045	-2.3888864517211914	-0.49962217	Yes	
row_77	CCL23	C-C motif chemokine ligand 23 [Source:HGNC Symbol;Acc:HGNC:10622]	13050	-2.4084231853485107	-0.48324883	Yes	
row_78	GBP6	guanylate binding protein family member 6 [Source:HGNC Symbol;Acc:HGNC:25395]	13052	-2.4154176712036133	-0.46660045	Yes	
row_79	WAS	WASP actin nucleation promoting factor [Source:HGNC Symbol;Acc:HGNC:12731]	13068	-2.46127986907959	-0.4506921	Yes	
row_80	GBP2	guanylate binding protein 2 [Source:HGNC Symbol;Acc:HGNC:4183]	13083	-2.514849901199341	-0.4343373	Yes	
row_81	RAB20	RAB20, member RAS oncogene family [Source:HGNC Symbol;Acc:HGNC:18260]	13106	-2.575129508972168	-0.4181694	Yes	
row_82	PARP14	poly(ADP-ribose) polymerase family member 14 [Source:HGNC Symbol;Acc:HGNC:29232]	13109	-2.582247018814087	-0.40044147	Yes	
row_83	CD40	CD40 molecule [Source:HGNC Symbol;Acc:HGNC:11919]	13139	-2.693387508392334	-0.3839836	Yes	
row_84	HCK	HCK proto-oncogene, Src family tyrosine kinase [Source:HGNC Symbol;Acc:HGNC:4840]	13144	-2.7148704528808594	-0.3654885	Yes	
row_85	UBD	ubiquitin D [Source:HGNC Symbol;Acc:HGNC:18795]	13171	-2.827742576599121	-0.34787375	Yes	
row_86	TLR4	toll like receptor 4 [Source:HGNC Symbol;Acc:HGNC:11850]	13184	-2.874952554702759	-0.32887456	Yes	
row_87	CXCL16	C-X-C motif chemokine ligand 16 [Source:HGNC Symbol;Acc:HGNC:16642]	13194	-2.917001247406006	-0.3093576	Yes	
row_88	NOS2	nitric oxide synthase 2 [Source:HGNC Symbol;Acc:HGNC:7873]	13217	-3.02119779586792	-0.29010126	Yes	
row_89	IFNG	interferon gamma [Source:HGNC Symbol;Acc:HGNC:5438]	13245	-3.171190023422241	-0.2701841	Yes	
row_90	NLRC5	NLR family CARD domain containing 5 [Source:HGNC Symbol;Acc:HGNC:29933]	13251	-3.2144079208374023	-0.24830581	Yes	
row_91	CCL4	C-C motif chemokine ligand 4 [Source:HGNC Symbol;Acc:HGNC:10630]	13254	-3.2221391201019287	-0.22614737	Yes	
row_92	CCL8	C-C motif chemokine ligand 8 [Source:HGNC Symbol;Acc:HGNC:10635]	13257	-3.2444639205932617	-0.20383435	Yes	
row_93	TRIM21	tripartite motif containing 21 [Source:HGNC Symbol;Acc:HGNC:11312]	13263	-3.2677388191223145	-0.18158682	Yes	
row_94	ACOD1	aconitate decarboxylase 1 [Source:HGNC Symbol;Acc:HGNC:33904]	13270	-3.3143413066864014	-0.15909214	Yes	
row_95	SOCS1	suppressor of cytokine signaling 1 [Source:HGNC Symbol;Acc:HGNC:19383]	13295	-3.596463203430176	-0.13600384	Yes	
row_96	MEFV	MEFV innate immuity regulator, pyrin [Source:HGNC Symbol;Acc:HGNC:6998]	13303	-3.746927499771118	-0.11058956	Yes	
row_97	TLR2	toll like receptor 2 [Source:HGNC Symbol;Acc:HGNC:11848]	13308	-3.8438563346862793	-0.08427754	Yes	
row_98	IL12RB1	interleukin 12 receptor subunit beta 1 [Source:HGNC Symbol;Acc:HGNC:5971]	13309	-3.862640857696533	-0.0575333	Yes	
row_99	IL12B	interleukin 12B [Source:HGNC Symbol;Acc:HGNC:5970]	13321	-4.15106201171875	-0.029623026	Yes	
row_100	TNF	tumor necrosis factor [Source:HGNC Symbol;Acc:HGNC:11892]	13331	-4.453005790710449	5.2893395E-4	Yes	
