NAME	SYMBOL	TITLE	RANK IN GENE LIST	RANK METRIC SCORE	RUNNING ES	CORE ENRICHMENT	
row_0	Cd46	CD46 antigen, complement regulatory protein [Source:MGI Symbol;Acc:MGI:1203290]	687	0.7108524441719055	-0.0423699	No	
row_1	Crhr1	corticotropin releasing hormone receptor 1 [Source:MGI Symbol;Acc:MGI:88498]	729	0.6905965209007263	-0.042369112	No	
row_2	Trpm4	transient receptor potential cation channel, subfamily M, member 4 [Source:MGI Symbol;Acc:MGI:1915917]	1028	0.5763267874717712	-0.059702143	No	
row_3	Aplf	aprataxin and PNKP like factor [Source:MGI Symbol;Acc:MGI:1919353]	1202	0.5228782296180725	-0.06902979	No	
row_4	Pomc	pro-opiomelanocortin-alpha [Source:MGI Symbol;Acc:MGI:97742]	1230	0.5155611634254456	-0.0687921	No	
row_5	Il4	interleukin 4 [Source:MGI Symbol;Acc:MGI:96556]	1379	0.47648885846138	-0.07665799	No	
row_6	Kmt5c	lysine methyltransferase 5C [Source:MGI Symbol;Acc:MGI:2385262]	1413	0.46825796365737915	-0.07699916	No	
row_7	Shld1	shieldin complex subunit 1 [Source:MGI Symbol;Acc:MGI:1920997]	1672	0.41480594873428345	-0.09233404	No	
row_8	Msh2	mutS homolog 2 [Source:MGI Symbol;Acc:MGI:101816]	3179	0.23531974852085114	-0.19037749	No	
row_9	Prkcz	protein kinase C, zeta [Source:MGI Symbol;Acc:MGI:97602]	3256	0.23019728064537048	-0.19447325	No	
row_10	Pdpk1	3-phosphoinositide dependent protein kinase 1 [Source:MGI Symbol;Acc:MGI:1338068]	3704	0.1985515058040619	-0.22307155	No	
row_11	Ufl1	UFM1 specific ligase 1 [Source:MGI Symbol;Acc:MGI:1914740]	3996	0.18139345943927765	-0.24148577	No	
row_12	Cd55	CD55 molecule, decay accelerating factor for complement [Source:MGI Symbol;Acc:MGI:104850]	4075	0.1763404905796051	-0.24592313	No	
row_13	Mlh1	mutL homolog 1 [Source:MGI Symbol;Acc:MGI:101938]	4207	0.16988244652748108	-0.2538684	No	
row_14	Shld2	shieldin complex subunit 2 [Source:MGI Symbol;Acc:MGI:1922948]	4273	0.16610905528068542	-0.25749144	No	
row_15	Igf2	insulin-like growth factor 2 [Source:MGI Symbol;Acc:MGI:96434]	4427	0.15720532834529877	-0.26693186	No	
row_16	Smad7	SMAD family member 7 [Source:MGI Symbol;Acc:MGI:1100518]	5135	0.12548799812793732	-0.3129003	No	
row_17	Susd4	sushi domain containing 4 [Source:MGI Symbol;Acc:MGI:2138351]	5136	0.12542270123958588	-0.31241086	No	
row_18	Rif1	replication timing regulatory factor 1 [Source:MGI Symbol;Acc:MGI:1098622]	5192	0.12283960729837418	-0.31554562	No	
row_19	Klhl22	kelch-like 22 [Source:MGI Symbol;Acc:MGI:1337995]	5231	0.12104836106300354	-0.3175703	No	
row_20	Zbtb1	zinc finger and BTB domain containing 1 [Source:MGI Symbol;Acc:MGI:2442326]	5301	0.11796639859676361	-0.32164404	No	
row_21	Nsd2	nuclear receptor binding SET domain protein 2 [Source:MGI Symbol;Acc:MGI:1276574]	5307	0.11771050840616226	-0.32151327	No	
row_22	Hmces	5-hydroxymethylcytosine (hmC) binding, ES cell specific [Source:MGI Symbol;Acc:MGI:1914053]	5417	0.11319224536418915	-0.3282341	No	
row_23	Dusp22	dual specificity phosphatase 22 [Source:MGI Symbol;Acc:MGI:1915926]	5473	0.11111384630203247	-0.33141464	No	
row_24	Pld2	phospholipase D2 [Source:MGI Symbol;Acc:MGI:892877]	5493	0.1103811040520668	-0.33223242	No	
row_25	Hspa8	heat shock protein 8 [Source:MGI Symbol;Acc:MGI:105384]	5674	0.10325077176094055	-0.34365758	No	
row_26	Cadm1	cell adhesion molecule 1 [Source:MGI Symbol;Acc:MGI:1889272]	5681	0.10294981300830841	-0.3436501	No	
row_27	Pms2	PMS1 homolog2, mismatch repair system component [Source:MGI Symbol;Acc:MGI:104288]	5861	0.09578385949134827	-0.35503873	No	
row_28	D6Wsu163e	DNA segment, Chr 6, Wayne State University 163, expressed [Source:MGI Symbol;Acc:MGI:107893]	5892	0.0946074053645134	-0.35664088	No	
row_29	Ndfip1	Nedd4 family interacting protein 1 [Source:MGI Symbol;Acc:MGI:1929601]	5913	0.0937916487455368	-0.3575891	No	
row_30	Rasgrp1	RAS guanyl releasing protein 1 [Source:MGI Symbol;Acc:MGI:1314635]	5924	0.09335950762033463	-0.3578819	No	
row_31	Crk	v-crk avian sarcoma virus CT10 oncogene homolog [Source:MGI Symbol;Acc:MGI:88508]	6219	0.08166471123695374	-0.37688243	No	
row_32	Ddx1	DEAD box helicase 1 [Source:MGI Symbol;Acc:MGI:2144727]	6323	0.07770732045173645	-0.38334748	No	
row_33	Tfrc	transferrin receptor [Source:MGI Symbol;Acc:MGI:98822]	6408	0.07494381070137024	-0.3885748	No	
row_34	Cr2	complement receptor 2 [Source:MGI Symbol;Acc:MGI:88489]	6783	0.06101199984550476	-0.41291288	No	
row_35	Bcr	BCR activator of RhoGEF and GTPase [Source:MGI Symbol;Acc:MGI:88141]	6961	0.05380901321768761	-0.42433387	No	
row_36	Ppp3cb	protein phosphatase 3, catalytic subunit, beta isoform [Source:MGI Symbol;Acc:MGI:107163]	6995	0.05269104987382889	-0.4262967	No	
row_37	Stat5b	signal transducer and activator of transcription 5B [Source:MGI Symbol;Acc:MGI:103035]	7007	0.052116189152002335	-0.42681617	No	
row_38	Ywhag	tyrosine 3-monooxygenase/tryptophan 5-monooxygenase activation protein, gamma polypeptide [Source:MGI Symbol;Acc:MGI:108109]	7106	0.048321135342121124	-0.43306735	No	
row_39	Dhx36	DEAH-box helicase 36 [Source:MGI Symbol;Acc:MGI:1919412]	7340	0.03847242146730423	-0.44822803	No	
row_40	Abr	active BCR-related gene [Source:MGI Symbol;Acc:MGI:107771]	7507	0.03181019797921181	-0.45901203	No	
row_41	Stxbp1	syntaxin binding protein 1 [Source:MGI Symbol;Acc:MGI:107363]	7873	0.017181282863020897	-0.48292974	No	
row_42	Ap1g1	adaptor protein complex AP-1, gamma 1 subunit [Source:MGI Symbol;Acc:MGI:101919]	7899	0.016353324055671692	-0.48450872	No	
row_43	Cx3cr1	C-X3-C motif chemokine receptor 1 [Source:MGI Symbol;Acc:MGI:1333815]	7966	0.013490796089172363	-0.48879305	No	
row_44	Mr1	major histocompatibility complex, class I-related [Source:MGI Symbol;Acc:MGI:1195463]	7982	0.012948499992489815	-0.48972818	No	
row_45	Paxip1	PAX interacting (with transcription-activation domain) protein 1 [Source:MGI Symbol;Acc:MGI:1890430]	8040	0.00983131118118763	-0.49343538	No	
row_46	Stx4a	syntaxin 4A (placental) [Source:MGI Symbol;Acc:MGI:893577]	8047	0.00970086082816124	-0.4937918	No	
row_47	Map3k7	mitogen-activated protein kinase kinase kinase 7 [Source:MGI Symbol;Acc:MGI:1346877]	8323	-0.002356388373300433	-0.5118533	No	
row_48	Grb2	growth factor receptor bound protein 2 [Source:MGI Symbol;Acc:MGI:95805]	8335	-0.0027091987431049347	-0.51256555	No	
row_49	Il2	interleukin 2 [Source:MGI Symbol;Acc:MGI:96548]	8445	-0.007063490804284811	-0.5197006	No	
row_50	Trp53bp1	transformation related protein 53 binding protein 1 [Source:MGI Symbol;Acc:MGI:1351320]	8543	-0.011310144327580929	-0.5260305	No	
row_51	Hspd1	heat shock protein 1 (chaperonin) [Source:MGI Symbol;Acc:MGI:96242]	8597	-0.013060055673122406	-0.5294622	No	
row_52	Crtam	cytotoxic and regulatory T cell molecule [Source:MGI Symbol;Acc:MGI:1859822]	8607	-0.013651235960423946	-0.5300003	No	
row_53	Kit	KIT proto-oncogene receptor tyrosine kinase [Source:MGI Symbol;Acc:MGI:96677]	8765	-0.020402859896421432	-0.5402374	No	
row_54	Prkaa1	protein kinase, AMP-activated, alpha 1 catalytic subunit [Source:MGI Symbol;Acc:MGI:2145955]	9176	-0.03867869824171066	-0.5670283	No	
row_55	Atad5	ATPase family, AAA domain containing 5 [Source:MGI Symbol;Acc:MGI:2442925]	9482	-0.053510796278715134	-0.58686155	No	
row_56	Kmt5b	lysine methyltransferase 5B [Source:MGI Symbol;Acc:MGI:2444557]	9510	-0.05491992458701134	-0.5884214	No	
row_57	Gata3	GATA binding protein 3 [Source:MGI Symbol;Acc:MGI:95663]	9548	-0.05682508647441864	-0.590631	No	
row_58	Mavs	mitochondrial antiviral signaling protein [Source:MGI Symbol;Acc:MGI:2444773]	9551	-0.05702131241559982	-0.59053993	No	
row_59	Cd81	CD81 antigen [Source:MGI Symbol;Acc:MGI:1096398]	9704	-0.0650256797671318	-0.6002743	No	
row_60	Supt6	SPT6, histone chaperone and transcription elongation factor [Source:MGI Symbol;Acc:MGI:107726]	9793	-0.06971243023872375	-0.6057849	No	
row_61	H2-T13	histocompatibility 2, T region locus 13 [Source:MGI Symbol;Acc:MGI:95945]	9822	-0.07124589383602142	-0.60734683	No	
row_62	Stx7	syntaxin 7 [Source:MGI Symbol;Acc:MGI:1858210]	10056	-0.08486060798168182	-0.62232643	No	
row_63	Rabgef1	RAB guanine nucleotide exchange factor (GEF) 1 [Source:MGI Symbol;Acc:MGI:1929459]	10117	-0.08836833387613297	-0.6259243	No	
row_64	Cyrib	CYFIP related Rac1 interactor B [Source:MGI Symbol;Acc:MGI:1923520]	10406	-0.10513588786125183	-0.644439	No	
row_65	Sphk2	sphingosine kinase 2 [Source:MGI Symbol;Acc:MGI:1861380]	10664	-0.12072138488292694	-0.66085577	No	
row_66	Hmgb1	high mobility group box 1 [Source:MGI Symbol;Acc:MGI:96113]	11073	-0.15266485512256622	-0.68707037	No	
row_67	Slc15a4	solute carrier family 15, member 4 [Source:MGI Symbol;Acc:MGI:2140796]	11305	-0.17477574944496155	-0.70156777	No	
row_68	Gfer	growth factor, augmenter of liver regeneration [Source:MGI Symbol;Acc:MGI:107757]	11308	-0.17510312795639038	-0.70101583	No	
row_69	Snx4	sorting nexin 4 [Source:MGI Symbol;Acc:MGI:1916400]	11340	-0.17782345414161682	-0.70235896	No	
row_70	Il18	interleukin 18 [Source:MGI Symbol;Acc:MGI:107936]	11397	-0.1832057386636734	-0.7053239	No	
row_71	Pik3r6	phosphoinositide-3-kinase regulatory subunit 5 [Source:MGI Symbol;Acc:MGI:2144613]	11461	-0.18987949192523956	-0.7087228	No	
row_72	Exosc3	exosome component 3 [Source:MGI Symbol;Acc:MGI:1913612]	11687	-0.21316932141780853	-0.722676	No	
row_73	Fbxo38	F-box protein 38 [Source:MGI Symbol;Acc:MGI:2444639]	11792	-0.22501645982265472	-0.7286319	No	
row_74	Cr1l	complement C3b/C4b receptor 1 like [Source:MGI Symbol;Acc:MGI:88513]	11808	-0.22655810415744781	-0.7287335	No	
row_75	Dpp4	dipeptidylpeptidase 4 [Source:MGI Symbol;Acc:MGI:94919]	11913	-0.23846042156219482	-0.7346369	No	
row_76	Nppc	natriuretic peptide type C [Source:MGI Symbol;Acc:MGI:97369]	11918	-0.2389037013053894	-0.7339675	No	
row_77	Bcl6	B cell leukemia/lymphoma 6 [Source:MGI Symbol;Acc:MGI:107187]	12176	-0.27032357454299927	-0.7498005	No	
row_78	Dennd1b	DENN domain containing 1B [Source:MGI Symbol;Acc:MGI:2447812]	12348	-0.29408881068229675	-0.75988954	No	
row_79	Il20rb	interleukin 20 receptor beta [Source:MGI Symbol;Acc:MGI:2143266]	12359	-0.29539915919303894	-0.7593939	No	
row_80	Vsir	V-set immunoregulatory receptor [Source:MGI Symbol;Acc:MGI:1921298]	12380	-0.29802560806274414	-0.7595451	No	
row_81	Traf2	TNF receptor-associated factor 2 [Source:MGI Symbol;Acc:MGI:101835]	12482	-0.3134261667728424	-0.76495886	No	
row_82	Ddx21	DExD box helicase 21 [Source:MGI Symbol;Acc:MGI:1860494]	12585	-0.32710686326026917	-0.77038497	No	
row_83	Stxbp2	syntaxin binding protein 2 [Source:MGI Symbol;Acc:MGI:107370]	12693	-0.3439672887325287	-0.7760738	No	
row_84	Arrb2	arrestin, beta 2 [Source:MGI Symbol;Acc:MGI:99474]	12825	-0.3717876076698303	-0.7832312	No	
row_85	Ahr	aryl-hydrocarbon receptor [Source:MGI Symbol;Acc:MGI:105043]	13003	-0.40796828269958496	-0.7932701	No	
row_86	H2-T24	histocompatibility 2, T region locus 24 [Source:MGI Symbol;Acc:MGI:95958]	13078	-0.42471209168434143	-0.7964754	No	
row_87	Foxj1	forkhead box J1 [Source:MGI Symbol;Acc:MGI:1347474]	13080	-0.4254794716835022	-0.79488075	No	
row_88	Mad2l2	MAD2 mitotic arrest deficient-like 2 [Source:MGI Symbol;Acc:MGI:1919140]	13088	-0.4283888041973114	-0.793669	No	
row_89	Pla2g3	phospholipase A2, group III [Source:MGI Symbol;Acc:MGI:2444945]	13103	-0.4342503547668457	-0.79289436	No	
row_90	Lamp1	lysosomal-associated membrane protein 1 [Source:MGI Symbol;Acc:MGI:96745]	13126	-0.43872785568237305	-0.79262793	No	
row_91	Tbx21	T-box 21 [Source:MGI Symbol;Acc:MGI:1888984]	13216	-0.46224460005760193	-0.7966724	No	
row_92	Pvr	poliovirus receptor [Source:MGI Symbol;Acc:MGI:107741]	13340	-0.5014012455940247	-0.8027983	No	
row_93	Trem2	triggering receptor expressed on myeloid cells 2 [Source:MGI Symbol;Acc:MGI:1913150]	13349	-0.5038224458694458	-0.80135787	No	
row_94	Ager	advanced glycosylation end product-specific receptor [Source:MGI Symbol;Acc:MGI:893592]	13621	-0.6114444732666016	-0.8167797	No	
row_95	Gab2	growth factor receptor bound protein 2-associated protein 2 [Source:MGI Symbol;Acc:MGI:1333854]	13667	-0.634711503982544	-0.8172598	No	
row_96	Adora2b	adenosine A2b receptor [Source:MGI Symbol;Acc:MGI:99403]	13692	-0.6444120407104492	-0.81632215	No	
row_97	Traf6	TNF receptor-associated factor 6 [Source:MGI Symbol;Acc:MGI:108072]	13714	-0.6538277268409729	-0.8151506	No	
row_98	Stap1	signal transducing adaptor family member 1 [Source:MGI Symbol;Acc:MGI:1926193]	13846	-0.7126943469047546	-0.8209776	No	
row_99	Vamp8	vesicle-associated membrane protein 8 [Source:MGI Symbol;Acc:MGI:1336882]	13852	-0.7152400612831116	-0.81851506	No	
row_100	Cd24a	CD24a antigen [Source:MGI Symbol;Acc:MGI:88323]	13950	-0.7726616859436035	-0.8218739	Yes	
row_101	Ceacam1	CEA cell adhesion molecule 1 [Source:MGI Symbol;Acc:MGI:1347245]	13971	-0.7821909189224243	-0.8201357	Yes	
row_102	P2rx7	purinergic receptor P2X, ligand-gated ion channel, 7 [Source:MGI Symbol;Acc:MGI:1339957]	14045	-0.830166757106781	-0.82169306	Yes	
row_103	Nectin2	nectin cell adhesion molecule 2 [Source:MGI Symbol;Acc:MGI:97822]	14052	-0.8350293636322021	-0.81882876	Yes	
row_104	Ticam1	TIR domain containing adaptor molecule 1 [Source:MGI Symbol;Acc:MGI:2147032]	14082	-0.8556047677993774	-0.8173955	Yes	
row_105	Nectin4	nectin cell adhesion molecule 4 [Source:MGI Symbol;Acc:MGI:1918990]	14168	-0.917297899723053	-0.8194013	Yes	
row_106	Fadd	Fas associated via death domain [Source:MGI Symbol;Acc:MGI:109324]	14215	-0.9544616937637329	-0.8186994	Yes	
row_107	Fzd5	frizzled class receptor 5 [Source:MGI Symbol;Acc:MGI:108571]	14219	-0.9562937021255493	-0.81516474	Yes	
row_108	Cd300a	CD300A molecule [Source:MGI Symbol;Acc:MGI:2443411]	14303	-1.0459003448486328	-0.8165373	Yes	
row_109	Cd28	CD28 antigen [Source:MGI Symbol;Acc:MGI:88327]	14305	-1.046858549118042	-0.8125178	Yes	
row_110	Slamf1	signaling lymphocytic activation molecule family member 1 [Source:MGI Symbol;Acc:MGI:1351314]	14354	-1.1003212928771973	-0.8113781	Yes	
row_111	Unc13d	unc-13 homolog D [Source:MGI Symbol;Acc:MGI:1917700]	14365	-1.1171257495880127	-0.8076758	Yes	
row_112	B2m	beta-2 microglobulin [Source:MGI Symbol;Acc:MGI:88127]	14367	-1.118391513824463	-0.8033771	Yes	
row_113	Jak3	Janus kinase 3 [Source:MGI Symbol;Acc:MGI:99928]	14370	-1.1279429197311401	-0.7991069	Yes	
row_114	Malt1	MALT1 paracaspase [Source:MGI Symbol;Acc:MGI:2445027]	14384	-1.142586588859558	-0.7955023	Yes	
row_115	Hfe	homeostatic iron regulator [Source:MGI Symbol;Acc:MGI:109191]	14391	-1.152908205986023	-0.7913975	Yes	
row_116	Lyn	LYN proto-oncogene, Src family tyrosine kinase [Source:MGI Symbol;Acc:MGI:96892]	14393	-1.154542088508606	-0.7869578	Yes	
row_117	Itgam	integrin alpha M [Source:MGI Symbol;Acc:MGI:96607]	14429	-1.188663125038147	-0.7846191	Yes	
row_118	Fcgr3	Fc receptor, IgG, low affinity III [Source:MGI Symbol;Acc:MGI:95500]	14430	-1.1911050081253052	-0.77997094	Yes	
row_119	Tgfb1	transforming growth factor, beta 1 [Source:MGI Symbol;Acc:MGI:98725]	14447	-1.212853193283081	-0.77628934	Yes	
row_120	Il1r1	interleukin 1 receptor, type I [Source:MGI Symbol;Acc:MGI:96545]	14470	-1.2378168106079102	-0.7729046	Yes	
row_121	Nckap1l	NCK associated protein 1 like [Source:MGI Symbol;Acc:MGI:1926063]	14486	-1.265770435333252	-0.76895076	Yes	
row_122	Foxf1	forkhead box F1 [Source:MGI Symbol;Acc:MGI:1347470]	14489	-1.271178960800171	-0.76412153	Yes	
row_123	Tyrobp	TYRO protein tyrosine kinase binding protein [Source:MGI Symbol;Acc:MGI:1277211]	14501	-1.2893348932266235	-0.75981295	Yes	
row_124	H2-D1	histocompatibility 2, D region locus 1 [Source:MGI Symbol;Acc:MGI:95896]	14527	-1.3243019580841064	-0.7562878	Yes	
row_125	Gata2	GATA binding protein 2 [Source:MGI Symbol;Acc:MGI:95662]	14563	-1.3658682107925415	-0.7532576	Yes	
row_126	Inpp5d	inositol polyphosphate-5-phosphatase D [Source:MGI Symbol;Acc:MGI:107357]	14567	-1.3713209629058838	-0.7481033	Yes	
row_127	Cd80	CD80 antigen [Source:MGI Symbol;Acc:MGI:101775]	14575	-1.3855133056640625	-0.7431565	Yes	
row_128	Stat6	signal transducer and activator of transcription 6 [Source:MGI Symbol;Acc:MGI:103034]	14576	-1.3939892053604126	-0.7377166	Yes	
row_129	Arid5a	AT-rich interaction domain 5A [Source:MGI Symbol;Acc:MGI:2443039]	14597	-1.4312337636947632	-0.73344564	Yes	
row_130	H2-T22	histocompatibility 2, T region locus 22 [Source:MGI Symbol;Acc:MGI:95956]	14598	-1.4313725233078003	-0.7278599	Yes	
row_131	Tlr3	toll-like receptor 3 [Source:MGI Symbol;Acc:MGI:2156367]	14643	-1.505021572113037	-0.7248781	Yes	
row_132	Tap2	transporter 2, ATP-binding cassette, sub-family B (MDR/TAP) [Source:MGI Symbol;Acc:MGI:98484]	14651	-1.5208073854446411	-0.7194033	Yes	
row_133	Serpinb9	serine (or cysteine) peptidase inhibitor, clade B, member 9 [Source:MGI Symbol;Acc:MGI:106603]	14662	-1.5375686883926392	-0.71406025	Yes	
row_134	H2-K1	histocompatibility 2, K1, K region [Source:MGI Symbol;Acc:MGI:95904]	14674	-1.5491504669189453	-0.70873773	Yes	
row_135	Hpx	hemopexin [Source:MGI Symbol;Acc:MGI:105112]	14683	-1.561322808265686	-0.7031706	Yes	
row_136	Btk	Bruton agammaglobulinemia tyrosine kinase [Source:MGI Symbol;Acc:MGI:88216]	14738	-1.687743902206421	-0.7001328	Yes	
row_137	Stat5a	signal transducer and activator of transcription 5A [Source:MGI Symbol;Acc:MGI:103036]	14753	-1.7267537117004395	-0.6943143	Yes	
row_138	Nlrp3	NLR family, pyrin domain containing 3 [Source:MGI Symbol;Acc:MGI:2653833]	14789	-1.8187140226364136	-0.68951696	Yes	
row_139	Fes	feline sarcoma oncogene [Source:MGI Symbol;Acc:MGI:95514]	14813	-1.8652138710021973	-0.68374956	Yes	
row_140	Arg1	arginase, liver [Source:MGI Symbol;Acc:MGI:88070]	14815	-1.8745911121368408	-0.6764999	Yes	
row_141	Nod2	nucleotide-binding oligomerization domain containing 2 [Source:MGI Symbol;Acc:MGI:2429397]	14821	-1.8870857954025269	-0.66946435	Yes	
row_142	Il4ra	interleukin 4 receptor, alpha [Source:MGI Symbol;Acc:MGI:105367]	14839	-1.922226071357727	-0.6630802	Yes	
row_143	Fcer1g	Fc receptor, IgE, high affinity I, gamma polypeptide [Source:MGI Symbol;Acc:MGI:95496]	14849	-1.9575062990188599	-0.65603274	Yes	
row_144	Parp3	poly (ADP-ribose) polymerase family, member 3 [Source:MGI Symbol;Acc:MGI:1891258]	14853	-1.9706056118011475	-0.64853984	Yes	
row_145	Ccl2	C-C motif chemokine ligand 2 [Source:MGI Symbol;Acc:MGI:98259]	14858	-1.9816153049468994	-0.64106965	Yes	
row_146	Cd1d1	CD1d1 antigen [Source:MGI Symbol;Acc:MGI:107674]	14872	-2.011352062225342	-0.63407487	Yes	
row_147	Rsad2	radical S-adenosyl methionine domain containing 2 [Source:MGI Symbol;Acc:MGI:1929628]	14874	-2.018421173095703	-0.626264	Yes	
row_148	Gimap3	GTPase, IMAP family member 3 [Source:MGI Symbol;Acc:MGI:1932723]	14884	-2.031559467315674	-0.6189275	Yes	
row_149	Bst2	bone marrow stromal cell antigen 2 [Source:MGI Symbol;Acc:MGI:1916800]	14885	-2.0329341888427734	-0.6109942	Yes	
row_150	Ptpn6	protein tyrosine phosphatase, non-receptor type 6 [Source:MGI Symbol;Acc:MGI:96055]	14896	-2.0592994689941406	-0.60361516	Yes	
row_151	Vav1	vav 1 oncogene [Source:MGI Symbol;Acc:MGI:98923]	14899	-2.0627310276031494	-0.59569705	Yes	
row_152	Syk	spleen tyrosine kinase [Source:MGI Symbol;Acc:MGI:99515]	14902	-2.071566104888916	-0.5877445	Yes	
row_153	Hmox1	heme oxygenase 1 [Source:MGI Symbol;Acc:MGI:96163]	14904	-2.079866647720337	-0.57969373	Yes	
row_154	Tap1	transporter 1, ATP-binding cassette, sub-family B (MDR/TAP) [Source:MGI Symbol;Acc:MGI:98483]	14919	-2.113363265991211	-0.5723666	Yes	
row_155	Clec2d	C-type lectin domain family 2, member d [Source:MGI Symbol;Acc:MGI:2135589]	14922	-2.1317644119262695	-0.56417906	Yes	
row_156	Havcr2	hepatitis A virus cellular receptor 2 [Source:MGI Symbol;Acc:MGI:2159682]	14929	-2.150355339050293	-0.55618185	Yes	
row_157	Ripk3	receptor-interacting serine-threonine kinase 3 [Source:MGI Symbol;Acc:MGI:2154952]	14951	-2.203356981277466	-0.5489635	Yes	
row_158	Lilrb4b	leukocyte immunoglobulin-like receptor, subfamily B, member 4B [Source:MGI Symbol;Acc:MGI:102702]	14956	-2.218184232711792	-0.54057014	Yes	
row_159	Slamf6	SLAM family member 6 [Source:MGI Symbol;Acc:MGI:1353620]	14959	-2.2255918979644775	-0.5320165	Yes	
row_160	Lgals9	lectin, galactose binding, soluble 9 [Source:MGI Symbol;Acc:MGI:109496]	14971	-2.265756130218506	-0.5238975	Yes	
row_161	Rigi	RNA sensor RIG-I [Source:MGI Symbol;Acc:MGI:2442858]	14993	-2.3021128177642822	-0.51629376	Yes	
row_162	Il6	interleukin 6 [Source:MGI Symbol;Acc:MGI:96559]	14997	-2.304513931274414	-0.50749785	Yes	
row_163	Clcf1	cardiotrophin-like cytokine factor 1 [Source:MGI Symbol;Acc:MGI:1930088]	15006	-2.3279359340667725	-0.49893904	Yes	
row_164	Gimap5	GTPase, IMAP family member 5 [Source:MGI Symbol;Acc:MGI:2442232]	15011	-2.338693857192993	-0.49007544	Yes	
row_165	Spn	sialophorin [Source:MGI Symbol;Acc:MGI:98384]	15031	-2.3822696208953857	-0.48202747	Yes	
row_166	Ptprc	protein tyrosine phosphatase receptor type C [Source:MGI Symbol;Acc:MGI:97810]	15038	-2.397634506225586	-0.4730653	Yes	
row_167	Was	Wiskott-Aldrich syndrome [Source:MGI Symbol;Acc:MGI:105059]	15063	-2.46127986907959	-0.46503752	Yes	
row_168	H2-Q7	histocompatibility 2, Q region locus 7 [Source:MGI Symbol;Acc:MGI:95936]	15066	-2.4679741859436035	-0.455538	Yes	
row_169	Adora3	adenosine A3 receptor [Source:MGI Symbol;Acc:MGI:104847]	15075	-2.4813241958618164	-0.44638065	Yes	
row_170	H2-Q4	histocompatibility 2, Q region locus 4 [Source:MGI Symbol;Acc:MGI:95933]	15088	-2.5195188522338867	-0.4373371	Yes	
row_171	Ifnb1	interferon beta 1, fibroblast [Source:MGI Symbol;Acc:MGI:107657]	15104	-2.5572633743286133	-0.4283434	Yes	
row_172	Rac2	Rac family small GTPase 2 [Source:MGI Symbol;Acc:MGI:97846]	15110	-2.565918445587158	-0.41865876	Yes	
row_173	Cd274	CD274 antigen [Source:MGI Symbol;Acc:MGI:1926446]	15140	-2.6653146743774414	-0.41016337	Yes	
row_174	Spi1	Spi-1 proto-oncogene [Source:MGI Symbol;Acc:MGI:98282]	15143	-2.6677331924438477	-0.3998843	Yes	
row_175	Cd40	CD40 antigen [Source:MGI Symbol;Acc:MGI:88336]	15153	-2.693387508392334	-0.38996512	Yes	
row_176	Klrd1	killer cell lectin-like receptor, subfamily D, member 1 [Source:MGI Symbol;Acc:MGI:1196275]	15156	-2.69734525680542	-0.37957048	Yes	
row_177	Il7r	interleukin 7 receptor [Source:MGI Symbol;Acc:MGI:96562]	15157	-2.6980695724487305	-0.36904162	Yes	
row_178	Ptafr	platelet-activating factor receptor [Source:MGI Symbol;Acc:MGI:106066]	15164	-2.7209060192108154	-0.3588179	Yes	
row_179	Fcgr2b	Fc receptor, IgG, low affinity IIb [Source:MGI Symbol;Acc:MGI:95499]	15178	-2.755366563796997	-0.34891972	Yes	
row_180	Il1b	interleukin 1 beta [Source:MGI Symbol;Acc:MGI:96543]	15181	-2.7633743286132812	-0.33826742	Yes	
row_181	H2-M3	histocompatibility 2, M region locus 3 [Source:MGI Symbol;Acc:MGI:95915]	15183	-2.7687342166900635	-0.3275285	Yes	
row_182	Cd84	CD84 antigen [Source:MGI Symbol;Acc:MGI:1336885]	15193	-2.8030569553375244	-0.31718135	Yes	
row_183	Tnfrsf1b	tumor necrosis factor receptor superfamily, member 1b [Source:MGI Symbol;Acc:MGI:1314883]	15213	-2.8627378940582275	-0.3072584	Yes	
row_184	Tlr4	toll-like receptor 4 [Source:MGI Symbol;Acc:MGI:96824]	15219	-2.874952554702759	-0.29636782	Yes	
row_185	C3	complement component 3 [Source:MGI Symbol;Acc:MGI:88227]	15222	-2.885869026184082	-0.28523752	Yes	
row_186	Ccr2	C-C motif chemokine receptor 2 [Source:MGI Symbol;Acc:MGI:106185]	15238	-2.941856861114502	-0.27474296	Yes	
row_187	Plcg2	phospholipase C, gamma 2 [Source:MGI Symbol;Acc:MGI:97616]	15264	-3.042161464691162	-0.26451412	Yes	
row_188	Calhm6	calcium homeostasis modulator family member 6 [Source:MGI Symbol;Acc:MGI:2443082]	15282	-3.134615182876587	-0.2533988	Yes	
row_189	Ifng	interferon gamma [Source:MGI Symbol;Acc:MGI:107656]	15290	-3.171190023422241	-0.24148361	Yes	
row_190	Sash3	SAM and SH3 domain containing 3 [Source:MGI Symbol;Acc:MGI:1921381]	15292	-3.185924530029297	-0.22911666	Yes	
row_191	Fcgr1	Fc receptor, IgG, high affinity I [Source:MGI Symbol;Acc:MGI:95498]	15299	-3.2211050987243652	-0.216941	Yes	
row_192	Klrk1	killer cell lectin-like receptor subfamily K, member 1 [Source:MGI Symbol;Acc:MGI:1196250]	15300	-3.2218995094299316	-0.20436795	Yes	
row_193	Cxcl5	C-X-C motif chemokine ligand 5 [Source:MGI Symbol;Acc:MGI:1096868]	15308	-3.2467052936553955	-0.19215807	Yes	
row_194	Itgb2	integrin beta 2 [Source:MGI Symbol;Acc:MGI:96611]	15324	-3.344736337661743	-0.18009135	Yes	
row_195	H2-Q6	histocompatibility 2, Q region locus 6 [Source:MGI Symbol;Acc:MGI:95935]	15334	-3.4526796340942383	-0.16720912	Yes	
row_196	Dnase1l3	deoxyribonuclease 1-like 3 [Source:MGI Symbol;Acc:MGI:1314633]	15357	-3.6645095348358154	-0.1543545	Yes	
row_197	Cxcl1	C-X-C motif chemokine ligand 1 [Source:MGI Symbol;Acc:MGI:108068]	15364	-3.713824987411499	-0.14025605	Yes	
row_198	Klrc1	killer cell lectin-like receptor subfamily C, member 1 [Source:MGI Symbol;Acc:MGI:1336161]	15367	-3.7327613830566406	-0.12582086	Yes	
row_199	Il18rap	interleukin 18 receptor accessory protein [Source:MGI Symbol;Acc:MGI:1338888]	15372	-3.793020725250244	-0.11128193	Yes	
row_200	H2-T23	histocompatibility 2, T region locus 23 [Source:MGI Symbol;Acc:MGI:95957]	15377	-3.80800199508667	-0.096684545	Yes	
row_201	Tlr2	toll-like receptor 2 [Source:MGI Symbol;Acc:MGI:1346060]	15378	-3.8438563346862793	-0.08168439	Yes	
row_202	Il12b	interleukin 12b [Source:MGI Symbol;Acc:MGI:96540]	15398	-4.15106201171875	-0.06673393	Yes	
row_203	Fgr	FGR proto-oncogene, Src family tyrosine kinase [Source:MGI Symbol;Acc:MGI:95527]	15400	-4.204682350158691	-0.05039141	Yes	
row_204	Clec7a	C-type lectin domain family 7, member a [Source:MGI Symbol;Acc:MGI:1861431]	15405	-4.382608890533447	-0.033551693	Yes	
row_205	Scimp	SLP adaptor and CSK interacting membrane protein [Source:MGI Symbol;Acc:MGI:3610314]	15408	-4.431081771850586	-0.016391393	Yes	
row_206	Tnf	tumor necrosis factor [Source:MGI Symbol;Acc:MGI:104798]	15411	-4.453005790710449	8.544634E-4	Yes	
