NAME	SYMBOL	TITLE	RANK IN GENE LIST	RANK METRIC SCORE	RUNNING ES	CORE ENRICHMENT	
row_0	Cd46	CD46 antigen, complement regulatory protein [Source:MGI Symbol;Acc:MGI:1203290]	687	0.7108524441719055	-0.042694844	No	
row_1	Enpp1	ectonucleotide pyrophosphatase/phosphodiesterase 1 [Source:MGI Symbol;Acc:MGI:97370]	1019	0.5784317255020142	-0.06242	No	
row_2	Trpm4	transient receptor potential cation channel, subfamily M, member 4 [Source:MGI Symbol;Acc:MGI:1915917]	1028	0.5763267874717712	-0.060881708	No	
row_3	Ephb6	Eph receptor B6 [Source:MGI Symbol;Acc:MGI:1096338]	1037	0.5735828280448914	-0.059353247	No	
row_4	Aplf	aprataxin and PNKP like factor [Source:MGI Symbol;Acc:MGI:1919353]	1202	0.5228782296180725	-0.06827977	No	
row_5	Il4	interleukin 4 [Source:MGI Symbol;Acc:MGI:96556]	1379	0.47648885846138	-0.078162774	No	
row_6	Kmt5c	lysine methyltransferase 5C [Source:MGI Symbol;Acc:MGI:2385262]	1413	0.46825796365737915	-0.07865808	No	
row_7	Shld1	shieldin complex subunit 1 [Source:MGI Symbol;Acc:MGI:1920997]	1672	0.41480594873428345	-0.09416217	No	
row_8	Ighg2c	immunoglobulin heavy constant gamma 2C [Source:MGI Symbol;Acc:MGI:2686979]	1744	0.4025301933288574	-0.09739547	No	
row_9	Pou2f2	POU domain, class 2, transcription factor 2 [Source:MGI Symbol;Acc:MGI:101897]	2422	0.30613407492637634	-0.14088199	No	
row_10	Xrcc4	X-ray repair complementing defective repair in Chinese hamster cells 4 [Source:MGI Symbol;Acc:MGI:1333799]	2515	0.2976006269454956	-0.14587422	No	
row_11	Lig4	ligase IV, DNA, ATP-dependent [Source:MGI Symbol;Acc:MGI:1335098]	2684	0.27806273102760315	-0.15594138	No	
row_12	Msh2	mutS homolog 2 [Source:MGI Symbol;Acc:MGI:101816]	3179	0.23531974852085114	-0.18763028	No	
row_13	Prkcz	protein kinase C, zeta [Source:MGI Symbol;Acc:MGI:97602]	3256	0.23019728064537048	-0.19181037	No	
row_14	Kctd9	potassium channel tetramerisation domain containing 9 [Source:MGI Symbol;Acc:MGI:2145579]	3527	0.20979303121566772	-0.20883933	No	
row_15	Ufl1	UFM1 specific ligase 1 [Source:MGI Symbol;Acc:MGI:1914740]	3996	0.18139345943927765	-0.23900923	No	
row_16	Cd55	CD55 molecule, decay accelerating factor for complement [Source:MGI Symbol;Acc:MGI:104850]	4075	0.1763404905796051	-0.243514	No	
row_17	Mlh1	mutL homolog 1 [Source:MGI Symbol;Acc:MGI:101938]	4207	0.16988244652748108	-0.2515322	No	
row_18	Shld2	shieldin complex subunit 2 [Source:MGI Symbol;Acc:MGI:1922948]	4273	0.16610905528068542	-0.25521752	No	
row_19	Sanbr	SANT and BTB domain regulator of CSR [Source:MGI Symbol;Acc:MGI:1918925]	4316	0.16400448977947235	-0.25739574	No	
row_20	Igf2	insulin-like growth factor 2 [Source:MGI Symbol;Acc:MGI:96434]	4427	0.15720532834529877	-0.26407644	No	
row_21	Ighm	immunoglobulin heavy constant mu [Source:MGI Symbol;Acc:MGI:96448]	4996	0.13169346749782562	-0.30100986	No	
row_22	Jag1	jagged 1 [Source:MGI Symbol;Acc:MGI:1095416]	5017	0.13080409169197083	-0.30185825	No	
row_23	Smad7	SMAD family member 7 [Source:MGI Symbol;Acc:MGI:1100518]	5135	0.12548799812793732	-0.30911356	No	
row_24	Susd4	sushi domain containing 4 [Source:MGI Symbol;Acc:MGI:2138351]	5136	0.12542270123958588	-0.30866414	No	
row_25	Rif1	replication timing regulatory factor 1 [Source:MGI Symbol;Acc:MGI:1098622]	5192	0.12283960729837418	-0.311846	No	
row_26	Klhl22	kelch-like 22 [Source:MGI Symbol;Acc:MGI:1337995]	5231	0.12104836106300354	-0.31391472	No	
row_27	Zbtb1	zinc finger and BTB domain containing 1 [Source:MGI Symbol;Acc:MGI:2442326]	5301	0.11796639859676361	-0.31803596	No	
row_28	Nsd2	nuclear receptor binding SET domain protein 2 [Source:MGI Symbol;Acc:MGI:1276574]	5307	0.11771050840616226	-0.31794345	No	
row_29	Hmces	5-hydroxymethylcytosine (hmC) binding, ES cell specific [Source:MGI Symbol;Acc:MGI:1914053]	5417	0.11319224536418915	-0.32471597	No	
row_30	Dusp22	dual specificity phosphatase 22 [Source:MGI Symbol;Acc:MGI:1915926]	5473	0.11111384630203247	-0.32793984	No	
row_31	Hspa8	heat shock protein 8 [Source:MGI Symbol;Acc:MGI:105384]	5674	0.10325077176094055	-0.34074074	No	
row_32	Cadm1	cell adhesion molecule 1 [Source:MGI Symbol;Acc:MGI:1889272]	5681	0.10294981300830841	-0.34076697	No	
row_33	Dlg1	discs large MAGUK scaffold protein 1 [Source:MGI Symbol;Acc:MGI:107231]	5760	0.09974069893360138	-0.34554622	No	
row_34	Pms2	PMS1 homolog2, mismatch repair system component [Source:MGI Symbol;Acc:MGI:104288]	5861	0.09578385949134827	-0.35178846	No	
row_35	Ndfip1	Nedd4 family interacting protein 1 [Source:MGI Symbol;Acc:MGI:1929601]	5913	0.0937916487455368	-0.35481095	No	
row_36	Rasgrp1	RAS guanyl releasing protein 1 [Source:MGI Symbol;Acc:MGI:1314635]	5924	0.09335950762033463	-0.35513496	No	
row_37	Crk	v-crk avian sarcoma virus CT10 oncogene homolog [Source:MGI Symbol;Acc:MGI:88508]	6219	0.08166471123695374	-0.37420356	No	
row_38	Hprt1	hypoxanthine phosphoribosyltransferase 1 [Source:MGI Symbol;Acc:MGI:96217]	6309	0.0781039446592331	-0.37978473	No	
row_39	Card9	caspase recruitment domain family, member 9 [Source:MGI Symbol;Acc:MGI:2685628]	6355	0.07664771378040314	-0.38247353	No	
row_40	Tfrc	transferrin receptor [Source:MGI Symbol;Acc:MGI:98822]	6408	0.07494381070137024	-0.38562942	No	
row_41	Kif5b	kinesin family member 5B [Source:MGI Symbol;Acc:MGI:1098268]	6509	0.07109063118696213	-0.39196014	No	
row_42	Rnf168	ring finger protein 168 [Source:MGI Symbol;Acc:MGI:1917488]	6738	0.06274642795324326	-0.4067501	No	
row_43	Cr2	complement receptor 2 [Source:MGI Symbol;Acc:MGI:88489]	6783	0.06101199984550476	-0.40942907	No	
row_44	Ppp3cb	protein phosphatase 3, catalytic subunit, beta isoform [Source:MGI Symbol;Acc:MGI:107163]	6995	0.05269104987382889	-0.42313558	No	
row_45	Stat5b	signal transducer and activator of transcription 5B [Source:MGI Symbol;Acc:MGI:103035]	7007	0.052116189152002335	-0.4236732	No	
row_46	Ywhag	tyrosine 3-monooxygenase/tryptophan 5-monooxygenase activation protein, gamma polypeptide [Source:MGI Symbol;Acc:MGI:108109]	7106	0.048321135342121124	-0.4299538	No	
row_47	Nbn	nibrin [Source:MGI Symbol;Acc:MGI:1351625]	7355	0.037998128682374954	-0.44614956	No	
row_48	Emp2	epithelial membrane protein 2 [Source:MGI Symbol;Acc:MGI:1098726]	7785	0.020889833569526672	-0.47432628	No	
row_49	Arl8b	ADP-ribosylation factor-like 8B [Source:MGI Symbol;Acc:MGI:1914416]	7898	0.016360748559236526	-0.48164335	No	
row_50	Ap1g1	adaptor protein complex AP-1, gamma 1 subunit [Source:MGI Symbol;Acc:MGI:101919]	7899	0.016353324055671692	-0.48158476	No	
row_51	Mr1	major histocompatibility complex, class I-related [Source:MGI Symbol;Acc:MGI:1195463]	7982	0.012948499992489815	-0.48693842	No	
row_52	Paxip1	PAX interacting (with transcription-activation domain) protein 1 [Source:MGI Symbol;Acc:MGI:1890430]	8040	0.00983131118118763	-0.49065688	No	
row_53	Map3k7	mitogen-activated protein kinase kinase kinase 7 [Source:MGI Symbol;Acc:MGI:1346877]	8323	-0.002356388373300433	-0.5092194	No	
row_54	Grb2	growth factor receptor bound protein 2 [Source:MGI Symbol;Acc:MGI:95805]	8335	-0.0027091987431049347	-0.5099341	No	
row_55	Ebag9	estrogen receptor-binding fragment-associated gene 9 [Source:MGI Symbol;Acc:MGI:1859920]	8360	-0.0037415989208966494	-0.5115012	No	
row_56	Plekhm2	pleckstrin homology domain containing, family M (with RUN domain) member 2 [Source:MGI Symbol;Acc:MGI:1916832]	8436	-0.006547974888235331	-0.51641685	No	
row_57	Il2	interleukin 2 [Source:MGI Symbol;Acc:MGI:96548]	8445	-0.007063490804284811	-0.51691836	No	
row_58	Trp53bp1	transformation related protein 53 binding protein 1 [Source:MGI Symbol;Acc:MGI:1351320]	8543	-0.011310144327580929	-0.5232657	No	
row_59	Hspd1	heat shock protein 1 (chaperonin) [Source:MGI Symbol;Acc:MGI:96242]	8597	-0.013060055673122406	-0.5267092	No	
row_60	Crtam	cytotoxic and regulatory T cell molecule [Source:MGI Symbol;Acc:MGI:1859822]	8607	-0.013651235960423946	-0.527253	No	
row_61	Prkaa1	protein kinase, AMP-activated, alpha 1 catalytic subunit [Source:MGI Symbol;Acc:MGI:2145955]	9176	-0.03867869824171066	-0.5645197	No	
row_62	Atad5	ATPase family, AAA domain containing 5 [Source:MGI Symbol;Acc:MGI:2442925]	9482	-0.053510796278715134	-0.5844136	No	
row_63	Kmt5b	lysine methyltransferase 5B [Source:MGI Symbol;Acc:MGI:2444557]	9510	-0.05491992458701134	-0.58599484	No	
row_64	Gata3	GATA binding protein 3 [Source:MGI Symbol;Acc:MGI:95663]	9548	-0.05682508647441864	-0.58822787	No	
row_65	Cd81	CD81 antigen [Source:MGI Symbol;Acc:MGI:1096398]	9704	-0.0650256797671318	-0.5982023	No	
row_66	Supt6	SPT6, histone chaperone and transcription elongation factor [Source:MGI Symbol;Acc:MGI:107726]	9793	-0.06971243023872375	-0.60374767	No	
row_67	H2-T13	histocompatibility 2, T region locus 13 [Source:MGI Symbol;Acc:MGI:95945]	9822	-0.07124589383602142	-0.6053363	No	
row_68	Cebpg	CCAAT/enhancer binding protein gamma [Source:MGI Symbol;Acc:MGI:104982]	9825	-0.07134270668029785	-0.6052124	No	
row_69	Stard7	StAR related lipid transfer domain containing 7 [Source:MGI Symbol;Acc:MGI:2139090]	9844	-0.07233810424804688	-0.6061385	No	
row_70	Kdelr1	KDEL (Lys-Asp-Glu-Leu) endoplasmic reticulum protein retention receptor 1 [Source:MGI Symbol;Acc:MGI:1915387]	9845	-0.07238815724849701	-0.6058792	No	
row_71	C1qbp	complement component 1, q subcomponent binding protein [Source:MGI Symbol;Acc:MGI:1194505]	10001	-0.0819370299577713	-0.615793	No	
row_72	Rnf8	ring finger protein 8 [Source:MGI Symbol;Acc:MGI:1929069]	10010	-0.08245417475700378	-0.6160244	No	
row_73	Stx7	syntaxin 7 [Source:MGI Symbol;Acc:MGI:1858210]	10056	-0.08486060798168182	-0.61868376	No	
row_74	Msh6	mutS homolog 6 [Source:MGI Symbol;Acc:MGI:1343961]	10220	-0.09406300634145737	-0.629081	No	
row_75	Lyst	lysosomal trafficking regulator [Source:MGI Symbol;Acc:MGI:107448]	10231	-0.09465184807777405	-0.6294004	No	
row_76	Cyrib	CYFIP related Rac1 interactor B [Source:MGI Symbol;Acc:MGI:1923520]	10406	-0.10513588786125183	-0.6404823	No	
row_77	Pik3cb	phosphatidylinositol-4,5-bisphosphate 3-kinase catalytic subunit beta [Source:MGI Symbol;Acc:MGI:1922019]	10466	-0.10859617590904236	-0.6439786	No	
row_78	Gfus	GDP-L-fucose synthase [Source:MGI Symbol;Acc:MGI:98857]	10544	-0.11300797760486603	-0.64864445	No	
row_79	Pik3r1	phosphoinositide-3-kinase regulatory subunit 1 [Source:MGI Symbol;Acc:MGI:97583]	10779	-0.12955646216869354	-0.66359013	No	
row_80	Hmgb1	high mobility group box 1 [Source:MGI Symbol;Acc:MGI:96113]	11073	-0.15266485512256622	-0.6823385	No	
row_81	Slc15a4	solute carrier family 15, member 4 [Source:MGI Symbol;Acc:MGI:2140796]	11305	-0.17477574944496155	-0.69692457	No	
row_82	Gfer	growth factor, augmenter of liver regeneration [Source:MGI Symbol;Acc:MGI:107757]	11308	-0.17510312795639038	-0.69642884	No	
row_83	Il18	interleukin 18 [Source:MGI Symbol;Acc:MGI:107936]	11397	-0.1832057386636734	-0.7015676	No	
row_84	Prdx1	peroxiredoxin 1 [Source:MGI Symbol;Acc:MGI:99523]	11449	-0.18814972043037415	-0.70425195	No	
row_85	Pik3r6	phosphoinositide-3-kinase regulatory subunit 5 [Source:MGI Symbol;Acc:MGI:2144613]	11461	-0.18987949192523956	-0.704296	No	
row_86	Exosc3	exosome component 3 [Source:MGI Symbol;Acc:MGI:1913612]	11687	-0.21316932141780853	-0.7183494	No	
row_87	Fbxo38	F-box protein 38 [Source:MGI Symbol;Acc:MGI:2444639]	11792	-0.22501645982265472	-0.72439194	No	
row_88	Prkcd	protein kinase C, delta [Source:MGI Symbol;Acc:MGI:97598]	11795	-0.22514791786670685	-0.7237169	No	
row_89	Cr1l	complement C3b/C4b receptor 1 like [Source:MGI Symbol;Acc:MGI:88513]	11808	-0.22655810415744781	-0.72369534	No	
row_90	Coro1a	coronin, actin binding protein 1A [Source:MGI Symbol;Acc:MGI:1345961]	11901	-0.23673555254936218	-0.7289057	No	
row_91	Dpp4	dipeptidylpeptidase 4 [Source:MGI Symbol;Acc:MGI:94919]	11913	-0.23846042156219482	-0.7287756	No	
row_92	Pcyt1a	phosphate cytidylyltransferase 1, choline, alpha isoform [Source:MGI Symbol;Acc:MGI:88557]	11967	-0.24371011555194855	-0.7313926	No	
row_93	Gba1	glucosylceramidase beta 1 [Source:MGI Symbol;Acc:MGI:95665]	12144	-0.26508694887161255	-0.7420331	No	
row_94	Bcl6	B cell leukemia/lymphoma 6 [Source:MGI Symbol;Acc:MGI:107187]	12176	-0.27032357454299927	-0.74310595	No	
row_95	Dennd1b	DENN domain containing 1B [Source:MGI Symbol;Acc:MGI:2447812]	12348	-0.29408881068229675	-0.7533133	No	
row_96	Il20rb	interleukin 20 receptor beta [Source:MGI Symbol;Acc:MGI:2143266]	12359	-0.29539915919303894	-0.75291336	No	
row_97	Vsir	V-set immunoregulatory receptor [Source:MGI Symbol;Acc:MGI:1921298]	12380	-0.29802560806274414	-0.7531625	No	
row_98	Rftn1	raftlin lipid raft linker 1 [Source:MGI Symbol;Acc:MGI:1923688]	12411	-0.3028486967086792	-0.754053	No	
row_99	Traf2	TNF receptor-associated factor 2 [Source:MGI Symbol;Acc:MGI:101835]	12482	-0.3134261667728424	-0.7575397	No	
row_100	Ercc1	excision repair cross-complementing rodent repair deficiency, complementation group 1 [Source:MGI Symbol;Acc:MGI:95412]	12636	-0.3341098725795746	-0.7664182	No	
row_101	Arrb2	arrestin, beta 2 [Source:MGI Symbol;Acc:MGI:99474]	12825	-0.3717876076698303	-0.77746665	No	
row_102	Crlf2	cytokine receptor-like factor 2 [Source:MGI Symbol;Acc:MGI:1889506]	12912	-0.38758668303489685	-0.7817413	No	
row_103	Bcl10	B cell leukemia/lymphoma 10 [Source:MGI Symbol;Acc:MGI:1337994]	12943	-0.3952125906944275	-0.78230083	No	
row_104	Ahr	aryl-hydrocarbon receptor [Source:MGI Symbol;Acc:MGI:105043]	13003	-0.40796828269958496	-0.78472435	No	
row_105	Fosl2	fos-like antigen 2 [Source:MGI Symbol;Acc:MGI:102858]	13059	-0.4219963550567627	-0.78683424	No	
row_106	H2-T24	histocompatibility 2, T region locus 24 [Source:MGI Symbol;Acc:MGI:95958]	13078	-0.42471209168434143	-0.7864978	No	
row_107	Foxj1	forkhead box J1 [Source:MGI Symbol;Acc:MGI:1347474]	13080	-0.4254794716835022	-0.785039	No	
row_108	Mad2l2	MAD2 mitotic arrest deficient-like 2 [Source:MGI Symbol;Acc:MGI:1919140]	13088	-0.4283888041973114	-0.783965	No	
row_109	Lamp1	lysosomal-associated membrane protein 1 [Source:MGI Symbol;Acc:MGI:96745]	13126	-0.43872785568237305	-0.7848295	No	
row_110	Tbx21	T-box 21 [Source:MGI Symbol;Acc:MGI:1888984]	13216	-0.46224460005760193	-0.7890342	No	
row_111	Rnf19b	ring finger protein 19B [Source:MGI Symbol;Acc:MGI:1922484]	13332	-0.4984840154647827	-0.79482126	No	
row_112	Pvr	poliovirus receptor [Source:MGI Symbol;Acc:MGI:107741]	13340	-0.5014012455940247	-0.7934856	No	
row_113	Trem2	triggering receptor expressed on myeloid cells 2 [Source:MGI Symbol;Acc:MGI:1913150]	13349	-0.5038224458694458	-0.7922071	No	
row_114	Rab27a	RAB27A, member RAS oncogene family [Source:MGI Symbol;Acc:MGI:1861441]	13483	-0.5529008507728577	-0.7989846	No	
row_115	Ager	advanced glycosylation end product-specific receptor [Source:MGI Symbol;Acc:MGI:893592]	13621	-0.6114444732666016	-0.8058157	No	
row_116	Traf6	TNF receptor-associated factor 6 [Source:MGI Symbol;Acc:MGI:108072]	13714	-0.6538277268409729	-0.80953145	No	
row_117	Fcmr	Fc fragment of IgM receptor [Source:MGI Symbol;Acc:MGI:1916419]	13720	-0.6551854610443115	-0.807513	No	
row_118	Cfh	complement component factor h [Source:MGI Symbol;Acc:MGI:88385]	13850	-0.7140789031982422	-0.8134495	No	
row_119	Swap70	SWA-70 protein [Source:MGI Symbol;Acc:MGI:1298390]	13930	-0.7572450041770935	-0.8159386	Yes	
row_120	Cd24a	CD24a antigen [Source:MGI Symbol;Acc:MGI:88323]	13950	-0.7726616859436035	-0.8144212	Yes	
row_121	Ceacam1	CEA cell adhesion molecule 1 [Source:MGI Symbol;Acc:MGI:1347245]	13971	-0.7821909189224243	-0.8129355	Yes	
row_122	Ung	uracil DNA glycosylase [Source:MGI Symbol;Acc:MGI:109352]	13977	-0.7864665985107422	-0.8104467	Yes	
row_123	P2rx7	purinergic receptor P2X, ligand-gated ion channel, 7 [Source:MGI Symbol;Acc:MGI:1339957]	14045	-0.830166757106781	-0.8118842	Yes	
row_124	Nectin2	nectin cell adhesion molecule 2 [Source:MGI Symbol;Acc:MGI:97822]	14052	-0.8350293636322021	-0.8092872	Yes	
row_125	Nectin4	nectin cell adhesion molecule 4 [Source:MGI Symbol;Acc:MGI:1918990]	14168	-0.917297899723053	-0.81357354	Yes	
row_126	Traf3ip2	TRAF3 interacting protein 2 [Source:MGI Symbol;Acc:MGI:2143599]	14179	-0.9277524352073669	-0.8109077	Yes	
row_127	Fadd	Fas associated via death domain [Source:MGI Symbol;Acc:MGI:109324]	14215	-0.9544616937637329	-0.8097925	Yes	
row_128	Fzd5	frizzled class receptor 5 [Source:MGI Symbol;Acc:MGI:108571]	14219	-0.9562937021255493	-0.80656344	Yes	
row_129	C1qc	complement component 1, q subcomponent, C chain [Source:MGI Symbol;Acc:MGI:88225]	14263	-1.0127390623092651	-0.8057663	Yes	
row_130	C1qa	complement component 1, q subcomponent, alpha polypeptide [Source:MGI Symbol;Acc:MGI:88223]	14283	-1.0306638479232788	-0.8033244	Yes	
row_131	Cd28	CD28 antigen [Source:MGI Symbol;Acc:MGI:88327]	14305	-1.046858549118042	-0.80095613	Yes	
row_132	C1rl	complement component 1, r subcomponent-like [Source:MGI Symbol;Acc:MGI:2660692]	14321	-1.061173439025879	-0.79814154	Yes	
row_133	C1qb	complement component 1, q subcomponent, beta polypeptide [Source:MGI Symbol;Acc:MGI:88224]	14330	-1.0711430311203003	-0.79483014	Yes	
row_134	Igha	immunoglobulin heavy constant alpha [Source:MGI Symbol;Acc:MGI:96444]	14347	-1.0936496257781982	-0.791965	Yes	
row_135	Slamf1	signaling lymphocytic activation molecule family member 1 [Source:MGI Symbol;Acc:MGI:1351314]	14354	-1.1003212928771973	-0.7884174	Yes	
row_136	Unc13d	unc-13 homolog D [Source:MGI Symbol;Acc:MGI:1917700]	14365	-1.1171257495880127	-0.785073	Yes	
row_137	B2m	beta-2 microglobulin [Source:MGI Symbol;Acc:MGI:88127]	14367	-1.118391513824463	-0.7811314	Yes	
row_138	Malt1	MALT1 paracaspase [Source:MGI Symbol;Acc:MGI:2445027]	14384	-1.142586588859558	-0.77809083	Yes	
row_139	Ctsh	cathepsin H [Source:MGI Symbol;Acc:MGI:107285]	14388	-1.1514723300933838	-0.7741624	Yes	
row_140	Hfe	homeostatic iron regulator [Source:MGI Symbol;Acc:MGI:109191]	14391	-1.152908205986023	-0.77016294	Yes	
row_141	Fcgr3	Fc receptor, IgG, low affinity III [Source:MGI Symbol;Acc:MGI:95500]	14430	-1.1911050081253052	-0.76839733	Yes	
row_142	Tgfb1	transforming growth factor, beta 1 [Source:MGI Symbol;Acc:MGI:98725]	14447	-1.212853193283081	-0.76510507	Yes	
row_143	H2-DMa	histocompatibility 2, class II, locus DMa [Source:MGI Symbol;Acc:MGI:95921]	14455	-1.2230600118637085	-0.7611835	Yes	
row_144	Il1r1	interleukin 1 receptor, type I [Source:MGI Symbol;Acc:MGI:96545]	14470	-1.2378168106079102	-0.75767004	Yes	
row_145	Nckap1l	NCK associated protein 1 like [Source:MGI Symbol;Acc:MGI:1926063]	14486	-1.265770435333252	-0.75412226	Yes	
row_146	H2-D1	histocompatibility 2, D region locus 1 [Source:MGI Symbol;Acc:MGI:95896]	14527	-1.3243019580841064	-0.7520111	Yes	
row_147	Inpp5d	inositol polyphosphate-5-phosphatase D [Source:MGI Symbol;Acc:MGI:107357]	14567	-1.3713209629058838	-0.7496657	Yes	
row_148	Cd80	CD80 antigen [Source:MGI Symbol;Acc:MGI:101775]	14575	-1.3855133056640625	-0.745162	Yes	
row_149	Stat6	signal transducer and activator of transcription 6 [Source:MGI Symbol;Acc:MGI:103034]	14576	-1.3939892053604126	-0.74016696	Yes	
row_150	Arid5a	AT-rich interaction domain 5A [Source:MGI Symbol;Acc:MGI:2443039]	14597	-1.4312337636947632	-0.7363556	Yes	
row_151	H2-T22	histocompatibility 2, T region locus 22 [Source:MGI Symbol;Acc:MGI:95956]	14598	-1.4313725233078003	-0.7312266	Yes	
row_152	Unc93b1	unc-93 homolog B1, TLR signaling regulator [Source:MGI Symbol;Acc:MGI:1859307]	14631	-1.4811433553695679	-0.7280266	Yes	
row_153	Icosl	icos ligand [Source:MGI Symbol;Acc:MGI:1354701]	14632	-1.4817578792572021	-0.7227171	Yes	
row_154	Tap2	transporter 2, ATP-binding cassette, sub-family B (MDR/TAP) [Source:MGI Symbol;Acc:MGI:98484]	14651	-1.5208073854446411	-0.71845305	Yes	
row_155	Nfkbiz	nuclear factor of kappa light polypeptide gene enhancer in B cells inhibitor, zeta [Source:MGI Symbol;Acc:MGI:1931595]	14655	-1.5256743431091309	-0.7131837	Yes	
row_156	Serpinb9	serine (or cysteine) peptidase inhibitor, clade B, member 9 [Source:MGI Symbol;Acc:MGI:106603]	14662	-1.5375686883926392	-0.7080693	Yes	
row_157	H2-K1	histocompatibility 2, K1, K region [Source:MGI Symbol;Acc:MGI:95904]	14674	-1.5491504669189453	-0.7032427	Yes	
row_158	Myd88	myeloid differentiation primary response gene 88 [Source:MGI Symbol;Acc:MGI:108005]	14676	-1.5513466596603394	-0.6977497	Yes	
row_159	Hpx	hemopexin [Source:MGI Symbol;Acc:MGI:105112]	14683	-1.561322808265686	-0.6925502	Yes	
row_160	Tcirg1	T cell, immune regulator 1, ATPase, H+ transporting, lysosomal V0 protein A3 [Source:MGI Symbol;Acc:MGI:1350931]	14700	-1.602987289428711	-0.68785995	Yes	
row_161	C4b	complement C4B (Chido blood group) [Source:MGI Symbol;Acc:MGI:88228]	14733	-1.6785578727722168	-0.68395257	Yes	
row_162	Btk	Bruton agammaglobulinemia tyrosine kinase [Source:MGI Symbol;Acc:MGI:88216]	14738	-1.687743902206421	-0.67816836	Yes	
row_163	Stat5a	signal transducer and activator of transcription 5A [Source:MGI Symbol;Acc:MGI:103036]	14753	-1.7267537117004395	-0.67290294	Yes	
row_164	Ctsc	cathepsin C [Source:MGI Symbol;Acc:MGI:109553]	14767	-1.7535220384597778	-0.6674757	Yes	
row_165	Nlrp3	NLR family, pyrin domain containing 3 [Source:MGI Symbol;Acc:MGI:2653833]	14789	-1.8187140226364136	-0.6623417	Yes	
row_166	Hcst	hematopoietic cell signal transducer [Source:MGI Symbol;Acc:MGI:1344360]	14792	-1.824895977973938	-0.6559344	Yes	
row_167	Arg1	arginase, liver [Source:MGI Symbol;Acc:MGI:88070]	14815	-1.8745911121368408	-0.650666	Yes	
row_168	Nod2	nucleotide-binding oligomerization domain containing 2 [Source:MGI Symbol;Acc:MGI:2429397]	14821	-1.8870857954025269	-0.6442334	Yes	
row_169	Il4ra	interleukin 4 receptor, alpha [Source:MGI Symbol;Acc:MGI:105367]	14839	-1.922226071357727	-0.63846505	Yes	
row_170	Fcer1g	Fc receptor, IgE, high affinity I, gamma polypeptide [Source:MGI Symbol;Acc:MGI:95496]	14849	-1.9575062990188599	-0.6320435	Yes	
row_171	Parp3	poly (ADP-ribose) polymerase family, member 3 [Source:MGI Symbol;Acc:MGI:1891258]	14853	-1.9706056118011475	-0.6251799	Yes	
row_172	C1s1	complement component 1, s subcomponent 1 [Source:MGI Symbol;Acc:MGI:1355312]	14859	-1.9825427532196045	-0.61840516	Yes	
row_173	Gzmc	granzyme C [Source:MGI Symbol;Acc:MGI:109256]	14868	-2.002321243286133	-0.61175716	Yes	
row_174	Cd1d1	CD1d1 antigen [Source:MGI Symbol;Acc:MGI:107674]	14872	-2.011352062225342	-0.60474753	Yes	
row_175	Rsad2	radical S-adenosyl methionine domain containing 2 [Source:MGI Symbol;Acc:MGI:1929628]	14874	-2.018421173095703	-0.5975809	Yes	
row_176	Serping1	serine (or cysteine) peptidase inhibitor, clade G, member 1 [Source:MGI Symbol;Acc:MGI:894696]	14875	-2.0194497108459473	-0.59034467	Yes	
row_177	Gimap3	GTPase, IMAP family member 3 [Source:MGI Symbol;Acc:MGI:1932723]	14884	-2.031559467315674	-0.5835919	Yes	
row_178	Slc11a1	solute carrier family 11 (proton-coupled divalent metal ion transporters), member 1 [Source:MGI Symbol;Acc:MGI:1345275]	14895	-2.0568742752075195	-0.57688016	Yes	
row_179	Ptpn6	protein tyrosine phosphatase, non-receptor type 6 [Source:MGI Symbol;Acc:MGI:96055]	14896	-2.0592994689941406	-0.5695011	Yes	
row_180	Vav1	vav 1 oncogene [Source:MGI Symbol;Acc:MGI:98923]	14899	-2.0627310276031494	-0.56224155	Yes	
row_181	Tap1	transporter 1, ATP-binding cassette, sub-family B (MDR/TAP) [Source:MGI Symbol;Acc:MGI:98483]	14919	-2.113363265991211	-0.55592006	Yes	
row_182	Clec2d	C-type lectin domain family 2, member d [Source:MGI Symbol;Acc:MGI:2135589]	14922	-2.1317644119262695	-0.5484131	Yes	
row_183	Havcr2	hepatitis A virus cellular receptor 2 [Source:MGI Symbol;Acc:MGI:2159682]	14929	-2.150355339050293	-0.54110295	Yes	
row_184	Csf2rb	colony stimulating factor 2 receptor, beta, low-affinity (granulocyte-macrophage) [Source:MGI Symbol;Acc:MGI:1339759]	14946	-2.1882739067077637	-0.53431547	Yes	
row_185	Ripk3	receptor-interacting serine-threonine kinase 3 [Source:MGI Symbol;Acc:MGI:2154952]	14951	-2.203356981277466	-0.5266837	Yes	
row_186	Lilrb4b	leukocyte immunoglobulin-like receptor, subfamily B, member 4B [Source:MGI Symbol;Acc:MGI:102702]	14956	-2.218184232711792	-0.51899874	Yes	
row_187	Slamf6	SLAM family member 6 [Source:MGI Symbol;Acc:MGI:1353620]	14959	-2.2255918979644775	-0.5111556	Yes	
row_188	Lgals9	lectin, galactose binding, soluble 9 [Source:MGI Symbol;Acc:MGI:109496]	14971	-2.265756130218506	-0.5037612	Yes	
row_189	Il6	interleukin 6 [Source:MGI Symbol;Acc:MGI:96559]	14997	-2.304513931274414	-0.49714988	Yes	
row_190	Fas	Fas cell surface death receptor [Source:MGI Symbol;Acc:MGI:95484]	15005	-2.3231923580169678	-0.48928627	Yes	
row_191	Clcf1	cardiotrophin-like cytokine factor 1 [Source:MGI Symbol;Acc:MGI:1930088]	15006	-2.3279359340667725	-0.48094466	Yes	
row_192	Cd74	CD74 antigen (invariant polypeptide of major histocompatibility complex, class II antigen-associated) [Source:MGI Symbol;Acc:MGI:96534]	15010	-2.3369808197021484	-0.47276822	Yes	
row_193	Gimap5	GTPase, IMAP family member 5 [Source:MGI Symbol;Acc:MGI:2442232]	15011	-2.338693857192993	-0.46438807	Yes	
row_194	Spn	sialophorin [Source:MGI Symbol;Acc:MGI:98384]	15031	-2.3822696208953857	-0.457103	Yes	
row_195	Ptprc	protein tyrosine phosphatase receptor type C [Source:MGI Symbol;Acc:MGI:97810]	15038	-2.397634506225586	-0.4489068	Yes	
row_196	Myo1g	myosin IG [Source:MGI Symbol;Acc:MGI:1927091]	15039	-2.4009087085723877	-0.4403037	Yes	
row_197	C2	complement C2 [Source:MGI Symbol;Acc:MGI:88226]	15041	-2.4040307998657227	-0.4317553	Yes	
row_198	Was	Wiskott-Aldrich syndrome [Source:MGI Symbol;Acc:MGI:105059]	15063	-2.46127986907959	-0.42431885	Yes	
row_199	H2-Q7	histocompatibility 2, Q region locus 7 [Source:MGI Symbol;Acc:MGI:95936]	15066	-2.4679741859436035	-0.41560718	Yes	
row_200	Batf	basic leucine zipper transcription factor, ATF-like [Source:MGI Symbol;Acc:MGI:1859147]	15072	-2.4776346683502197	-0.40705845	Yes	
row_201	H2-Q4	histocompatibility 2, Q region locus 4 [Source:MGI Symbol;Acc:MGI:95933]	15088	-2.5195188522338867	-0.39901817	Yes	
row_202	Irf7	interferon regulatory factor 7 [Source:MGI Symbol;Acc:MGI:1859212]	15092	-2.53041410446167	-0.3901486	Yes	
row_203	Ifnb1	interferon beta 1, fibroblast [Source:MGI Symbol;Acc:MGI:107657]	15104	-2.5572633743286133	-0.38170967	Yes	
row_204	C1ra	complement component 1, r subcomponent A [Source:MGI Symbol;Acc:MGI:1355313]	15106	-2.5632481575012207	-0.37259072	Yes	
row_205	Pirb	paired Ig-like receptor B [Source:MGI Symbol;Acc:MGI:894311]	15118	-2.589735269546509	-0.36403543	Yes	
row_206	Stx11	syntaxin 11 [Source:MGI Symbol;Acc:MGI:1921982]	15136	-2.640815496444702	-0.35569224	Yes	
row_207	Cd274	CD274 antigen [Source:MGI Symbol;Acc:MGI:1926446]	15140	-2.6653146743774414	-0.3463393	Yes	
row_208	Cd40	CD40 antigen [Source:MGI Symbol;Acc:MGI:88336]	15153	-2.693387508392334	-0.33747843	Yes	
row_209	Klrd1	killer cell lectin-like receptor, subfamily D, member 1 [Source:MGI Symbol;Acc:MGI:1196275]	15156	-2.69734525680542	-0.32794484	Yes	
row_210	Il7r	interleukin 7 receptor [Source:MGI Symbol;Acc:MGI:96562]	15157	-2.6980695724487305	-0.31827697	Yes	
row_211	Slfn2	schlafen 2 [Source:MGI Symbol;Acc:MGI:1313258]	15167	-2.737316131591797	-0.30906114	Yes	
row_212	Cd8a	CD8 subunit alpha [Source:MGI Symbol;Acc:MGI:88346]	15168	-2.737701416015625	-0.29925126	Yes	
row_213	Fcgr2b	Fc receptor, IgG, low affinity IIb [Source:MGI Symbol;Acc:MGI:95499]	15178	-2.755366563796997	-0.28997076	Yes	
row_214	Il1b	interleukin 1 beta [Source:MGI Symbol;Acc:MGI:96543]	15181	-2.7633743286132812	-0.28020057	Yes	
row_215	H2-M3	histocompatibility 2, M region locus 3 [Source:MGI Symbol;Acc:MGI:95915]	15183	-2.7687342166900635	-0.27034533	Yes	
row_216	Tnfrsf1b	tumor necrosis factor receptor superfamily, member 1b [Source:MGI Symbol;Acc:MGI:1314883]	15213	-2.8627378940582275	-0.2619972	Yes	
row_217	Cd2	CD2 antigen [Source:MGI Symbol;Acc:MGI:88320]	15220	-2.8780975341796875	-0.25207934	Yes	
row_218	C3	complement component 3 [Source:MGI Symbol;Acc:MGI:88227]	15222	-2.885869026184082	-0.24180438	Yes	
row_219	Nkg7	natural killer cell group 7 sequence [Source:MGI Symbol;Acc:MGI:1931250]	15226	-2.903459072113037	-0.2315981	Yes	
row_220	Ccr2	C-C motif chemokine receptor 2 [Source:MGI Symbol;Acc:MGI:106185]	15238	-2.941856861114502	-0.22178106	Yes	
row_221	Icam1	intercellular adhesion molecule 1 [Source:MGI Symbol;Acc:MGI:96392]	15247	-2.96921706199646	-0.21166842	Yes	
row_222	Fgl2	fibrinogen-like protein 2 [Source:MGI Symbol;Acc:MGI:103266]	15258	-3.023555040359497	-0.20149279	Yes	
row_223	Fcgr4	Fc receptor, IgG, low affinity IV [Source:MGI Symbol;Acc:MGI:2179523]	15278	-3.108071804046631	-0.19160698	Yes	
row_224	Calhm6	calcium homeostasis modulator family member 6 [Source:MGI Symbol;Acc:MGI:2443082]	15282	-3.134615182876587	-0.1805724	Yes	
row_225	Prf1	perforin 1 (pore forming protein) [Source:MGI Symbol;Acc:MGI:97551]	15286	-3.156561851501465	-0.1694592	Yes	
row_226	Ifng	interferon gamma [Source:MGI Symbol;Acc:MGI:107656]	15290	-3.171190023422241	-0.15829356	Yes	
row_227	Sash3	SAM and SH3 domain containing 3 [Source:MGI Symbol;Acc:MGI:1921381]	15292	-3.185924530029297	-0.14694342	Yes	
row_228	Il2rb	interleukin 2 receptor, beta chain [Source:MGI Symbol;Acc:MGI:96550]	15295	-3.206148147583008	-0.13558668	Yes	
row_229	Gzmb	granzyme B [Source:MGI Symbol;Acc:MGI:109267]	15296	-3.2067456245422363	-0.12409607	Yes	
row_230	Fcgr1	Fc receptor, IgG, high affinity I [Source:MGI Symbol;Acc:MGI:95498]	15299	-3.2211050987243652	-0.112685725	Yes	
row_231	Klrk1	killer cell lectin-like receptor subfamily K, member 1 [Source:MGI Symbol;Acc:MGI:1196250]	15300	-3.2218995094299316	-0.10114083	Yes	
row_232	Bcl3	B cell leukemia/lymphoma 3 [Source:MGI Symbol;Acc:MGI:88140]	15314	-3.2798244953155518	-0.09024447	Yes	
row_233	H2-Q6	histocompatibility 2, Q region locus 6 [Source:MGI Symbol;Acc:MGI:95935]	15334	-3.4526796340942383	-0.07912386	Yes	
row_234	Csf2rb2	colony stimulating factor 2 receptor, beta 2, low-affinity (granulocyte-macrophage) [Source:MGI Symbol;Acc:MGI:1339760]	15359	-3.6874818801879883	-0.06749116	Yes	
row_235	Klrc1	killer cell lectin-like receptor subfamily C, member 1 [Source:MGI Symbol;Acc:MGI:1336161]	15367	-3.7327613830566406	-0.05457669	Yes	
row_236	Il18rap	interleukin 18 receptor accessory protein [Source:MGI Symbol;Acc:MGI:1338888]	15372	-3.793020725250244	-0.04124873	Yes	
row_237	H2-T23	histocompatibility 2, T region locus 23 [Source:MGI Symbol;Acc:MGI:95957]	15377	-3.80800199508667	-0.027867092	Yes	
row_238	Il12b	interleukin 12b [Source:MGI Symbol;Acc:MGI:96540]	15398	-4.15106201171875	-0.014309849	Yes	
row_239	Tnf	tumor necrosis factor [Source:MGI Symbol;Acc:MGI:104798]	15411	-4.453005790710449	8.5617317E-4	Yes	
