NAME	SYMBOL	TITLE	RANK IN GENE LIST	RANK METRIC SCORE	RUNNING ES	CORE ENRICHMENT	
row_0	Npas4	neuronal PAS domain protein 4 [Source:MGI Symbol;Acc:MGI:2664186]	24	1.930193305015564	0.09744897	Yes	
row_1	Oxtr	oxytocin receptor [Source:MGI Symbol;Acc:MGI:109147]	311	0.9835965633392334	0.12927575	Yes	
row_2	Npy5r	neuropeptide Y receptor Y5 [Source:MGI Symbol;Acc:MGI:108082]	428	0.8813082575798035	0.16692828	Yes	
row_3	Rac3	Rac family small GTPase 3 [Source:MGI Symbol;Acc:MGI:2180784]	556	0.7855027318000793	0.19894983	Yes	
row_4	Gabre	gamma-aminobutyric acid (GABA) A receptor, subunit epsilon [Source:MGI Symbol;Acc:MGI:1330235]	568	0.7771886587142944	0.23810041	Yes	
row_5	Cckbr	cholecystokinin B receptor [Source:MGI Symbol;Acc:MGI:99479]	786	0.6690518856048584	0.2582864	Yes	
row_6	Bdnf	brain derived neurotrophic factor [Source:MGI Symbol;Acc:MGI:88145]	1113	0.5471563339233398	0.26511997	Yes	
row_7	Drd2	dopamine receptor D2 [Source:MGI Symbol;Acc:MGI:94924]	1192	0.525939404964447	0.2870184	Yes	
row_8	Slitrk3	SLIT and NTRK-like family, member 3 [Source:MGI Symbol;Acc:MGI:2679447]	1417	0.4674251079559326	0.29640567	Yes	
row_9	Adra1a	adrenergic receptor, alpha 1a [Source:MGI Symbol;Acc:MGI:104773]	1509	0.44699394702911377	0.31340775	Yes	
row_10	Grik1	glutamate receptor, ionotropic, kainate 1 [Source:MGI Symbol;Acc:MGI:95814]	1542	0.4398171007633209	0.33388454	Yes	
row_11	Gabrb2	gamma-aminobutyric acid type A receptor subunit beta 2 [Source:MGI Symbol;Acc:MGI:95620]	1584	0.42970046401023865	0.3532562	Yes	
row_12	Kcnk2	potassium channel, subfamily K, member 2 [Source:MGI Symbol;Acc:MGI:109366]	1839	0.385435551404953	0.3564837	Yes	
row_13	Phf24	PHD finger protein 24 [Source:MGI Symbol;Acc:MGI:2140712]	1874	0.37937265634536743	0.37372962	Yes	
row_14	Car2	carbonic anhydrase 2 [Source:MGI Symbol;Acc:MGI:88269]	1955	0.3671867847442627	0.3873543	Yes	
row_15	Adora2a	adenosine A2a receptor [Source:MGI Symbol;Acc:MGI:99402]	2108	0.3455813527107239	0.3951811	Yes	
row_16	Gabra2	gamma-aminobutyric acid type A receptor subunit alpha 2 [Source:MGI Symbol;Acc:MGI:95614]	2117	0.3442772626876831	0.41232026	Yes	
row_17	Aldh5a1	aldhehyde dehydrogenase family 5, subfamily A1 [Source:MGI Symbol;Acc:MGI:2441982]	2271	0.3263779580593109	0.41909683	Yes	
row_18	Car7	carbonic anhydrase 7 [Source:MGI Symbol;Acc:MGI:103100]	2387	0.3106033205986023	0.4275393	Yes	
row_19	Tacr1	tachykinin receptor 1 [Source:MGI Symbol;Acc:MGI:98475]	2537	0.2949850559234619	0.43296605	Yes	
row_20	Erbb4	erb-b2 receptor tyrosine kinase 4 [Source:MGI Symbol;Acc:MGI:104771]	3014	0.24770203232765198	0.4146686	Yes	
row_21	Gabra3	gamma-aminobutyric acid type A receptor subunit alpha 3 [Source:MGI Symbol;Acc:MGI:95615]	3038	0.24523790180683136	0.42575037	Yes	
row_22	Gabra5	gamma-aminobutyric acid type A receptor subunit alpha 5 [Source:MGI Symbol;Acc:MGI:95617]	3056	0.2440633326768875	0.4371627	Yes	
row_23	Gabra6	gamma-aminobutyric acid type A receptor subunit alpha 6 [Source:MGI Symbol;Acc:MGI:95618]	3088	0.2420453280210495	0.44755962	Yes	
row_24	Gabra4	gamma-aminobutyric acid type A receptor subunit alpha 4 [Source:MGI Symbol;Acc:MGI:95616]	3226	0.2323676198720932	0.45055592	Yes	
row_25	Usp46	ubiquitin specific peptidase 46 [Source:MGI Symbol;Acc:MGI:1916977]	3464	0.21478037536144257	0.44613668	Yes	
row_26	Hapln4	hyaluronan and proteoglycan link protein 4 [Source:MGI Symbol;Acc:MGI:2679531]	3726	0.19707047939300537	0.4392458	Yes	
row_27	Tpbg	trophoblast glycoprotein [Source:MGI Symbol;Acc:MGI:1341264]	3760	0.1954893320798874	0.44712427	Yes	
row_28	Nalcn	sodium leak channel, non-selective [Source:MGI Symbol;Acc:MGI:2444306]	3791	0.19403931498527527	0.4551238	Yes	
row_29	Gabbr2	gamma-aminobutyric acid type B receptor subunit 2 [Source:MGI Symbol;Acc:MGI:2386030]	3828	0.19137251377105713	0.46259573	Yes	
row_30	Ezh2	enhancer of zeste 2 polycomb repressive complex 2 subunit [Source:MGI Symbol;Acc:MGI:107940]	3830	0.19136877357959747	0.47234714	Yes	
row_31	Nrxn1	neurexin I [Source:MGI Symbol;Acc:MGI:1096391]	4034	0.17910106480121613	0.46831223	Yes	
row_32	Clstn3	calsyntenin 3 [Source:MGI Symbol;Acc:MGI:2178323]	4169	0.17153868079185486	0.46838364	Yes	
row_33	Gabrd	gamma-aminobutyric acid (GABA) A receptor, subunit delta [Source:MGI Symbol;Acc:MGI:95622]	4295	0.1649884432554245	0.46870524	Yes	
row_34	Nf1	neurofibromin 1 [Source:MGI Symbol;Acc:MGI:97306]	4315	0.16403226554393768	0.475882	Yes	
row_35	Gabrg2	gamma-aminobutyric acid type A receptor, subunit gamma 2 [Source:MGI Symbol;Acc:MGI:95623]	4344	0.1623065024614334	0.482384	Yes	
row_36	Gabrg3	gamma-aminobutyric acid type A receptor, subunit gamma 3 [Source:MGI Symbol;Acc:MGI:95624]	4403	0.15859399735927582	0.48674154	Yes	
row_37	Cacna1a	calcium channel, voltage-dependent, P/Q type, alpha 1A subunit [Source:MGI Symbol;Acc:MGI:109482]	4586	0.1502423882484436	0.4825941	No	
row_38	Gabrb3	GABRB3, gamma-aminobutyric acid type A receptor subunit beta 3 [Source:MGI Symbol;Acc:MGI:95621]	4797	0.1403489112854004	0.4761154	No	
row_39	Cntnap2	contactin associated protein-like 2 [Source:MGI Symbol;Acc:MGI:1914047]	4899	0.13561134040355682	0.47649327	No	
row_40	Gabra1	gamma-aminobutyric acid type A receptor subunit alpha 1 [Source:MGI Symbol;Acc:MGI:95613]	4931	0.13397563993930817	0.4813466	No	
row_41	Cntnap4	contactin associated protein-like 4 [Source:MGI Symbol;Acc:MGI:2183572]	4958	0.13315849006175995	0.4864837	No	
row_42	Prkce	protein kinase C, epsilon [Source:MGI Symbol;Acc:MGI:97599]	5355	0.11544531583786011	0.46661264	No	
row_43	Slc6a1	solute carrier family 6 (neurotransmitter transporter, GABA), member 1 [Source:MGI Symbol;Acc:MGI:95627]	5421	0.11306868493556976	0.46817896	No	
row_44	Tac1	tachykinin 1 [Source:MGI Symbol;Acc:MGI:98474]	5445	0.11212199181318283	0.47243235	No	
row_45	Nlgn2	neuroligin 2 [Source:MGI Symbol;Acc:MGI:2681835]	5790	0.09847917407751083	0.45507795	No	
row_46	Adora1	adenosine A1 receptor [Source:MGI Symbol;Acc:MGI:99401]	5982	0.09089777618646622	0.4473001	No	
row_47	Slc38a1	solute carrier family 38, member 1 [Source:MGI Symbol;Acc:MGI:2145895]	6176	0.08340183645486832	0.4390075	No	
row_48	Htr1b	5-hydroxytryptamine (serotonin) receptor 1B [Source:MGI Symbol;Acc:MGI:96274]	6288	0.07904975116252899	0.43583262	No	
row_49	Plcl2	phospholipase C-like 2 [Source:MGI Symbol;Acc:MGI:1352756]	6406	0.07504624873399734	0.43206158	No	
row_50	Kif5b	kinesin family member 5B [Source:MGI Symbol;Acc:MGI:1098268]	6509	0.07109063118696213	0.42906463	No	
row_51	Clcn3	chloride channel, voltage-sensitive 3 [Source:MGI Symbol;Acc:MGI:103555]	6789	0.06064128875732422	0.41400295	No	
row_52	Gabbr1	gamma-aminobutyric acid type B receptor subunit 1 [Source:MGI Symbol;Acc:MGI:1860139]	6921	0.05584099516272545	0.40833488	No	
row_53	Cacnb4	calcium channel, voltage-dependent, beta 4 subunit [Source:MGI Symbol;Acc:MGI:103301]	7205	0.0439317524433136	0.39215553	No	
row_54	Nisch	nischarin [Source:MGI Symbol;Acc:MGI:1928323]	7465	0.03363187983632088	0.37701106	No	
row_55	Gabrg1	gamma-aminobutyric acid type A receptor subunit gamma 1 [Source:MGI Symbol;Acc:MGI:103156]	7856	0.01792346127331257	0.35252827	No	
row_56	Stxbp1	syntaxin binding protein 1 [Source:MGI Symbol;Acc:MGI:107363]	7873	0.017181282863020897	0.3523675	No	
row_57	Cnr1	cannabinoid receptor 1 [Source:MGI Symbol;Acc:MGI:104615]	7958	0.01388664823025465	0.34760857	No	
row_58	Pak1	p21 (RAC1) activated kinase 1 [Source:MGI Symbol;Acc:MGI:1339975]	8090	0.007522960659116507	0.33946195	No	
row_59	Kras	Kirsten rat sarcoma viral oncogene homolog [Source:MGI Symbol;Acc:MGI:96680]	8426	-0.00606525270268321	0.31795323	No	
row_60	Nlgn1	neuroligin 1 [Source:MGI Symbol;Acc:MGI:2179435]	8729	-0.01949862390756607	0.29928303	No	
row_61	Zdhhc3	zinc finger, DHHC domain containing 3 [Source:MGI Symbol;Acc:MGI:1926134]	8837	-0.023299364373087883	0.29350886	No	
row_62	Plcl1	phospholipase C-like 1 [Source:MGI Symbol;Acc:MGI:3036262]	9471	-0.05301212519407272	0.25499848	No	
row_63	Dbi	diazepam binding inhibitor [Source:MGI Symbol;Acc:MGI:94865]	9547	-0.0567636601626873	0.25302523	No	
row_64	Pten	phosphatase and tensin homolog [Source:MGI Symbol;Acc:MGI:109583]	9894	-0.0750245675444603	0.2343374	No	
row_65	Best1	bestrophin 1 [Source:MGI Symbol;Acc:MGI:1346332]	12183	-0.27108171582221985	0.09921671	No	
row_66	Hap1	huntingtin-associated protein 1 [Source:MGI Symbol;Acc:MGI:1261831]	12398	-0.30147814750671387	0.10074285	No	
row_67	Baiap3	BAI1-associated protein 3 [Source:MGI Symbol;Acc:MGI:2685783]	12399	-0.3016031086444855	0.11621403	No	
row_68	Vps54	VPS54 GARP complex subunit [Source:MGI Symbol;Acc:MGI:2178798]	12510	-0.31676775217056274	0.1252984	No	
row_69	Rac1	Rac family small GTPase 1 [Source:MGI Symbol;Acc:MGI:97845]	12678	-0.34090420603752136	0.13190824	No	
row_70	Cln3	CLN3 lysosomal/endosomal transmembrane protein, battenin [Source:MGI Symbol;Acc:MGI:107537]	12992	-0.40607234835624695	0.13235143	No	
row_71	Zdhhc12	zinc finger, DHHC domain containing 12 [Source:MGI Symbol;Acc:MGI:1913470]	13355	-0.5066398978233337	0.13476184	No	
