NAME	GS<br> follow link to MSigDB	GS DETAILS	SIZE	ES	NES	NOM p-val	FDR q-val	FWER p-val	RANK AT MAX	LEADING EDGE	
GOBP_NEUROPEPTIDE_SIGNALING_PATHWAY	GOBP_NEUROPEPTIDE_SIGNALING_PATHWAY	Details ...	60	0.5649686	2.0130763	0.0	0.102867745	0.084	2014	tags=47%, list=15%, signal=55%	
GOBP_CILIUM_MOVEMENT	GOBP_CILIUM_MOVEMENT	Details ...	98	0.5132871	1.9955271	0.0	0.063640766	0.102	2149	tags=45%, list=16%, signal=53%	
GOBP_SENSORY_PERCEPTION_OF_SMELL	GOBP_SENSORY_PERCEPTION_OF_SMELL	Details ...	21	0.6926366	1.9872268	0.0	0.047950972	0.112	1933	tags=71%, list=14%, signal=83%	
GOBP_SYNAPTIC_TRANSMISSION_GABAERGIC	GOBP_SYNAPTIC_TRANSMISSION_GABAERGIC	Details ...	49	0.54603887	1.9189119	0.0	0.105360754	0.303	3612	tags=55%, list=27%, signal=75%	
GOBP_STARTLE_RESPONSE	GOBP_STARTLE_RESPONSE	Details ...	22	0.6827687	1.9182407	0.004651163	0.08475094	0.303	2717	tags=50%, list=20%, signal=63%	
GOBP_CILIUM_OR_FLAGELLUM_DEPENDENT_CELL_MOTILITY	GOBP_CILIUM_OR_FLAGELLUM_DEPENDENT_CELL_MOTILITY	Details ...	79	0.49862912	1.9070663	0.0	0.0807768	0.338	2149	tags=46%, list=16%, signal=54%	
GOBP_CENTRAL_NERVOUS_SYSTEM_NEURON_DEVELOPMENT	GOBP_CENTRAL_NERVOUS_SYSTEM_NEURON_DEVELOPMENT	Details ...	75	0.5138775	1.9033052	0.0	0.074804	0.363	3028	tags=48%, list=23%, signal=62%	
GOBP_FEAR_RESPONSE	GOBP_FEAR_RESPONSE	Details ...	34	0.5994159	1.9003924	0.00625	0.068685144	0.38	2758	tags=47%, list=21%, signal=59%	
GOBP_CIRCADIAN_SLEEP_WAKE_CYCLE	GOBP_CIRCADIAN_SLEEP_WAKE_CYCLE	Details ...	16	0.7191702	1.8771116	0.0	0.0833752	0.483	1572	tags=44%, list=12%, signal=50%	
GOBP_DOPAMINE_TRANSPORT	GOBP_DOPAMINE_TRANSPORT	Details ...	41	0.5422275	1.7871968	0.0	0.20058315	0.821	3150	tags=46%, list=24%, signal=60%	
GOBP_OLFACTORY_LOBE_DEVELOPMENT	GOBP_OLFACTORY_LOBE_DEVELOPMENT	Details ...	31	0.5874534	1.78416	0.0	0.18863824	0.829	2572	tags=52%, list=19%, signal=64%	
GOBP_BIOLOGICAL_PROCESS_INVOLVED_IN_INTRASPECIES_INTERACTION_BETWEEN_ORGANISMS	GOBP_BIOLOGICAL_PROCESS_INVOLVED_IN_INTRASPECIES_INTERACTION_BETWEEN_ORGANISMS	Details ...	44	0.5399817	1.7740742	0.0	0.1894348	0.867	2457	tags=34%, list=18%, signal=42%	
GOBP_RETINAL_GANGLION_CELL_AXON_GUIDANCE	GOBP_RETINAL_GANGLION_CELL_AXON_GUIDANCE	Details ...	18	0.6764501	1.7669764	0.0	0.18754299	0.89	3099	tags=72%, list=23%, signal=94%	
GOBP_REGULATION_OF_POSTSYNAPTIC_MEMBRANE_POTENTIAL	GOBP_REGULATION_OF_POSTSYNAPTIC_MEMBRANE_POTENTIAL	Details ...	109	0.45466605	1.7669307	0.0	0.17422915	0.89	3612	tags=54%, list=27%, signal=74%	
GOBP_REGULATION_OF_SYNAPTIC_TRANSMISSION_GABAERGIC	GOBP_REGULATION_OF_SYNAPTIC_TRANSMISSION_GABAERGIC	Details ...	32	0.56379086	1.7624612	0.0	0.17086165	0.901	1934	tags=34%, list=14%, signal=40%	
GOBP_INTRACILIARY_TRANSPORT	GOBP_INTRACILIARY_TRANSPORT	Details ...	34	0.56497574	1.754534	0.006849315	0.17383239	0.914	3567	tags=68%, list=27%, signal=92%	
GOBP_SLEEP	GOBP_SLEEP	Details ...	19	0.646012	1.7530649	0.0	0.16574894	0.914	1572	tags=42%, list=12%, signal=48%	
GOBP_SPERM_MOTILITY	GOBP_SPERM_MOTILITY	Details ...	60	0.49663082	1.7528247	0.0	0.15706012	0.914	2149	tags=47%, list=16%, signal=55%	
GOBP_NEURAL_TUBE_PATTERNING	GOBP_NEURAL_TUBE_PATTERNING	Details ...	31	0.5742273	1.7467655	0.0060975607	0.15739956	0.925	1532	tags=29%, list=11%, signal=33%	
GOBP_MEMBRANE_DEPOLARIZATION_DURING_ACTION_POTENTIAL	GOBP_MEMBRANE_DEPOLARIZATION_DURING_ACTION_POTENTIAL	Details ...	31	0.5693126	1.7348217	0.0	0.16647027	0.938	4356	tags=81%, list=33%, signal=119%	
GOBP_REGULATION_OF_AXONOGENESIS	GOBP_REGULATION_OF_AXONOGENESIS		147	0.41308334	1.732407	0.0	0.1620662	0.941	3842	tags=52%, list=29%, signal=73%	
GOBP_GLUTAMATE_RECEPTOR_SIGNALING_PATHWAY	GOBP_GLUTAMATE_RECEPTOR_SIGNALING_PATHWAY		46	0.493977	1.7274522	0.0	0.16171955	0.948	3853	tags=61%, list=29%, signal=85%	
GOBP_FOREBRAIN_NEURON_DEVELOPMENT	GOBP_FOREBRAIN_NEURON_DEVELOPMENT		22	0.6124395	1.7255319	0.004830918	0.15699784	0.952	3028	tags=55%, list=23%, signal=70%	
GOBP_SUBPALLIUM_DEVELOPMENT	GOBP_SUBPALLIUM_DEVELOPMENT		20	0.6095348	1.7130549	0.004347826	0.16848052	0.964	3074	tags=60%, list=23%, signal=78%	
GOBP_RESPONSE_TO_AMPHETAMINE	GOBP_RESPONSE_TO_AMPHETAMINE		28	0.5741603	1.7091947	0.0054644807	0.16725153	0.97	1572	tags=36%, list=12%, signal=40%	
GOBP_SYNAPTIC_TRANSMISSION_DOPAMINERGIC	GOBP_SYNAPTIC_TRANSMISSION_DOPAMINERGIC		24	0.6035407	1.7042856	0.011494253	0.16851135	0.976	1782	tags=42%, list=13%, signal=48%	
GOBP_CENTRAL_NERVOUS_SYSTEM_NEURON_DIFFERENTIATION	GOBP_CENTRAL_NERVOUS_SYSTEM_NEURON_DIFFERENTIATION		146	0.42838803	1.6941988	0.0	0.1787314	0.985	3074	tags=41%, list=23%, signal=53%	
GOBP_DOPAMINE_SECRETION	GOBP_DOPAMINE_SECRETION		31	0.5477593	1.68628	0.011764706	0.18561016	0.991	3923	tags=52%, list=29%, signal=73%	
GOBP_DETECTION_OF_VISIBLE_LIGHT	GOBP_DETECTION_OF_VISIBLE_LIGHT		20	0.60521793	1.6857141	0.013274336	0.18015696	0.991	2172	tags=45%, list=16%, signal=54%	
GOBP_CENTRAL_NERVOUS_SYSTEM_PROJECTION_NEURON_AXONOGENESIS	GOBP_CENTRAL_NERVOUS_SYSTEM_PROJECTION_NEURON_AXONOGENESIS		24	0.6019435	1.6816717	0.004716981	0.18036088	0.992	2747	tags=54%, list=21%, signal=68%	
GOBP_RETINA_LAYER_FORMATION	GOBP_RETINA_LAYER_FORMATION		21	0.6024615	1.6728218	0.017699115	0.18790686	0.994	2402	tags=43%, list=18%, signal=52%	
GOBP_REGULATION_OF_AMPA_RECEPTOR_ACTIVITY	GOBP_REGULATION_OF_AMPA_RECEPTOR_ACTIVITY		24	0.5614599	1.6657424	0.028571429	0.19268313	0.995	2076	tags=33%, list=16%, signal=39%	
GOBP_NADH_DEHYDROGENASE_COMPLEX_ASSEMBLY	GOBP_NADH_DEHYDROGENASE_COMPLEX_ASSEMBLY		55	0.4728252	1.6619359	0.011363637	0.19271338	0.995	5896	tags=78%, list=44%, signal=140%	
GOBP_FOREBRAIN_NEURON_DIFFERENTIATION	GOBP_FOREBRAIN_NEURON_DIFFERENTIATION		40	0.51861024	1.6519899	0.016	0.20339355	0.996	1739	tags=38%, list=13%, signal=43%	
GOBP_MONOAMINE_TRANSPORT	GOBP_MONOAMINE_TRANSPORT		68	0.44057938	1.646114	0.0	0.20709765	0.998	2014	tags=37%, list=15%, signal=43%	
GOBP_ADENYLATE_CYCLASE_ACTIVATING_ADRENERGIC_RECEPTOR_SIGNALING_PATHWAY	GOBP_ADENYLATE_CYCLASE_ACTIVATING_ADRENERGIC_RECEPTOR_SIGNALING_PATHWAY		22	0.5632937	1.6232315	0.03271028	0.24257109	1.0	2340	tags=50%, list=18%, signal=61%	
GOBP_AXONEME_ASSEMBLY	GOBP_AXONEME_ASSEMBLY		54	0.4571804	1.6159656	0.0	0.2502032	1.0	2091	tags=48%, list=16%, signal=57%	
GOBP_SYNAPTIC_TRANSMISSION_CHOLINERGIC	GOBP_SYNAPTIC_TRANSMISSION_CHOLINERGIC		16	0.6145559	1.6137525	0.018450184	0.24778783	1.0	2023	tags=50%, list=15%, signal=59%	
GOBP_CALCIUM_ION_REGULATED_EXOCYTOSIS_OF_NEUROTRANSMITTER	GOBP_CALCIUM_ION_REGULATED_EXOCYTOSIS_OF_NEUROTRANSMITTER		16	0.611625	1.6108273	0.020576132	0.24705426	1.0	3015	tags=56%, list=23%, signal=73%	
GOBP_REPRODUCTIVE_BEHAVIOR	GOBP_REPRODUCTIVE_BEHAVIOR		23	0.5536334	1.6096789	0.02116402	0.2428038	1.0	2524	tags=39%, list=19%, signal=48%	
GOBP_ADRENERGIC_RECEPTOR_SIGNALING_PATHWAY	GOBP_ADRENERGIC_RECEPTOR_SIGNALING_PATHWAY		26	0.5579241	1.6090293	0.010989011	0.23817572	1.0	2340	tags=46%, list=18%, signal=56%	
GOBP_AMMONIUM_ION_METABOLIC_PROCESS	GOBP_AMMONIUM_ION_METABOLIC_PROCESS		19	0.57817847	1.6055735	0.033472802	0.23898633	1.0	863	tags=37%, list=6%, signal=39%	
GOBP_CENTRAL_NERVOUS_SYSTEM_NEURON_AXONOGENESIS	GOBP_CENTRAL_NERVOUS_SYSTEM_NEURON_AXONOGENESIS		33	0.5078356	1.6052547	0.012903226	0.23406845	1.0	2747	tags=39%, list=21%, signal=49%	
GOBP_NON_MOTILE_CILIUM_ASSEMBLY	GOBP_NON_MOTILE_CILIUM_ASSEMBLY		56	0.45320892	1.604577	0.0	0.22979668	1.0	3104	tags=52%, list=23%, signal=67%	
GOBP_STRIATUM_DEVELOPMENT	GOBP_STRIATUM_DEVELOPMENT		16	0.6344014	1.6044532	0.031620555	0.22481921	1.0	3074	tags=69%, list=23%, signal=89%	
GOBP_CHEMICAL_SYNAPTIC_TRANSMISSION_POSTSYNAPTIC	GOBP_CHEMICAL_SYNAPTIC_TRANSMISSION_POSTSYNAPTIC		81	0.42892185	1.5986441	0.0	0.2304426	1.0	2836	tags=42%, list=21%, signal=53%	
GOBP_FOREBRAIN_GENERATION_OF_NEURONS	GOBP_FOREBRAIN_GENERATION_OF_NEURONS		48	0.46783844	1.5977117	0.0	0.22678773	1.0	1739	tags=33%, list=13%, signal=38%	
GOBP_VISUAL_BEHAVIOR	GOBP_VISUAL_BEHAVIOR		40	0.4840077	1.5955435	0.0	0.22665317	1.0	4633	tags=58%, list=35%, signal=88%	
GOBP_NEUROTRANSMITTER_REUPTAKE	GOBP_NEUROTRANSMITTER_REUPTAKE		29	0.5214566	1.5945419	0.011363637	0.22437422	1.0	2340	tags=41%, list=18%, signal=50%	
GOBP_POSITIVE_REGULATION_OF_CALCIUM_ION_DEPENDENT_EXOCYTOSIS	GOBP_POSITIVE_REGULATION_OF_CALCIUM_ION_DEPENDENT_EXOCYTOSIS		15	0.6331597	1.5857204	0.020066889	0.23369856	1.0	3380	tags=53%, list=25%, signal=71%	
GOBP_FEEDING_BEHAVIOR	GOBP_FEEDING_BEHAVIOR		73	0.43043104	1.5855525	0.0	0.2293241	1.0	2014	tags=36%, list=15%, signal=42%	
GOBP_MITOCHONDRIAL_ELECTRON_TRANSPORT_NADH_TO_UBIQUINONE	GOBP_MITOCHONDRIAL_ELECTRON_TRANSPORT_NADH_TO_UBIQUINONE		48	0.4681726	1.5766554	0.0	0.24019912	1.0	6234	tags=85%, list=47%, signal=160%	
GOBP_REGULATION_OF_CARDIAC_CONDUCTION	GOBP_REGULATION_OF_CARDIAC_CONDUCTION		19	0.58319616	1.5715021	0.03846154	0.24438052	1.0	5098	tags=84%, list=38%, signal=136%	
GOBP_POSITIVE_REGULATION_OF_AXON_EXTENSION	GOBP_POSITIVE_REGULATION_OF_AXON_EXTENSION		37	0.482169	1.5641439	0.019480519	0.25436792	1.0	3105	tags=43%, list=23%, signal=56%	
GOBP_AMINO_ACID_ACTIVATION	GOBP_AMINO_ACID_ACTIVATION		25	0.526127	1.5538462	0.028571429	0.26931715	1.0	1692	tags=36%, list=13%, signal=41%	
GOBP_CILIUM_ORGANIZATION	GOBP_CILIUM_ORGANIZATION		323	0.34052426	1.5528111	0.0	0.26649904	1.0	2986	tags=38%, list=22%, signal=48%	
GOBP_POSITIVE_REGULATION_OF_AXONOGENESIS	GOBP_POSITIVE_REGULATION_OF_AXONOGENESIS		73	0.42965403	1.5429224	0.0	0.28164735	1.0	3473	tags=51%, list=26%, signal=68%	
GOBP_REGULATION_OF_CARDIAC_MUSCLE_CELL_ACTION_POTENTIAL	GOBP_REGULATION_OF_CARDIAC_MUSCLE_CELL_ACTION_POTENTIAL		21	0.53631276	1.5373328	0.05022831	0.28754395	1.0	4368	tags=67%, list=33%, signal=99%	
GOBP_REGULATION_OF_POTASSIUM_ION_TRANSMEMBRANE_TRANSPORTER_ACTIVITY	GOBP_REGULATION_OF_POTASSIUM_ION_TRANSMEMBRANE_TRANSPORTER_ACTIVITY		48	0.4407023	1.5361848	0.018018018	0.28462884	1.0	996	tags=19%, list=7%, signal=20%	
GOBP_AXONAL_FASCICULATION	GOBP_AXONAL_FASCICULATION		22	0.5291298	1.5310946	0.048309177	0.28965867	1.0	4812	tags=82%, list=36%, signal=128%	
GOBP_TRNA_5_END_PROCESSING	GOBP_TRNA_5_END_PROCESSING		15	0.60042244	1.5296429	0.079245284	0.2876264	1.0	1188	tags=33%, list=9%, signal=37%	
GOBP_POSITIVE_REGULATION_OF_INSULIN_SECRETION_INVOLVED_IN_CELLULAR_RESPONSE_TO_GLUCOSE_STIMULUS	GOBP_POSITIVE_REGULATION_OF_INSULIN_SECRETION_INVOLVED_IN_CELLULAR_RESPONSE_TO_GLUCOSE_STIMULUS		20	0.56006575	1.5189639	0.03181818	0.3047419	1.0	3235	tags=55%, list=24%, signal=73%	
GOBP_REGULATION_OF_CILIUM_MOVEMENT	GOBP_REGULATION_OF_CILIUM_MOVEMENT		18	0.5620075	1.5173407	0.0503876	0.30325544	1.0	1362	tags=50%, list=10%, signal=56%	
GOBP_MORPHOGENESIS_OF_AN_EPITHELIAL_FOLD	GOBP_MORPHOGENESIS_OF_AN_EPITHELIAL_FOLD		18	0.5671285	1.5153087	0.042918455	0.30220884	1.0	814	tags=33%, list=6%, signal=35%	
GOBP_PHENOL_CONTAINING_COMPOUND_BIOSYNTHETIC_PROCESS	GOBP_PHENOL_CONTAINING_COMPOUND_BIOSYNTHETIC_PROCESS		36	0.46383643	1.507932	0.051612902	0.31248388	1.0	634	tags=19%, list=5%, signal=20%	
GOBP_CELL_COMMUNICATION_BY_ELECTRICAL_COUPLING	GOBP_CELL_COMMUNICATION_BY_ELECTRICAL_COUPLING		29	0.46526253	1.4943678	0.03	0.3369305	1.0	3743	tags=45%, list=28%, signal=62%	
GOBP_ASSOCIATIVE_LEARNING	GOBP_ASSOCIATIVE_LEARNING		73	0.39950165	1.4879886	0.0	0.3454737	1.0	4638	tags=56%, list=35%, signal=86%	
GOBP_PROTEIN_LOCALIZATION_TO_CILIUM	GOBP_PROTEIN_LOCALIZATION_TO_CILIUM		58	0.42226475	1.4857711	0.0	0.34505704	1.0	3355	tags=47%, list=25%, signal=62%	
GOBP_MALE_GENITALIA_DEVELOPMENT	GOBP_MALE_GENITALIA_DEVELOPMENT		15	0.56655544	1.4818095	0.06360424	0.34880635	1.0	1827	tags=53%, list=14%, signal=62%	
GOBP_REGULATION_OF_RESPIRATORY_GASEOUS_EXCHANGE	GOBP_REGULATION_OF_RESPIRATORY_GASEOUS_EXCHANGE		19	0.5359769	1.4727169	0.048780486	0.36475566	1.0	5058	tags=74%, list=38%, signal=119%	
GOBP_REGULATION_OF_NEURONAL_SYNAPTIC_PLASTICITY	GOBP_REGULATION_OF_NEURONAL_SYNAPTIC_PLASTICITY		49	0.43328264	1.4700915	0.027272727	0.36544156	1.0	4100	tags=57%, list=31%, signal=82%	
GOBP_RESPONSE_TO_COCAINE	GOBP_RESPONSE_TO_COCAINE		43	0.43030348	1.4679173	0.053030305	0.36509323	1.0	2524	tags=42%, list=19%, signal=51%	
GOBP_CATECHOLAMINE_SECRETION	GOBP_CATECHOLAMINE_SECRETION		49	0.43157902	1.461899	0.021978023	0.37288997	1.0	3806	tags=59%, list=29%, signal=83%	
GOBP_FOREBRAIN_REGIONALIZATION	GOBP_FOREBRAIN_REGIONALIZATION		18	0.5424236	1.4579816	0.060240965	0.37671944	1.0	2332	tags=50%, list=17%, signal=61%	
GOBP_REPLACEMENT_OSSIFICATION	GOBP_REPLACEMENT_OSSIFICATION		24	0.49283686	1.4556592	0.05263158	0.3772128	1.0	1432	tags=29%, list=11%, signal=33%	
GOBP_LOCOMOTORY_BEHAVIOR	GOBP_LOCOMOTORY_BEHAVIOR		162	0.36024728	1.4509996	0.0	0.38292313	1.0	2472	tags=25%, list=19%, signal=31%	
GOBP_EAR_MORPHOGENESIS	GOBP_EAR_MORPHOGENESIS		87	0.38540223	1.4509813	0.0	0.37795013	1.0	1051	tags=22%, list=8%, signal=24%	
GOBP_POSITIVE_REGULATION_OF_LONG_TERM_SYNAPTIC_POTENTIATION	GOBP_POSITIVE_REGULATION_OF_LONG_TERM_SYNAPTIC_POTENTIATION		20	0.5205862	1.4505881	0.065	0.37387177	1.0	3074	tags=50%, list=23%, signal=65%	
GOBP_POSITIVE_REGULATION_OF_DENDRITE_MORPHOGENESIS	GOBP_POSITIVE_REGULATION_OF_DENDRITE_MORPHOGENESIS		34	0.45564035	1.4492521	0.033783782	0.3720039	1.0	5099	tags=62%, list=38%, signal=100%	
GOBP_REGULATION_OF_POSTSYNAPTIC_NEUROTRANSMITTER_RECEPTOR_ACTIVITY	GOBP_REGULATION_OF_POSTSYNAPTIC_NEUROTRANSMITTER_RECEPTOR_ACTIVITY		17	0.5434647	1.4483123	0.059925094	0.36942023	1.0	2863	tags=47%, list=21%, signal=60%	
GOBP_CEREBRAL_CORTEX_NEURON_DIFFERENTIATION	GOBP_CEREBRAL_CORTEX_NEURON_DIFFERENTIATION		26	0.48387328	1.4476454	0.05172414	0.36626226	1.0	2572	tags=46%, list=19%, signal=57%	
GOBP_REGULATION_OF_MICROTUBULE_BASED_MOVEMENT	GOBP_REGULATION_OF_MICROTUBULE_BASED_MOVEMENT		31	0.47212023	1.444534	0.03954802	0.36871013	1.0	1934	tags=42%, list=14%, signal=49%	
GOBP_REGULATION_OF_LONG_TERM_NEURONAL_SYNAPTIC_PLASTICITY	GOBP_REGULATION_OF_LONG_TERM_NEURONAL_SYNAPTIC_PLASTICITY		23	0.49592897	1.4438527	0.055045873	0.3656139	1.0	4100	tags=65%, list=31%, signal=94%	
GOBP_CEREBRAL_CORTEX_RADIALLY_ORIENTED_CELL_MIGRATION	GOBP_CEREBRAL_CORTEX_RADIALLY_ORIENTED_CELL_MIGRATION		32	0.45509335	1.4396071	0.050724637	0.369797	1.0	4645	tags=63%, list=35%, signal=96%	
GOBP_NEUROTRANSMITTER_UPTAKE	GOBP_NEUROTRANSMITTER_UPTAKE		37	0.4564706	1.4395561	0.048387095	0.365557	1.0	2527	tags=35%, list=19%, signal=43%	
GOBP_LONG_TERM_SYNAPTIC_DEPRESSION	GOBP_LONG_TERM_SYNAPTIC_DEPRESSION		28	0.46308675	1.4386069	0.08383234	0.36351472	1.0	3074	tags=46%, list=23%, signal=60%	
GOBP_SMOOTHENED_SIGNALING_PATHWAY	GOBP_SMOOTHENED_SIGNALING_PATHWAY		129	0.35554445	1.4378897	0.0	0.3611559	1.0	2449	tags=35%, list=18%, signal=42%	
GOBP_POSITIVE_REGULATION_OF_BLOOD_PRESSURE	GOBP_POSITIVE_REGULATION_OF_BLOOD_PRESSURE		26	0.47332478	1.4350005	0.06779661	0.3629474	1.0	1438	tags=35%, list=11%, signal=39%	
GOBP_NOREPINEPHRINE_TRANSPORT	GOBP_NOREPINEPHRINE_TRANSPORT		19	0.5197221	1.4348544	0.08097166	0.3591866	1.0	1731	tags=58%, list=13%, signal=66%	
GOBP_POSITIVE_REGULATION_OF_EXCITATORY_POSTSYNAPTIC_POTENTIAL	GOBP_POSITIVE_REGULATION_OF_EXCITATORY_POSTSYNAPTIC_POTENTIAL		23	0.50325775	1.4244099	0.04522613	0.3773373	1.0	4884	tags=74%, list=37%, signal=116%	
GOBP_MEMBRANE_DEPOLARIZATION_DURING_CARDIAC_MUSCLE_CELL_ACTION_POTENTIAL	GOBP_MEMBRANE_DEPOLARIZATION_DURING_CARDIAC_MUSCLE_CELL_ACTION_POTENTIAL		20	0.52092975	1.424227	0.054263566	0.37365893	1.0	4356	tags=80%, list=33%, signal=119%	
GOBP_NEUROTRANSMITTER_METABOLIC_PROCESS	GOBP_NEUROTRANSMITTER_METABOLIC_PROCESS		22	0.49637625	1.4220008	0.0787037	0.37442207	1.0	2800	tags=41%, list=21%, signal=52%	
GOBP_CARDIAC_CONDUCTION	GOBP_CARDIAC_CONDUCTION		78	0.37443537	1.4202679	0.0	0.37445205	1.0	3743	tags=49%, list=28%, signal=67%	
GOBP_REGULATION_OF_DENDRITIC_SPINE_DEVELOPMENT	GOBP_REGULATION_OF_DENDRITIC_SPINE_DEVELOPMENT		53	0.39965525	1.4200883	0.026666667	0.37078044	1.0	2759	tags=36%, list=21%, signal=45%	
GOBP_GAMMA_AMINOBUTYRIC_ACID_SIGNALING_PATHWAY	GOBP_GAMMA_AMINOBUTYRIC_ACID_SIGNALING_PATHWAY		24	0.4918553	1.4166354	0.06282722	0.37432775	1.0	4105	tags=67%, list=31%, signal=96%	
GOBP_NEGATIVE_REGULATION_OF_CALCIUM_ION_TRANSPORT_INTO_CYTOSOL	GOBP_NEGATIVE_REGULATION_OF_CALCIUM_ION_TRANSPORT_INTO_CYTOSOL		15	0.5614323	1.410258	0.10431655	0.384146	1.0	2001	tags=27%, list=15%, signal=31%	
GOBP_ATP_SYNTHESIS_COUPLED_PROTON_TRANSPORT	GOBP_ATP_SYNTHESIS_COUPLED_PROTON_TRANSPORT		20	0.5030416	1.4094036	0.060869563	0.38190427	1.0	6566	tags=90%, list=49%, signal=177%	
GOBP_NEURAL_RETINA_DEVELOPMENT	GOBP_NEURAL_RETINA_DEVELOPMENT		56	0.40252316	1.4056014	0.03529412	0.3863063	1.0	2184	tags=29%, list=16%, signal=34%	
GOBP_INNER_EAR_MORPHOGENESIS	GOBP_INNER_EAR_MORPHOGENESIS		73	0.38098145	1.4048722	0.0	0.38392055	1.0	1051	tags=22%, list=8%, signal=24%	
GOBP_CELL_COMMUNICATION_INVOLVED_IN_CARDIAC_CONDUCTION	GOBP_CELL_COMMUNICATION_INVOLVED_IN_CARDIAC_CONDUCTION		47	0.4062197	1.4007895	0.04511278	0.38893694	1.0	3224	tags=47%, list=24%, signal=62%	
GOBP_REGULATION_OF_EXTENT_OF_CELL_GROWTH	GOBP_REGULATION_OF_EXTENT_OF_CELL_GROWTH		102	0.36558113	1.3976423	0.0625	0.39175314	1.0	3244	tags=43%, list=24%, signal=57%	
GOBP_LONG_TERM_MEMORY	GOBP_LONG_TERM_MEMORY		33	0.44044936	1.3941988	0.07272727	0.39494324	1.0	3367	tags=39%, list=25%, signal=53%	
GOBP_REGULATION_OF_FEEDING_BEHAVIOR	GOBP_REGULATION_OF_FEEDING_BEHAVIOR		16	0.52980256	1.3903823	0.08745247	0.39968142	1.0	953	tags=31%, list=7%, signal=34%	
GOBP_VASCULAR_ASSOCIATED_SMOOTH_MUSCLE_CONTRACTION	GOBP_VASCULAR_ASSOCIATED_SMOOTH_MUSCLE_CONTRACTION		20	0.5017048	1.3890002	0.08888889	0.3987676	1.0	2232	tags=45%, list=17%, signal=54%	
GOBP_ORGANIC_CATION_TRANSPORT	GOBP_ORGANIC_CATION_TRANSPORT		28	0.45340216	1.3845774	0.08888889	0.40492734	1.0	1731	tags=29%, list=13%, signal=33%	
GOBP_EXTRACELLULAR_TRANSPORT	GOBP_EXTRACELLULAR_TRANSPORT		32	0.4358276	1.3739825	0.049382716	0.4254541	1.0	1221	tags=28%, list=9%, signal=31%	
GOBP_CARDIAC_MUSCLE_CELL_ACTION_POTENTIAL	GOBP_CARDIAC_MUSCLE_CELL_ACTION_POTENTIAL		61	0.36455634	1.3704258	0.03409091	0.43017274	1.0	3619	tags=49%, list=27%, signal=67%	
GOBP_DENDRITIC_SPINE_DEVELOPMENT	GOBP_DENDRITIC_SPINE_DEVELOPMENT		89	0.35373634	1.3703051	0.022727273	0.42649633	1.0	2759	tags=33%, list=21%, signal=41%	
GOBP_DENDRITIC_SPINE_MORPHOGENESIS	GOBP_DENDRITIC_SPINE_MORPHOGENESIS		57	0.38564757	1.3690313	0.020408163	0.42517048	1.0	4197	tags=49%, list=31%, signal=71%	
GOBP_ENDOCHONDRAL_BONE_MORPHOGENESIS	GOBP_ENDOCHONDRAL_BONE_MORPHOGENESIS		48	0.38850465	1.3658946	0.04310345	0.42872635	1.0	1453	tags=25%, list=11%, signal=28%	
GOBP_NEURON_PROJECTION_GUIDANCE	GOBP_NEURON_PROJECTION_GUIDANCE		208	0.32357877	1.3633829	0.0	0.43039328	1.0	2426	tags=35%, list=18%, signal=42%	
GOBP_REGULATION_OF_ACTIVIN_RECEPTOR_SIGNALING_PATHWAY	GOBP_REGULATION_OF_ACTIVIN_RECEPTOR_SIGNALING_PATHWAY		23	0.48404342	1.3611435	0.08733624	0.43166968	1.0	1762	tags=30%, list=13%, signal=35%	
GOBP_TELENCEPHALON_GLIAL_CELL_MIGRATION	GOBP_TELENCEPHALON_GLIAL_CELL_MIGRATION		23	0.47153586	1.3610601	0.07103825	0.42810163	1.0	4645	tags=65%, list=35%, signal=100%	
GOBP_MITOCHONDRIAL_ATP_SYNTHESIS_COUPLED_PROTON_TRANSPORT	GOBP_MITOCHONDRIAL_ATP_SYNTHESIS_COUPLED_PROTON_TRANSPORT		17	0.50222653	1.3597105	0.13754646	0.42741725	1.0	6566	tags=88%, list=49%, signal=174%	
GOBP_MICROTUBULE_BUNDLE_FORMATION	GOBP_MICROTUBULE_BUNDLE_FORMATION		82	0.36046556	1.3577706	0.018518519	0.4280932	1.0	2091	tags=38%, list=16%, signal=45%	
GOBP_AXONEMAL_DYNEIN_COMPLEX_ASSEMBLY	GOBP_AXONEMAL_DYNEIN_COMPLEX_ASSEMBLY		20	0.49378023	1.355949	0.11790393	0.42848507	1.0	1242	tags=35%, list=9%, signal=39%	
GOBP_DIENCEPHALON_DEVELOPMENT	GOBP_DIENCEPHALON_DEVELOPMENT		57	0.39379266	1.3510435	0.013333334	0.43623438	1.0	1739	tags=33%, list=13%, signal=38%	
GOBP_POSITIVE_REGULATION_OF_MULTICELLULAR_ORGANISM_GROWTH	GOBP_POSITIVE_REGULATION_OF_MULTICELLULAR_ORGANISM_GROWTH		24	0.46571428	1.3501669	0.082474224	0.43447807	1.0	1362	tags=33%, list=10%, signal=37%	
GOBP_MICROTUBULE_BASED_MOVEMENT	GOBP_MICROTUBULE_BASED_MOVEMENT		278	0.30422807	1.3443534	0.0	0.44493973	1.0	2153	tags=25%, list=16%, signal=29%	
GOBP_DENDRITE_MORPHOGENESIS	GOBP_DENDRITE_MORPHOGENESIS		133	0.3398915	1.3441728	0.0	0.44159472	1.0	4811	tags=56%, list=36%, signal=86%	
GOBP_MITOCHONDRIAL_RESPIRATORY_CHAIN_COMPLEX_ASSEMBLY	GOBP_MITOCHONDRIAL_RESPIRATORY_CHAIN_COMPLEX_ASSEMBLY		88	0.35453558	1.3435168	0.023809524	0.43948963	1.0	5608	tags=63%, list=42%, signal=107%	
GOBP_MATING_BEHAVIOR	GOBP_MATING_BEHAVIOR		16	0.50701	1.3402276	0.13636364	0.44327343	1.0	2524	tags=31%, list=19%, signal=38%	
GOBP_VENTRICULAR_CARDIAC_MUSCLE_CELL_ACTION_POTENTIAL	GOBP_VENTRICULAR_CARDIAC_MUSCLE_CELL_ACTION_POTENTIAL		26	0.44819555	1.3394771	0.107317075	0.44152448	1.0	1846	tags=35%, list=14%, signal=40%	
GOBP_MAINTENANCE_OF_SYNAPSE_STRUCTURE	GOBP_MAINTENANCE_OF_SYNAPSE_STRUCTURE		21	0.4824432	1.3386871	0.13615024	0.43969768	1.0	4037	tags=57%, list=30%, signal=82%	
GOBP_NEURAL_CREST_CELL_MIGRATION	GOBP_NEURAL_CREST_CELL_MIGRATION		53	0.39348218	1.3383896	0.060869563	0.43687648	1.0	2445	tags=40%, list=18%, signal=48%	
GOBP_REGULATION_OF_HEART_RATE_BY_CARDIAC_CONDUCTION	GOBP_REGULATION_OF_HEART_RATE_BY_CARDIAC_CONDUCTION		31	0.41357458	1.3332447	0.11111111	0.44461656	1.0	2682	tags=45%, list=20%, signal=56%	
GOBP_MEMORY	GOBP_MEMORY		112	0.343661	1.3293358	0.037037037	0.45045942	1.0	2767	tags=36%, list=21%, signal=45%	
GOBP_POSITIVE_REGULATION_OF_BEHAVIOR	GOBP_POSITIVE_REGULATION_OF_BEHAVIOR		16	0.52225214	1.3274008	0.17131475	0.45173758	1.0	2719	tags=56%, list=20%, signal=71%	
GOBP_ADULT_BEHAVIOR	GOBP_ADULT_BEHAVIOR		107	0.34350666	1.3266221	0.0	0.45011064	1.0	4352	tags=53%, list=33%, signal=78%	
GOBP_DORSAL_VENTRAL_PATTERN_FORMATION	GOBP_DORSAL_VENTRAL_PATTERN_FORMATION		68	0.36506748	1.3221816	0.072463766	0.45722234	1.0	2449	tags=40%, list=18%, signal=48%	
GOBP_WATER_SOLUBLE_VITAMIN_METABOLIC_PROCESS	GOBP_WATER_SOLUBLE_VITAMIN_METABOLIC_PROCESS		49	0.37410825	1.3202937	0.067226894	0.45826226	1.0	1283	tags=22%, list=10%, signal=25%	
GOBP_HOMOPHILIC_CELL_ADHESION_VIA_PLASMA_MEMBRANE_ADHESION_MOLECULES	GOBP_HOMOPHILIC_CELL_ADHESION_VIA_PLASMA_MEMBRANE_ADHESION_MOLECULES		115	0.32366136	1.3176239	0.0	0.46124807	1.0	2141	tags=38%, list=16%, signal=45%	
GOBP_BLASTODERM_SEGMENTATION	GOBP_BLASTODERM_SEGMENTATION		17	0.4968343	1.3169003	0.14173229	0.45941314	1.0	1739	tags=47%, list=13%, signal=54%	
GOBP_POTASSIUM_ION_TRANSPORT	GOBP_POTASSIUM_ION_TRANSPORT		180	0.3364321	1.3167186	0.0	0.45646855	1.0	1789	tags=22%, list=13%, signal=25%	
GOBP_NEURON_PROJECTION_EXTENSION_INVOLVED_IN_NEURON_PROJECTION_GUIDANCE	GOBP_NEURON_PROJECTION_EXTENSION_INVOLVED_IN_NEURON_PROJECTION_GUIDANCE		36	0.4099579	1.3157979	0.07100592	0.45530295	1.0	3244	tags=58%, list=24%, signal=77%	
GOBP_GTP_METABOLIC_PROCESS	GOBP_GTP_METABOLIC_PROCESS		19	0.4818852	1.3140376	0.104166664	0.45622212	1.0	1712	tags=26%, list=13%, signal=30%	
GOBP_REGULATION_OF_BEHAVIOR	GOBP_REGULATION_OF_BEHAVIOR		49	0.39869726	1.3049752	0.08256881	0.47408807	1.0	2184	tags=37%, list=16%, signal=44%	
GOBP_POSITIVE_REGULATION_OF_SYNAPSE_ASSEMBLY	GOBP_POSITIVE_REGULATION_OF_SYNAPSE_ASSEMBLY		59	0.36683044	1.3002087	0.028571429	0.48173702	1.0	3727	tags=56%, list=28%, signal=77%	
GOBP_AXON_EXTENSION	GOBP_AXON_EXTENSION		115	0.32338336	1.2995608	0.0	0.47976092	1.0	3244	tags=37%, list=24%, signal=48%	
GOBP_CATECHOL_CONTAINING_COMPOUND_BIOSYNTHETIC_PROCESS	GOBP_CATECHOL_CONTAINING_COMPOUND_BIOSYNTHETIC_PROCESS		18	0.4821361	1.295722	0.1557377	0.48559427	1.0	634	tags=28%, list=5%, signal=29%	
GOBP_SYNAPTIC_VESICLE_PRIMING	GOBP_SYNAPTIC_VESICLE_PRIMING		19	0.47459576	1.2911569	0.15447155	0.49279207	1.0	2266	tags=32%, list=17%, signal=38%	
GOBP_MYOTUBE_CELL_DEVELOPMENT	GOBP_MYOTUBE_CELL_DEVELOPMENT		25	0.43812096	1.28898	0.12244898	0.4949449	1.0	1526	tags=28%, list=11%, signal=32%	
GOBP_SPINAL_CORD_PATTERNING	GOBP_SPINAL_CORD_PATTERNING		15	0.5128191	1.2873467	0.16393442	0.49577463	1.0	2109	tags=40%, list=16%, signal=47%	
GOBP_POTASSIUM_ION_IMPORT_ACROSS_PLASMA_MEMBRANE	GOBP_POTASSIUM_ION_IMPORT_ACROSS_PLASMA_MEMBRANE		35	0.39690542	1.286624	0.111801244	0.4940845	1.0	1789	tags=26%, list=13%, signal=30%	
GOBP_NEGATIVE_REGULATION_OF_AXONOGENESIS	GOBP_NEGATIVE_REGULATION_OF_AXONOGENESIS		61	0.36357003	1.284559	0.04109589	0.49567762	1.0	3244	tags=48%, list=24%, signal=63%	
GOBP_SENSORY_PERCEPTION_OF_LIGHT_STIMULUS	GOBP_SENSORY_PERCEPTION_OF_LIGHT_STIMULUS		118	0.32583854	1.2827709	0.060606062	0.4965775	1.0	1568	tags=25%, list=12%, signal=29%	
GOBP_ANTERIOR_POSTERIOR_PATTERN_SPECIFICATION	GOBP_ANTERIOR_POSTERIOR_PATTERN_SPECIFICATION		139	0.3090745	1.2821274	0.0	0.49498335	1.0	2140	tags=28%, list=16%, signal=33%	
GOBP_SYNAPTIC_MEMBRANE_ADHESION	GOBP_SYNAPTIC_MEMBRANE_ADHESION		24	0.4456412	1.2793349	0.14746544	0.498276	1.0	3630	tags=63%, list=27%, signal=86%	
GOBP_PEPTIDYL_GLUTAMIC_ACID_MODIFICATION	GOBP_PEPTIDYL_GLUTAMIC_ACID_MODIFICATION		22	0.4377046	1.2761804	0.15	0.5027517	1.0	3232	tags=55%, list=24%, signal=72%	
GOBP_PITUITARY_GLAND_DEVELOPMENT	GOBP_PITUITARY_GLAND_DEVELOPMENT		29	0.41070285	1.2732067	0.13114753	0.50692815	1.0	894	tags=31%, list=7%, signal=33%	
GOBP_POSITIVE_REGULATION_OF_DENDRITIC_SPINE_MORPHOGENESIS	GOBP_POSITIVE_REGULATION_OF_DENDRITIC_SPINE_MORPHOGENESIS		18	0.47504795	1.2727143	0.16030534	0.5049639	1.0	4151	tags=50%, list=31%, signal=72%	
GOBP_REGULATION_OF_RYANODINE_SENSITIVE_CALCIUM_RELEASE_CHANNEL_ACTIVITY	GOBP_REGULATION_OF_RYANODINE_SENSITIVE_CALCIUM_RELEASE_CHANNEL_ACTIVITY		21	0.46605346	1.2660699	0.16666667	0.518569	1.0	4615	tags=62%, list=35%, signal=95%	
GOBP_POSITIVE_REGULATION_OF_EMBRYONIC_DEVELOPMENT	GOBP_POSITIVE_REGULATION_OF_EMBRYONIC_DEVELOPMENT		17	0.47428384	1.2641287	0.18014705	0.52019054	1.0	2577	tags=29%, list=19%, signal=36%	
GOBP_NEUROMUSCULAR_SYNAPTIC_TRANSMISSION	GOBP_NEUROMUSCULAR_SYNAPTIC_TRANSMISSION		18	0.4701653	1.2634078	0.15319149	0.51871663	1.0	3601	tags=56%, list=27%, signal=76%	
GOBP_REGULATION_OF_PRESYNAPSE_ORGANIZATION	GOBP_REGULATION_OF_PRESYNAPSE_ORGANIZATION		30	0.41674888	1.2575381	0.13366337	0.53040886	1.0	3398	tags=53%, list=25%, signal=71%	
GOBP_ORGANIC_HYDROXY_COMPOUND_CATABOLIC_PROCESS	GOBP_ORGANIC_HYDROXY_COMPOUND_CATABOLIC_PROCESS		50	0.35280645	1.2540587	0.078431375	0.5359818	1.0	1310	tags=20%, list=10%, signal=22%	
GOBP_REGULATION_OF_NEUROTRANSMITTER_LEVELS	GOBP_REGULATION_OF_NEUROTRANSMITTER_LEVELS		189	0.30115533	1.2526512	0.0	0.5360956	1.0	2836	tags=30%, list=21%, signal=38%	
GOBP_REGULATION_OF_RESPIRATORY_SYSTEM_PROCESS	GOBP_REGULATION_OF_RESPIRATORY_SYSTEM_PROCESS		15	0.48604015	1.250136	0.20689656	0.5391518	1.0	5058	tags=73%, list=38%, signal=118%	
GOBP_INHIBITORY_SYNAPSE_ASSEMBLY	GOBP_INHIBITORY_SYNAPSE_ASSEMBLY		15	0.48792073	1.2484343	0.18345323	0.53996915	1.0	1769	tags=33%, list=13%, signal=38%	
GOBP_ADULT_LOCOMOTORY_BEHAVIOR	GOBP_ADULT_LOCOMOTORY_BEHAVIOR		63	0.34715977	1.2464713	0.045454547	0.5416578	1.0	4140	tags=43%, list=31%, signal=62%	
GOBP_EMBRYONIC_HINDLIMB_MORPHOGENESIS	GOBP_EMBRYONIC_HINDLIMB_MORPHOGENESIS		20	0.45289934	1.2447617	0.15492958	0.5431011	1.0	1788	tags=45%, list=13%, signal=52%	
GOBP_TRANSLATIONAL_TERMINATION	GOBP_TRANSLATIONAL_TERMINATION		15	0.46954954	1.2437059	0.22357723	0.5427179	1.0	4033	tags=53%, list=30%, signal=76%	
GOBP_CELL_COMMUNICATION_BY_ELECTRICAL_COUPLING_INVOLVED_IN_CARDIAC_CONDUCTION	GOBP_CELL_COMMUNICATION_BY_ELECTRICAL_COUPLING_INVOLVED_IN_CARDIAC_CONDUCTION		22	0.43760744	1.2433742	0.16	0.5403845	1.0	3743	tags=41%, list=28%, signal=57%	
GOBP_CARDIAC_MUSCLE_CELL_ACTION_POTENTIAL_INVOLVED_IN_CONTRACTION	GOBP_CARDIAC_MUSCLE_CELL_ACTION_POTENTIAL_INVOLVED_IN_CONTRACTION		43	0.36214754	1.2373767	0.14173229	0.5525451	1.0	3619	tags=51%, list=27%, signal=70%	
GOBP_MULTICELLULAR_ORGANISMAL_SIGNALING	GOBP_MULTICELLULAR_ORGANISMAL_SIGNALING		126	0.31426862	1.2361617	0.06451613	0.5525744	1.0	3282	tags=43%, list=25%, signal=56%	
GOBP_DETECTION_OF_LIGHT_STIMULUS	GOBP_DETECTION_OF_LIGHT_STIMULUS		29	0.4019367	1.23376	0.1572327	0.5559454	1.0	2172	tags=38%, list=16%, signal=45%	
GOBP_NEGATIVE_CHEMOTAXIS	GOBP_NEGATIVE_CHEMOTAXIS		46	0.3645479	1.2332106	0.08737864	0.5541835	1.0	3377	tags=52%, list=25%, signal=70%	
GOBP_PROXIMAL_DISTAL_PATTERN_FORMATION	GOBP_PROXIMAL_DISTAL_PATTERN_FORMATION		23	0.42320976	1.22583	0.1559633	0.5709358	1.0	2449	tags=48%, list=18%, signal=58%	
GOBP_REGULATION_OF_SYNAPTIC_VESICLE_EXOCYTOSIS	GOBP_REGULATION_OF_SYNAPTIC_VESICLE_EXOCYTOSIS		51	0.3588299	1.2256057	0.086538464	0.5682043	1.0	1785	tags=20%, list=13%, signal=23%	
GOBP_REGULATION_OF_ENDOCYTIC_RECYCLING	GOBP_REGULATION_OF_ENDOCYTIC_RECYCLING		17	0.47083607	1.2247156	0.20661157	0.5672718	1.0	496	tags=18%, list=4%, signal=18%	
GOBP_VASOCONSTRICTION	GOBP_VASOCONSTRICTION		56	0.34812617	1.2244478	0.14473684	0.56470025	1.0	1934	tags=36%, list=14%, signal=42%	
GOBP_SCHWANN_CELL_DEVELOPMENT	GOBP_SCHWANN_CELL_DEVELOPMENT		28	0.40573835	1.2223431	0.18181819	0.56703424	1.0	2983	tags=32%, list=22%, signal=41%	
GOBP_PHENOL_CONTAINING_COMPOUND_METABOLIC_PROCESS	GOBP_PHENOL_CONTAINING_COMPOUND_METABOLIC_PROCESS		81	0.32268843	1.221785	0.09090909	0.5650749	1.0	953	tags=19%, list=7%, signal=20%	
GOBP_MANGANESE_ION_TRANSPORT	GOBP_MANGANESE_ION_TRANSPORT		15	0.47107738	1.2215872	0.21428572	0.5623675	1.0	367	tags=27%, list=3%, signal=27%	
GOBP_SEGMENTATION	GOBP_SEGMENTATION		76	0.3356255	1.220129	0.05970149	0.5629542	1.0	2105	tags=36%, list=16%, signal=42%	
GOBP_MIDBRAIN_DEVELOPMENT	GOBP_MIDBRAIN_DEVELOPMENT		77	0.33238623	1.2180909	0.07272727	0.56510293	1.0	1106	tags=14%, list=8%, signal=15%	
GOBP_REGULATION_OF_ACTIN_FILAMENT_BASED_MOVEMENT	GOBP_REGULATION_OF_ACTIN_FILAMENT_BASED_MOVEMENT		31	0.40034285	1.2180587	0.22279793	0.56201667	1.0	1892	tags=29%, list=14%, signal=34%	
GOBP_MICROTUBULE_ANCHORING	GOBP_MICROTUBULE_ANCHORING		23	0.4270323	1.2180457	0.18536586	0.5589119	1.0	4685	tags=61%, list=35%, signal=94%	
GOBP_MATING	GOBP_MATING		30	0.39782378	1.2150414	0.16149068	0.5634846	1.0	2524	tags=37%, list=19%, signal=45%	
GOBP_NEGATIVE_REGULATION_OF_CARTILAGE_DEVELOPMENT	GOBP_NEGATIVE_REGULATION_OF_CARTILAGE_DEVELOPMENT		20	0.4340739	1.2144866	0.22624435	0.5619127	1.0	2123	tags=35%, list=16%, signal=42%	
GOBP_RHYTHMIC_BEHAVIOR	GOBP_RHYTHMIC_BEHAVIOR		35	0.37913984	1.2143934	0.1764706	0.5590165	1.0	1572	tags=23%, list=12%, signal=26%	
GOBP_CAMERA_TYPE_EYE_PHOTORECEPTOR_CELL_DIFFERENTIATION	GOBP_CAMERA_TYPE_EYE_PHOTORECEPTOR_CELL_DIFFERENTIATION		19	0.4392316	1.2130421	0.19327731	0.55951065	1.0	1672	tags=37%, list=13%, signal=42%	
GOBP_CELL_PROLIFERATION_IN_HINDBRAIN	GOBP_CELL_PROLIFERATION_IN_HINDBRAIN		15	0.46425962	1.2111878	0.22142857	0.56117725	1.0	814	tags=27%, list=6%, signal=28%	
GOBP_CELLULAR_RESPONSE_TO_PH	GOBP_CELLULAR_RESPONSE_TO_PH		17	0.4605045	1.2107307	0.21544716	0.55932534	1.0	1488	tags=29%, list=11%, signal=33%	
GOBP_CELL_PROLIFERATION_IN_FOREBRAIN	GOBP_CELL_PROLIFERATION_IN_FOREBRAIN		19	0.42698362	1.209695	0.2090164	0.55910265	1.0	2821	tags=47%, list=21%, signal=60%	
GOBP_POSITIVE_REGULATION_OF_NEURON_DIFFERENTIATION	GOBP_POSITIVE_REGULATION_OF_NEURON_DIFFERENTIATION		69	0.3308476	1.2087864	0.1	0.558479	1.0	1317	tags=16%, list=10%, signal=18%	
GOBP_HINDLIMB_MORPHOGENESIS	GOBP_HINDLIMB_MORPHOGENESIS		24	0.41983965	1.2033076	0.21717171	0.57010746	1.0	1788	tags=38%, list=13%, signal=43%	
GOBP_INNER_EAR_RECEPTOR_CELL_DEVELOPMENT	GOBP_INNER_EAR_RECEPTOR_CELL_DEVELOPMENT		34	0.37204865	1.2026317	0.17449665	0.56895894	1.0	1149	tags=24%, list=9%, signal=26%	
GOBP_SYNAPSE_ASSEMBLY	GOBP_SYNAPSE_ASSEMBLY		160	0.29743618	1.1920803	0.22222222	0.5941867	1.0	3558	tags=45%, list=27%, signal=61%	
GOBP_SODIUM_ION_TRANSMEMBRANE_TRANSPORT	GOBP_SODIUM_ION_TRANSMEMBRANE_TRANSPORT		128	0.30799073	1.1915371	0.08	0.59262997	1.0	3334	tags=38%, list=25%, signal=50%	
GOBP_RETINA_MORPHOGENESIS_IN_CAMERA_TYPE_EYE	GOBP_RETINA_MORPHOGENESIS_IN_CAMERA_TYPE_EYE		44	0.37258038	1.1914518	0.1724138	0.58974415	1.0	2402	tags=36%, list=18%, signal=44%	
GOBP_LIGAND_GATED_ION_CHANNEL_SIGNALING_PATHWAY	GOBP_LIGAND_GATED_ION_CHANNEL_SIGNALING_PATHWAY		19	0.44126764	1.1911297	0.23247233	0.5875337	1.0	4723	tags=68%, list=35%, signal=106%	
GOBP_POSITIVE_REGULATION_OF_EPIDERMIS_DEVELOPMENT	GOBP_POSITIVE_REGULATION_OF_EPIDERMIS_DEVELOPMENT		18	0.445447	1.1862134	0.22916667	0.5980256	1.0	952	tags=33%, list=7%, signal=36%	
GOBP_SENSORY_ORGAN_MORPHOGENESIS	GOBP_SENSORY_ORGAN_MORPHOGENESIS		196	0.28151017	1.1852566	0.0	0.5975309	1.0	1479	tags=21%, list=11%, signal=23%	
GOBP_REGULATION_OF_INSULIN_SECRETION_INVOLVED_IN_CELLULAR_RESPONSE_TO_GLUCOSE_STIMULUS	GOBP_REGULATION_OF_INSULIN_SECRETION_INVOLVED_IN_CELLULAR_RESPONSE_TO_GLUCOSE_STIMULUS		39	0.36285007	1.1840817	0.15333334	0.5976726	1.0	1813	tags=31%, list=14%, signal=36%	
GOBP_GLUCAN_BIOSYNTHETIC_PROCESS	GOBP_GLUCAN_BIOSYNTHETIC_PROCESS		36	0.3590476	1.1836917	0.18064517	0.5956489	1.0	1740	tags=22%, list=13%, signal=25%	
GOBP_NEUROTRANSMITTER_TRANSPORT	GOBP_NEUROTRANSMITTER_TRANSPORT		187	0.296006	1.1834557	0.0	0.5933257	1.0	2836	tags=30%, list=21%, signal=38%	
GOBP_MALE_GAMETE_GENERATION	GOBP_MALE_GAMETE_GENERATION		321	0.24624276	1.183143	0.0	0.5910891	1.0	2131	tags=23%, list=16%, signal=26%	
GOBP_REGULATION_OF_DENDRITIC_SPINE_MORPHOGENESIS	GOBP_REGULATION_OF_DENDRITIC_SPINE_MORPHOGENESIS		43	0.35702014	1.1825052	0.15044248	0.58968985	1.0	4197	tags=49%, list=31%, signal=71%	
GOBP_MESENCHYMAL_CELL_DEVELOPMENT	GOBP_MESENCHYMAL_CELL_DEVELOPMENT		80	0.31934026	1.1817921	0.1521739	0.58873093	1.0	2445	tags=30%, list=18%, signal=37%	
GOBP_REGULATION_OF_SMOOTHENED_SIGNALING_PATHWAY	GOBP_REGULATION_OF_SMOOTHENED_SIGNALING_PATHWAY		77	0.32542908	1.1812958	0.104477614	0.5872595	1.0	2449	tags=31%, list=18%, signal=38%	
GOBP_POSITIVE_REGULATION_OF_POTASSIUM_ION_TRANSMEMBRANE_TRANSPORTER_ACTIVITY	GOBP_POSITIVE_REGULATION_OF_POTASSIUM_ION_TRANSMEMBRANE_TRANSPORTER_ACTIVITY		21	0.42388442	1.1810944	0.23245615	0.58489627	1.0	996	tags=24%, list=7%, signal=26%	
GOBP_SODIUM_ION_TRANSPORT	GOBP_SODIUM_ION_TRANSPORT		177	0.28732973	1.1760862	0.0	0.59532386	1.0	1665	tags=20%, list=12%, signal=23%	
GOBP_TOOTH_MINERALIZATION	GOBP_TOOTH_MINERALIZATION		18	0.43771285	1.1728351	0.2584746	0.60099286	1.0	1278	tags=22%, list=10%, signal=25%	
GOBP_SPINAL_CORD_DEVELOPMENT	GOBP_SPINAL_CORD_DEVELOPMENT		76	0.30848417	1.1674604	0.18181819	0.61299235	1.0	2643	tags=34%, list=20%, signal=42%	
GOBP_LEARNING	GOBP_LEARNING		133	0.28906438	1.1666497	0.0	0.6123409	1.0	3270	tags=39%, list=25%, signal=51%	
GOBP_MALE_MEIOTIC_NUCLEAR_DIVISION	GOBP_MALE_MEIOTIC_NUCLEAR_DIVISION		27	0.38551328	1.1663797	0.20571429	0.61026627	1.0	1123	tags=19%, list=8%, signal=20%	
GOBP_HYPOTHALAMUS_DEVELOPMENT	GOBP_HYPOTHALAMUS_DEVELOPMENT		17	0.44172296	1.166293	0.26070037	0.6076288	1.0	1739	tags=41%, list=13%, signal=47%	
GOBP_CHONDROITIN_SULFATE_PROTEOGLYCAN_METABOLIC_PROCESS	GOBP_CHONDROITIN_SULFATE_PROTEOGLYCAN_METABOLIC_PROCESS		29	0.3782356	1.1588076	0.20454545	0.62524074	1.0	2465	tags=34%, list=18%, signal=42%	
GOBP_LIPOPROTEIN_CATABOLIC_PROCESS	GOBP_LIPOPROTEIN_CATABOLIC_PROCESS		15	0.45726076	1.158582	0.26639345	0.6229286	1.0	34	tags=7%, list=0%, signal=7%	
GOBP_BASEMENT_MEMBRANE_ORGANIZATION	GOBP_BASEMENT_MEMBRANE_ORGANIZATION		28	0.38472098	1.157682	0.23952095	0.6224443	1.0	2181	tags=32%, list=16%, signal=38%	
GOBP_APPENDAGE_MORPHOGENESIS	GOBP_APPENDAGE_MORPHOGENESIS		113	0.28857362	1.1545283	0.1724138	0.62815994	1.0	2754	tags=35%, list=21%, signal=43%	
GOBP_REGULATION_OF_POTASSIUM_ION_TRANSPORT	GOBP_REGULATION_OF_POTASSIUM_ION_TRANSPORT		84	0.30827874	1.1528615	0.1590909	0.62986445	1.0	1107	tags=15%, list=8%, signal=17%	
GOBP_FERTILIZATION	GOBP_FERTILIZATION		91	0.30218473	1.1528219	0.15686275	0.6270586	1.0	1269	tags=19%, list=10%, signal=21%	
GOBP_NEGATIVE_REGULATION_OF_ORGAN_GROWTH	GOBP_NEGATIVE_REGULATION_OF_ORGAN_GROWTH		26	0.3887348	1.1520138	0.2606383	0.626523	1.0	1347	tags=27%, list=10%, signal=30%	
GOBP_NEUROTRANSMITTER_RECEPTOR_INTERNALIZATION	GOBP_NEUROTRANSMITTER_RECEPTOR_INTERNALIZATION		17	0.43198428	1.1513699	0.27530363	0.625529	1.0	1150	tags=24%, list=9%, signal=26%	
GOBP_RESPONSE_TO_AMINE	GOBP_RESPONSE_TO_AMINE		38	0.3417195	1.1495312	0.20472442	0.62774026	1.0	1572	tags=32%, list=12%, signal=36%	
GOBP_SEMAPHORIN_PLEXIN_SIGNALING_PATHWAY_INVOLVED_IN_NEURON_PROJECTION_GUIDANCE	GOBP_SEMAPHORIN_PLEXIN_SIGNALING_PATHWAY_INVOLVED_IN_NEURON_PROJECTION_GUIDANCE		16	0.4395235	1.1466883	0.2720588	0.63228446	1.0	2616	tags=50%, list=20%, signal=62%	
GOBP_RESPONSE_TO_FOOD	GOBP_RESPONSE_TO_FOOD		22	0.40075916	1.1410804	0.29777777	0.6449235	1.0	1548	tags=27%, list=12%, signal=31%	
GOBP_G_PROTEIN_COUPLED_RECEPTOR_SIGNALING_PATHWAY_COUPLED_TO_CYCLIC_NUCLEOTIDE_SECOND_MESSENGER	GOBP_G_PROTEIN_COUPLED_RECEPTOR_SIGNALING_PATHWAY_COUPLED_TO_CYCLIC_NUCLEOTIDE_SECOND_MESSENGER		29	0.37036338	1.1404576	0.24117647	0.6437714	1.0	1590	tags=41%, list=12%, signal=47%	
GOBP_CEREBRAL_CORTEX_CELL_MIGRATION	GOBP_CEREBRAL_CORTEX_CELL_MIGRATION		41	0.3421523	1.1391346	0.19565217	0.64439267	1.0	2572	tags=32%, list=19%, signal=39%	
GOBP_EMBRYONIC_PATTERN_SPECIFICATION	GOBP_EMBRYONIC_PATTERN_SPECIFICATION		50	0.33069134	1.1370302	0.2857143	0.6473177	1.0	1739	tags=26%, list=13%, signal=30%	
GOBP_POLYOL_CATABOLIC_PROCESS	GOBP_POLYOL_CATABOLIC_PROCESS		24	0.3833237	1.1351094	0.27325583	0.6498394	1.0	1310	tags=13%, list=10%, signal=14%	
GOBP_DENDRITE_DEVELOPMENT	GOBP_DENDRITE_DEVELOPMENT		218	0.27305144	1.1350373	0.0	0.64711124	1.0	3231	tags=35%, list=24%, signal=45%	
GOBP_MITOCHONDRIAL_DNA_REPLICATION	GOBP_MITOCHONDRIAL_DNA_REPLICATION		15	0.45679122	1.1350358	0.32592592	0.6442352	1.0	2390	tags=40%, list=18%, signal=49%	
GOBP_SPERMATID_DIFFERENTIATION	GOBP_SPERMATID_DIFFERENTIATION		97	0.3013272	1.1338162	0.13793103	0.6449622	1.0	1701	tags=26%, list=13%, signal=29%	
GOBP_REGULATION_OF_ANIMAL_ORGAN_FORMATION	GOBP_REGULATION_OF_ANIMAL_ORGAN_FORMATION		18	0.41646457	1.1323867	0.29482073	0.6460492	1.0	814	tags=28%, list=6%, signal=30%	
GOBP_EMBRYONIC_APPENDAGE_MORPHOGENESIS	GOBP_EMBRYONIC_APPENDAGE_MORPHOGENESIS		94	0.30010194	1.1304165	0.22727273	0.64887536	1.0	2642	tags=34%, list=20%, signal=42%	
GOBP_REGULATION_OF_BMP_SIGNALING_PATHWAY	GOBP_REGULATION_OF_BMP_SIGNALING_PATHWAY		83	0.29556343	1.1260139	0.15	0.658881	1.0	1186	tags=19%, list=9%, signal=21%	
GOBP_TRICARBOXYLIC_ACID_CYCLE	GOBP_TRICARBOXYLIC_ACID_CYCLE		28	0.38119808	1.1258228	0.28176796	0.6566267	1.0	5795	tags=68%, list=43%, signal=120%	
GOBP_GLYCOSPHINGOLIPID_BIOSYNTHETIC_PROCESS	GOBP_GLYCOSPHINGOLIPID_BIOSYNTHETIC_PROCESS		30	0.36036047	1.1214205	0.26455027	0.6665097	1.0	3116	tags=40%, list=23%, signal=52%	
GOBP_CARDIAC_CONDUCTION_SYSTEM_DEVELOPMENT	GOBP_CARDIAC_CONDUCTION_SYSTEM_DEVELOPMENT		29	0.3627667	1.1155972	0.29946524	0.68013823	1.0	2259	tags=38%, list=17%, signal=46%	
GOBP_REGULATION_OF_SYNAPTIC_PLASTICITY	GOBP_REGULATION_OF_SYNAPTIC_PLASTICITY		173	0.2713877	1.1155726	0.0	0.6772891	1.0	3200	tags=38%, list=24%, signal=49%	
GOBP_BILE_ACID_BIOSYNTHETIC_PROCESS	GOBP_BILE_ACID_BIOSYNTHETIC_PROCESS		21	0.4042592	1.1154158	0.31746033	0.6747726	1.0	3034	tags=38%, list=23%, signal=49%	
GOBP_NEURON_PROJECTION_EXTENSION	GOBP_NEURON_PROJECTION_EXTENSION		162	0.2605797	1.1154115	0.2	0.6719013	1.0	3445	tags=40%, list=26%, signal=53%	
GOBP_DENTATE_GYRUS_DEVELOPMENT	GOBP_DENTATE_GYRUS_DEVELOPMENT		17	0.43282592	1.1143004	0.31666666	0.67244744	1.0	2604	tags=53%, list=20%, signal=66%	
GOBP_TRNA_PROCESSING	GOBP_TRNA_PROCESSING		115	0.27678365	1.1131852	0.16129032	0.6726033	1.0	2316	tags=19%, list=17%, signal=23%	
GOBP_VESICLE_MEDIATED_TRANSPORT_IN_SYNAPSE	GOBP_VESICLE_MEDIATED_TRANSPORT_IN_SYNAPSE		179	0.27029645	1.1124796	0.14285715	0.6719321	1.0	4273	tags=43%, list=32%, signal=62%	
GOBP_PROTEIN_LOCALIZATION_TO_POSTSYNAPSE	GOBP_PROTEIN_LOCALIZATION_TO_POSTSYNAPSE		33	0.35451442	1.1118398	0.29192546	0.6709876	1.0	3461	tags=42%, list=26%, signal=57%	
GOBP_CHLORIDE_TRANSMEMBRANE_TRANSPORT	GOBP_CHLORIDE_TRANSMEMBRANE_TRANSPORT		50	0.3160627	1.1051251	0.28070176	0.6875612	1.0	1579	tags=24%, list=12%, signal=27%	
GOBP_REGULATION_OF_DENDRITE_MORPHOGENESIS	GOBP_REGULATION_OF_DENDRITE_MORPHOGENESIS		60	0.30275506	1.1040581	0.21428572	0.68799514	1.0	4982	tags=57%, list=37%, signal=90%	
GOBP_POSITIVE_REGULATION_OF_EPIDERMAL_CELL_DIFFERENTIATION	GOBP_POSITIVE_REGULATION_OF_EPIDERMAL_CELL_DIFFERENTIATION		16	0.41716343	1.1026874	0.33955225	0.6893173	1.0	1504	tags=38%, list=11%, signal=42%	
GOBP_PEPTIDYL_L_CYSTEINE_S_PALMITOYLATION	GOBP_PEPTIDYL_L_CYSTEINE_S_PALMITOYLATION		20	0.40258512	1.101835	0.29864255	0.68890893	1.0	2849	tags=30%, list=21%, signal=38%	
GOBP_ODONTOGENESIS	GOBP_ODONTOGENESIS		91	0.27687147	1.1018069	0.1590909	0.6861378	1.0	1278	tags=20%, list=10%, signal=22%	
GOBP_REGULATION_OF_ADENYLATE_CYCLASE_ACTIVITY	GOBP_REGULATION_OF_ADENYLATE_CYCLASE_ACTIVITY		25	0.36585647	1.1017418	0.32307693	0.6835353	1.0	1306	tags=36%, list=10%, signal=40%	
GOBP_MEMBRANE_DEPOLARIZATION	GOBP_MEMBRANE_DEPOLARIZATION		69	0.3003574	1.1017206	0.23728813	0.6808043	1.0	3282	tags=43%, list=25%, signal=57%	
GOBP_MESONEPHRIC_TUBULE_MORPHOGENESIS	GOBP_MESONEPHRIC_TUBULE_MORPHOGENESIS		48	0.31856573	1.097689	0.24166666	0.68966985	1.0	1069	tags=23%, list=8%, signal=25%	
GOBP_REGULATION_OF_NEURON_DIFFERENTIATION	GOBP_REGULATION_OF_NEURON_DIFFERENTIATION		158	0.2783903	1.0944055	0.21428572	0.69661754	1.0	1317	tags=16%, list=10%, signal=17%	
GOBP_TELENCEPHALON_DEVELOPMENT	GOBP_TELENCEPHALON_DEVELOPMENT		218	0.26715112	1.0943724	0.25	0.6939184	1.0	2366	tags=28%, list=18%, signal=33%	
GOBP_LONG_TERM_SYNAPTIC_POTENTIATION	GOBP_LONG_TERM_SYNAPTIC_POTENTIATION		78	0.29590487	1.0943257	0.2857143	0.69131505	1.0	3804	tags=45%, list=29%, signal=62%	
GOBP_GANGLIOSIDE_METABOLIC_PROCESS	GOBP_GANGLIOSIDE_METABOLIC_PROCESS		25	0.37138212	1.0929285	0.32272726	0.69290555	1.0	2384	tags=24%, list=18%, signal=29%	
GOBP_NEURAL_CREST_CELL_DIFFERENTIATION	GOBP_NEURAL_CREST_CELL_DIFFERENTIATION		85	0.2925522	1.0922531	0.29787233	0.6920911	1.0	2445	tags=28%, list=18%, signal=34%	
GOBP_REGULATION_OF_SODIUM_ION_TRANSPORT	GOBP_REGULATION_OF_SODIUM_ION_TRANSPORT		71	0.30207348	1.0914809	0.26865673	0.69142383	1.0	2033	tags=23%, list=15%, signal=26%	
GOBP_REGULATION_OF_KIDNEY_DEVELOPMENT	GOBP_REGULATION_OF_KIDNEY_DEVELOPMENT		22	0.3923821	1.0914136	0.38356164	0.6889285	1.0	1932	tags=50%, list=14%, signal=58%	
GOBP_APPENDAGE_DEVELOPMENT	GOBP_APPENDAGE_DEVELOPMENT		138	0.27875793	1.0869755	0.23076923	0.6991491	1.0	2761	tags=33%, list=21%, signal=41%	
GOBP_REGULATION_OF_GLUCAN_BIOSYNTHETIC_PROCESS	GOBP_REGULATION_OF_GLUCAN_BIOSYNTHETIC_PROCESS		24	0.36926457	1.0828106	0.3018868	0.70827925	1.0	1740	tags=25%, list=13%, signal=29%	
GOBP_CARDIAC_MUSCLE_CELL_CONTRACTION	GOBP_CARDIAC_MUSCLE_CELL_CONTRACTION		59	0.31346288	1.0810578	0.31111112	0.7105539	1.0	3207	tags=37%, list=24%, signal=49%	
GOBP_INSULIN_SECRETION_INVOLVED_IN_CELLULAR_RESPONSE_TO_GLUCOSE_STIMULUS	GOBP_INSULIN_SECRETION_INVOLVED_IN_CELLULAR_RESPONSE_TO_GLUCOSE_STIMULUS		47	0.32553887	1.0805022	0.2923077	0.709237	1.0	1813	tags=26%, list=14%, signal=29%	
GOBP_REGIONALIZATION	GOBP_REGIONALIZATION		249	0.2654205	1.0803246	0.0	0.7069368	1.0	2369	tags=33%, list=18%, signal=39%	
GOBP_SYNAPTIC_VESICLE_EXOCYTOSIS	GOBP_SYNAPTIC_VESICLE_EXOCYTOSIS		98	0.28262946	1.0794239	0.3255814	0.70700604	1.0	4676	tags=53%, list=35%, signal=81%	
GOBP_ACTIVIN_RECEPTOR_SIGNALING_PATHWAY	GOBP_ACTIVIN_RECEPTOR_SIGNALING_PATHWAY		34	0.34032163	1.0788248	0.2972973	0.7061596	1.0	1233	tags=24%, list=9%, signal=26%	
GOBP_EAR_DEVELOPMENT	GOBP_EAR_DEVELOPMENT		167	0.26821354	1.0754864	0.3846154	0.71346056	1.0	1149	tags=17%, list=9%, signal=19%	
GOBP_REGULATION_OF_RESPONSE_TO_EXTRACELLULAR_STIMULUS	GOBP_REGULATION_OF_RESPONSE_TO_EXTRACELLULAR_STIMULUS		20	0.39013016	1.0751623	0.37651822	0.7117299	1.0	1548	tags=35%, list=12%, signal=40%	
GOBP_AUDITORY_RECEPTOR_CELL_DEVELOPMENT	GOBP_AUDITORY_RECEPTOR_CELL_DEVELOPMENT		17	0.4066177	1.074144	0.3426295	0.71181583	1.0	656	tags=18%, list=5%, signal=19%	
GOBP_NEGATIVE_REGULATION_OF_WNT_SIGNALING_PATHWAY	GOBP_NEGATIVE_REGULATION_OF_WNT_SIGNALING_PATHWAY		147	0.26120302	1.0734097	0.2	0.71139413	1.0	2549	tags=27%, list=19%, signal=33%	
GOBP_BONE_MORPHOGENESIS	GOBP_BONE_MORPHOGENESIS		78	0.28240308	1.0733762	0.33870968	0.70880806	1.0	1453	tags=22%, list=11%, signal=24%	
GOBP_PHOTORECEPTOR_CELL_MAINTENANCE	GOBP_PHOTORECEPTOR_CELL_MAINTENANCE		30	0.35317007	1.0727053	0.3472222	0.7081025	1.0	1448	tags=27%, list=11%, signal=30%	
GOBP_REGULATION_OF_SYSTEMIC_ARTERIAL_BLOOD_PRESSURE_MEDIATED_BY_A_CHEMICAL_SIGNAL	GOBP_REGULATION_OF_SYSTEMIC_ARTERIAL_BLOOD_PRESSURE_MEDIATED_BY_A_CHEMICAL_SIGNAL		29	0.35996643	1.0707283	0.2955975	0.71136063	1.0	1438	tags=34%, list=11%, signal=39%	
GOBP_SINGLE_FERTILIZATION	GOBP_SINGLE_FERTILIZATION		70	0.28832272	1.0689021	0.29166666	0.71414715	1.0	795	tags=14%, list=6%, signal=15%	
GOBP_AUDITORY_RECEPTOR_CELL_MORPHOGENESIS	GOBP_AUDITORY_RECEPTOR_CELL_MORPHOGENESIS		15	0.41213307	1.0687001	0.3916084	0.71204394	1.0	656	tags=20%, list=5%, signal=21%	
GOBP_NEGATIVE_REGULATION_OF_AXON_EXTENSION	GOBP_NEGATIVE_REGULATION_OF_AXON_EXTENSION		42	0.3140595	1.0648433	0.35664335	0.7208197	1.0	3244	tags=45%, list=24%, signal=60%	
GOBP_ACTIN_MEDIATED_CELL_CONTRACTION	GOBP_ACTIN_MEDIATED_CELL_CONTRACTION		79	0.28273365	1.064645	0.27659574	0.718716	1.0	3207	tags=37%, list=24%, signal=48%	
GOBP_MECHANORECEPTOR_DIFFERENTIATION	GOBP_MECHANORECEPTOR_DIFFERENTIATION		47	0.30532682	1.0628566	0.35114503	0.7215799	1.0	808	tags=19%, list=6%, signal=20%	
GOBP_NEGATIVE_REGULATION_OF_CHONDROCYTE_DIFFERENTIATION	GOBP_NEGATIVE_REGULATION_OF_CHONDROCYTE_DIFFERENTIATION		16	0.39978364	1.06149	0.3463035	0.7229687	1.0	2123	tags=31%, list=16%, signal=37%	
GOBP_REGULATION_OF_ENDOCRINE_PROCESS	GOBP_REGULATION_OF_ENDOCRINE_PROCESS		21	0.37637156	1.0580248	0.35177866	0.73072046	1.0	2014	tags=43%, list=15%, signal=50%	
GOBP_FATTY_ACID_DERIVATIVE_BIOSYNTHETIC_PROCESS	GOBP_FATTY_ACID_DERIVATIVE_BIOSYNTHETIC_PROCESS		34	0.3281608	1.0536754	0.31333333	0.741133	1.0	2972	tags=32%, list=22%, signal=42%	
GOBP_SPERM_FLAGELLUM_ASSEMBLY	GOBP_SPERM_FLAGELLUM_ASSEMBLY		23	0.36318806	1.0526388	0.3681592	0.74131113	1.0	1847	tags=48%, list=14%, signal=55%	
GOBP_DORSAL_VENTRAL_NEURAL_TUBE_PATTERNING	GOBP_DORSAL_VENTRAL_NEURAL_TUBE_PATTERNING		19	0.38550702	1.0509722	0.368	0.74393696	1.0	814	tags=16%, list=6%, signal=17%	
GOBP_ANTERIOR_POSTERIOR_AXIS_SPECIFICATION	GOBP_ANTERIOR_POSTERIOR_AXIS_SPECIFICATION		35	0.33329347	1.0506593	0.35031846	0.74226344	1.0	834	tags=23%, list=6%, signal=24%	
GOBP_RNA_5_END_PROCESSING	GOBP_RNA_5_END_PROCESSING		21	0.376327	1.0505435	0.34134614	0.7399912	1.0	1188	tags=24%, list=9%, signal=26%	
GOBP_NEGATIVE_REGULATION_OF_SODIUM_ION_TRANSPORT	GOBP_NEGATIVE_REGULATION_OF_SODIUM_ION_TRANSPORT		16	0.40185714	1.0484924	0.36885247	0.74351186	1.0	1107	tags=19%, list=8%, signal=20%	
GOBP_DEVELOPMENTAL_CELL_GROWTH	GOBP_DEVELOPMENTAL_CELL_GROWTH		202	0.2534714	1.0451044	0.2	0.75124943	1.0	3400	tags=39%, list=25%, signal=51%	
GOBP_PIGMENTATION	GOBP_PIGMENTATION		83	0.28271833	1.0423113	0.375	0.756902	1.0	1362	tags=17%, list=10%, signal=19%	
GOBP_GLYCOLIPID_BIOSYNTHETIC_PROCESS	GOBP_GLYCOLIPID_BIOSYNTHETIC_PROCESS		62	0.28743142	1.041062	0.4117647	0.75773036	1.0	3141	tags=35%, list=24%, signal=46%	
GOBP_CANONICAL_WNT_SIGNALING_PATHWAY	GOBP_CANONICAL_WNT_SIGNALING_PATHWAY		269	0.2408728	1.0406913	0.0	0.75628185	1.0	1345	tags=16%, list=10%, signal=18%	
GOBP_REGULATION_OF_SODIUM_ION_TRANSMEMBRANE_TRANSPORT	GOBP_REGULATION_OF_SODIUM_ION_TRANSMEMBRANE_TRANSPORT		54	0.30061334	1.0377741	0.28703704	0.76235634	1.0	2682	tags=28%, list=20%, signal=35%	
GOBP_GLUTAMINE_METABOLIC_PROCESS	GOBP_GLUTAMINE_METABOLIC_PROCESS		19	0.3869403	1.0373915	0.39555556	0.7608673	1.0	2276	tags=32%, list=17%, signal=38%	
GOBP_NEUROMUSCULAR_JUNCTION_DEVELOPMENT	GOBP_NEUROMUSCULAR_JUNCTION_DEVELOPMENT		38	0.32803148	1.036408	0.38410595	0.7612999	1.0	2790	tags=39%, list=21%, signal=50%	
GOBP_MITOTIC_INTRA_S_DNA_DAMAGE_CHECKPOINT_SIGNALING	GOBP_MITOTIC_INTRA_S_DNA_DAMAGE_CHECKPOINT_SIGNALING		15	0.39753228	1.0350646	0.41573033	0.7626714	1.0	3341	tags=40%, list=25%, signal=53%	
GOBP_NEGATIVE_REGULATION_OF_OXIDATIVE_STRESS_INDUCED_NEURON_DEATH	GOBP_NEGATIVE_REGULATION_OF_OXIDATIVE_STRESS_INDUCED_NEURON_DEATH		18	0.38996297	1.0347921	0.41603053	0.76083195	1.0	324	tags=11%, list=2%, signal=11%	
GOBP_GPI_ANCHOR_METABOLIC_PROCESS	GOBP_GPI_ANCHOR_METABOLIC_PROCESS		29	0.33139983	1.0344905	0.40298507	0.7592526	1.0	2709	tags=28%, list=20%, signal=35%	
GOBP_BILE_ACID_METABOLIC_PROCESS	GOBP_BILE_ACID_METABOLIC_PROCESS		28	0.3497274	1.0341977	0.39893618	0.757515	1.0	3034	tags=32%, list=23%, signal=42%	
GOBP_PHARYNGEAL_SYSTEM_DEVELOPMENT	GOBP_PHARYNGEAL_SYSTEM_DEVELOPMENT		22	0.37287074	1.0325415	0.42512077	0.759976	1.0	654	tags=18%, list=5%, signal=19%	
GOBP_NEURAL_NUCLEUS_DEVELOPMENT	GOBP_NEURAL_NUCLEUS_DEVELOPMENT		55	0.28940147	1.0300367	0.40229884	0.76520604	1.0	3923	tags=35%, list=29%, signal=49%	
GOBP_LONG_CHAIN_FATTY_ACID_BIOSYNTHETIC_PROCESS	GOBP_LONG_CHAIN_FATTY_ACID_BIOSYNTHETIC_PROCESS		18	0.3748548	1.0273519	0.40669855	0.7708349	1.0	4536	tags=61%, list=34%, signal=92%	
GOBP_NEURON_PROJECTION_ARBORIZATION	GOBP_NEURON_PROJECTION_ARBORIZATION		25	0.35762382	1.024669	0.42288557	0.7762024	1.0	3222	tags=60%, list=24%, signal=79%	
GOBP_STRIATED_MUSCLE_CELL_DEVELOPMENT	GOBP_STRIATED_MUSCLE_CELL_DEVELOPMENT		43	0.298877	1.0178229	0.40707964	0.7947994	1.0	1422	tags=26%, list=11%, signal=29%	
GOBP_FOREBRAIN_CELL_MIGRATION	GOBP_FOREBRAIN_CELL_MIGRATION		60	0.29361227	1.0168043	0.36082473	0.7954501	1.0	2572	tags=37%, list=19%, signal=45%	
GOBP_CELLULAR_RESPONSE_TO_STEROL	GOBP_CELLULAR_RESPONSE_TO_STEROL		16	0.3923814	1.0161439	0.4431818	0.79481554	1.0	701	tags=13%, list=5%, signal=13%	
GOBP_MITOCHONDRIAL_TRANSLATION	GOBP_MITOCHONDRIAL_TRANSLATION		70	0.2775864	1.013824	0.44927537	0.7989865	1.0	3835	tags=40%, list=29%, signal=56%	
GOBP_POSTSYNAPTIC_MEMBRANE_ORGANIZATION	GOBP_POSTSYNAPTIC_MEMBRANE_ORGANIZATION		29	0.32963306	1.013327	0.39634147	0.7979103	1.0	4884	tags=62%, list=37%, signal=98%	
GOBP_CHONDROITIN_SULFATE_PROTEOGLYCAN_BIOSYNTHETIC_PROCESS	GOBP_CHONDROITIN_SULFATE_PROTEOGLYCAN_BIOSYNTHETIC_PROCESS		19	0.37569118	1.0128586	0.42510122	0.7965932	1.0	2465	tags=37%, list=18%, signal=45%	
GOBP_REGULATION_OF_DENDRITE_DEVELOPMENT	GOBP_REGULATION_OF_DENDRITE_DEVELOPMENT		91	0.2731499	1.0105381	0.5294118	0.8014553	1.0	3132	tags=34%, list=23%, signal=44%	
GOBP_EPIDERMIS_MORPHOGENESIS	GOBP_EPIDERMIS_MORPHOGENESIS		24	0.35643855	1.008278	0.4463277	0.80569214	1.0	1186	tags=29%, list=9%, signal=32%	
GOBP_TRANSMISSION_OF_NERVE_IMPULSE	GOBP_TRANSMISSION_OF_NERVE_IMPULSE		54	0.278118	1.007889	0.43373495	0.8041665	1.0	3282	tags=50%, list=25%, signal=66%	
GOBP_INOSITOL_PHOSPHATE_CATABOLIC_PROCESS	GOBP_INOSITOL_PHOSPHATE_CATABOLIC_PROCESS		18	0.37640348	1.0057197	0.44	0.8081974	1.0	1310	tags=11%, list=10%, signal=12%	
GOBP_SOMITE_DEVELOPMENT	GOBP_SOMITE_DEVELOPMENT		61	0.28140962	1.005651	0.43956044	0.8057982	1.0	2046	tags=31%, list=15%, signal=37%	
GOBP_THYROID_HORMONE_METABOLIC_PROCESS	GOBP_THYROID_HORMONE_METABOLIC_PROCESS		15	0.388888	1.0045667	0.4264151	0.8064064	1.0	1665	tags=33%, list=12%, signal=38%	
GOBP_CELL_MIGRATION_INVOLVED_IN_HEART_DEVELOPMENT	GOBP_CELL_MIGRATION_INVOLVED_IN_HEART_DEVELOPMENT		15	0.3887236	1.0033782	0.44615385	0.80740696	1.0	569	tags=20%, list=4%, signal=21%	
GOBP_CELL_DIFFERENTIATION_IN_SPINAL_CORD	GOBP_CELL_DIFFERENTIATION_IN_SPINAL_CORD		33	0.32956734	1.0020978	0.42948717	0.80870545	1.0	2337	tags=36%, list=18%, signal=44%	
GOBP_EMBRYONIC_AXIS_SPECIFICATION	GOBP_EMBRYONIC_AXIS_SPECIFICATION		28	0.33536097	1.0015363	0.45	0.80783457	1.0	727	tags=18%, list=5%, signal=19%	
GOBP_LUNG_EPITHELIUM_DEVELOPMENT	GOBP_LUNG_EPITHELIUM_DEVELOPMENT		31	0.32746354	1.0011201	0.4181818	0.80647147	1.0	814	tags=19%, list=6%, signal=21%	
GOBP_BRAIN_MORPHOGENESIS	GOBP_BRAIN_MORPHOGENESIS		31	0.32385838	1.0005538	0.39506173	0.80560124	1.0	2265	tags=26%, list=17%, signal=31%	
GOBP_DOPAMINERGIC_NEURON_DIFFERENTIATION	GOBP_DOPAMINERGIC_NEURON_DIFFERENTIATION		25	0.34381923	1.0002667	0.4715026	0.80386555	1.0	1932	tags=28%, list=14%, signal=33%	
GOBP_REGULATION_OF_CILIUM_ASSEMBLY	GOBP_REGULATION_OF_CILIUM_ASSEMBLY		75	0.26828206	0.99932486	0.5185185	0.80454403	1.0	2986	tags=35%, list=22%, signal=44%	
GOBP_SARCOMERE_ORGANIZATION	GOBP_SARCOMERE_ORGANIZATION		25	0.33553705	0.99564546	0.44324324	0.8132518	1.0	1298	tags=28%, list=10%, signal=31%	
GOBP_NEURON_MIGRATION	GOBP_NEURON_MIGRATION		145	0.25396258	0.9956201	0.45	0.81078726	1.0	2871	tags=32%, list=22%, signal=40%	
GOBP_MITOTIC_RECOMBINATION	GOBP_MITOTIC_RECOMBINATION		22	0.3544744	0.9927925	0.443038	0.816899	1.0	675	tags=14%, list=5%, signal=14%	
GOBP_EXPLORATION_BEHAVIOR	GOBP_EXPLORATION_BEHAVIOR		24	0.34832025	0.9925411	0.4585366	0.8150819	1.0	4884	tags=54%, list=37%, signal=85%	
GOBP_ANIMAL_ORGAN_FORMATION	GOBP_ANIMAL_ORGAN_FORMATION		43	0.29215336	0.992363	0.4452555	0.81300706	1.0	1891	tags=26%, list=14%, signal=30%	
GOBP_HORMONE_MEDIATED_SIGNALING_PATHWAY	GOBP_HORMONE_MEDIATED_SIGNALING_PATHWAY		143	0.23088211	0.9923241	0.625	0.8105952	1.0	1845	tags=15%, list=14%, signal=18%	
GOBP_NEURON_FATE_SPECIFICATION	GOBP_NEURON_FATE_SPECIFICATION		16	0.37551805	0.9919085	0.45895523	0.80929124	1.0	894	tags=19%, list=7%, signal=20%	
GOBP_INNER_EAR_RECEPTOR_CELL_STEREOCILIUM_ORGANIZATION	GOBP_INNER_EAR_RECEPTOR_CELL_STEREOCILIUM_ORGANIZATION		25	0.33709198	0.9898345	0.47513813	0.8132376	1.0	808	tags=20%, list=6%, signal=21%	
GOBP_POSITIVE_REGULATION_OF_INSULIN_SECRETION	GOBP_POSITIVE_REGULATION_OF_INSULIN_SECRETION		52	0.29475802	0.9890983	0.42857143	0.81298894	1.0	1993	tags=25%, list=15%, signal=29%	
GOBP_PROTEIN_LOCALIZATION_TO_SYNAPSE	GOBP_PROTEIN_LOCALIZATION_TO_SYNAPSE		63	0.27533633	0.98555046	0.45882353	0.8212705	1.0	4275	tags=51%, list=32%, signal=74%	
GOBP_NEURON_FATE_COMMITMENT	GOBP_NEURON_FATE_COMMITMENT		43	0.2936733	0.9852092	0.4695652	0.8197457	1.0	1723	tags=26%, list=13%, signal=29%	
GOBP_PROTEIN_TRANSMEMBRANE_IMPORT_INTO_INTRACELLULAR_ORGANELLE	GOBP_PROTEIN_TRANSMEMBRANE_IMPORT_INTO_INTRACELLULAR_ORGANELLE		32	0.31726664	0.9838614	0.46583852	0.821235	1.0	4286	tags=44%, list=32%, signal=64%	
GOBP_MICROTUBULE_BASED_TRANSPORT	GOBP_MICROTUBULE_BASED_TRANSPORT		174	0.23388475	0.9820543	0.75	0.82422507	1.0	4072	tags=42%, list=31%, signal=60%	
GOBP_AUTONOMIC_NERVOUS_SYSTEM_DEVELOPMENT	GOBP_AUTONOMIC_NERVOUS_SYSTEM_DEVELOPMENT		36	0.31011873	0.9810354	0.47058824	0.8246463	1.0	2572	tags=36%, list=19%, signal=45%	
GOBP_COLLATERAL_SPROUTING	GOBP_COLLATERAL_SPROUTING		22	0.3377477	0.97976094	0.47297296	0.82607275	1.0	3065	tags=50%, list=23%, signal=65%	
GOBP_MAGNESIUM_ION_TRANSPORT	GOBP_MAGNESIUM_ION_TRANSPORT		16	0.3740279	0.9796995	0.4779661	0.82377243	1.0	1949	tags=25%, list=15%, signal=29%	
GOBP_CELL_AGGREGATION	GOBP_CELL_AGGREGATION		18	0.36271933	0.9784839	0.46774194	0.8252046	1.0	954	tags=22%, list=7%, signal=24%	
GOBP_POSITIVE_REGULATION_OF_DENDRITIC_SPINE_DEVELOPMENT	GOBP_POSITIVE_REGULATION_OF_DENDRITIC_SPINE_DEVELOPMENT		35	0.30878305	0.97733814	0.42038217	0.82617897	1.0	3074	tags=29%, list=23%, signal=37%	
GOBP_ENDOPLASMIC_RETICULUM_ORGANIZATION	GOBP_ENDOPLASMIC_RETICULUM_ORGANIZATION		80	0.24792486	0.9767088	0.64444447	0.825561	1.0	600	tags=6%, list=4%, signal=7%	
GOBP_NEUROMUSCULAR_PROCESS	GOBP_NEUROMUSCULAR_PROCESS		117	0.24888289	0.9761707	0.53333336	0.8247873	1.0	2638	tags=31%, list=20%, signal=38%	
GOBP_SNRNA_TRANSCRIPTION	GOBP_SNRNA_TRANSCRIPTION		17	0.36316565	0.97568315	0.49416342	0.8237614	1.0	4038	tags=53%, list=30%, signal=76%	
GOBP_AXIS_ELONGATION	GOBP_AXIS_ELONGATION		20	0.35074574	0.97489655	0.48523206	0.8236716	1.0	1106	tags=30%, list=8%, signal=33%	
GOBP_OUTFLOW_TRACT_MORPHOGENESIS	GOBP_OUTFLOW_TRACT_MORPHOGENESIS		66	0.26546702	0.9736682	0.53571427	0.824949	1.0	2233	tags=27%, list=17%, signal=33%	
GOBP_MISMATCH_REPAIR	GOBP_MISMATCH_REPAIR		23	0.3287027	0.97233266	0.49769586	0.82657456	1.0	1548	tags=22%, list=12%, signal=25%	
GOBP_NEGATIVE_REGULATION_OF_CANONICAL_WNT_SIGNALING_PATHWAY	GOBP_NEGATIVE_REGULATION_OF_CANONICAL_WNT_SIGNALING_PATHWAY		123	0.25134647	0.97151124	0.55	0.8266394	1.0	1138	tags=15%, list=9%, signal=16%	
GOBP_TUBULIN_DEACETYLATION	GOBP_TUBULIN_DEACETYLATION		21	0.34244907	0.97065663	0.48730963	0.8266516	1.0	5164	tags=57%, list=39%, signal=93%	
GOBP_SPECIFICATION_OF_ANIMAL_ORGAN_IDENTITY	GOBP_SPECIFICATION_OF_ANIMAL_ORGAN_IDENTITY		23	0.34131944	0.96838456	0.48292682	0.8306945	1.0	2719	tags=43%, list=20%, signal=55%	
GOBP_SYMPATHETIC_NERVOUS_SYSTEM_DEVELOPMENT	GOBP_SYMPATHETIC_NERVOUS_SYSTEM_DEVELOPMENT		17	0.36822665	0.9679549	0.44534412	0.8295842	1.0	2138	tags=29%, list=16%, signal=35%	
GOBP_MESODERMAL_CELL_DIFFERENTIATION	GOBP_MESODERMAL_CELL_DIFFERENTIATION		20	0.34815392	0.9677349	0.46613547	0.8277905	1.0	1106	tags=25%, list=8%, signal=27%	
GOBP_SEROTONIN_TRANSPORT	GOBP_SEROTONIN_TRANSPORT		15	0.3789719	0.96766794	0.5179283	0.8255652	1.0	863	tags=27%, list=6%, signal=28%	
GOBP_NUCLEOSIDE_BISPHOSPHATE_METABOLIC_PROCESS	GOBP_NUCLEOSIDE_BISPHOSPHATE_METABOLIC_PROCESS		94	0.2513539	0.96551234	0.5714286	0.82947236	1.0	2972	tags=28%, list=22%, signal=35%	
GOBP_REGULATION_OF_POSTSYNAPTIC_MEMBRANE_NEUROTRANSMITTER_RECEPTOR_LEVELS	GOBP_REGULATION_OF_POSTSYNAPTIC_MEMBRANE_NEUROTRANSMITTER_RECEPTOR_LEVELS		52	0.28325382	0.9642954	0.54545456	0.83059067	1.0	4189	tags=44%, list=31%, signal=64%	
GOBP_TRNA_METABOLIC_PROCESS	GOBP_TRNA_METABOLIC_PROCESS		156	0.22522573	0.96019155	0.5	0.84056234	1.0	1710	tags=16%, list=13%, signal=18%	
GOBP_NEURON_RECOGNITION	GOBP_NEURON_RECOGNITION		47	0.28494197	0.9575925	0.54471546	0.8456698	1.0	2412	tags=40%, list=18%, signal=49%	
GOBP_LOCOMOTORY_EXPLORATION_BEHAVIOR	GOBP_LOCOMOTORY_EXPLORATION_BEHAVIOR		15	0.37376222	0.9539628	0.51079136	0.85383934	1.0	4884	tags=60%, list=37%, signal=95%	
GOBP_POSITIVE_REGULATION_OF_SMOOTHENED_SIGNALING_PATHWAY	GOBP_POSITIVE_REGULATION_OF_SMOOTHENED_SIGNALING_PATHWAY		32	0.31338927	0.95386887	0.53205127	0.8516295	1.0	2449	tags=34%, list=18%, signal=42%	
GOBP_CAMERA_TYPE_EYE_MORPHOGENESIS	GOBP_CAMERA_TYPE_EYE_MORPHOGENESIS		98	0.2415027	0.9537684	0.53968257	0.84954983	1.0	2426	tags=31%, list=18%, signal=37%	
GOBP_INNER_EAR_AUDITORY_RECEPTOR_CELL_DIFFERENTIATION	GOBP_INNER_EAR_AUDITORY_RECEPTOR_CELL_DIFFERENTIATION		27	0.31665984	0.95285666	0.51960784	0.8499534	1.0	656	tags=15%, list=5%, signal=16%	
GOBP_NEGATIVE_REGULATION_OF_AXON_EXTENSION_INVOLVED_IN_AXON_GUIDANCE	GOBP_NEGATIVE_REGULATION_OF_AXON_EXTENSION_INVOLVED_IN_AXON_GUIDANCE		26	0.33582532	0.95146066	0.48430493	0.85179794	1.0	3244	tags=54%, list=24%, signal=71%	
GOBP_REGULATION_OF_SYNAPSE_ASSEMBLY	GOBP_REGULATION_OF_SYNAPSE_ASSEMBLY		91	0.24879523	0.94986516	0.6	0.85404956	1.0	3409	tags=47%, list=26%, signal=63%	
GOBP_NEGATIVE_REGULATION_OF_GLIAL_CELL_DIFFERENTIATION	GOBP_NEGATIVE_REGULATION_OF_GLIAL_CELL_DIFFERENTIATION		22	0.33497283	0.94545966	0.5288889	0.864008	1.0	1568	tags=23%, list=12%, signal=26%	
GOBP_TRNA_METHYLATION	GOBP_TRNA_METHYLATION		39	0.2951992	0.9449262	0.54347825	0.8631783	1.0	3311	tags=33%, list=25%, signal=44%	
GOBP_NEGATIVE_REGULATION_OF_CARDIAC_MUSCLE_TISSUE_GROWTH	GOBP_NEGATIVE_REGULATION_OF_CARDIAC_MUSCLE_TISSUE_GROWTH		19	0.33694696	0.943575	0.5223214	0.8648787	1.0	1347	tags=26%, list=10%, signal=29%	
GOBP_SULFUR_COMPOUND_TRANSPORT	GOBP_SULFUR_COMPOUND_TRANSPORT		42	0.2938341	0.9417127	0.5462185	0.8677328	1.0	1237	tags=14%, list=9%, signal=16%	
GOBP_NEGATIVE_REGULATION_OF_SYNAPTIC_TRANSMISSION	GOBP_NEGATIVE_REGULATION_OF_SYNAPTIC_TRANSMISSION		61	0.2657239	0.9366195	0.6419753	0.88029176	1.0	1945	tags=25%, list=15%, signal=29%	
GOBP_NEUROTRANSMITTER_RECEPTOR_TRANSPORT	GOBP_NEUROTRANSMITTER_RECEPTOR_TRANSPORT		23	0.32988855	0.93572205	0.55609757	0.8803821	1.0	2266	tags=26%, list=17%, signal=31%	
GOBP_GLYCOSPHINGOLIPID_METABOLIC_PROCESS	GOBP_GLYCOSPHINGOLIPID_METABOLIC_PROCESS		55	0.2719633	0.9355656	0.6086956	0.87835634	1.0	2535	tags=24%, list=19%, signal=29%	
GOBP_REGULATION_OF_EMBRYONIC_DEVELOPMENT	GOBP_REGULATION_OF_EMBRYONIC_DEVELOPMENT		51	0.26432383	0.935474	0.625	0.87622213	1.0	1667	tags=18%, list=12%, signal=20%	
GOBP_V_D_J_RECOMBINATION	GOBP_V_D_J_RECOMBINATION		17	0.35331646	0.9339869	0.5689655	0.87812704	1.0	2922	tags=53%, list=22%, signal=68%	
GOBP_REGULATION_OF_LONG_TERM_SYNAPTIC_POTENTIATION	GOBP_REGULATION_OF_LONG_TERM_SYNAPTIC_POTENTIATION		41	0.2855026	0.9308681	0.546875	0.88453656	1.0	2767	tags=32%, list=21%, signal=40%	
GOBP_MITOCHONDRIAL_GENE_EXPRESSION	GOBP_MITOCHONDRIAL_GENE_EXPRESSION		99	0.2401147	0.93064785	0.58536583	0.8827175	1.0	3835	tags=37%, list=29%, signal=52%	
GOBP_NEGATIVE_REGULATION_OF_NEURON_DIFFERENTIATION	GOBP_NEGATIVE_REGULATION_OF_NEURON_DIFFERENTIATION		67	0.25132757	0.93003255	0.6363636	0.8819979	1.0	2366	tags=22%, list=18%, signal=27%	
GOBP_URETER_DEVELOPMENT	GOBP_URETER_DEVELOPMENT		16	0.34961224	0.9293333	0.54275095	0.88140845	1.0	1543	tags=38%, list=12%, signal=42%	
GOBP_NEGATIVE_REGULATION_OF_BMP_SIGNALING_PATHWAY	GOBP_NEGATIVE_REGULATION_OF_BMP_SIGNALING_PATHWAY		45	0.28050599	0.9277701	0.5597015	0.88326496	1.0	1156	tags=18%, list=9%, signal=19%	
GOBP_VERY_LONG_CHAIN_FATTY_ACID_METABOLIC_PROCESS	GOBP_VERY_LONG_CHAIN_FATTY_ACID_METABOLIC_PROCESS		28	0.31447998	0.9271725	0.57425743	0.88252175	1.0	2496	tags=32%, list=19%, signal=39%	
GOBP_DEVELOPMENTAL_GROWTH_INVOLVED_IN_MORPHOGENESIS	GOBP_DEVELOPMENTAL_GROWTH_INVOLVED_IN_MORPHOGENESIS		212	0.2385313	0.9235584	0.6666667	0.8905801	1.0	3400	tags=40%, list=25%, signal=53%	
GOBP_FATTY_ACYL_COA_METABOLIC_PROCESS	GOBP_FATTY_ACYL_COA_METABOLIC_PROCESS		31	0.29071948	0.9203099	0.6335404	0.8971651	1.0	4569	tags=48%, list=34%, signal=73%	
GOBP_EATING_BEHAVIOR	GOBP_EATING_BEHAVIOR		27	0.307773	0.9195657	0.5760369	0.896792	1.0	2014	tags=37%, list=15%, signal=44%	
GOBP_EXPORT_ACROSS_PLASMA_MEMBRANE	GOBP_EXPORT_ACROSS_PLASMA_MEMBRANE		48	0.2789834	0.9195496	0.6230769	0.89441884	1.0	1960	tags=25%, list=15%, signal=29%	
GOBP_NEGATIVE_REGULATION_OF_LYASE_ACTIVITY	GOBP_NEGATIVE_REGULATION_OF_LYASE_ACTIVITY		18	0.34621352	0.91754055	0.5381356	0.8976142	1.0	1306	tags=39%, list=10%, signal=43%	
GOBP_CHAPERONE_MEDIATED_PROTEIN_COMPLEX_ASSEMBLY	GOBP_CHAPERONE_MEDIATED_PROTEIN_COMPLEX_ASSEMBLY		19	0.34562096	0.9148024	0.5991903	0.9027827	1.0	4715	tags=42%, list=35%, signal=65%	
GOBP_REGULATION_OF_NEUROBLAST_PROLIFERATION	GOBP_REGULATION_OF_NEUROBLAST_PROLIFERATION		31	0.2941282	0.91407555	0.59477127	0.90241194	1.0	2264	tags=42%, list=17%, signal=50%	
GOBP_NEUROTRANSMITTER_SECRETION	GOBP_NEUROTRANSMITTER_SECRETION		133	0.23140888	0.91162544	0.8	0.9068016	1.0	3061	tags=31%, list=23%, signal=40%	
GOBP_NEURON_PROJECTION_ORGANIZATION	GOBP_NEURON_PROJECTION_ORGANIZATION		85	0.24987878	0.9115602	0.6363636	0.9045766	1.0	2759	tags=29%, list=21%, signal=37%	
GOBP_POSITIVE_REGULATION_OF_DENDRITE_DEVELOPMENT	GOBP_POSITIVE_REGULATION_OF_DENDRITE_DEVELOPMENT		15	0.34926677	0.9106901	0.5670103	0.90464157	1.0	4389	tags=67%, list=33%, signal=99%	
GOBP_SECONDARY_METABOLITE_BIOSYNTHETIC_PROCESS	GOBP_SECONDARY_METABOLITE_BIOSYNTHETIC_PROCESS		18	0.33838278	0.9100298	0.6043478	0.90410197	1.0	8	tags=6%, list=0%, signal=6%	
GOBP_CARTILAGE_DEVELOPMENT_INVOLVED_IN_ENDOCHONDRAL_BONE_MORPHOGENESIS	GOBP_CARTILAGE_DEVELOPMENT_INVOLVED_IN_ENDOCHONDRAL_BONE_MORPHOGENESIS		25	0.3060315	0.9086932	0.61538464	0.9053722	1.0	1453	tags=24%, list=11%, signal=27%	
GOBP_POSITIVE_REGULATION_OF_POTASSIUM_ION_TRANSPORT	GOBP_POSITIVE_REGULATION_OF_POTASSIUM_ION_TRANSPORT		41	0.27946544	0.90657514	0.65625	0.908603	1.0	2360	tags=29%, list=18%, signal=35%	
GOBP_NEGATIVE_REGULATION_OF_CILIUM_ASSEMBLY	GOBP_NEGATIVE_REGULATION_OF_CILIUM_ASSEMBLY		15	0.3510654	0.9058793	0.588	0.9081786	1.0	2868	tags=47%, list=22%, signal=59%	
GOBP_CELL_CELL_SIGNALING_INVOLVED_IN_CARDIAC_CONDUCTION	GOBP_CELL_CELL_SIGNALING_INVOLVED_IN_CARDIAC_CONDUCTION		26	0.3092773	0.90347296	0.61904764	0.9122707	1.0	3224	tags=54%, list=24%, signal=71%	
GOBP_VENTRICULAR_SYSTEM_DEVELOPMENT	GOBP_VENTRICULAR_SYSTEM_DEVELOPMENT		27	0.30082023	0.9034179	0.62371135	0.91004854	1.0	1296	tags=22%, list=10%, signal=25%	
GOBP_APICAL_PROTEIN_LOCALIZATION	GOBP_APICAL_PROTEIN_LOCALIZATION		15	0.34872022	0.9031794	0.54545456	0.9082918	1.0	1606	tags=20%, list=12%, signal=23%	
GOBP_EPITHELIAL_CELL_CELL_ADHESION	GOBP_EPITHELIAL_CELL_CELL_ADHESION		16	0.34714258	0.898508	0.5889328	0.9184844	1.0	870	tags=25%, list=7%, signal=27%	
GOBP_EMBRYONIC_DIGIT_MORPHOGENESIS	GOBP_EMBRYONIC_DIGIT_MORPHOGENESIS		48	0.27474564	0.8984677	0.6764706	0.9162324	1.0	1379	tags=23%, list=10%, signal=25%	
GOBP_PROTEIN_TARGETING_TO_PEROXISOME	GOBP_PROTEIN_TARGETING_TO_PEROXISOME		18	0.34427127	0.898334	0.58270675	0.9142238	1.0	2831	tags=28%, list=21%, signal=35%	
GOBP_FORELIMB_MORPHOGENESIS	GOBP_FORELIMB_MORPHOGENESIS		28	0.2911044	0.89659494	0.63316584	0.9166637	1.0	1788	tags=32%, list=13%, signal=37%	
GOBP_CEREBRAL_CORTEX_DEVELOPMENT	GOBP_CEREBRAL_CORTEX_DEVELOPMENT		98	0.2291654	0.89265895	0.84615386	0.9245961	1.0	2572	tags=27%, list=19%, signal=33%	
GOBP_THIOESTER_METABOLIC_PROCESS	GOBP_THIOESTER_METABOLIC_PROCESS		72	0.24632268	0.89078957	0.73913044	0.92712295	1.0	4571	tags=49%, list=34%, signal=74%	
GOBP_MITOCHONDRIAL_RNA_METABOLIC_PROCESS	GOBP_MITOCHONDRIAL_RNA_METABOLIC_PROCESS		45	0.26033708	0.8905174	0.6554622	0.9254603	1.0	1699	tags=20%, list=13%, signal=23%	
GOBP_POSTSYNAPSE_ORGANIZATION	GOBP_POSTSYNAPSE_ORGANIZATION		143	0.21744439	0.8884911	0.8235294	0.92838943	1.0	4275	tags=48%, list=32%, signal=70%	
GOBP_HAIR_CELL_DIFFERENTIATION	GOBP_HAIR_CELL_DIFFERENTIATION		31	0.28678894	0.88837403	0.65317917	0.92633545	1.0	656	tags=13%, list=5%, signal=14%	
GOBP_NEURON_MATURATION	GOBP_NEURON_MATURATION		42	0.2656228	0.88786757	0.70714283	0.92538404	1.0	1808	tags=29%, list=14%, signal=33%	
GOBP_PHOTORECEPTOR_CELL_DIFFERENTIATION	GOBP_PHOTORECEPTOR_CELL_DIFFERENTIATION		42	0.2770745	0.8825604	0.6875	0.93659705	1.0	2184	tags=31%, list=16%, signal=37%	
GOBP_MODULATION_OF_EXCITATORY_POSTSYNAPTIC_POTENTIAL	GOBP_MODULATION_OF_EXCITATORY_POSTSYNAPTIC_POTENTIAL		35	0.2846029	0.88199055	0.69536424	0.9357555	1.0	3359	tags=49%, list=25%, signal=65%	
GOBP_PEROXISOME_PROLIFERATOR_ACTIVATED_RECEPTOR_SIGNALING_PATHWAY	GOBP_PEROXISOME_PROLIFERATOR_ACTIVATED_RECEPTOR_SIGNALING_PATHWAY		17	0.33011582	0.8816861	0.6457565	0.9341832	1.0	2305	tags=24%, list=17%, signal=28%	
GOBP_POSITIVE_REGULATION_OF_AMINE_TRANSPORT	GOBP_POSITIVE_REGULATION_OF_AMINE_TRANSPORT		34	0.2898176	0.8805598	0.6666667	0.93450916	1.0	2151	tags=29%, list=16%, signal=35%	
GOBP_ALCOHOL_CATABOLIC_PROCESS	GOBP_ALCOHOL_CATABOLIC_PROCESS		38	0.27460122	0.88037217	0.6666667	0.93261886	1.0	761	tags=11%, list=6%, signal=11%	
GOBP_ESTABLISHMENT_OF_PROTEIN_LOCALIZATION_TO_PLASMA_MEMBRANE	GOBP_ESTABLISHMENT_OF_PROTEIN_LOCALIZATION_TO_PLASMA_MEMBRANE		59	0.24569966	0.87977797	0.7	0.9318738	1.0	2104	tags=19%, list=16%, signal=22%	
GOBP_DENDRITE_SELF_AVOIDANCE	GOBP_DENDRITE_SELF_AVOIDANCE		16	0.3415994	0.8774186	0.632	0.93530273	1.0	2412	tags=44%, list=18%, signal=53%	
GOBP_MITOCHONDRION_MORPHOGENESIS	GOBP_MITOCHONDRION_MORPHOGENESIS		19	0.31900775	0.8772524	0.63529414	0.9333983	1.0	1482	tags=16%, list=11%, signal=18%	
GOBP_EYE_PHOTORECEPTOR_CELL_DIFFERENTIATION	GOBP_EYE_PHOTORECEPTOR_CELL_DIFFERENTIATION		31	0.28190348	0.8768423	0.6666667	0.9321812	1.0	1932	tags=29%, list=14%, signal=34%	
GOBP_POSITIVE_REGULATION_OF_SODIUM_ION_TRANSPORT	GOBP_POSITIVE_REGULATION_OF_SODIUM_ION_TRANSPORT		30	0.2801038	0.8741513	0.6647399	0.9365449	1.0	3543	tags=37%, list=27%, signal=50%	
GOBP_SEMAPHORIN_PLEXIN_SIGNALING_PATHWAY	GOBP_SEMAPHORIN_PLEXIN_SIGNALING_PATHWAY		40	0.26107028	0.8706596	0.72868216	0.94289994	1.0	3244	tags=45%, list=24%, signal=59%	
GOBP_RESPONSE_TO_CATECHOLAMINE	GOBP_RESPONSE_TO_CATECHOLAMINE		72	0.23118263	0.8696588	0.77272725	0.94293046	1.0	2571	tags=26%, list=19%, signal=33%	
GOBP_CHONDROCYTE_DEVELOPMENT	GOBP_CHONDROCYTE_DEVELOPMENT		27	0.28445244	0.8674638	0.6893204	0.94611883	1.0	1453	tags=30%, list=11%, signal=33%	
GOBP_TRACHEA_DEVELOPMENT	GOBP_TRACHEA_DEVELOPMENT		18	0.32527664	0.86495405	0.64855075	0.9497166	1.0	2513	tags=44%, list=19%, signal=55%	
GOBP_EMBRYONIC_FORELIMB_MORPHOGENESIS	GOBP_EMBRYONIC_FORELIMB_MORPHOGENESIS		23	0.3017693	0.864737	0.66816145	0.94788617	1.0	1788	tags=35%, list=13%, signal=40%	
GOBP_STEROID_HORMONE_SECRETION	GOBP_STEROID_HORMONE_SECRETION		15	0.34087968	0.864626	0.6618705	0.9458614	1.0	1886	tags=40%, list=14%, signal=47%	
GOBP_LIMBIC_SYSTEM_DEVELOPMENT	GOBP_LIMBIC_SYSTEM_DEVELOPMENT		94	0.2215539	0.8612366	0.9444444	0.95150363	1.0	1759	tags=21%, list=13%, signal=24%	
GOBP_MITOCHONDRIAL_FUSION	GOBP_MITOCHONDRIAL_FUSION		30	0.2942706	0.8598323	0.72121215	0.95250714	1.0	3173	tags=23%, list=24%, signal=31%	
GOBP_VOCALIZATION_BEHAVIOR	GOBP_VOCALIZATION_BEHAVIOR		15	0.33488303	0.85948825	0.6573427	0.95109427	1.0	4275	tags=67%, list=32%, signal=98%	
GOBP_RECEPTOR_RECYCLING	GOBP_RECEPTOR_RECYCLING		31	0.27928805	0.85925996	0.7426901	0.94932073	1.0	373	tags=10%, list=3%, signal=10%	
GOBP_PROTEIN_IMPORT_INTO_MITOCHONDRIAL_MATRIX	GOBP_PROTEIN_IMPORT_INTO_MITOCHONDRIAL_MATRIX		17	0.3133015	0.85854685	0.6984127	0.94885546	1.0	4682	tags=47%, list=35%, signal=72%	
GOBP_RECEPTOR_LOCALIZATION_TO_SYNAPSE	GOBP_RECEPTOR_LOCALIZATION_TO_SYNAPSE		53	0.24964447	0.85531706	0.7755102	0.95421016	1.0	3315	tags=34%, list=25%, signal=45%	
GOBP_REGULATION_OF_CARDIAC_MUSCLE_CONTRACTION_BY_REGULATION_OF_THE_RELEASE_OF_SEQUESTERED_CALCIUM_ION	GOBP_REGULATION_OF_CARDIAC_MUSCLE_CONTRACTION_BY_REGULATION_OF_THE_RELEASE_OF_SEQUESTERED_CALCIUM_ION		17	0.32560012	0.8546248	0.70472443	0.9535084	1.0	4368	tags=59%, list=33%, signal=87%	
GOBP_VENTRAL_SPINAL_CORD_DEVELOPMENT	GOBP_VENTRAL_SPINAL_CORD_DEVELOPMENT		34	0.2782217	0.848378	0.73376626	0.96560097	1.0	2790	tags=35%, list=21%, signal=45%	
GOBP_PEROXISOMAL_TRANSPORT	GOBP_PEROXISOMAL_TRANSPORT		22	0.3018667	0.84820616	0.6893617	0.96372616	1.0	2831	tags=27%, list=21%, signal=35%	
GOBP_PHOTORECEPTOR_CELL_DEVELOPMENT	GOBP_PHOTORECEPTOR_CELL_DEVELOPMENT		31	0.27237213	0.8477114	0.7087912	0.96252555	1.0	2983	tags=39%, list=22%, signal=50%	
GOBP_POSITIVE_REGULATION_OF_CILIUM_ASSEMBLY	GOBP_POSITIVE_REGULATION_OF_CILIUM_ASSEMBLY		21	0.29471222	0.84549165	0.7105263	0.9653733	1.0	2755	tags=38%, list=21%, signal=48%	
GOBP_TELOMERE_MAINTENANCE_VIA_RECOMBINATION	GOBP_TELOMERE_MAINTENANCE_VIA_RECOMBINATION		15	0.32491228	0.8451223	0.6779661	0.9638845	1.0	675	tags=13%, list=5%, signal=14%	
GOBP_MEMBRANE_REPOLARIZATION_DURING_ACTION_POTENTIAL	GOBP_MEMBRANE_REPOLARIZATION_DURING_ACTION_POTENTIAL		21	0.30477503	0.8401616	0.7281106	0.9724707	1.0	2360	tags=38%, list=18%, signal=46%	
GOBP_INTERSTRAND_CROSS_LINK_REPAIR	GOBP_INTERSTRAND_CROSS_LINK_REPAIR		27	0.280673	0.8399435	0.75634515	0.9706566	1.0	1883	tags=22%, list=14%, signal=26%	
GOBP_TRNA_MODIFICATION	GOBP_TRNA_MODIFICATION		82	0.22004235	0.8368059	0.8541667	0.97524285	1.0	3337	tags=27%, list=25%, signal=36%	
GOBP_SULFUR_COMPOUND_CATABOLIC_PROCESS	GOBP_SULFUR_COMPOUND_CATABOLIC_PROCESS		22	0.29339018	0.8282913	0.7027027	0.9908681	1.0	3829	tags=45%, list=29%, signal=64%	
GOBP_PROTEIN_LOCALIZATION_TO_LYSOSOME	GOBP_PROTEIN_LOCALIZATION_TO_LYSOSOME		42	0.25367075	0.8270089	0.81060606	0.9912044	1.0	1405	tags=12%, list=11%, signal=13%	
GOBP_GAMMA_AMINOBUTYRIC_ACID_TRANSPORT	GOBP_GAMMA_AMINOBUTYRIC_ACID_TRANSPORT		17	0.31445408	0.8268513	0.70498085	0.98918605	1.0	32	tags=6%, list=0%, signal=6%	
GOBP_TYPE_B_PANCREATIC_CELL_PROLIFERATION	GOBP_TYPE_B_PANCREATIC_CELL_PROLIFERATION		19	0.29881665	0.82504946	0.7167382	0.9908281	1.0	1317	tags=21%, list=10%, signal=23%	
GOBP_LONG_CHAIN_FATTY_ACYL_COA_METABOLIC_PROCESS	GOBP_LONG_CHAIN_FATTY_ACYL_COA_METABOLIC_PROCESS		22	0.30590454	0.8233543	0.7877358	0.99213135	1.0	4504	tags=50%, list=34%, signal=75%	
GOBP_PIGMENT_CELL_DIFFERENTIATION	GOBP_PIGMENT_CELL_DIFFERENTIATION		30	0.25672248	0.819918	0.7619048	0.9966343	1.0	2719	tags=30%, list=20%, signal=38%	
GOBP_NEUROTRANSMITTER_RECEPTOR_LOCALIZATION_TO_POSTSYNAPTIC_SPECIALIZATION_MEMBRANE	GOBP_NEUROTRANSMITTER_RECEPTOR_LOCALIZATION_TO_POSTSYNAPTIC_SPECIALIZATION_MEMBRANE		15	0.3183399	0.8196219	0.6956522	0.9949509	1.0	3315	tags=40%, list=25%, signal=53%	
GOBP_BONE_MATURATION	GOBP_BONE_MATURATION		19	0.29706207	0.81961644	0.75	0.99267966	1.0	2113	tags=26%, list=16%, signal=31%	
GOBP_GLYCOSYLCERAMIDE_METABOLIC_PROCESS	GOBP_GLYCOSYLCERAMIDE_METABOLIC_PROCESS		15	0.32591856	0.81110734	0.72243345	1.0	1.0	1852	tags=33%, list=14%, signal=39%	
GOBP_RNA_METHYLATION	GOBP_RNA_METHYLATION		75	0.22058998	0.8009984	0.8627451	1.0	1.0	3311	tags=28%, list=25%, signal=37%	
GOBP_CHONDROITIN_SULFATE_BIOSYNTHETIC_PROCESS	GOBP_CHONDROITIN_SULFATE_BIOSYNTHETIC_PROCESS		15	0.3093334	0.80077153	0.76868325	1.0	1.0	2465	tags=33%, list=18%, signal=41%	
GOBP_TRANSPORT_ALONG_MICROTUBULE	GOBP_TRANSPORT_ALONG_MICROTUBULE		145	0.19856745	0.796457	1.0	1.0	1.0	4072	tags=41%, list=31%, signal=58%	
GOBP_REGULATION_OF_SKELETAL_MUSCLE_CELL_DIFFERENTIATION	GOBP_REGULATION_OF_SKELETAL_MUSCLE_CELL_DIFFERENTIATION		15	0.3091084	0.7961646	0.7189781	1.0	1.0	3454	tags=33%, list=26%, signal=45%	
GOBP_RENAL_TUBULAR_SECRETION	GOBP_RENAL_TUBULAR_SECRETION		19	0.29386842	0.79609585	0.7854251	1.0	1.0	1934	tags=37%, list=14%, signal=43%	
GOBP_REGULATION_OF_COLLATERAL_SPROUTING	GOBP_REGULATION_OF_COLLATERAL_SPROUTING		16	0.31239566	0.7956163	0.76171875	1.0	1.0	3065	tags=56%, list=23%, signal=73%	
GOBP_NEGATIVE_REGULATION_OF_SMOOTHENED_SIGNALING_PATHWAY	GOBP_NEGATIVE_REGULATION_OF_SMOOTHENED_SIGNALING_PATHWAY		33	0.25214976	0.7948833	0.7916667	1.0	1.0	2449	tags=30%, list=18%, signal=37%	
GOBP_PROTEIN_PALMITOYLATION	GOBP_PROTEIN_PALMITOYLATION		29	0.259806	0.79394203	0.8087432	1.0	1.0	2391	tags=21%, list=18%, signal=25%	
GOBP_SPINAL_CORD_MOTOR_NEURON_DIFFERENTIATION	GOBP_SPINAL_CORD_MOTOR_NEURON_DIFFERENTIATION		21	0.27309284	0.7924367	0.77868855	1.0	1.0	2790	tags=38%, list=21%, signal=48%	
GOBP_MELANOCYTE_DIFFERENTIATION	GOBP_MELANOCYTE_DIFFERENTIATION		22	0.2721996	0.7913529	0.745283	1.0	1.0	2719	tags=32%, list=20%, signal=40%	
GOBP_CEREBELLAR_CORTEX_MORPHOGENESIS	GOBP_CEREBELLAR_CORTEX_MORPHOGENESIS		33	0.26057225	0.7912238	0.83815026	1.0	1.0	1221	tags=12%, list=9%, signal=13%	
GOBP_REGULATION_OF_NEUROTRANSMITTER_TRANSPORT	GOBP_REGULATION_OF_NEUROTRANSMITTER_TRANSPORT		87	0.22009234	0.7878464	0.95555556	1.0	1.0	2767	tags=28%, list=21%, signal=35%	
GOBP_SODIUM_ION_IMPORT_ACROSS_PLASMA_MEMBRANE	GOBP_SODIUM_ION_IMPORT_ACROSS_PLASMA_MEMBRANE		15	0.3047785	0.78730583	0.7743056	1.0	1.0	3247	tags=47%, list=24%, signal=62%	
GOBP_REPLICATION_FORK_PROCESSING	GOBP_REPLICATION_FORK_PROCESSING		34	0.24593525	0.7778038	0.8451613	1.0	1.0	1281	tags=15%, list=10%, signal=16%	
GOBP_REGULATION_OF_PROTEIN_EXIT_FROM_ENDOPLASMIC_RETICULUM	GOBP_REGULATION_OF_PROTEIN_EXIT_FROM_ENDOPLASMIC_RETICULUM		23	0.27027127	0.7769015	0.8194444	1.0	1.0	515	tags=9%, list=4%, signal=9%	
GOBP_INNERVATION	GOBP_INNERVATION		25	0.2712733	0.7746455	0.7877358	1.0	1.0	2551	tags=40%, list=19%, signal=49%	
GOBP_MALE_MEIOSIS_I	GOBP_MALE_MEIOSIS_I		15	0.30912915	0.77341133	0.81784385	1.0	1.0	5282	tags=47%, list=40%, signal=77%	
GOBP_VENTRICULAR_CARDIAC_MUSCLE_CELL_MEMBRANE_REPOLARIZATION	GOBP_VENTRICULAR_CARDIAC_MUSCLE_CELL_MEMBRANE_REPOLARIZATION		19	0.2825275	0.77294075	0.8054299	1.0	1.0	2682	tags=37%, list=20%, signal=46%	
GOBP_SUBSTANTIA_NIGRA_DEVELOPMENT	GOBP_SUBSTANTIA_NIGRA_DEVELOPMENT		40	0.24052158	0.76933235	0.89855075	1.0	1.0	979	tags=10%, list=7%, signal=11%	
GOBP_MEMBRANE_REPOLARIZATION	GOBP_MEMBRANE_REPOLARIZATION		38	0.2353367	0.7658697	0.87741935	1.0	1.0	3224	tags=34%, list=24%, signal=45%	
GOBP_PRESYNAPSE_ORGANIZATION	GOBP_PRESYNAPSE_ORGANIZATION		45	0.23175052	0.76510966	0.8521739	1.0	1.0	3398	tags=44%, list=25%, signal=59%	
GOBP_ESTABLISHMENT_OF_PROTEIN_LOCALIZATION_TO_TELOMERE	GOBP_ESTABLISHMENT_OF_PROTEIN_LOCALIZATION_TO_TELOMERE		16	0.30057588	0.76237494	0.8082192	1.0	1.0	2101	tags=19%, list=16%, signal=22%	
GOBP_NEUROMUSCULAR_PROCESS_CONTROLLING_BALANCE	GOBP_NEUROMUSCULAR_PROCESS_CONTROLLING_BALANCE		40	0.23446193	0.76144916	0.9191176	1.0	1.0	3461	tags=35%, list=26%, signal=47%	
GOBP_BRANCHED_CHAIN_AMINO_ACID_METABOLIC_PROCESS	GOBP_BRANCHED_CHAIN_AMINO_ACID_METABOLIC_PROCESS		24	0.2581837	0.76028943	0.84183675	1.0	1.0	3629	tags=25%, list=27%, signal=34%	
GOBP_POSITIVE_REGULATION_OF_TORC1_SIGNALING	GOBP_POSITIVE_REGULATION_OF_TORC1_SIGNALING		19	0.27881625	0.75914246	0.8114035	1.0	1.0	2896	tags=26%, list=22%, signal=34%	
GOBP_REGULATION_OF_MRNA_POLYADENYLATION	GOBP_REGULATION_OF_MRNA_POLYADENYLATION		20	0.2687424	0.75675535	0.8755365	1.0	1.0	3190	tags=20%, list=24%, signal=26%	
GOBP_LIPID_OXIDATION	GOBP_LIPID_OXIDATION		92	0.20298904	0.7548744	0.9756098	1.0	1.0	1767	tags=14%, list=13%, signal=16%	
GOBP_ADAPTATION_OF_SIGNALING_PATHWAY	GOBP_ADAPTATION_OF_SIGNALING_PATHWAY		16	0.2896866	0.75379974	0.7992278	1.0	1.0	1505	tags=25%, list=11%, signal=28%	
GOBP_CELL_DIFFERENTIATION_IN_HINDBRAIN	GOBP_CELL_DIFFERENTIATION_IN_HINDBRAIN		22	0.26580995	0.7506958	0.80717486	1.0	1.0	1221	tags=14%, list=9%, signal=15%	
GOBP_INTRACELLULAR_PROTEIN_TRANSMEMBRANE_TRANSPORT	GOBP_INTRACELLULAR_PROTEIN_TRANSMEMBRANE_TRANSPORT		48	0.21372776	0.74898416	0.9183673	1.0	1.0	4044	tags=38%, list=30%, signal=54%	
GOBP_GLUTAMATE_METABOLIC_PROCESS	GOBP_GLUTAMATE_METABOLIC_PROCESS		23	0.25553164	0.74666333	0.8316327	1.0	1.0	2021	tags=22%, list=15%, signal=26%	
GOBP_POSITIVE_REGULATION_OF_CELL_JUNCTION_ASSEMBLY	GOBP_POSITIVE_REGULATION_OF_CELL_JUNCTION_ASSEMBLY		95	0.20416552	0.7465728	0.975	1.0	1.0	3753	tags=43%, list=28%, signal=60%	
GOBP_OLIGOSACCHARIDE_METABOLIC_PROCESS	GOBP_OLIGOSACCHARIDE_METABOLIC_PROCESS		42	0.22704604	0.7457	0.90909094	1.0	1.0	2022	tags=19%, list=15%, signal=22%	
GOBP_REGULATION_OF_THE_FORCE_OF_HEART_CONTRACTION	GOBP_REGULATION_OF_THE_FORCE_OF_HEART_CONTRACTION		20	0.2675601	0.74392325	0.8212766	1.0	1.0	2033	tags=30%, list=15%, signal=35%	
GOBP_REGULATION_OF_CYTOPLASMIC_TRANSLATION	GOBP_REGULATION_OF_CYTOPLASMIC_TRANSLATION		22	0.25703984	0.7438925	0.86175114	1.0	1.0	9915	tags=100%, list=74%, signal=389%	
GOBP_CEREBELLAR_CORTEX_DEVELOPMENT	GOBP_CEREBELLAR_CORTEX_DEVELOPMENT		48	0.21776877	0.73579496	0.95689654	1.0	1.0	4819	tags=48%, list=36%, signal=75%	
GOBP_CELL_MIGRATION_IN_HINDBRAIN	GOBP_CELL_MIGRATION_IN_HINDBRAIN		17	0.2790943	0.73349285	0.85823756	1.0	1.0	4894	tags=59%, list=37%, signal=93%	
GOBP_HINDBRAIN_MORPHOGENESIS	GOBP_HINDBRAIN_MORPHOGENESIS		40	0.22904521	0.7321438	0.88135594	1.0	1.0	4629	tags=43%, list=35%, signal=65%	
GOBP_HISTONE_H3_K4_TRIMETHYLATION	GOBP_HISTONE_H3_K4_TRIMETHYLATION		18	0.2728955	0.73020357	0.8559322	1.0	1.0	273	tags=6%, list=2%, signal=6%	
GOBP_CALCIUM_ION_REGULATED_EXOCYTOSIS	GOBP_CALCIUM_ION_REGULATED_EXOCYTOSIS		54	0.20406103	0.7267428	0.980198	1.0	1.0	3015	tags=31%, list=23%, signal=41%	
GOBP_SIALYLATION	GOBP_SIALYLATION		18	0.27109736	0.72416925	0.8203125	1.0	1.0	2977	tags=33%, list=22%, signal=43%	
GOBP_MITOCHONDRIAL_TRANSCRIPTION	GOBP_MITOCHONDRIAL_TRANSCRIPTION		16	0.28075364	0.722281	0.848	1.0	1.0	3064	tags=31%, list=23%, signal=41%	
GOBP_PYRIMIDINE_NUCLEOSIDE_TRIPHOSPHATE_BIOSYNTHETIC_PROCESS	GOBP_PYRIMIDINE_NUCLEOSIDE_TRIPHOSPHATE_BIOSYNTHETIC_PROCESS		15	0.2831911	0.7173874	0.84476537	1.0	1.0	2276	tags=33%, list=17%, signal=40%	
GOBP_MITOCHONDRIAL_CYTOCHROME_C_OXIDASE_ASSEMBLY	GOBP_MITOCHONDRIAL_CYTOCHROME_C_OXIDASE_ASSEMBLY		18	0.2616331	0.7146148	0.864486	1.0	1.0	1809	tags=22%, list=14%, signal=26%	
GOBP_WALKING_BEHAVIOR	GOBP_WALKING_BEHAVIOR		29	0.22848041	0.71107745	0.95	1.0	1.0	4828	tags=59%, list=36%, signal=92%	
GOBP_POSTSYNAPTIC_SPECIALIZATION_ORGANIZATION	GOBP_POSTSYNAPTIC_SPECIALIZATION_ORGANIZATION		31	0.23158467	0.70948285	0.9235669	1.0	1.0	4884	tags=61%, list=37%, signal=96%	
GOBP_RESPONSE_TO_DOPAMINE	GOBP_RESPONSE_TO_DOPAMINE		60	0.2022867	0.7061823	0.96103895	1.0	1.0	2571	tags=27%, list=19%, signal=33%	
GOBP_PROTEIN_CONTAINING_COMPLEX_LOCALIZATION	GOBP_PROTEIN_CONTAINING_COMPLEX_LOCALIZATION		140	0.181617	0.70537126	1.0	1.0	1.0	3393	tags=34%, list=25%, signal=45%	
GOBP_FATTY_ACYL_COA_BIOSYNTHETIC_PROCESS	GOBP_FATTY_ACYL_COA_BIOSYNTHETIC_PROCESS		22	0.24775004	0.70171803	0.9030837	1.0	1.0	4569	tags=45%, list=34%, signal=69%	
GOBP_TORC1_SIGNALING	GOBP_TORC1_SIGNALING		46	0.20246533	0.69766104	1.0	1.0	1.0	3006	tags=30%, list=23%, signal=39%	
GOBP_ANIMAL_ORGAN_MATURATION	GOBP_ANIMAL_ORGAN_MATURATION		23	0.2454722	0.69487274	0.92957747	1.0	1.0	2113	tags=26%, list=16%, signal=31%	
GOBP_CRANIAL_NERVE_MORPHOGENESIS	GOBP_CRANIAL_NERVE_MORPHOGENESIS		21	0.2537476	0.69311345	0.9057377	1.0	1.0	2551	tags=43%, list=19%, signal=53%	
GOBP_NEUROTRANSMITTER_RECEPTOR_TRANSPORT_TO_PLASMA_MEMBRANE	GOBP_NEUROTRANSMITTER_RECEPTOR_TRANSPORT_TO_PLASMA_MEMBRANE		15	0.26639965	0.68898547	0.8560606	1.0	1.0	3001	tags=27%, list=22%, signal=34%	
GOBP_POSITIVE_REGULATION_OF_SODIUM_ION_TRANSMEMBRANE_TRANSPORTER_ACTIVITY	GOBP_POSITIVE_REGULATION_OF_SODIUM_ION_TRANSMEMBRANE_TRANSPORTER_ACTIVITY		15	0.26745895	0.6881605	0.8473896	1.0	1.0	1574	tags=20%, list=12%, signal=23%	
GOBP_EMBRYONIC_BRAIN_DEVELOPMENT	GOBP_EMBRYONIC_BRAIN_DEVELOPMENT		15	0.27544555	0.6880936	0.87543255	1.0	1.0	2192	tags=27%, list=16%, signal=32%	
GOBP_REGULATION_OF_ALTERNATIVE_MRNA_SPLICING_VIA_SPLICEOSOME	GOBP_REGULATION_OF_ALTERNATIVE_MRNA_SPLICING_VIA_SPLICEOSOME		53	0.18826723	0.6780278	0.9897959	1.0	1.0	2829	tags=19%, list=21%, signal=24%	
GOBP_PEPTIDYL_LYSINE_DIMETHYLATION	GOBP_PEPTIDYL_LYSINE_DIMETHYLATION		19	0.24920928	0.6761833	0.88617885	1.0	1.0	5215	tags=53%, list=39%, signal=86%	
GOBP_SNRNA_METABOLIC_PROCESS	GOBP_SNRNA_METABOLIC_PROCESS		50	0.18911916	0.6731089	0.9382716	1.0	1.0	4038	tags=36%, list=30%, signal=51%	
GOBP_SULFUR_AMINO_ACID_METABOLIC_PROCESS	GOBP_SULFUR_AMINO_ACID_METABOLIC_PROCESS		24	0.23525469	0.67179894	0.9192825	1.0	1.0	3663	tags=46%, list=27%, signal=63%	
GOBP_PEPTIDYL_ARGININE_MODIFICATION	GOBP_PEPTIDYL_ARGININE_MODIFICATION		19	0.24652945	0.6715658	0.9036697	1.0	1.0	4132	tags=53%, list=31%, signal=76%	
GOBP_POSITIVE_REGULATION_OF_SODIUM_ION_TRANSMEMBRANE_TRANSPORT	GOBP_POSITIVE_REGULATION_OF_SODIUM_ION_TRANSMEMBRANE_TRANSPORT		19	0.24448894	0.6684723	0.91566265	1.0	1.0	2001	tags=21%, list=15%, signal=25%	
GOBP_ESTABLISHMENT_OF_PIGMENT_GRANULE_LOCALIZATION	GOBP_ESTABLISHMENT_OF_PIGMENT_GRANULE_LOCALIZATION		21	0.24178672	0.66823643	0.9296482	1.0	1.0	2914	tags=38%, list=22%, signal=49%	
GOBP_PROTEIN_MANNOSYLATION	GOBP_PROTEIN_MANNOSYLATION		20	0.24941823	0.6669454	0.9347826	1.0	1.0	10016	tags=100%, list=75%, signal=401%	
GOBP_NEGATIVE_REGULATION_OF_TELOMERE_MAINTENANCE_VIA_TELOMERE_LENGTHENING	GOBP_NEGATIVE_REGULATION_OF_TELOMERE_MAINTENANCE_VIA_TELOMERE_LENGTHENING		23	0.22660111	0.66409385	0.9099526	1.0	1.0	3214	tags=22%, list=24%, signal=29%	
GOBP_HISTONE_H3_DEACETYLATION	GOBP_HISTONE_H3_DEACETYLATION		15	0.2665543	0.6627087	0.8817204	1.0	1.0	3796	tags=40%, list=28%, signal=56%	
GOBP_LIPID_DROPLET_ORGANIZATION	GOBP_LIPID_DROPLET_ORGANIZATION		18	0.24111257	0.6586055	0.92248064	1.0	1.0	1314	tags=17%, list=10%, signal=18%	
GOBP_NEUROTROPHIN_SIGNALING_PATHWAY	GOBP_NEUROTROPHIN_SIGNALING_PATHWAY		35	0.2082143	0.6560435	0.972973	1.0	1.0	776	tags=9%, list=6%, signal=9%	
GOBP_PHOSPHATIDIC_ACID_METABOLIC_PROCESS	GOBP_PHOSPHATIDIC_ACID_METABOLIC_PROCESS		31	0.20545682	0.64948744	0.96178347	1.0	1.0	1663	tags=16%, list=12%, signal=18%	
GOBP_REGULATION_OF_SYNAPTIC_VESICLE_RECYCLING	GOBP_REGULATION_OF_SYNAPTIC_VESICLE_RECYCLING		19	0.23906717	0.6455169	0.9253112	1.0	1.0	5129	tags=47%, list=38%, signal=77%	
GOBP_ASPARTATE_FAMILY_AMINO_ACID_BIOSYNTHETIC_PROCESS	GOBP_ASPARTATE_FAMILY_AMINO_ACID_BIOSYNTHETIC_PROCESS		17	0.24328023	0.64083236	0.92720306	1.0	1.0	1860	tags=24%, list=14%, signal=27%	
GOBP_HISTONE_H3_K14_ACETYLATION	GOBP_HISTONE_H3_K14_ACETYLATION		20	0.22982228	0.6371866	0.94491524	1.0	1.0	10277	tags=100%, list=77%, signal=435%	
GOBP_PIGMENT_GRANULE_LOCALIZATION	GOBP_PIGMENT_GRANULE_LOCALIZATION		23	0.2245705	0.6366646	0.93457943	1.0	1.0	2914	tags=35%, list=22%, signal=44%	
GOBP_RESPIRATORY_CHAIN_COMPLEX_IV_ASSEMBLY	GOBP_RESPIRATORY_CHAIN_COMPLEX_IV_ASSEMBLY		22	0.22535639	0.6349119	0.97083336	1.0	1.0	1809	tags=18%, list=14%, signal=21%	
GOBP_NUCLEOLAR_LARGE_RRNA_TRANSCRIPTION_BY_RNA_POLYMERASE_I	GOBP_NUCLEOLAR_LARGE_RRNA_TRANSCRIPTION_BY_RNA_POLYMERASE_I		15	0.2470422	0.6339994	0.92387545	1.0	1.0	1281	tags=13%, list=10%, signal=15%	
GOBP_PEROXISOME_ORGANIZATION	GOBP_PEROXISOME_ORGANIZATION		34	0.20255047	0.6335654	0.97740114	1.0	1.0	2831	tags=21%, list=21%, signal=26%	
GOBP_CRISTAE_FORMATION	GOBP_CRISTAE_FORMATION		15	0.2537913	0.631801	0.9230769	1.0	1.0	5199	tags=60%, list=39%, signal=98%	
GOBP_PROTEIN_O_LINKED_MANNOSYLATION	GOBP_PROTEIN_O_LINKED_MANNOSYLATION		16	0.2523198	0.6305536	0.91923076	1.0	1.0	6055	tags=56%, list=45%, signal=103%	
GOBP_POSITIVE_REGULATION_OF_MITOCHONDRIAL_TRANSLATION	GOBP_POSITIVE_REGULATION_OF_MITOCHONDRIAL_TRANSLATION		15	0.25106794	0.62933254	0.93040293	1.0	1.0	4099	tags=47%, list=31%, signal=67%	
GOBP_PARAXIAL_MESODERM_DEVELOPMENT	GOBP_PARAXIAL_MESODERM_DEVELOPMENT		15	0.24805202	0.6271497	0.9298893	1.0	1.0	285	tags=7%, list=2%, signal=7%	
GOBP_PYRIMIDINE_NUCLEOBASE_METABOLIC_PROCESS	GOBP_PYRIMIDINE_NUCLEOBASE_METABOLIC_PROCESS		17	0.23340614	0.6266432	0.9361702	1.0	1.0	6343	tags=82%, list=48%, signal=157%	
GOBP_FATTY_ACID_BETA_OXIDATION	GOBP_FATTY_ACID_BETA_OXIDATION		66	0.17484783	0.6226505	1.0	1.0	1.0	3060	tags=24%, list=23%, signal=31%	
GOBP_GANGLIOSIDE_BIOSYNTHETIC_PROCESS	GOBP_GANGLIOSIDE_BIOSYNTHETIC_PROCESS		15	0.2376018	0.61500865	0.9413793	1.0	1.0	2384	tags=27%, list=18%, signal=32%	
GOBP_NEGATIVE_REGULATION_OF_DNA_TEMPLATED_TRANSCRIPTION_ELONGATION	GOBP_NEGATIVE_REGULATION_OF_DNA_TEMPLATED_TRANSCRIPTION_ELONGATION		18	0.22456367	0.6127771	0.96595746	1.0	1.0	3538	tags=28%, list=27%, signal=38%	
GOBP_POSITIVE_REGULATION_OF_MUSCLE_HYPERTROPHY	GOBP_POSITIVE_REGULATION_OF_MUSCLE_HYPERTROPHY		22	0.21879943	0.610964	0.9637306	1.0	1.0	4793	tags=50%, list=36%, signal=78%	
GOBP_AUTOPHAGY_OF_NUCLEUS	GOBP_AUTOPHAGY_OF_NUCLEUS		15	0.234464	0.60779583	0.9591078	1.0	1.0	10214	tags=100%, list=77%, signal=426%	
GOBP_BRANCHED_CHAIN_AMINO_ACID_CATABOLIC_PROCESS	GOBP_BRANCHED_CHAIN_AMINO_ACID_CATABOLIC_PROCESS		21	0.21533556	0.6053526	0.96482414	1.0	1.0	3629	tags=24%, list=27%, signal=33%	
GOBP_POSITIVE_REGULATION_OF_TELOMERASE_RNA_LOCALIZATION_TO_CAJAL_BODY	GOBP_POSITIVE_REGULATION_OF_TELOMERASE_RNA_LOCALIZATION_TO_CAJAL_BODY		15	0.23461425	0.60469097	0.9270833	1.0	1.0	10212	tags=100%, list=77%, signal=426%	
GOBP_PEPTIDYL_LYSINE_TRIMETHYLATION	GOBP_PEPTIDYL_LYSINE_TRIMETHYLATION		45	0.18295702	0.60411805	0.9917355	1.0	1.0	1009	tags=7%, list=8%, signal=7%	
GOBP_MRNA_CIS_SPLICING_VIA_SPLICEOSOME	GOBP_MRNA_CIS_SPLICING_VIA_SPLICEOSOME		21	0.21293412	0.6040778	0.9471366	1.0	1.0	1869	tags=10%, list=14%, signal=11%	
GOBP_REGULATION_OF_MITOCHONDRIAL_GENE_EXPRESSION	GOBP_REGULATION_OF_MITOCHONDRIAL_GENE_EXPRESSION		27	0.19639884	0.6004138	0.9424084	1.0	1.0	4099	tags=44%, list=31%, signal=64%	
GOBP_MITOCHONDRION_LOCALIZATION	GOBP_MITOCHONDRION_LOCALIZATION		46	0.1827959	0.5976389	1.0	1.0	1.0	3621	tags=33%, list=27%, signal=45%	
GOBP_MRNA_SPLICE_SITE_SELECTION	GOBP_MRNA_SPLICE_SITE_SELECTION		27	0.20094642	0.5918081	0.9798995	1.0	1.0	10663	tags=100%, list=80%, signal=497%	
GOBP_LONG_CHAIN_FATTY_ACYL_COA_BIOSYNTHETIC_PROCESS	GOBP_LONG_CHAIN_FATTY_ACYL_COA_BIOSYNTHETIC_PROCESS		17	0.22830887	0.5915068	0.9434783	1.0	1.0	4504	tags=47%, list=34%, signal=71%	
GOBP_DNA_TEMPLATED_TRANSCRIPTION_TERMINATION	GOBP_DNA_TEMPLATED_TRANSCRIPTION_TERMINATION		19	0.21014853	0.5875271	0.96581197	1.0	1.0	2568	tags=26%, list=19%, signal=33%	
GOBP_NEGATIVE_REGULATION_OF_TORC1_SIGNALING	GOBP_NEGATIVE_REGULATION_OF_TORC1_SIGNALING		17	0.22089125	0.5865015	0.96747965	1.0	1.0	3006	tags=35%, list=23%, signal=46%	
GOBP_LATE_ENDOSOME_TO_LYSOSOME_TRANSPORT	GOBP_LATE_ENDOSOME_TO_LYSOSOME_TRANSPORT		17	0.21918614	0.5856775	0.93798447	1.0	1.0	10418	tags=100%, list=78%, signal=456%	
GOBP_AXONAL_TRANSPORT_OF_MITOCHONDRION	GOBP_AXONAL_TRANSPORT_OF_MITOCHONDRION		18	0.2105714	0.5820135	0.9617021	1.0	1.0	5223	tags=61%, list=39%, signal=100%	
GOBP_POSTSYNAPSE_ASSEMBLY	GOBP_POSTSYNAPSE_ASSEMBLY		25	0.19892406	0.5721246	0.9747475	1.0	1.0	4275	tags=48%, list=32%, signal=71%	
GOBP_ALTERNATIVE_MRNA_SPLICING_VIA_SPLICEOSOME	GOBP_ALTERNATIVE_MRNA_SPLICING_VIA_SPLICEOSOME		66	0.16315494	0.563808	1.0	1.0	1.0	3668	tags=21%, list=27%, signal=29%	
GOBP_PHOSPHATIDYLCHOLINE_BIOSYNTHETIC_PROCESS	GOBP_PHOSPHATIDYLCHOLINE_BIOSYNTHETIC_PROCESS		25	0.19018564	0.5506549	1.0	1.0	1.0	2963	tags=24%, list=22%, signal=31%	
GOBP_REGULATION_OF_SHORT_TERM_NEURONAL_SYNAPTIC_PLASTICITY	GOBP_REGULATION_OF_SHORT_TERM_NEURONAL_SYNAPTIC_PLASTICITY		15	0.21809968	0.5475938	0.97602737	1.0	1.0	4794	tags=53%, list=36%, signal=83%	
GOBP_PROTEIN_NEDDYLATION	GOBP_PROTEIN_NEDDYLATION		16	0.21614185	0.5468101	0.9634146	1.0	1.0	5404	tags=44%, list=41%, signal=73%	
GOBP_PROTEIN_LOCALIZATION_TO_CHROMOSOME_TELOMERIC_REGION	GOBP_PROTEIN_LOCALIZATION_TO_CHROMOSOME_TELOMERIC_REGION		27	0.18795076	0.54313976	0.98421055	1.0	1.0	10836	tags=100%, list=81%, signal=532%	
GOBP_RETROGRADE_AXONAL_TRANSPORT	GOBP_RETROGRADE_AXONAL_TRANSPORT		21	0.19016105	0.5415702	0.977169	1.0	1.0	4352	tags=43%, list=33%, signal=64%	
GOBP_INTRA_GOLGI_VESICLE_MEDIATED_TRANSPORT	GOBP_INTRA_GOLGI_VESICLE_MEDIATED_TRANSPORT		29	0.1809167	0.54146045	1.0	1.0	1.0	10930	tags=100%, list=82%, signal=553%	
GOBP_THIOESTER_BIOSYNTHETIC_PROCESS	GOBP_THIOESTER_BIOSYNTHETIC_PROCESS		41	0.16501424	0.5360259	1.0	1.0	1.0	4569	tags=41%, list=34%, signal=63%	
GOBP_PEPTIDYL_ASPARAGINE_MODIFICATION	GOBP_PEPTIDYL_ASPARAGINE_MODIFICATION		23	0.1826328	0.5287915	0.98165137	1.0	1.0	463	tags=4%, list=3%, signal=4%	
GOBP_MRNA_METHYLATION	GOBP_MRNA_METHYLATION		15	0.20541877	0.52844965	0.972973	1.0	1.0	10601	tags=100%, list=79%, signal=487%	
GOBP_NUCLEOTIDE_SUGAR_METABOLIC_PROCESS	GOBP_NUCLEOTIDE_SUGAR_METABOLIC_PROCESS		31	0.17279795	0.52466017	0.99390244	1.0	1.0	3926	tags=35%, list=29%, signal=50%	
GOBP_NEGATIVE_REGULATION_OF_TELOMERE_MAINTENANCE	GOBP_NEGATIVE_REGULATION_OF_TELOMERE_MAINTENANCE		30	0.17394242	0.523739	0.99358976	1.0	1.0	11023	tags=100%, list=83%, signal=575%	
GOBP_NUCLEOSIDE_BISPHOSPHATE_BIOSYNTHETIC_PROCESS	GOBP_NUCLEOSIDE_BISPHOSPHATE_BIOSYNTHETIC_PROCESS		55	0.15147701	0.52214235	1.0	1.0	1.0	4569	tags=38%, list=34%, signal=58%	
GOBP_GOLGI_TO_PLASMA_MEMBRANE_TRANSPORT	GOBP_GOLGI_TO_PLASMA_MEMBRANE_TRANSPORT		59	0.14591742	0.52060246	1.0	1.0	1.0	4158	tags=32%, list=31%, signal=47%	
GOBP_NEGATIVE_REGULATION_OF_AMYLOID_PRECURSOR_PROTEIN_CATABOLIC_PROCESS	GOBP_NEGATIVE_REGULATION_OF_AMYLOID_PRECURSOR_PROTEIN_CATABOLIC_PROCESS		20	0.18965402	0.51733005	0.99148935	1.0	1.0	10812	tags=100%, list=81%, signal=527%	
GOBP_NEGATIVE_REGULATION_OF_TELOMERE_MAINTENANCE_VIA_TELOMERASE	GOBP_NEGATIVE_REGULATION_OF_TELOMERE_MAINTENANCE_VIA_TELOMERASE		17	0.19303451	0.51722926	0.98828125	1.0	1.0	1818	tags=12%, list=14%, signal=14%	
GOBP_COENZYME_A_METABOLIC_PROCESS	GOBP_COENZYME_A_METABOLIC_PROCESS		16	0.20334236	0.5171223	0.98479086	1.0	1.0	724	tags=6%, list=5%, signal=7%	
GOBP_PROTEIN_DEMETHYLATION	GOBP_PROTEIN_DEMETHYLATION		30	0.17056116	0.5161456	0.99441344	1.0	1.0	11068	tags=100%, list=83%, signal=586%	
GOBP_N_GLYCAN_PROCESSING	GOBP_N_GLYCAN_PROCESSING		19	0.18944585	0.5146012	0.9747899	1.0	1.0	4532	tags=37%, list=34%, signal=56%	
GOBP_GOLGI_TO_ENDOSOME_TRANSPORT	GOBP_GOLGI_TO_ENDOSOME_TRANSPORT		16	0.19212301	0.508429	0.9846154	1.0	1.0	5408	tags=56%, list=41%, signal=94%	
GOBP_STRESS_GRANULE_ASSEMBLY	GOBP_STRESS_GRANULE_ASSEMBLY		26	0.16412528	0.4895198	1.0	1.0	1.0	11153	tags=100%, list=84%, signal=609%	
GOBP_TELOMERASE_RNA_LOCALIZATION	GOBP_TELOMERASE_RNA_LOCALIZATION		19	0.17882884	0.48922372	0.9913793	1.0	1.0	10956	tags=100%, list=82%, signal=559%	
GOBP_MANNOSYLATION	GOBP_MANNOSYLATION		30	0.15476651	0.47681424	1.0	1.0	1.0	2712	tags=17%, list=20%, signal=21%	
GOBP_HISTONE_LYSINE_DEMETHYLATION	GOBP_HISTONE_LYSINE_DEMETHYLATION		24	0.17048435	0.47506827	1.0	1.0	1.0	11068	tags=100%, list=83%, signal=586%	
GOBP_GOLGI_TO_PLASMA_MEMBRANE_PROTEIN_TRANSPORT	GOBP_GOLGI_TO_PLASMA_MEMBRANE_PROTEIN_TRANSPORT		40	0.138809	0.45329255	1.0	1.0	1.0	4158	tags=33%, list=31%, signal=47%	
GOBP_HISTONE_EXCHANGE	GOBP_HISTONE_EXCHANGE		16	0.17315042	0.44461083	1.0	1.0	1.0	1701	tags=13%, list=13%, signal=14%	
GOBP_RELAXATION_OF_CARDIAC_MUSCLE	GOBP_RELAXATION_OF_CARDIAC_MUSCLE		15	0.17336535	0.44345382	0.99626863	0.9997559	1.0	5115	tags=53%, list=38%, signal=86%	
GOBP_SYNAPTIC_VESICLE_LOCALIZATION	GOBP_SYNAPTIC_VESICLE_LOCALIZATION		51	0.120936014	0.42234644	1.0	0.9989092	1.0	11731	tags=100%, list=88%, signal=826%	
GOBP_PATTERN_SPECIFICATION_PROCESS	GOBP_PATTERN_SPECIFICATION_PROCESS		332	0.26467147	---	---	1.0	0.0	2369	tags=31%, list=18%, signal=36%	
GOBP_BEHAVIOR	GOBP_BEHAVIOR		489	0.27562812	---	---	1.0	0.0	2234	tags=25%, list=17%, signal=28%	
GOBP_FOREBRAIN_DEVELOPMENT	GOBP_FOREBRAIN_DEVELOPMENT		321	0.257498	---	---	1.0	0.0	2366	tags=27%, list=18%, signal=33%	
GOBP_AXON_DEVELOPMENT	GOBP_AXON_DEVELOPMENT		432	0.25713626	---	---	1.0	0.0	3415	tags=38%, list=26%, signal=50%	
GOBP_REGULATION_OF_TRANS_SYNAPTIC_SIGNALING	GOBP_REGULATION_OF_TRANS_SYNAPTIC_SIGNALING		375	0.22668073	---	---	1.0	0.0	2869	tags=32%, list=22%, signal=40%	
